cod_id,formula_reduced,formula_full,n_sites,n_sites_primitive,volume_a3,spacegroup_symbol,spacegroup_number,crystal_system,n_elements,elements,contains_carbon
1000008,CaMg(SiO3)2,Ca4 Mg4 Si8 O24,40,20,438.3855,C2/c,15,monoclinic,4,Ca Mg O Si,False
1000067,LiSbWO6,Li4 Sb4 W4 O24,36,36,406.5115,Pbcn,60,orthorhombic,4,Li+ O2- Sb5+ W6+,False
1000105,MnFe2Pb8F24,Mn2 Fe4 Pb16 F48,70,70,1034.8775,P2_1/c,14,monoclinic,4,F- Fe3+ Mn2+ Pb2+,False
1000146,Rb2NaAl3F12,Rb4 Na2 Al6 F24,36,36,488.5726,P2_1/m,11,monoclinic,4,Al3+ F- Na+ Rb+,False
1000152,Ba2ZrF8,Ba8 Zr4 F32,44,44,650.1351,Pnma,62,orthorhombic,3,Ba2+ F- Zr4+,False
1000228,FeF3,Fe16 F48,64,16,1100.7031,Fd-3m,227,cubic,2,F- Fe3+,False
1000296,Na2MnGaF7,Na12 Mn6 Ga6 F42,66,66,858.1714,P3_121,152,trigonal,4,F- Ga3+ Mn2+ Na+,False
1000303,NdNiO3,Nd4 Ni4 O12,20,20,220.8901,Pnma,62,orthorhombic,3,Nd3+ Ni3+ O2-,False
1000320,Ba2CeC3O9F,Ba4 Ce2 C6 O18 F2,32,32,433.6805,P2_1/m,11,monoclinic,5,Ba2+ C4+ Ce3+ F- O2-,False
1000331,Ba2GdC2(O2F)3,Ba8 Gd4 C8 O24 F12,56,56,787.5527,Pbcn,60,orthorhombic,5,Ba2+ C4+ F- Gd3+ O2-,False
1000339,KNbSi2O7,K4 Nb4 Si8 O28,44,44,621.5464,P4bm,100,tetragonal,4,K+ Nb5+ O2- Si4+,False
1000361,Ba3ScCO3F7,Ba12 Sc4 C4 O12 F28,60,30,925.968,Cmcm,63,orthorhombic,5,Ba2+ C4+ F- O2- Sc3+,False
1000376,Fe3Pb8F24,Fe6 Pb16 F48,70,35,1022.749,P-1,2,triclinic,4,F- Fe2+ Fe3+ Pb2+,False
1000439,RbFeF4,Rb4 Fe4 F16,24,24,367.2967,Pbcm,57,orthorhombic,3,F- Fe3+ Rb+,False
1000455,RbAlF4,Rb2 Al2 F8,12,12,164.8395,P4/mbm,127,tetragonal,3,Al3+ F- Rb+,False
1001074,KTa(GeO3)3,K2 Ta2 Ge6 O18,28,28,427.0263,P-6c2,188,hexagonal,4,Ge4+ K+ O2- Ta5+,False
1001103,Sr3Ta6(Si2O13)2,Sr3 Ta6 Si4 O26,39,39,525.1383,P-62m,189,hexagonal,4,O2- Si4+ Sr2+ Ta5+,False
1001240,Si3N4,Si12 N16,28,28,294.4253,P31c,159,trigonal,2,N3- Si4+,False
1001294,Cd2As3Br,Cd8 As12 Br4,24,12,610.5543,Cc,9,monoclinic,3,As- Br- Cd2+,False
1001342,TlMo2(PO4)3,Tl4 Mo8 P12 O48,72,72,1004.878,Pbcm,57,orthorhombic,4,Mo4+ O2- P5+ Tl+,False
1001371,K2V3P4O17,K8 V12 P16 O68,104,104,1440.7583,Pna2_1,33,orthorhombic,4,K+ O2- P5+ V4+,False
1001517,KMo(PO4)2,K4 Mo4 P8 O32,48,48,684.5971,P2_1/c,14,monoclinic,4,K+ Mo5+ O2- P5+,False
1001611,BaMo4(PO8)2,Ba2 Mo8 P4 O32,46,23,623.3485,I-42m,121,tetragonal,4,Ba2+ Mo5+ O2- P5+,False
1001620,KMo3(PO7)2,K2 Mo6 P4 O28,40,40,541.6277,P2_1/m,11,monoclinic,4,K+ Mo5.67+ O2- P5+,False
1001646,V4Zn3(PO4)6,V4 Zn3 P6 O24,37,37,405.291,P-1,2,triclinic,4,O2- P5+ V3+ Zn2+,False
1004036,LiAlCl4,Li4 Al4 Cl16,24,24,591.234,P2_1/c,14,monoclinic,3,Al3+ Cl- Li+,False
1004108,NiBiPO5,Ni4 Bi4 P4 O20,32,32,396.6913,P2_1/c,14,monoclinic,4,Bi3+ Ni2+ O2- P5+,False
1004143,BiP(PbO2)4,Bi2 P2 Pb8 O16,28,28,463.6477,P-1,2,triclinic,4,Bi3+ O2- P5+ Pb2+,False
1005006,Ta3N5,Ta12 N20,32,16,407.2643,Cmcm,63,orthorhombic,2,N3- Ta5+,False
1005010,Nb3SiTe6,Nb12 Si4 Te24,40,40,1018.9231,Pnma,62,orthorhombic,3,Nb0+ Si0+ Te0+,False
1005016,BaCoS2,Ba4 Co4 S8,16,8,373.9029,P4/nmm,129,tetragonal,3,Ba2+ Co2+ S2-,False
1005017,Ce3Sb5Pd6,Ce6 Sb10 Pd12,28,28,604.1234,Pmmn,59,orthorhombic,3,Ce0+ Pd0+ Sb0+,False
1005020,Ba2ZnN2,Ba4 Zn2 N4,10,5,225.0565,I4/mmm,139,tetragonal,3,Ba2+ N3- Zn2+,False
1006010,Pr2NiO4,Pr8 Ni4 O16,28,14,368.3673,Cmce,64,orthorhombic,3,Ni2+ O2- Pr3+,False
1006026,Nd2NiO4,Nd8 Ni4 O16,28,14,363.4537,Cmce,64,orthorhombic,3,Nd3+ Ni2+ O2-,False
1006034,BaEr2NiO5,Ba2 Er4 Ni2 O10,18,9,242.0718,Immm,71,orthorhombic,4,Ba2+ Er3+ Ni2+ O2-,False
1006036,BaTm2NiO5,Ba4 Tm8 Ni4 O20,36,36,481.4831,Pnma,62,orthorhombic,4,Ba2+ Ni2+ O2- Tm3+,False
1006083,Ho2Cu2O5,Ho8 Cu8 O20,36,36,471.405,Pna2_1,33,orthorhombic,3,Cu2+ Ho3+ O2-,False
1007030,Cr2Ag2O7,Cr4 Ag4 O14,22,22,302.3714,P-1,2,triclinic,3,Ag+ Cr6+ O2-,False
1007074,V2Co3O8,V8 Co12 O32,52,26,575.5635,Cmce,64,orthorhombic,3,Co2+ O2- V5+,False
1007149,BiPO4,Bi2 P2 O8,12,12,161.276,P2_1/m,11,monoclinic,3,Bi3+ O2- P5+,False
1007171,BaMo2(PO6)2,Ba2 Mo4 P4 O24,34,34,451.6726,P2_1/c,14,monoclinic,4,Ba2+ Mo6+ O2- P5+,False
1007237,CsZnPO4,Cs4 Zn4 P4 O16,28,28,471.2762,Pna2_1,33,orthorhombic,4,Cs+ O2- P5+ Zn2+,False
1007263,KBe(PO3)3,K4 Be4 P12 O36,56,56,770.932,P2_12_12_1,19,orthorhombic,4,Be2+ K+ O2- P5+,False
1008046,Co3(PO4)2,Co6 P4 O16,26,26,290.5414,P2_1/c,14,monoclinic,3,Co2+ O2- P5+,False
1008048,Ti4O7,Ti16 O28,44,22,464.479,P-1,2,triclinic,2,O2- Ti3.50+,False
1008057,BaCa(FeO2)4,Ba1 Ca1 Fe4 O8,14,14,195.0308,P-31m,162,trigonal,4,Ba2+ Ca2+ Fe3+ O2-,False
1008063,TiTe2,Ti1 Te2,3,3,80.2794,P-3m1,164,trigonal,2,Te2- Ti4+,False
1008087,XeF3,Xe4 F12,16,16,311.1575,P2_1/c,14,monoclinic,3,F- Xe2+ Xe4+,False
1008092,TbCrO4,Tb4 Cr4 O16,24,12,322.5391,I4_1/amd,141,tetragonal,3,Cr5+ O2- Tb3+,False
1008103,LiY(MoO4)2,Li2 Y2 Mo4 O16,24,24,311.9795,P-1,2,triclinic,4,Li+ Mo6+ O2- Y3+,False
1008153,CaTi2O4,Ca4 Ti8 O16,28,14,304.3066,Cmcm,63,orthorhombic,3,Ca2+ O2- Ti3+,False
1008163,V2Pb3O8,V4 Pb6 O16,26,13,385.9374,C2,5,monoclinic,3,O2- Pb2+ V5+,False
1008317,SmSI,Sm6 S6 I6,18,6,584.2485,R-3m,166,trigonal,3,I- S2- Sm3+,False
1008440,PrFeSi2,Pr4 Fe4 Si8,16,8,280.7791,Cmcm,63,orthorhombic,3,Fe0+ Pr0+ Si0+,False
1008444,NdFeSi2,Nd4 Fe4 Si8,16,8,274.9268,Cmcm,63,orthorhombic,3,Fe0+ Nd0+ Si0+,False
1008541,La2CuO4,La8 Cu4 O16,28,14,380.2478,Cmce,64,orthorhombic,3,Cu2+ La3+ O2-,False
1008544,Pr(MnSi)2,Pr2 Mn4 Si4,10,5,170.4599,I4/mmm,139,tetragonal,3,Mn0+ Pr0+ Si0+,False
1008743,Ca5Ge3O11,Ca20 Ge12 O44,76,38,1033.6922,P-1,2,triclinic,3,Ca2+ Ge4+ O2-,False
1008751,LaF3,La6 F18,24,24,326.7642,P6_3cm,185,hexagonal,2,F- La3+,False
1008753,KNa3Al4(SiO4)4,K2 Na6 Al8 Si8 O32,56,56,729.3509,P6_3,173,hexagonal,5,Al3+ K+ Na+ O2- Si4+,False
1008862,MnCoP,Mn4 Co4 P4,12,12,139.7163,Pnma,62,orthorhombic,3,Co0+ Mn0+ P0+,False
1008903,U2Co3O8,U4 Co6 O16,26,26,323.693,Pnnm,58,orthorhombic,3,Co2+ O2- U5+,False
1008915,LuMnO3,Lu6 Mn6 O18,30,30,359.4616,P6_3cm,185,hexagonal,3,Lu3+ Mn3+ O2-,False
1008934,NaErS2,Na3 Er3 S6,12,4,268.4714,R-3m,166,trigonal,3,Er3+ Na+ S2-,False
1008936,Mn7C3,Mn28 C12,40,40,378.8681,Pnma,62,orthorhombic,2,C0+ Mn0+,False
1008937,Fe7C3,Fe28 C12,40,40,372.5076,Pnma,62,orthorhombic,2,C0+ Fe0+,False
1008989,NiAsRh,Ni2 As2 Rh2,6,6,78.3015,P4/nmm,129,tetragonal,3,As0+ Ni0+ Rh0+,False
1009001,GaAsO4,Ga3 As3 O12,18,18,245.8475,P3_121,152,trigonal,3,As5+ Ga3+ O2-,False
1009034,NaFeO2,Na4 Fe4 O8,16,16,217.6362,Pna2_1,33,orthorhombic,3,Fe3+ Na+ O2-,False
1010038,Cu2Sb,Cu4 Sb2,6,6,97.0666,P4/nmm,129,tetragonal,2,Cu0+ Sb0+,False
1010083,K2PtCl4,K2 Pt1 Cl4,7,7,201.7922,P4/mmm,123,tetragonal,3,Cl- K+ Pt2+,False
1010144,CsAuCl3,Cs8 Au8 Cl24,40,10,1144.4453,Fm-3m,225,cubic,4,Au+ Au3+ Cl- Cs+,False
1010309,FeClO,Fe2 Cl2 O2,6,6,98.3812,Pmmn,59,orthorhombic,3,Cl- Fe3+ O2-,False
1010341,In2O3,In32 O48,80,40,1036.4337,I2_13,199,cubic,2,In3+ O2-,False
1010353,RbCd(NO2)3,Rb1 Cd1 N3 O6,11,11,155.2871,Pm-3,200,cubic,4,Cd2+ N3+ O2- Rb+,False
1010391,KN3,K4 N12,16,8,262.0375,I4/mcm,140,tetragonal,2,K+ N0.33-,False
1010395,EuF2,Eu4 F8,12,3,194.7086,Fm-3m,225,cubic,2,Eu2+ F-,False
1010436,MnO,Mn4 O4,8,2,87.2035,Fm-3m,225,cubic,2,Mn2+ O2-,False
1010450,CaAl2,Ca8 Al16,24,6,515.8496,Fd-3m,227,cubic,2,Al0+ Ca0+,False
1010451,ScF3,Sc1 F3,4,4,65.0565,R32,155,trigonal,2,F- Sc3+,False
1010537,HgTe,Hg4 Te4,8,2,257.2595,Fm-3m,225,cubic,2,Hg2+ Te2-,False
1010539,CdTe,Cd4 Te4,8,2,263.3747,F-43m,216,cubic,2,Cd2+ Te2-,False
1010563,AlCl3,Al1 Cl3,4,4,88.9959,P-3m1,164,trigonal,2,Al Cl,False
1010573,NaClO4,Na4 Cl4 O16,24,6,381.0781,F-43m,216,cubic,3,Cl7+ Na+ O2-,False
1010590,Dy2O3,Dy32 O48,80,40,1201.157,I2_13,199,cubic,2,Dy3+ O2-,False
1010913,FeAsS,Fe8 As8 S8,24,12,344.9562,P2_1/c,14,monoclinic,3,As0+ Fe0+ S0+,False
1010997,As3Pb5ClO12,As6 Pb10 Cl2 O24,42,42,674.7134,P6_3/m,176,hexagonal,4,As5+ Cl- O2- Pb2+,False
1011056,Co3S4,Co24 S32,56,14,834.8325,Fd-3m,227,cubic,3,Co2+ Co3+ S2-,False
1011149,BaCO3,Ba4 C4 O12,20,20,297.9171,Pnma,62,orthorhombic,3,Ba2+ C4+ O2-,False
1011194,CuO,Cu4 O4,8,4,80.8808,C2/c,15,monoclinic,2,Cu2+ O2-,False
1011210,CaTiO3,Ca2 Ti2 O6,10,5,107.4577,Pm-3m,221,cubic,3,Ca2+ O2- Ti4+,False
1011216,Fe2N,Fe6 N3,9,9,87.8765,P-31m,162,trigonal,2,Fe1.50+ N3-,False
1011252,Ca2ZnSi2O7,Ca4 Zn2 Si4 O14,24,24,307.7986,P-42_1m,113,tetragonal,4,Ca2+ O2- Si4+ Zn2+,False
1011288,Gd2O3,Gd32 O48,80,40,1263.2144,I2_13,199,cubic,2,Gd3+ O2-,False
1011319,NbN,Nb4 N4,8,2,85.7661,Fm-3m,225,cubic,2,N3- Nb3+,False
1011324,TaC,Ta4 C4,8,2,90.5188,Fm-3m,225,cubic,2,C4- Ta4+,False
1011341,CdCO3,Cd2 C2 O6,10,5,113.1878,R-3m,166,trigonal,3,C4+ Cd2+ O2-,False
1011354,InSb,In4 Sb4,8,2,269.7114,F-43m,216,cubic,2,In3+ Sb3-,False
1011369,HgS,Hg3 S3,6,6,142.9768,P3_121,152,trigonal,2,Hg2+ S2-,False
1100044,ZnS,Zn2 S2,4,4,79.2308,P6_3mc,186,hexagonal,2,S2- Zn2+,False
1100067,Sr3(BO3)2,Sr18 B12 O36,66,22,889.9323,R-3c,167,trigonal,3,B3+ O2- Sr2+,False
1100106,KMgAl2(SiO3)2,K1 Mg1 Al2 Si2 O6,12,12,491.1207,P1,1,triclinic,5,Al K Mg O Si,False
1100108,Fe,Fe2,2,1,23.591,Im-3m,229,cubic,1,Fe,False
1100168,H12PdC14Br2(N2O)4,H12 Pd1 C14 Br2 N8 O4,41,41,470.2091,P-1,2,triclinic,6,Br C H N O Pd,True
1100280,H9C13NO5,H18 C26 N2 O10,56,56,583.6021,P-1,2,triclinic,4,C H N O,True
1100651,H6C9(NF2)2,H24 C36 N8 F16,84,84,932.9155,P2_1/c,14,monoclinic,4,C F H N,True
1100972,SnH16Se3N7,Sn2 H32 Se6 N14,54,54,595.9091,P-1,2,triclinic,4,H N Se Sn,False
1101127,HgH12C10N4(ClO)2,Hg2 H24 C20 N8 Cl4 O4,62,62,713.5901,P-1,2,triclinic,6,C Cl H Hg N O,True
1500026,CdH20C10(NO)10,Cd1 H20 C10 N10 O10,51,51,490.2717,P-1,2,triclinic,5,C Cd H N O,True
1500030,CuH27C18N7O9,Cu2 H54 C36 N14 O18,124,124,1148.5621,P-1,2,triclinic,5,C Cu H N O,True
1500032,CoH30C22(N3O2)4,Co1 H30 C22 N12 O8,73,73,703.3186,P-1,2,triclinic,5,C Co H N O,True
1500034,CuH30C22(N3O2)4,Cu2 H60 C44 N24 O16,146,146,1350.2198,P-1,2,triclinic,5,C Cu H N O,True
1501466,ZrTc2,Zr4 Tc8,12,12,204.0674,P6_3/mmc,194,hexagonal,2,Tc Zr,False
1501516,WC,W1 C1,2,2,20.7517,P-6m2,187,hexagonal,2,C W,True
1501577,WC,W1 C1,2,2,19.9202,P-6m2,187,hexagonal,2,C W,True
1501583,WC,W1 C1,2,2,20.2858,P-6m2,187,hexagonal,2,C W,True
1501592,WC,W1 C1,2,2,19.8726,P-6m2,187,hexagonal,2,C W,True
1501769,H19(C6N)3,H38 C36 N6,80,80,788.6748,P-1,2,triclinic,3,C H N,True
1501831,H46(C10O)3,H46 C30 O3,79,79,618.8602,P1,1,triclinic,3,C H O,True
1501961,H19C20N,H38 C40 N2,80,80,753.2555,P-1,2,triclinic,3,C H N,True
1502026,H20C28S(NO4)2,H40 C56 S2 N4 O16,118,118,1219.6424,P-1,2,triclinic,5,C H N O S,True
1502049,H10C8N2O3,H40 C32 N8 O12,92,92,852.6435,P2_12_12_1,19,orthorhombic,4,C H N O,True
1502075,H4C6SNO,H32 C48 S8 N8 O8,104,104,1239.5544,P2_1/c,14,monoclinic,5,C H N O S,True
1502179,H21C13SNO,H84 C52 S4 N4 O4,148,148,1247.1096,P2_1/c,14,monoclinic,5,C H N O S,True
1502181,H8C11O,H32 C44 O4,80,80,787.1559,Pc,7,monoclinic,3,C H O,True
1502295,H62C48N4O13,H62 C48 N4 O13,127,127,1098.9677,P1,1,triclinic,4,C H N O,True
1502320,H12C20NClO2,H24 C40 N2 Cl2 O4,72,72,772.9974,P2_1/m,11,monoclinic,5,C Cl H N O,True
1502368,H19C20IBrNO4,H38 C40 I2 Br2 N2 O8,92,92,997.7558,P-1,2,triclinic,6,Br C H I N O,True
1502394,H23C27BrN2O7,H46 C54 Br2 N4 O14,120,120,1260.1979,P2_1,4,monoclinic,5,Br C H N O,True
1502433,H13C15NOF2,H52 C60 N4 O4 F8,128,128,1224.3607,P2_1/c,14,monoclinic,5,C F H N O,True
1502464,H9C8N3O2,H36 C32 N12 O8,88,88,859.8965,P-1,2,triclinic,4,C H N O,True
1502536,H19C18S(NO)2,H38 C36 S2 N4 O4,84,84,809.0402,P-1,2,triclinic,5,C H N O S,True
1502631,H19C19NO5,H38 C38 N2 O10,88,88,848.23,P-1,2,triclinic,4,C H N O,True
1502639,H16C25(N2Cl)2,H32 C50 N8 Cl4,94,94,1067.2913,P-1,2,triclinic,4,C Cl H N,True
1502650,H13C16Cl,H26 C32 Cl2,60,60,627.8565,P-1,2,triclinic,3,C Cl H,True
1502680,H20C22NO2,H40 C44 N2 O4,90,90,887.7304,P-1,2,triclinic,4,C H N O,True
1502704,CSN3O2F3,C4 S4 N12 O8 F12,40,40,579.9934,P2_1/c,14,monoclinic,5,C F N O S,True
1502723,H10C8N2O,H40 C32 N8 O4,84,84,798.6626,P-1,2,triclinic,4,C H N O,True
1502792,H14(C3O)5,H56 C60 O20,136,136,1344.4897,P2_12_12_1,19,orthorhombic,3,C H O,True
1502889,H14C13NClO,H56 C52 N4 Cl4 O4,120,120,1149.3208,P2_1/c,14,monoclinic,5,C Cl H N O,True
1502952,H14C10Se(NO2)2,H28 C20 Se2 N4 O8,62,62,584.9651,P2_1,4,monoclinic,5,C H N O Se,True
1502962,SiH21C12SBrN,Si2 H42 C24 S2 Br2 N2,74,74,738.9111,P-1,2,triclinic,6,Br C H N S Si,True
1502964,H2C5INF,H8 C20 I4 N4 F4,40,40,592.2259,P-1,2,triclinic,5,C F H I N,True
1503028,BH19C9N2,B4 H76 C36 N8,124,124,1105.024,P2_1/c,14,monoclinic,4,B C H N,True
1503207,H10C10Br2NCl3O2,H40 C40 Br8 N4 Cl12 O8,112,112,1415.3433,P2_12_12_1,19,orthorhombic,6,Br C Cl H N O,True
1503230,H17C15NO4,H68 C60 N4 O16,148,148,1427.8935,P-1,2,triclinic,4,C H N O,True
1503258,H28C21O5,H56 C42 O10,108,108,897.3902,P-1,2,triclinic,3,C H O,True
1503352,H7C9O2,H56 C72 O16,144,144,1432.5357,P2_12_12_1,19,orthorhombic,3,C H O,True
1503371,SiH11(C4S)3,Si4 H44 C48 S12,108,108,1347.6496,P-1,2,triclinic,4,C H S Si,True
1503553,H17C11ClO2,H68 C44 Cl4 O8,124,124,1078.4029,P2_1/c,14,monoclinic,4,C Cl H O,True
1503575,CoPH18C24N6O5F6,Co2 P2 H36 C48 N12 O10 F12,122,122,1366.1813,P-1,2,triclinic,7,C Co F H N O P,True
1503628,H11C16BrO4,H44 C64 Br4 O16,128,128,1420.9443,P2_1/c,14,monoclinic,4,Br C H O,True
1503650,H32C30Br(NO)3,H64 C60 Br2 N6 O6,138,138,1388.1982,P-1,2,triclinic,5,Br C H N O,True
1503670,H12C9SN4,H24 C18 S2 N8,52,52,489.9736,P-1,2,triclinic,4,C H N S,True
1503866,H13C14ClO2,H52 C56 Cl4 O8,120,120,1307.5357,P2_1/c,14,monoclinic,4,C Cl H O,True
1503884,B6H16(CN)5,B24 H64 C20 N20,128,128,1238.8855,P2_1/c,14,monoclinic,4,B C H N,True
1503964,H21C21S,H42 C42 S2,86,86,817.7773,P-1,2,triclinic,3,C H S,True
1504044,H11C13NO5,H44 C52 N4 O20,120,120,1219.3047,P2_12_12_1,19,orthorhombic,4,C H N O,True
1504125,H7(C3O)2,H42 C36 O12,90,90,772.5152,Pc,7,monoclinic,3,C H O,True
1504172,SiH19C13N2,Si4 H76 C52 N8,140,140,1391.1995,Pna2_1,33,orthorhombic,4,C H N Si,True
1504386,H3C2N,H36 C24 N12,72,72,686.6139,P2_1/c,14,monoclinic,3,C H N,True
1504489,H4C4O,H32 C32 O8,72,72,703.0988,P-1,2,triclinic,3,C H O,True
1504506,H24C22NClO3,H48 C44 N2 Cl2 O6,102,102,1042.7638,P2_1,4,monoclinic,5,C Cl H N O,True
1504532,H41C27SNO8,H41 C27 S1 N1 O8,78,78,733.4379,P1,1,triclinic,5,C H N O S,True
1504562,H27C30NO2,H54 C60 N2 O4,120,120,1130.6571,P-1,2,triclinic,4,C H N O,True
1504576,H13C9O2,H52 C36 O8,96,96,771.4177,P-1,2,triclinic,3,C H O,True
1504589,H8C7O,H64 C56 O8,128,128,1145.0001,P2_1/c,14,monoclinic,3,C H O,True
1504610,H29C22BrN2,H58 C44 Br2 N4,108,108,1011.0537,P2_1,4,monoclinic,4,Br C H N,True
1504645,H21C17BrO3,H42 C34 Br2 O6,84,84,794.5215,P-1,2,triclinic,4,Br C H O,True
1504677,HC4F,H10 C40 F10,60,60,761.9468,P-1,2,triclinic,3,C F H,True
1504715,H15C11N2,H60 C44 N8,112,112,1087.3044,P2_1/c,14,monoclinic,3,C H N,True
1504777,H4C12S5O2,H8 C24 S10 O4,46,46,602.8129,P-1,2,triclinic,4,C H O S,True
1504815,H11C13SIN2O3,H44 C52 S4 I4 N8 O12,124,124,1380.7245,P-1,2,triclinic,6,C H I N O S,True
1504820,H18C22O,H36 C44 O2,82,82,781.6728,P-1,2,triclinic,3,C H O,True
1504847,H13C14BrO4,H52 C56 Br4 O16,128,128,1412.6191,P2_12_12_1,19,orthorhombic,4,Br C H O,True
1504907,H20C23N3(ClO)3,H40 C46 N6 Cl6 O6,104,104,1123.139,P-1,2,triclinic,5,C Cl H N O,True
1504977,H15C15ClO4,H60 C60 Cl4 O16,140,140,1423.5714,P2_12_12_1,19,orthorhombic,4,C Cl H O,True
1505058,CuH12C16XeNO4,Cu2 H24 C32 Xe2 N2 O8,70,70,888.665,P-1,2,triclinic,6,C Cu H N O Xe,True
1505085,H12C14O,H48 C56 O4,108,108,1045.5923,P2_1,4,monoclinic,3,C H O,True
1505186,H18C14N4O9,H36 C28 N8 O18,90,90,814.7165,P-1,2,triclinic,4,C H N O,True
1505196,H9C12N2O,H18 C24 N4 O2,48,48,476.5419,P-1,2,triclinic,4,C H N O,True
1505207,H6C6N3O4,H24 C24 N12 O16,76,76,749.5183,P2_1/c,14,monoclinic,4,C H N O,True
1505278,H15C10NO4,H30 C20 N2 O8,60,60,512.1844,P2_1,4,monoclinic,4,C H N O,True
1505280,H17C18SNO3,H34 C36 S2 N2 O6,80,80,812.6094,P2_1,4,monoclinic,5,C H N O S,True
1505305,H12C9O4,H48 C36 O16,100,100,880.6385,P2_12_12_1,19,orthorhombic,3,C H O,True
1505396,H20C19SO3,H40 C38 S2 O6,86,86,853.668,P2_1,4,monoclinic,4,C H O S,True
1505437,H17C9NO3,H68 C36 N4 O12,120,120,932.7577,P2_1/c,14,monoclinic,4,C H N O,True
1505499,H5C9S,H20 C36 S4,60,60,636.5999,P2_1/c,14,monoclinic,3,C H S,True
1505593,H15C11SNO2,H60 C44 S4 N4 O8,120,120,1129.5042,P2_1/c,14,monoclinic,5,C H N O S,True
1505649,H12C10SNO,H48 C40 S4 N4 O4,100,100,1003.0685,P2_12_12_1,19,orthorhombic,5,C H N O S,True
1505851,H8C7O2,H64 C56 O16,136,136,1277.7515,P2_1/c,14,monoclinic,3,C H O,True
1505853,Si2H42C27N2O,Si4 H84 C54 N4 O2,148,148,1467.0595,P-1,2,triclinic,5,C H N O Si,True
1505972,SiH29C18NO,Si2 H58 C36 N2 O2,100,100,905.4968,P-1,2,triclinic,5,C H N O Si,True
1505974,H14C12INO,H56 C48 I4 N4 O4,116,116,1248.0906,P2_12_12_1,19,orthorhombic,5,C H I N O,True
1506010,H31C17S2N5O4,H62 C34 S4 N10 O8,118,118,1107.3296,P-1,2,triclinic,5,C H N O S,True
1506020,H20C28O3,H40 C56 O6,102,102,988.3292,P-1,2,triclinic,3,C H O,True
1506087,FeH20C16BrNO3,Fe2 H40 C32 Br2 N2 O6,84,84,894.1098,P-1,2,triclinic,6,Br C Fe H N O,True
1506093,H10C16N3ClO2,H40 C64 N12 Cl4 O8,128,128,1394.6359,P2_1/c,14,monoclinic,5,C Cl H N O,True
1506107,H24C19(NO)2,H48 C38 N4 O4,94,94,887.0051,P1,1,triclinic,4,C H N O,True
1506203,H14C13BrNO,H56 C52 Br4 N4 O4,120,120,1271.7784,P2_12_12_1,19,orthorhombic,5,Br C H N O,True
1506239,H13C14BrO4,H26 C28 Br2 O8,64,64,675.694,P-1,2,triclinic,4,Br C H O,True
1506272,PH37(C10O)3,P2 H74 C60 O6,142,142,1299.2561,P-1,2,triclinic,4,C H O P,True
1506287,H9C6SN3O,H36 C24 S4 N12 O4,80,80,801.1615,P2_1/c,14,monoclinic,5,C H N O S,True
1506358,H24PtC20N2Cl2O9,H48 Pt2 C40 N4 Cl4 O18,116,116,1201.3543,P-1,2,triclinic,6,C Cl H N O Pt,True
1506360,H19C24N,H38 C48 N2,88,88,859.8619,P-1,2,triclinic,3,C H N,True
1506397,H10C12N3ClO4,H40 C48 N12 Cl4 O16,120,120,1311.7143,P2_1/c,14,monoclinic,5,C Cl H N O,True
1506468,H15C17NO4,H30 C34 N2 O8,74,74,715.1663,P-1,2,triclinic,4,C H N O,True
1506482,H21C20SNO5,H42 C40 S2 N2 O10,96,96,997.0878,P-1,2,triclinic,5,C H N O S,True
1506642,H3C6N3O,H18 C36 N18 O6,78,78,917.6825,P-1,2,triclinic,4,C H N O,True
1506678,H17C10NO4,H68 C40 N4 O16,128,128,1170.6755,P2_1/c,14,monoclinic,4,C H N O,True
1506800,H16C13SN2O,H64 C52 S4 N8 O4,132,132,1243.8124,P2_1/c,14,monoclinic,5,C H N O S,True
1506854,H12C11N,H48 C44 N4,96,96,867.1602,P2_1/c,14,monoclinic,3,C H N,True
1506888,H17(C5N)3,H68 C60 N12,140,140,1311.5665,P2_1/c,14,monoclinic,3,C H N,True
1507068,H28(C6O)5,H56 C60 O10,126,126,1219.6567,P-1,2,triclinic,3,C H O,True
1507189,H25C31SNO2,H50 C62 S2 N2 O4,120,120,1241.1739,P-1,2,triclinic,5,C H N O S,True
1507264,H16C18SO4,H32 C36 S2 O8,78,78,743.7552,P2_1,4,monoclinic,4,C H O S,True
1507362,H19C14S(NO2)3,H38 C28 S2 N6 O12,86,86,837.4709,P-1,2,triclinic,5,C H N O S,True
1507503,H13C15NO2,H52 C60 N4 O8,124,124,1208.4823,P2_1/c,14,monoclinic,4,C H N O,True
1507510,H12C12BrClO3,H24 C24 Br2 Cl2 O6,58,58,646.7605,P2_1,4,monoclinic,5,Br C Cl H O,True
1507575,H16C13O,H64 C52 O4,120,120,1075.971,P2_12_12_1,19,orthorhombic,3,C H O,True
1507642,H23C24SBrN2O5,H46 C48 S2 Br2 N4 O10,112,112,1155.4552,P2_1,4,monoclinic,6,Br C H N O S,True
1507643,H15C12N4ClO7,H30 C24 N8 Cl2 O14,78,78,757.1287,P-1,2,triclinic,5,C Cl H N O,True
1507775,MoP3Pb2O11,Mo4 P12 Pb8 O44,68,68,911.0208,P2_1/c,14,monoclinic,4,Mo O P Pb,False
1507853,H27C22IO4,H54 C44 I2 O8,108,108,1075.4909,P-1,2,triclinic,4,C H I O,True
1508137,H16Pb2C21N8O9,H32 Pb4 C42 N16 O18,112,112,1257.0995,P-1,2,triclinic,5,C H N O Pb,True
1508328,H27C28NO2,H54 C56 N2 O4,116,116,1101.0922,P-1,2,triclinic,4,C H N O,True
1508476,H6C9S2Br3N3(O2F3)2,H12 C18 S4 Br6 N6 O8 F12,66,66,920.2501,P-1,2,triclinic,7,Br C F H N O S,True
1508494,H13C15SN2ClO,H52 C60 S4 N8 Cl4 O4,132,132,1467.119,P2_1/c,14,monoclinic,6,C Cl H N O S,True
1508735,H14C14NO,H56 C56 N4 O4,120,120,1151.8269,P2_1/c,14,monoclinic,4,C H N O,True
1508743,H23C14NO5,H46 C28 N2 O10,86,86,734.3383,P-1,2,triclinic,4,C H N O,True
1508745,H12C13N2O3,H48 C52 N8 O12,120,120,1144.4838,P2_1/c,14,monoclinic,4,C H N O,True
1508758,H17C26SN4,H34 C52 S2 N8,96,96,977.9692,P-1,2,triclinic,4,C H N S,True
1508812,H14C13SN(OF)3,H56 C52 S4 N4 O12 F12,140,140,1402.9347,P2_1/c,14,monoclinic,6,C F H N O S,True
1508834,Si2H18C8O3,Si8 H72 C32 O12,124,124,1198.0869,P-1,2,triclinic,4,C H O Si,True
1508951,H8C11NOF2,H32 C44 N4 O4 F8,92,92,982.557,P-1,2,triclinic,5,C F H N O,True
1509142,NiH30C18(N6O)2,Ni2 H60 C36 N24 O4,126,126,1125.6891,P-1,2,triclinic,5,C H N Ni O,True
1509146,Ag,Ag4,4,1,67.4688,Fm-3m,225,cubic,1,Ag,False
1509202,NdAgAs2,Nd2 Ag2 As4,8,8,170.7015,P4/nmm,129,tetragonal,3,Ag As Nd,False
1509210,AgBF4,Ag4 B4 F16,24,24,290.1251,Pnma,62,orthorhombic,3,Ag B F,False
1509225,BaYAgSe3,Ba4 Y4 Ag4 Se12,24,12,632.5566,Cmcm,63,orthorhombic,4,Ag Ba Se Y,False
1509288,Cs5Si3AgO9,Cs10 Si6 Ag2 O18,36,36,733.0488,P2_1/m,11,monoclinic,4,Ag Cs O Si,False
1509297,DyAgGe,Dy3 Ag3 Ge3,9,9,183.4711,P-62m,189,hexagonal,3,Ag Dy Ge,False
1509349,GaAgS2,Ga4 Ag4 S8,16,8,313.6933,Cc,9,monoclinic,3,Ag Ga S,False
1509368,HoAgGe,Ho3 Ag3 Ge3,9,9,182.0531,P-62m,189,hexagonal,3,Ag Ge Ho,False
1509386,AgI,Ag4 I4,8,2,223.3171,Fm-3m,225,cubic,2,Ag I,False
1509404,InAgS2,In4 Ag4 S8,16,8,380.434,I-42d,122,tetragonal,3,Ag In S,False
1509445,Li2AgSb,Li8 Ag4 Sb4,16,4,285.2802,F-43m,216,cubic,3,Ag Li Sb,False
1509463,Mn3AgN,Mn3 Ag1 N1,5,5,64.9406,Pm-3m,221,cubic,3,Ag Mn N,False
1509471,NaAg(NO2)2,Na8 Ag8 N16 O32,64,16,921.0566,Fdd2,43,orthorhombic,4,Ag N Na O,False
1509516,AgPt3,Ag1 Pt3,4,4,59.319,Pm-3m,221,cubic,2,Ag Pt,False
1509541,TlAgSe2,Tl6 Ag6 Se12,24,24,672.2457,P-31m,162,trigonal,3,Ag Se Tl,False
1509543,YbSiAg,Yb3 Si3 Ag3,9,9,171.3697,P-62m,189,hexagonal,3,Ag Si Yb,False
1509654,TmInAg2,Tm4 In4 Ag8,16,4,323.8181,Fm-3m,225,cubic,3,Ag In Tm,False
1509766,Ag2Bi2S3Cl2,Ag8 Bi8 S12 Cl8,36,36,853.6249,P-1,2,triclinic,4,Ag Bi Cl S,False
1509774,Gd3Al7Ag2,Gd9 Al21 Ag6,36,12,708.0266,R-3m,166,trigonal,3,Ag Al Gd,False
1509781,Co3Ag2(P2O7)2,Co6 Ag4 P8 O28,46,46,528.9425,P-1,2,triclinic,4,Ag Co O P,False
1509782,Cr(AgO2)2,Cr4 Ag8 O16,28,28,391.8599,Pnma,62,orthorhombic,3,Ag Cr O,False
1509880,K2Ag4Pd3(NO2)12,K4 Ag8 Pd6 N24 O48,90,90,1276.8325,P2_1/c,14,monoclinic,5,Ag K N O Pd,False
1509914,Ba4Ag3Ge20,Ba8 Ag6 Ge40,54,54,1273.7607,Pm-3n,223,cubic,3,Ag Ba Ge,False
1509977,LiAlAg2,Li4 Al4 Ag8,16,4,251.8971,Fm-3m,225,cubic,3,Ag Al Li,False
1510005,Ag3Sn2(GeP2)3,Ag12 Sn8 Ge12 P24,56,28,1134.6265,I-43m,217,cubic,4,Ag Ge P Sn,False
1510068,Ca3AuN,Ca3 Au1 N1,5,5,112.0847,Pm-3m,221,cubic,3,Au Ca N,False
1510129,ErSnAu,Er4 Sn4 Au4,12,3,288.2808,F-43m,216,cubic,3,Au Er Sn,False
1510137,Sb4Au(Xe2F11)2,Sb8 Au2 Xe8 F44,62,62,1243.3859,P-1,2,triclinic,4,Au F Sb Xe,False
1510167,NaGeAu,Na4 Ge4 Au4,12,6,241.0405,Imm2,44,orthorhombic,3,Au Ge Na,False
1510173,YbGeAu,Yb12 Ge12 Au12,36,36,737.4553,Pnma,62,orthorhombic,3,Au Ge Yb,False
1510200,KAu(NO3)4,K2 Au2 N8 O24,36,36,515.9789,P2_1/c,14,monoclinic,4,Au K N O,False
1510222,Li2TlAu,Li8 Tl4 Au4,16,4,280.8827,F-43m,216,cubic,3,Au Li Tl,False
1510247,Na2Au,Na8 Au4,12,6,303.7757,I4/mcm,140,tetragonal,2,Au Na,False
1510255,Nb3Au,Nb6 Au2,8,8,140.4458,Pm-3n,223,cubic,2,Au Nb,False
1510268,PAuS4,P2 Au2 S8,12,12,317.9903,P-1,2,triclinic,3,Au P S,False
1510380,Ce(SiAu)2,Ce2 Si4 Au4,10,5,188.8564,I4/mmm,139,tetragonal,3,Au Ce Si,False
1510381,Ce(SiAu)2,Ce2 Si4 Au4,10,5,191.6342,I4/mmm,139,tetragonal,3,Au Ce Si,False
1510389,DyAu2,Dy2 Au4,6,3,121.2278,I4/mmm,139,tetragonal,2,Au Dy,False
1510441,La(SiAu)2,La2 Si4 Au4,10,5,191.4814,I4/mmm,139,tetragonal,3,Au La Si,False
1510468,Sr3Au2,Sr27 Au18,45,15,1466.5863,R-3,148,trigonal,2,Au Sr,False
1510482,Ca2In4Au3,Ca8 In16 Au12,36,36,825.3555,Pnma,62,orthorhombic,3,Au Ca In,False
1510576,B2Au,B2 Au1,3,3,30.0561,P6/mmm,191,hexagonal,2,Au B,False
1510590,BaBiAu,Ba2 Bi2 Au2,6,6,191.0542,P6_3/mmc,194,hexagonal,3,Au Ba Bi,False
1510601,Li2BiAu,Li8 Bi4 Au4,16,4,294.0796,F-43m,216,cubic,3,Au Bi Li,False
1510612,AuSeBr,Au8 Se8 Br8,24,24,610.543,Pnma,62,orthorhombic,3,Au Br Se,False
1510619,HoCo3B2,Ho1 Co3 B2,6,6,65.922,P6/mmm,191,hexagonal,3,B Co Ho,False
1510644,CsNb(BO3)2,Cs2 Nb2 B4 O12,20,20,291.6818,Pmn2_1,31,orthorhombic,4,B Cs Nb O,False
1510665,ErB2,Er1 B2,3,3,35.3116,P6/mmm,191,hexagonal,2,B Er,False
1510667,Ba2HoB2ClO6,Ba4 Ho2 B4 Cl2 O12,24,24,383.4728,P2_1/m,11,monoclinic,5,B Ba Cl Ho O,False
1510670,ErB2Rh3,Er2 B4 Rh6,12,6,153.4891,P6/mmm,191,hexagonal,3,B Er Rh,False
1510690,Lu(FeB)2,Lu2 Fe4 B4,10,5,113.713,I4/mmm,139,tetragonal,3,B Fe Lu,False
1510706,GdB2Rh3,Gd1 B2 Rh3,6,6,78.6756,P6/mmm,191,hexagonal,3,B Gd Rh,False
1510711,HfB2,Hf1 B2,3,3,29.7146,P6/mmm,191,hexagonal,2,B Hf,False
1510734,K2B2Se7,K8 B8 Se28,44,22,1136.3591,C2/c,15,monoclinic,3,B K Se,False
1510745,Li2B2S5,Li8 B8 S20,36,18,700.2885,Cmcm,63,orthorhombic,3,B Li S,False
1510770,Na2Y2B2O7,Na8 Y8 B8 O28,52,52,597.5933,P2_1/c,14,monoclinic,4,B Na O Y,False
1510792,Zn3(Ni10B3)2,Zn12 Ni80 B24,116,29,1175.9117,Fm-3m,225,cubic,3,B Ni Zn,False
1510876,CaB2Rh3,Ca1 B2 Rh3,6,6,77.8946,P6/mmm,191,hexagonal,3,B Ca Rh,False
1510930,Li3Pr2(BO3)3,Li12 Pr8 B12 O36,68,68,703.1936,P2_1/c,14,monoclinic,4,B Li O Pr,False
1510951,UReB3,U2 Re2 B6,10,10,114.0027,P6_3/mmc,194,hexagonal,3,B Re U,False
1510998,Nd(CoB)2,Nd2 Co4 B4,10,5,134.793,I4/mmm,139,tetragonal,3,B Co Nd,False
1511000,Nd(CoB)2,Nd2 Co4 B4,10,5,125.3405,I4/mmm,139,tetragonal,3,B Co Nd,False
1511008,Y(CoB)2,Y2 Co4 B4,10,5,118.4441,I4/mmm,139,tetragonal,3,B Co Y,False
1511031,CeBPt3,Ce1 B1 Pt3,5,5,81.3834,P4mm,99,tetragonal,3,B Ce Pt,False
1511124,KBF4,K4 B4 F16,24,24,278.6011,Pnma,62,orthorhombic,3,B F K,False
1511126,Sn2BF7,Sn8 B4 F28,40,40,672.086,Pnma,62,orthorhombic,3,B F Sn,False
1511139,Gd2Fe14B,Gd8 Fe56 B4,68,68,929.7815,P4_2/mnm,136,tetragonal,3,B Fe Gd,False
1511176,PrGeBO5,Pr9 Ge9 B9 O45,72,72,850.8569,P3_1,144,trigonal,4,B Ge O Pr,False
1511197,KNa2BO3,K2 Na4 B2 O6,14,14,188.3681,Pmmn,59,orthorhombic,4,B K Na O,False
1511301,YbBPd3,Yb1 B1 Pd3,5,5,68.3176,Pm-3m,221,cubic,3,B Pd Yb,False
1511321,Sn4BRh6,Sn8 B2 Rh12,22,22,371.4065,P6_3/mmc,194,hexagonal,3,B Rh Sn,False
1511362,Sm3Co29(Si2B5)2,Sm6 Co58 Si8 B20,92,92,991.6658,P4/nmm,129,tetragonal,4,B Co Si Sm,False
1511517,Ta3B4,Ta6 B8,14,7,144.1678,Immm,71,orthorhombic,2,B Ta,False
1511538,YbCo(BO2)5,Yb4 Co4 B20 O40,68,68,609.4964,P2_1/c,14,monoclinic,4,B Co O Yb,False
1511542,Eu2B5Os3,Eu4 B10 Os6,20,10,286.7535,C2,5,monoclinic,3,B Eu Os,False
1511591,Co23B6,Co92 B24,116,29,1145.0363,Fm-3m,225,cubic,2,B Co,False
1511595,Th(CrB3)2,Th2 Cr4 B12,18,9,174.0915,Immm,71,orthorhombic,3,B Cr Th,False
1511648,Ta5B6,Ta10 B12,22,11,233.3452,Cmmm,65,orthorhombic,2,B Ta,False
1511718,Nd(CoB)4,Nd2 Co8 B8,18,18,191.0423,P4_2/n,86,tetragonal,3,B Co Nd,False
1511729,Dy2B4O9,Dy4 B8 O18,30,30,278.0506,P-1,2,triclinic,3,B Dy O,False
1511764,H28PdC20Br2N8O13,H28 Pd1 C20 Br2 N8 O13,72,72,717.4331,P1,1,triclinic,6,Br C H N O Pd,True
1511774,MnH10C10(N4O3)2,Mn1 H10 C10 N8 O6,35,35,357.3803,P-1,2,triclinic,5,C H Mn N O,True
1511808,H5C2,H20 C8,28,28,186.8989,P2_1/c,14,monoclinic,2,C H,True
1511857,H9C10NO3,H36 C40 N4 O12,92,92,870.3372,P-1,2,triclinic,4,C H N O,True
1511900,PH25(C7O)4,P2 H50 C56 O8,116,116,1169.6956,P-1,2,triclinic,4,C H O P,True
1511901,H31C30SNO4,H62 C60 S2 N2 O8,134,134,1349.7326,P2_1,4,monoclinic,5,C H N O S,True
1511984,H4C3N2,H32 C24 N16,72,72,734.8926,Pna2_1,33,orthorhombic,3,C H N,True
1512127,FePH29PdC29N2Cl2O,Fe2 P2 H58 Pd2 C58 N4 Cl4 O2,132,132,1397.4466,P-1,2,triclinic,8,C Cl Fe H N O P Pd,True
1512156,H16(C3O)5,H32 C30 O10,72,72,666.5419,P-1,2,triclinic,3,C H O,True
1512286,H5C4O3,H40 C32 O24,96,96,862.2404,P2_1/c,14,monoclinic,3,C H O,True
1512296,H3C10N3O3F4,H6 C20 N6 O6 F8,46,46,516.4069,P-1,2,triclinic,5,C F H N O,True
1512390,H28C33NClO3,H56 C66 N2 Cl2 O6,132,132,1345.0391,P-1,2,triclinic,5,C Cl H N O,True
1512435,MnH8C10N3ClO2,Mn2 H16 C20 N6 Cl2 O4,50,50,557.1419,P-1,2,triclinic,6,C Cl H Mn N O,True
1512438,AgH12C12N2ClO6,Ag4 H48 C48 N8 Cl4 O24,136,136,1397.9349,P2_1/c,14,monoclinic,6,Ag C Cl H N O,True
1512481,VH36C21S(NO4)2,V2 H72 C42 S2 N4 O16,138,138,1261.2631,P-1,2,triclinic,6,C H N O S V,True
1512568,H20C23N2ClO4F3,H40 C46 N4 Cl2 O8 F6,106,106,1105.799,P-1,2,triclinic,6,C Cl F H N O,True
1512611,H29C16N5,H58 C32 N10,100,100,828.883,P-1,2,triclinic,3,C H N,True
1512627,H29RuC18N3(ClO3)3,H58 Ru2 C36 N6 Cl6 O18,126,126,1323.8091,P2_1,4,monoclinic,6,C Cl H N O Ru,True
1512695,H16PdC18(N2Cl)2,H16 Pd1 C18 N4 Cl2,41,41,428.7177,P-1,2,triclinic,5,C Cl H N Pd,True
1512944,H22WC25N2O7,H44 W2 C50 N4 O14,114,114,1160.9327,P-1,2,triclinic,5,C H N O W,True
1513165,H12C9SN2O7,H24 C18 S2 N4 O14,62,62,604.4821,P-1,2,triclinic,5,C H N O S,True
1513182,H11RhC12I2N2O,H22 Rh2 C24 I4 N4 O2,58,58,749.5068,P-1,2,triclinic,6,C H I N O Rh,True
1513193,NiH12C21S4(N2F)3,Ni2 H24 C42 S8 N12 F6,94,94,1200.7759,P-1,2,triclinic,6,C F H N Ni S,True
1513213,KMgH3N2,K4 Mg4 H12 N8,28,28,338.7249,Pnma,62,orthorhombic,4,H K Mg N,False
1513356,H34C22O5,H68 C44 O10,122,122,1029.1823,P2_1,4,monoclinic,3,C H O,True
1513372,H14C11O5,H56 C44 O20,120,120,1040.8209,P2_1,4,monoclinic,3,C H O,True
1513384,H14C18N2O,H56 C72 N8 O4,140,140,1376.534,P2_1/c,14,monoclinic,4,C H N O,True
1513438,H11C12SN4O2F3,H44 C48 S4 N16 O8 F12,132,132,1385.9206,P2_1/c,14,monoclinic,6,C F H N O S,True
1513644,BH14C14N2F5,B4 H56 C56 N8 F20,144,144,1380.8978,P2_12_12_1,19,orthorhombic,5,B C F H N,True
1513692,H14C17S,H28 C34 S2,64,64,634.5451,P-1,2,triclinic,3,C H S,True
1513857,H8Au(C2N)3,H32 Au4 C24 N12,72,36,754.5932,C2/m,12,monoclinic,4,Au C H N,True
1513858,AgH20Au(C10N3)2,Ag2 H40 Au2 C40 N12,96,96,1043.1993,P2_1/c,14,monoclinic,5,Ag Au C H N,True
1513880,LiMnO2,Li2 Mn2 O4,8,8,73.8815,Pmmn,59,orthorhombic,3,Li+ Mn3+ O2-,False
1513887,CdNiH12(C7N4)2,Cd2 Ni2 H24 C28 N16,72,36,817.3863,C2/m,12,monoclinic,5,C Cd H N Ni,True
1513938,H18C24SN4(OF3)2,H36 C48 S2 N8 O4 F12,110,110,1142.207,P-1,2,triclinic,6,C F H N O S,True
1513958,Li2MnO3,Li16 Mn8 O24,48,12,398.3156,C2/c,15,monoclinic,3,Li+ Mn4+ O2-,False
1514108,MnO,Mn4 O4,8,2,85.7661,Fm-3m,225,cubic,2,Mn2+ O2-,False
1514110,MnO2,Mn2 O4,6,6,55.5632,P4_2/mnm,136,tetragonal,2,Mn4+ O2-,False
1514185,BH12C15NOF2,B4 H48 C60 N4 O4 F8,128,128,1260.7988,P2_1/c,14,monoclinic,6,B C F H N O,True
1514667,H7(C8F3)2,H28 C64 F24,116,116,1284.8711,P-1,2,triclinic,3,C F H,True
1514705,H21C19NO3,H42 C38 N2 O6,88,88,854.1341,P-1,2,triclinic,4,C H N O,True
1514708,H8C15NO3F5,H16 C30 N2 O6 F10,64,64,711.7705,P2_1,4,monoclinic,5,C F H N O,True
1514793,H15C17NO2,H60 C68 N4 O8,140,140,1291.3918,P2_12_12_1,19,orthorhombic,4,C H N O,True
1515154,H14C28Br2O7,H28 C56 Br4 O14,102,102,1188.6297,P-1,2,triclinic,4,Br C H O,True
1515155,H6C12BrO3,H12 C24 Br2 O6,44,44,508.6761,P-1,2,triclinic,4,Br C H O,True
1515231,H16OsC16N5Cl3,H32 Os2 C32 N10 Cl6,82,82,1135.2536,P-1,2,triclinic,5,C Cl H N Os,True
1515255,H12C8NO2,H48 C32 N4 O8,92,92,755.7688,P2_1/c,14,monoclinic,4,C H N O,True
1515354,H32C23(N2O)2,H64 C46 N8 O4,122,122,1055.4133,P2_1,4,monoclinic,4,C H N O,True
1515371,H19C15SN2OF3,H38 C30 S2 N4 O2 F6,82,82,795.2022,P-1,2,triclinic,6,C F H N O S,True
1515528,H14C8S(NO)2,H56 C32 S4 N8 O8,108,108,986.3236,P2_12_12_1,19,orthorhombic,5,C H N O S,True
1515572,H11C16BrN2,H44 C64 Br4 N8,120,120,1240.0533,P2_12_12_1,19,orthorhombic,4,Br C H N,True
1515752,H38C21NClO2,H76 C42 N2 Cl2 O4,126,126,1118.1174,P-1,2,triclinic,5,C Cl H N O,True
1516089,H3C4O,H48 C64 O16,128,128,1273.6733,P2_1/c,14,monoclinic,3,C H O,True
1516284,ZnH10C4N2O5,Zn4 H40 C16 N8 O20,88,88,766.9175,P-1,2,triclinic,5,C H N O Zn,True
1516434,Na(BH)6,Na4 B24 H24,52,52,523.2783,P2_1/c,14,monoclinic,3,B H Na,False
1516482,H8C9O4,H32 C36 O16,84,84,821.2184,P2_1/c,14,monoclinic,3,C H O,True
1516639,H5C5IBrN,H20 C20 I4 Br4 N4,52,52,756.0152,Pca2_1,29,orthorhombic,5,Br C H I N,True
1516644,H5C5BrNCl,H10 C10 Br2 N2 Cl2,26,26,343.6891,P-1,2,triclinic,5,Br C Cl H N,True
1516663,H16C13SO3,H64 C52 S4 O12,132,132,1329.6313,P2_1,4,monoclinic,4,C H O S,True
1516792,H13C17INO4,H26 C34 I2 N2 O8,72,72,747.1012,P-1,2,triclinic,5,C H I N O,True
1516807,H9C4SNO2,H18 C8 S2 N2 O4,34,34,298.7497,P-1,2,triclinic,5,C H N O S,True
1516895,Zn2H9C15N4O7,Zn4 H18 C30 N8 O14,74,74,840.7518,P-1,2,triclinic,5,C H N O Zn,True
1516900,H19RuPtC18SNCl4O,H38 Ru2 Pt2 C36 S2 N2 Cl8 O2,92,92,1115.3264,P-1,2,triclinic,8,C Cl H N O Pt Ru S,True
1516938,Cd2H20C24(NO3)3,Cd4 H40 C48 N6 O18,116,116,1267.9584,P-1,2,triclinic,5,C Cd H N O,True
1516939,CoH18C15N3O7,Co2 H36 C30 N6 O14,88,88,863.7011,P-1,2,triclinic,5,C Co H N O,True
1516988,H16C17O6,H32 C34 O12,78,78,724.9093,P2_12_12,18,orthorhombic,3,C H O,True
1517015,TiH35C22Cl3,Ti2 H70 C44 Cl6,122,122,1128.8191,P-1,2,triclinic,4,C Cl H Ti,True
1517042,ZnH24C17N4O5,Zn2 H48 C34 N8 O10,102,102,950.7711,Pc,7,monoclinic,5,C H N O Zn,True
1517054,NiP2H18C18(NO3)2,Ni2 P4 H36 C36 N4 O12,94,94,880.837,P-1,2,triclinic,6,C H N Ni O P,True
1517205,H25C22NO3,H50 C44 N2 O6,102,102,1002.3425,P-1,2,triclinic,4,C H N O,True
1517206,H11C12ClO2,H44 C48 Cl4 O8,104,104,1026.2465,P2_1/c,14,monoclinic,4,C Cl H O,True
1517393,H20C26SBrN2ClO2,H40 C52 S2 Br2 N4 Cl2 O4,106,106,1171.9304,P-1,2,triclinic,7,Br C Cl H N O S,True
1517436,H20C19(NO)2,H40 C38 N4 O4,86,86,920.6524,P-1,2,triclinic,4,C H N O,True
1517583,ZnH13C13NO5,Zn4 H52 C52 N4 O20,132,132,1289.3427,P2_1/c,14,monoclinic,5,C H N O Zn,True
1517720,NbPO5,Nb2 P2 O10,14,14,167.6198,P4/nmm,129,tetragonal,3,Nb5+ O2- P5+,False
1517725,NbPO5,Nb2 P2 O10,14,14,168.9656,P4/nmm,129,tetragonal,3,Nb5+ O2- P5+,False
1517728,NbPO5,Nb2 P2 O10,14,14,169.272,P4/nmm,129,tetragonal,3,Nb5+ O2- P5+,False
1517735,NbPO5,Nb4 P4 O20,28,28,398.2239,Pnma,62,orthorhombic,3,Nb5+ O2- P5+,False
1517742,H19C21N5(ClO2)2,H38 C42 N10 Cl4 O8,102,102,1048.7853,P-1,2,triclinic,5,C Cl H N O,True
1517760,H20C15(SeN2)2,H40 C30 Se4 N8,82,82,810.4505,P-1,2,triclinic,4,C H N Se,True
1517826,K3NiO2,K12 Ni4 O8,24,24,512.2157,P4_12_12,92,tetragonal,3,K Ni O,False
1517918,BH7C8IN,B4 H28 C32 I4 N4,72,72,838.6566,P2_1/c,14,monoclinic,5,B C H I N,True
1517942,Na4TeMo6H40(NO20)2,Na4 Te1 Mo6 H40 N2 O40,93,93,942.9681,P-1,2,triclinic,6,H Mo N Na O Te,False
1517959,H9C11N4ClO2,H18 C22 N8 Cl2 O4,54,54,588.5462,P1,1,triclinic,5,C Cl H N O,True
1518041,Tl4SnS4,Tl16 Sn4 S16,36,36,1026.6737,P2_1/c,14,monoclinic,3,S Sn Tl,False
1518089,CsK2Sc(PO4)2,Cs1 K2 Sc1 P2 O8,14,14,206.1349,P-3m1,164,trigonal,5,Cs K O P Sc,False
1518205,Cs2CdI4,Cs8 Cd4 I16,28,28,1397.8888,Pnma,62,orthorhombic,3,Cd Cs I,False
1518207,KO3,K8 O24,32,16,532.5248,I4/mcm,140,tetragonal,2,K O,False
1518241,FeP2H18(C3Cl)2,Fe4 P8 H72 C24 Cl8,116,116,1379.559,P-1,2,triclinic,5,C Cl Fe H P,True
1518274,SiH28C18SBrNO4,Si2 H56 C36 S2 Br2 N2 O8,108,108,1097.7941,P2_1,4,monoclinic,7,Br C H N O S Si,True
1518592,H2AuC9(NF2)2,H8 Au4 C36 N8 F16,72,72,957.3492,P2_1/c,14,monoclinic,5,Au C F H N,True
1518657,H11C14N5,H22 C28 N10,60,60,595.3568,P-1,2,triclinic,3,C H N,True
1518658,H19C16NO4,H38 C32 N2 O8,80,80,719.7188,P2_1,4,monoclinic,4,C H N O,True
1518834,Li(BH)5,Li6 B30 H30,66,66,630.2075,P6_422,181,hexagonal,3,B H Li,False
1518842,H13C15SO2F,H52 C60 S4 O8 F4,128,128,1383.9029,P2_12_12_1,19,orthorhombic,5,C F H O S,True
1519055,YNiH3SO7,Y4 Ni4 H12 S4 O28,52,52,520.8681,Pnma,62,orthorhombic,5,H Ni O S Y,False
1519104,CuAgH8C10N5O8,Cu2 Ag2 H16 C20 N10 O16,66,66,714.0547,P-1,2,triclinic,6,Ag C Cu H N O,True
1519215,H9C10SN3O2,H18 C20 S2 N6 O4,50,50,518.5757,P-1,2,triclinic,5,C H N O S,True
1519218,H12C12SN4O3,H48 C48 S4 N16 O12,128,128,1327.5117,P-1,2,triclinic,5,C H N O S,True
1519246,H18PtC12N6(ClO3)2,H36 Pt2 C24 N12 Cl4 O12,90,90,949.8774,P2_1/c,14,monoclinic,6,C Cl H N O Pt,True
1519317,FeH12(C4I)3,Fe3 H36 C36 I9,84,28,1053.2132,R-3,148,trigonal,4,C Fe H I,True
1519408,H22PtC25N5ClO4,H44 Pt2 C50 N10 Cl2 O8,116,116,1192.0913,P-1,2,triclinic,6,C Cl H N O Pt,True
1519494,SiH20(C5O)2,Si2 H40 C20 O4,66,66,576.547,P-1,2,triclinic,4,C H O Si,True
1519575,H33C19BrN2O,H66 C38 Br2 N4 O2,112,112,1006.0953,P-1,2,triclinic,5,Br C H N O,True
1519732,BH19C13(NF2)2,B2 H38 C26 N4 F8,78,78,719.2353,P-1,2,triclinic,5,B C F H N,True
1519755,H16C15O4,H64 C60 O16,140,140,1290.8987,P2_1/c,14,monoclinic,3,C H O,True
1519834,H12C9N4O,H24 C18 N8 O2,52,52,480.5411,P2_1,4,monoclinic,4,C H N O,True
1519846,B5H14C4NO11,B10 H28 C8 N2 O22,70,70,638.9866,P-1,2,triclinic,5,B C H N O,True
1519878,H8C9NOF3,H32 C36 N4 O4 F12,88,88,896.0597,P2_1/c,14,monoclinic,5,C F H N O,True
1519882,SiH11C5NO,Si6 H66 C30 N6 O6,114,114,1093.6178,P-1,2,triclinic,5,C H N O Si,True
1519886,H10C7NCl,H40 C28 N4 Cl4,76,76,729.0289,Pca2_1,29,orthorhombic,4,C Cl H N,True
1519890,SiH13C9NClOF,Si2 H26 C18 N2 Cl2 O2 F2,54,54,545.7611,P-1,2,triclinic,7,C Cl F H N O Si,True
1519922,H10C13Br2N2O,H20 C26 Br4 N4 O2,56,56,641.8102,P2_12_12,18,orthorhombic,5,Br C H N O,True
1519962,H12C10SN2O3,H48 C40 S4 N8 O12,112,112,1073.2019,P2_1/c,14,monoclinic,5,C H N O S,True
1519975,H11C5NO6,H11 C5 N1 O6,23,23,198.3134,P1,1,triclinic,4,C H N O,True
1520059,Th2Te3MoO13,Th8 Te12 Mo4 O52,76,76,1139.1854,P2_1/c,14,monoclinic,4,Mo O Te Th,False
1520122,H28C22S(N2O3)2,H56 C44 S2 N8 O12,122,122,1272.8231,P-1,2,triclinic,5,C H N O S,True
1520159,H6C6NCl,H24 C24 N4 Cl4,56,56,571.6906,Pnma,62,orthorhombic,4,C Cl H N,True
1520183,H9C8NO2,H36 C32 N4 O8,80,80,728.8009,Pna2_1,33,orthorhombic,4,C H N O,True
1520195,H7C4N2O3,H56 C32 N16 O24,128,128,1100.6002,P2_1/c,14,monoclinic,4,C H N O,True
1520246,H17C8NO8,H34 C16 N2 O16,68,68,567.108,P-1,2,triclinic,4,C H N O,True
1520344,H24C20SO9,H48 C40 S2 O18,108,108,1108.6466,P2_1,4,monoclinic,4,C H O S,True
1520401,H8C9N2O,H32 C36 N8 O4,80,80,808.0543,P2_1/c,14,monoclinic,4,C H N O,True
1520412,H17C14N5O,H68 C56 N20 O4,148,148,1375.0581,P2_1/c,14,monoclinic,4,C H N O,True
1520416,PH25PdC22N5ClO,P2 H50 Pd2 C44 N10 Cl2 O2,112,112,1052.6898,P-1,2,triclinic,7,C Cl H N O P Pd,True
1520480,H8C13NF3,H32 C52 N4 F12,100,100,1033.0366,P2_12_12_1,19,orthorhombic,4,C F H N,True
1520481,H8C13NF3,H32 C52 N4 F12,100,100,1034.0358,P1,1,triclinic,4,C F H N,True
1520641,ZnWO4,Zn2 W2 O8,12,12,132.8868,P2/c,13,monoclinic,3,O W Zn,False
1520771,Al4Bi2O9,Al8 Bi4 O18,30,30,356.2006,Pbam,55,orthorhombic,3,Al Bi O,False
1520811,H4IN,H8 I2 N2,12,12,122.9312,P4/nmm,129,tetragonal,3,H I N,False
1520830,Ca2Fe2O5,Ca8 Fe8 O20,36,36,450.4918,Pnma,62,orthorhombic,3,Ca Fe O,False
1520864,VPPbO6,V4 P4 Pb4 O24,36,36,463.2639,P2_1/c,14,monoclinic,4,O P Pb V,False
1520914,Sr2Ge,Sr8 Ge4,12,12,404.0418,Pnma,62,orthorhombic,2,Ge Sr,False
1520988,CsTa6PbCl18,Cs2 Ta12 Pb2 Cl36,52,52,1282.9242,P-31c,163,trigonal,4,Cl Cs Pb Ta,False
1521025,Sr2PrO4,Sr4 Pr2 O8,14,14,225.9958,Pbam,55,orthorhombic,3,O Pr Sr,False
1521139,Cu6PS5Br,Cu24 P4 S20 Br4,52,26,905.4548,Cc,9,monoclinic,4,Br Cu P S,False
1521175,PrAlO3,Pr6 Al6 O18,30,10,323.4649,R-3c,167,trigonal,3,Al O Pr,False
1521180,RbMnO4,Rb4 Mn4 O16,24,24,418.1507,Pnma,62,orthorhombic,3,Mn O Rb,False
1521187,LaGaO3,La6 Ga6 O18,30,10,357.4138,R-3c,167,trigonal,3,Ga La O,False
1521203,LuMnSi,Lu4 Mn4 Si4,12,12,211.8164,Pnma,62,orthorhombic,3,Lu Mn Si,False
1521258,Sr2CuWO6,Sr4 Cu2 W2 O12,20,10,248.0388,I4/m,87,tetragonal,4,Cu O Sr W,False
1521260,Sr2CuTeO6,Sr4 Cu2 Te2 O12,20,10,249.7045,I4/m,87,tetragonal,4,Cu O Sr Te,False
1521275,P2H43Ir(C12O)2,P4 H86 Ir2 C48 O4,144,144,1268.6877,P-1,2,triclinic,5,C H Ir O P,True
1521357,Sr(GaO2)2,Sr8 Ga16 O32,56,56,802.7664,P2_1/c,14,monoclinic,3,Ga O Sr,False
1521434,EuH2,Eu4 H8,12,12,170.4246,Pnma,62,orthorhombic,2,Eu H,False
1521568,LuGeRu,Lu4 Ge4 Ru4,12,12,213.7705,Pnma,62,orthorhombic,3,Ge Lu Ru,False
1521650,U(FeP3)4,U2 Fe8 P24,34,17,376.8051,Im-3,204,cubic,3,Fe P U,False
1521735,DySiPt,Dy4 Si4 Pt4,12,12,219.1272,Pnma,62,orthorhombic,3,Dy Pt Si,False
1521828,Ho2Mo2C3,Ho4 Mo4 C6,14,7,203.011,C2/m,12,monoclinic,3,C Ho Mo,True
1521887,La2ZnRhO6,La4 Zn2 Rh2 O12,20,20,250.0813,P2_1/c,14,monoclinic,4,La O Rh Zn,False
1521961,YbFeGe,Yb4 Fe4 Ge4,12,6,220.3683,C2/m,12,monoclinic,3,Fe Ge Yb,False
1522053,Na2Hf(HO)6,Na6 Hf3 H18 O18,45,15,443.0157,R-3,148,trigonal,4,H Hf Na O,False
1522069,MnPd,Mn1 Pd1,2,2,20.4136,Pm-3m,221,cubic,2,Mn Pd,False
1522077,La7Ni16,La14 Ni32,46,23,784.9333,I-42m,121,tetragonal,2,La Ni,False
1522091,GdZn,Gd1 Zn1,2,2,47.3593,Pm-3m,221,cubic,2,Gd Zn,False
1522131,BaCe2MnS5,Ba4 Ce8 Mn4 S20,36,18,868.7552,I4/mcm,140,tetragonal,4,Ba Ce Mn S,False
1522155,Pr2SiTeO4,Pr8 Si4 Te4 O16,32,32,556.9508,P2_1/c,14,monoclinic,4,O Pr Si Te,False
1522306,Sn4Pd,Sn16 Pd4,20,10,471.0507,Aea2,41,orthorhombic,2,Pd Sn,False
1522319,CuH12Br4(NO)2,Cu2 H24 Br8 N4 O4,42,42,512.3812,P4_2/mnm,136,tetragonal,5,Br Cu H N O,False
1522345,NpOs2,Np8 Os16,24,6,426.6177,Fd-3m,227,cubic,2,Np Os,False
1522362,Nb3Pb,Nb6 Pb2,8,8,150.4839,Pm-3n,223,cubic,2,Nb Pb,False
1522382,Ti2Ga,Ti4 Ga2,6,6,96.8827,P6_3/mmc,194,hexagonal,2,Ga Ti,False
1522492,Rh4Pb5,Rh32 Pb40,72,18,1489.7623,Fmmm,69,orthorhombic,2,Pb Rh,False
1522507,Nb5Ga13,Nb10 Ga26,36,18,575.7129,Cmmm,65,orthorhombic,2,Ga Nb,False
1522514,SrPb,Sr4 Pb4,8,4,285.2484,Cmcm,63,orthorhombic,2,Pb Sr,False
1522548,Gd7Pd3,Gd14 Pd6,20,20,541.3456,P6_3mc,186,hexagonal,2,Gd Pd,False
1522560,ThRh3,Th1 Rh3,4,4,71.2669,Pm-3m,221,cubic,2,Rh Th,False
1522585,Ti2Pd,Ti4 Pd2,6,3,95.9966,I4/mmm,139,tetragonal,2,Pd Ti,False
1522659,UNiSn,U4 Ni4 Sn4,12,3,260.3051,F-43m,216,cubic,3,Ni Sn U,False
1522704,Ti2Ga3,Ti4 Ga6,10,10,158.3495,P4/m,83,tetragonal,2,Ga Ti,False
1522745,ZrMo2,Zr8 Mo16,24,6,436.8136,Fd-3m,227,cubic,2,Mo Zr,False
1522791,LaMg3,La4 Mg12,16,4,420.6949,Fm-3m,225,cubic,2,La Mg,False
1522865,GaPd2,Ga4 Pd8,12,12,174.4362,Pnma,62,orthorhombic,2,Ga Pd,False
1522901,Pr2Zn17,Pr6 Zn51,57,19,944.8609,R-3m,166,trigonal,2,Pr Zn,False
1522911,Lu2NiSn6,Lu4 Ni2 Sn12,18,9,418.34,Cmmm,65,orthorhombic,3,Lu Ni Sn,False
1522972,NiSnRh2,Ni4 Sn4 Rh8,16,4,231.0234,Fm-3m,225,cubic,3,Ni Rh Sn,False
1522974,VSnRh2,V4 Sn4 Rh8,16,4,240.6396,I4/mmm,139,tetragonal,3,Rh Sn V,False
1522996,GdPt2,Gd8 Pt16,24,6,444.8939,Fd-3m,227,cubic,2,Gd Pt,False
1523048,Th,Th2,2,1,35.1278,I4/mmm,139,tetragonal,1,Th,False
1523053,TiGa3,Ti2 Ga6,8,4,125.3064,I4/mmm,139,tetragonal,2,Ga Ti,False
1523088,SrPo,Sr4 Po4,8,2,313.8774,Fm-3m,225,cubic,2,Po Sr,False
1523099,HoGaNi,Ho4 Ga4 Ni4,12,12,213.0784,Pnma,62,orthorhombic,3,Ga Ho Ni,False
1523108,LiGa,Li8 Ga8,16,4,232.6084,Fd-3m,227,cubic,2,Ga Li,False
1523115,ScGa3,Sc1 Ga3,4,4,68.6692,Pm-3m,221,cubic,2,Ga Sc,False
1523130,LiPb,Li3 Pb3,6,2,133.2784,Pm-3m,221,cubic,2,Li Pb,False
1523312,Gd3Zn11,Gd6 Zn22,28,14,510.87,Immm,71,orthorhombic,2,Gd Zn,False
1523455,SnF2,Sn16 F32,48,24,852.6547,C2/c,15,monoclinic,2,F Sn,False
1523463,SrSn3Pd,Sr2 Sn6 Pd2,10,5,257.6622,I4mm,107,tetragonal,3,Pd Sn Sr,False
1523480,YbNiSb,Yb4 Ni4 Sb4,12,3,242.7371,F-43m,216,cubic,3,Ni Sb Yb,False
1523489,ScSnPt2,Sc4 Sn4 Pt8,16,4,276.4033,Fm-3m,225,cubic,3,Pt Sc Sn,False
1523497,ScNi2,Sc8 Ni16,24,6,332.2366,Fd-3m,227,cubic,2,Ni Sc,False
1523519,TiIr,Ti1 Ir1,2,2,29.4827,P4/mmm,123,tetragonal,2,Ir Ti,False
1523547,Ga9Ni13,Ga18 Ni26,44,22,542.1574,C2/m,12,monoclinic,2,Ga Ni,False
1523577,UIr3,U1 Ir3,4,4,65.7925,Pm-3m,221,cubic,2,Ir U,False
1523608,GdInRh,Gd3 In3 Rh3,9,9,191.6358,P-62m,189,hexagonal,3,Gd In Rh,False
1523690,Nb3Ir,Nb6 Ir2,8,8,135.3217,Pm-3n,223,cubic,2,Ir Nb,False
1523694,TaPt3,Ta2 Pt6,8,8,123.0845,Pmmn,59,orthorhombic,2,Pt Ta,False
1523710,Y2(Al3Co)3,Y8 Al36 Co12,56,28,886.2872,Cmcm,63,orthorhombic,3,Al Co Y,False
1523779,TbPd3,Tb1 Pd3,4,4,67.7826,Pm-3m,221,cubic,2,Pd Tb,False
1523806,ZnNi,Zn1 Ni1,2,2,24.599,Pm-3m,221,cubic,2,Ni Zn,False
1523821,SrPd2,Sr8 Pd16,24,6,474.552,Fd-3m,227,cubic,2,Pd Sr,False
1523864,NdTl,Nd1 Tl1,2,2,56.9777,Pm-3m,221,cubic,2,Nd Tl,False
1523867,TmHg,Tm1 Hg1,2,2,47.9113,Pm-3m,221,cubic,2,Hg Tm,False
1523879,PrMg,Pr1 Mg1,2,2,58.6372,Pm-3m,221,cubic,2,Mg Pr,False
1523930,YPd2Pb,Y4 Pd8 Pb4,16,4,312.4939,Fm-3m,225,cubic,3,Pb Pd Y,False
1523931,ScSnPd2,Sc4 Sn4 Pd8,16,4,275.7673,Fm-3m,225,cubic,3,Pd Sc Sn,False
1523932,YPd2Pb,Y4 Pd8 Pb4,16,4,311.39,Fm-3m,225,cubic,3,Pb Pd Y,False
1523933,YSnPd2,Y4 Sn4 Pd8,16,4,303.329,Fm-3m,225,cubic,3,Pd Sn Y,False
1523955,K3V3O8,K3 V3 O8,14,14,204.4293,P-3m1,164,trigonal,3,K O V,False
1523971,ScCo,Sc1 Co1,2,2,31.1073,Pm-3m,221,cubic,2,Co Sc,False
1523978,Tl3FeCl5,Tl12 Fe4 Cl20,36,18,1039.9133,I4/mcm,140,tetragonal,3,Cl Fe Tl,False
1524009,Th7Co3,Th14 Co6,20,20,516.3246,P6_3mc,186,hexagonal,2,Co Th,False
1524054,HgC2(SN)2,Hg2 C4 S4 N4,14,7,281.7392,C2/m,12,monoclinic,4,C Hg N S,True
1524091,HoVO3,Ho4 V4 O12,20,20,227.0274,Pnma,62,orthorhombic,3,Ho O V,False
1524094,TiGaCo2,Ti4 Ga4 Co8,16,4,199.5863,Fm-3m,225,cubic,3,Co Ga Ti,False
1524111,LuCd3,Lu4 Cd12,16,8,358.261,Cmcm,63,orthorhombic,2,Cd Lu,False
1524249,CeZn2,Ce4 Zn8,12,6,263.1033,Imma,74,orthorhombic,2,Ce Zn,False
1524265,La(CuSn)2,La2 Cu4 Sn4,10,10,209.416,P4/nmm,129,tetragonal,3,Cu La Sn,False
1524353,TbInCu2,Tb4 In4 Cu8,16,4,289.592,Fm-3m,225,cubic,3,Cu In Tb,False
1524382,Ce3Sn,Ce3 Sn1,4,4,119.6045,Pm-3m,221,cubic,2,Ce Sn,False
1524387,LuCo2,Lu8 Co16,24,6,361.4006,Fd-3m,227,cubic,2,Co Lu,False
1524399,Cu4Pd,Cu16 Pd4,20,20,248.729,P4_2/m,84,tetragonal,2,Cu Pd,False
1524410,CeZn5,Ce1 Zn5,6,6,109.2884,P6/mmm,191,hexagonal,2,Ce Zn,False
1524411,La2Co3,La8 Co12,20,10,391.8329,Cmce,64,orthorhombic,2,Co La,False
1524437,ErZn5,Er6 Zn30,36,36,622.0473,P6_3/mmc,194,hexagonal,2,Er Zn,False
1524517,MnSn2,Mn4 Sn8,12,6,241.5324,I4/mcm,140,tetragonal,2,Mn Sn,False
1524522,Zr2Rh,Zr8 Rh4,12,6,236.5199,I4/mcm,140,tetragonal,2,Rh Zr,False
1524550,ErSnPd2,Er4 Sn4 Pd8,16,4,298.7475,Fm-3m,225,cubic,3,Er Pd Sn,False
1524551,ZrInCu2,Zr4 In4 Cu8,16,4,258.4749,Fm-3m,225,cubic,3,Cu In Zr,False
1524569,EuZn,Eu1 Zn1,2,2,55.2193,Pm-3m,221,cubic,2,Eu Zn,False
1524576,ErMg,Er1 Mg1,2,2,52.9879,Pm-3m,221,cubic,2,Er Mg,False
1524718,Na4B2O5,Na16 B8 O20,44,22,502.457,C2/c,15,monoclinic,3,B Na O,False
1524729,Er(SiOs)2,Er2 Si4 Os4,10,5,163.0954,I4/mmm,139,tetragonal,3,Er Os Si,False
1524819,DyRh2,Dy8 Rh16,24,6,412.9943,Fd-3m,227,cubic,2,Dy Rh,False
1524836,Co3W,Co6 W2,8,8,93.5336,P6_3/mmc,194,hexagonal,2,Co W,False
1524934,Pr3Sn13Rh4,Pr6 Sn26 Rh8,40,40,912.1086,Pm-3n,223,cubic,3,Pr Rh Sn,False
1524962,EuMg5,Eu6 Mg30,36,36,1010.3967,P6_3/mmc,194,hexagonal,2,Eu Mg,False
1524981,Zr2Cu,Zr4 Cu2,6,3,115.9807,I4/mmm,139,tetragonal,2,Cu Zr,False
1524990,Mg2Mn(PO4)2,Mg4 Mn2 P4 O16,26,26,324.0149,P2_1/c,14,monoclinic,4,Mg Mn O P,False
1525025,Cu3Pd,Cu21 Pd7,28,28,353.118,P4mm,99,tetragonal,2,Cu Pd,False
1525037,ErCo3,Er9 Co27,36,12,520.4178,R-3m,166,trigonal,2,Co Er,False
1525098,Ba3W2O9,Ba18 W12 O54,84,28,1242.7909,R-3c,167,trigonal,3,Ba O W,False
1525149,Cr3Ir,Cr6 Ir2,8,8,101.7168,Pm-3n,223,cubic,2,Cr Ir,False
1525167,Nd3NbO7,Nd12 Nb4 O28,44,22,624.9613,Cmcm,63,orthorhombic,3,Nb Nd O,False
1525186,Yb(MnAs)2,Yb1 Mn2 As2,5,5,107.7081,P-3m1,164,trigonal,3,As Mn Yb,False
1525201,KCu3Te2,K4 Cu12 Te8,24,12,567.8953,C2/m,12,monoclinic,3,Cu K Te,False
1525235,Mg2Cu,Mg32 Cu16,48,12,874.6473,Fddd,70,orthorhombic,2,Cu Mg,False
1525275,Gd6GaCo2,Gd24 Ga4 Co8,36,18,886.395,Immm,71,orthorhombic,3,Co Ga Gd,False
1525383,RbHgC3(SN)3,Rb2 Hg2 C6 S6 N6,22,22,477.5005,P2_1/m,11,monoclinic,5,C Hg N Rb S,True
1525506,LaCo13,La8 Co104,112,28,1454.4196,Fm-3c,226,cubic,2,Co La,False
1525599,Pr2Ni7P4,Pr4 Ni14 P8,26,26,363.6649,Pmn2_1,31,orthorhombic,3,Ni P Pr,False
1525648,Fe4Co3(PO4)6,Fe4 Co3 P6 O24,37,37,407.1004,P-1,2,triclinic,4,Co Fe O P,False
1525669,Na2Cd3(P2O7)2,Na2 Cd3 P4 O14,23,23,285.6745,P-1,2,triclinic,4,Cd Na O P,False
1525750,Ca5Ge3,Ca20 Ge12,32,16,886.1112,I4/mcm,140,tetragonal,2,Ca Ge,False
1525825,Sm2SO2,Sm2 S1 O2,5,5,87.7844,P-3m1,164,trigonal,3,O S Sm,False
1525831,GeO2,Ge2 O4,6,6,55.0337,P4_2/mnm,136,tetragonal,2,Ge O,False
1525847,Cs2Te(H3O5)2,Cs8 Te4 H24 O40,76,76,1117.3049,P2_1/c,14,monoclinic,4,Cs H O Te,False
1525929,MgSiO3,Mg8 Si8 O24,40,40,399.5148,P2_1/c,14,monoclinic,3,Mg O Si,False
1525967,FeCuPO5,Fe4 Cu4 P4 O20,32,32,344.6542,Pnma,62,orthorhombic,4,Cu Fe O P,False
1525978,Ca2CuO3,Ca4 Cu2 O6,12,6,149.6619,Immm,71,orthorhombic,3,Ca Cu O,False
1526026,K3Cu5O4,K12 Cu20 O16,48,48,931.486,P2_1/c,14,monoclinic,3,Cu K O,False
1526059,TbVO4,Tb4 V4 O16,24,12,326.0156,I4_1/amd,141,tetragonal,3,O Tb V,False
1526076,La2Si2O7,La8 Si8 O28,44,44,579.3586,P-1,2,triclinic,3,La O Si,False
1526082,Er3Si3O10F,Er12 Si12 O40 F4,68,68,827.5666,P2_1/c,14,monoclinic,4,Er F O Si,False
1526090,RbV(PO4)2,Rb4 V4 P8 O32,48,48,686.6468,P2_1/c,14,monoclinic,4,O P Rb V,False
1526148,CeSb(SBr)2,Ce8 Sb8 S16 Br16,48,48,1349.0386,P2_1/c,14,monoclinic,4,Br Ce S Sb,False
1526166,Ce3SiPd5,Ce12 Si4 Pd20,36,18,728.4394,Imma,74,orthorhombic,3,Ce Pd Si,False
1526311,Ca2BiAsO6,Ca8 Bi4 As4 O24,40,20,589.8638,Cmc2_1,36,orthorhombic,4,As Bi Ca O,False
1526434,SF6,S6 F36,42,21,531.0316,C2/m,12,monoclinic,2,F S,False
1526484,NiP3,Ni8 P24,32,16,477.4233,Im-3,204,cubic,2,Ni P,False
1526487,Pr3ReO8,Pr12 Re4 O32,48,48,640.8689,P2_1/c,14,monoclinic,3,O Pr Re,False
1526493,GdBi2ClO4,Gd1 Bi2 Cl1 O4,8,8,134.0247,P4/mmm,123,tetragonal,4,Bi Cl Gd O,False
1526511,NdBi2BrO4,Nd1 Bi2 Br1 O4,8,8,142.2054,P4/mmm,123,tetragonal,4,Bi Br Nd O,False
1526564,H2,H2,2,2,11.3821,P6_3/mmc,194,hexagonal,1,H,False
1526744,Dy2Al3Si2,Dy4 Al6 Si4,14,7,263.8834,C2/m,12,monoclinic,3,Al Dy Si,False
1526772,Eu2GeS4,Eu4 Ge2 S8,14,14,343.7817,P2_1/m,11,monoclinic,3,Eu Ge S,False
1526788,NaBiO3,Na6 Bi6 O18,30,10,429.1663,R-3,148,trigonal,3,Bi Na O,False
1526831,PrCuSO,Pr2 Cu2 S2 O2,8,8,131.1425,P4/nmm,129,tetragonal,4,Cu O Pr S,False
1526848,BeCl2,Be4 Cl8,12,6,270.9154,Ibam,72,orthorhombic,2,Be Cl,False
1526860,SiO2,Si3 O6,9,9,112.3458,P3_121,152,trigonal,2,O Si,False
1526898,DyTiGe,Dy2 Ti2 Ge2,6,6,123.7736,P4/nmm,129,tetragonal,3,Dy Ge Ti,False
1526954,Ba5Yb8Zn4O21,Ba10 Yb16 Zn8 O42,76,38,1051.9856,I4/m,87,tetragonal,4,Ba O Yb Zn,False
1527074,BaFe12O19,Ba2 Fe24 O38,64,64,675.3051,P6_3/mmc,194,hexagonal,3,Ba Fe O,False
1527086,Fe3Se4,Fe6 Se8,14,7,247.8616,C2/m,12,monoclinic,2,Fe Se,False
1527125,V3Sn,V6 Sn2,8,8,127.8951,P6_3/mmc,194,hexagonal,2,Sn V,False
1527137,V4As3,V16 As12,28,14,422.5693,C2/m,12,monoclinic,2,As V,False
1527164,Rb2S3,Rb8 S12,20,10,605.5732,Cmc2_1,36,orthorhombic,2,Rb S,False
1527180,Na8Fe2O7,Na32 Fe8 O28,68,68,924.963,P2_1/c,14,monoclinic,3,Fe Na O,False
1527186,K2Sn2O3,K6 Sn6 O9,21,7,446.8206,R-3m,166,trigonal,3,K O Sn,False
1527270,LiIn2Ir,Li4 In8 Ir4,16,4,270.0872,Fm-3m,225,cubic,3,In Ir Li,False
1527329,K2MnSO4F3,K8 Mn4 S4 O16 F12,44,44,660.7072,Pbcn,60,orthorhombic,5,F K Mn O S,False
1527354,BaGePt,Ba4 Ge4 Pt4,12,12,307.137,P2_13,198,cubic,3,Ba Ge Pt,False
1527408,VO2,V4 O8,12,12,236.3185,P-1,2,triclinic,2,O V,False
1527446,Ce2Ge4Pt7,Ce8 Ge16 Pt28,52,52,929.2137,Pnma,62,orthorhombic,3,Ce Ge Pt,False
1527472,ZrP2O7,Zr4 P8 O28,40,40,560.9849,Pa-3,205,cubic,3,O P Zr,False
1527506,RbCuO2,Rb4 Cu4 O8,16,8,311.9839,Cmcm,63,orthorhombic,3,Cu O Rb,False
1527532,RbCuO,Rb8 Cu8 O8,24,12,530.9968,I4/mmm,139,tetragonal,3,Cu O Rb,False
1527591,Eu(NiP)2,Eu2 Ni4 P4,10,5,146.8438,I4/mmm,139,tetragonal,3,Eu Ni P,False
1527672,SiIr,Si4 Ir4,8,8,111.9526,Pnma,62,orthorhombic,2,Ir Si,False
1527737,Rb2Cr2O7,Rb8 Cr8 O28,44,22,778.1908,C2/c,15,monoclinic,3,Cr O Rb,False
1527752,Pr(FeSi)2,Pr2 Fe4 Si4,10,5,162.1048,I4/mmm,139,tetragonal,3,Fe Pr Si,False
1527761,VRu,V1 Ru1,2,2,26.7309,Pm-3m,221,cubic,2,Ru V,False
1527807,YbZnSn,Yb2 Zn2 Sn2,6,6,139.9326,P6_3mc,186,hexagonal,3,Sn Yb Zn,False
1527834,U2Fe2Sn,U4 Fe4 Sn2,10,10,183.4361,P4/mbm,127,tetragonal,3,Fe Sn U,False
1527848,Ti2Ni,Ti64 Ni32,96,24,1450.3029,Fd-3m,227,cubic,2,Ni Ti,False
1527864,Li2Ca,Li8 Ca4,12,12,347.6938,P6_3/mmc,194,hexagonal,2,Ca Li,False
1527880,UGa5Ni,U1 Ga5 Ni1,7,7,121.2638,P4/mmm,123,tetragonal,3,Ga Ni U,False
1527931,TiZn3,Ti1 Zn3,4,4,60.8005,Pm-3m,221,cubic,2,Ti Zn,False
1527963,NdMnO3,Nd4 Mn4 O12,20,20,238.0041,Pnma,62,orthorhombic,3,Mn Nd O,False
1528013,PrInCu2,Pr4 In4 Cu8,16,4,310.4263,Fm-3m,225,cubic,3,Cu In Pr,False
1528038,V4Zn5,V8 Zn10,18,9,255.9472,I4/mmm,139,tetragonal,2,V Zn,False
1528043,TiAl2,Ti4 Al8,12,6,193.0401,Cmmm,65,orthorhombic,2,Al Ti,False
1528049,RbHoO2,Rb3 Ho3 O6,12,4,201.1336,R-3m,166,trigonal,3,Ho O Rb,False
1528050,RbErO2,Rb3 Er3 O6,12,4,199.9726,R-3m,166,trigonal,3,Er O Rb,False
1528051,RbTmO2,Rb3 Tm3 O6,12,4,198.815,R-3m,166,trigonal,3,O Rb Tm,False
1528200,Sr2Sn,Sr8 Sn4,12,12,455.3841,Pnma,62,orthorhombic,2,Sn Sr,False
1528253,Gd5Ga3,Gd20 Ga12,32,32,846.7899,P4/ncc,130,tetragonal,2,Ga Gd,False
1528256,Te2Ru,Te4 Ru2,6,6,135.9533,Pnnm,58,orthorhombic,2,Ru Te,False
1528282,ZnMoO4,Zn6 Mo6 O24,36,36,513.8118,P-1,2,triclinic,3,Mo O Zn,False
1528314,TiI3,Ti4 I12,16,16,563.6576,Pmmn,59,orthorhombic,2,I Ti,False
1528469,P2H10S4N2O,P8 H40 S16 N8 O4,76,76,1005.5083,Pbam,55,orthorhombic,5,H N O P S,False
1528509,Y2Cu2O5,Y8 Cu8 O20,36,36,495.628,Pnma,62,orthorhombic,3,Cu O Y,False
1528571,H19PbC15S2N3O5,H38 Pb2 C30 S4 N6 O10,90,90,957.9922,P-1,2,triclinic,6,C H N O Pb S,True
1528576,OsC4(ClO2)2,Os4 C16 Cl8 O16,44,22,789.7869,C2/c,15,monoclinic,4,C Cl O Os,True
1528601,Na2Nb4O11,Na8 Nb16 O44,68,34,816.8051,C2/c,15,monoclinic,3,Na Nb O,False
1528618,Y2Si2O7,Y8 Si8 O28,44,44,523.166,P-1,2,triclinic,3,O Si Y,False
1528678,Nb2O5,Nb8 O20,28,14,333.5532,C2/c,15,monoclinic,2,Nb O,False
1528716,HoH3,Ho6 H18,24,24,226.0569,P-3c1,165,trigonal,2,H Ho,False
1528796,Bi2MoO6,Bi8 Mo4 O24,36,36,490.2105,Pbca,61,orthorhombic,3,Bi Mo O,False
1528805,H9RhC5NO5,H18 Rh2 C10 N2 O10,42,42,410.6817,P-1,2,triclinic,5,C H N O Rh,True
1528814,Sr2TaFeO6,Sr4 Ta2 Fe2 O12,20,20,251.3435,P2_1/c,14,monoclinic,4,Fe O Sr Ta,False
1528827,NaFeCl4,Na4 Fe4 Cl16,24,24,634.7449,P2_12_12_1,19,orthorhombic,3,Cl Fe Na,False
1528882,Yb2Ti2O7,Yb16 Ti16 O56,88,22,1027.3964,Fd-3m,227,cubic,3,O Ti Yb,False
1528935,Ba2NiOsO6,Ba6 Ni3 Os3 O18,30,30,400.9376,P-3m1,164,trigonal,4,Ba Ni O Os,False
1528962,BaYCo2O5,Ba1 Y1 Co2 O5,9,9,113.5219,P4/mmm,123,tetragonal,4,Ba Co O Y,False
1528972,Hf4NbGe4,Hf16 Nb4 Ge16,36,36,666.9639,Pnma,62,orthorhombic,3,Ge Hf Nb,False
1528977,Ni(AgO)2,Ni3 Ag6 O6,15,5,177.2764,R-3m,166,trigonal,3,Ag Ni O,False
1529285,H25C18NO4,H50 C36 N2 O8,96,96,807.7148,P2_1,4,monoclinic,4,C H N O,True
1529388,H14PbC6(N2O5)2,H56 Pb4 C24 N16 O40,140,140,1364.9659,Pccn,56,orthorhombic,5,C H N O Pb,True
1529397,H14C11IClO4,H56 C44 I4 Cl4 O16,124,124,1366.6654,P2_12_12_1,19,orthorhombic,5,C Cl H I O,True
1529441,SmFeGe2O7,Sm4 Fe4 Ge8 O28,44,44,544.0661,P2_1/c,14,monoclinic,4,Fe Ge O Sm,False
1529460,Ba3(PO4)2,Ba9 P6 O24,39,13,570.3852,R-3m,166,trigonal,3,Ba O P,False
1529578,Cs2NaCrF6,Cs12 Na6 Cr6 F36,60,20,1012.6015,R-3m,166,trigonal,4,Cr Cs F Na,False
1529598,SrMnO3,Sr4 Mn4 O12,20,20,232.7542,P6_3/mmc,194,hexagonal,3,Mn O Sr,False
1529673,NiAsS,Ni4 As4 S4,12,12,183.3472,P2_13,198,cubic,3,As Ni S,False
1529688,CoPH21N5O7,Co4 P4 H84 N20 O28,140,140,1057.8556,P2_1/c,14,monoclinic,5,Co H N O P,False
1529689,CaAs3,Ca2 As6,8,8,182.8939,P-1,2,triclinic,2,As Ca,False
1529706,ClF3,Cl4 F12,16,16,242.7864,Pnma,62,orthorhombic,2,Cl F,False
1529708,LaI2,La2 I4,6,3,214.8877,I4/mmm,139,tetragonal,2,I La,False
1529718,SnH7Cl3O4,Sn4 H28 Cl12 O16,60,60,789.2385,P2_1/c,14,monoclinic,4,Cl H O Sn,False
1529836,Na5Tb(MoO4)4,Na20 Tb4 Mo16 O64,104,52,1490.783,I4_1/a,88,tetragonal,4,Mo Na O Tb,False
1529845,NaTeF5,Na4 Te4 F20,28,28,432.3157,Pnma,62,orthorhombic,3,F Na Te,False
1529955,Ti6O,Ti12 O2,14,7,216.0597,P-31m,162,trigonal,2,O Ti,False
1529965,Tl(MoO3)3,Tl4 Mo12 O36,52,26,724.5543,C2/m,12,monoclinic,3,Mo O Tl,False
1530047,Ca3PCl3,Ca3 P1 Cl3,7,7,183.5409,Pm-3m,221,cubic,3,Ca Cl P,False
1530072,Cs2Mo5(P3O11)3,Cs4 Mo10 P18 O66,98,98,1434.6164,P-1,2,triclinic,4,Cs Mo O P,False
1530097,LiGaI3,Li4 Ga4 I12,20,20,686.3893,P2_1/m,11,monoclinic,3,Ga I Li,False
1530111,CsPbCl3,Cs1 Pb1 Cl3,5,5,176.0868,Pm-3m,221,cubic,3,Cl Cs Pb,False
1530126,AsSeI,As4 Se4 I4,12,12,361.1094,P2_1/c,14,monoclinic,3,As I Se,False
1530159,Ni2H,Ni2 H1,3,3,26.5327,P-3m1,164,trigonal,2,H Ni,False
1530171,Na5Co2S5,Na10 Co4 S10,24,12,520.9214,I4mm,107,tetragonal,3,Co Na S,False
1530182,Cs2Hf(MoO4)3,Cs8 Hf4 Mo12 O48,72,36,1397.2788,Cc,9,monoclinic,4,Cs Hf Mo O,False
1530184,AlH10N2OF5,Al4 H40 N8 O4 F20,76,76,642.5264,Pbcn,60,orthorhombic,5,Al F H N O,False
1530192,Li2CdGeO4,Li4 Cd2 Ge2 O8,16,16,186.3257,Pmn2_1,31,orthorhombic,4,Cd Ge Li O,False
1530238,K2SbPO6,K8 Sb4 P4 O24,40,40,612.675,Pnma,62,orthorhombic,4,K O P Sb,False
1530254,BaZr2F10,Ba4 Zr8 F40,52,26,777.8126,C2/c,15,monoclinic,3,Ba F Zr,False
1530317,Sr3Ti2O7,Sr6 Ti4 O14,24,12,310.1247,I4/mmm,139,tetragonal,3,O Sr Ti,False
1530328,Al2Si4O11,Al4 Si8 O22,34,17,444.0009,P-1,2,triclinic,3,Al O Si,False
1530421,Cs2U(Br2O)2,Cs4 U2 Br8 O4,18,18,605.6076,P2_1/c,14,monoclinic,4,Br Cs O U,False
1530475,SrGeO3,Sr12 Ge12 O36,60,60,903.6538,P-1,2,triclinic,3,Ge O Sr,False
1530563,Yb(Mo3S4)2,Yb1 Mo6 S8,15,15,275.3753,R-3,148,trigonal,3,Mo S Yb,False
1530578,Ag5SbS4,Ag20 Sb4 S16,40,20,832.3141,Cmc2_1,36,orthorhombic,3,Ag S Sb,False
1530608,K2Pt(NO2)4,K8 Pt4 N16 O32,60,60,911.7396,P2_1/c,14,monoclinic,4,K N O Pt,False
1530694,Fe2H7C11S2NO6,Fe4 H14 C22 S4 N2 O12,58,58,807.9024,P-1,2,triclinic,6,C Fe H N O S,True
1530697,Zn4P4H3O20,Zn8 P8 H6 O40,62,62,861.6348,P6_3,173,hexagonal,4,H O P Zn,False
1530793,Na3Mg2P5O16,Na6 Mg4 P10 O32,52,52,659.2416,P2/c,13,monoclinic,4,Mg Na O P,False
1530827,Cs3Mo2Cl9,Cs6 Mo4 Cl18,28,28,813.89,P6_3/mmc,194,hexagonal,3,Cl Cs Mo,False
1530875,BaSbClO2,Ba4 Sb4 Cl4 O8,20,10,412.592,Cmcm,63,orthorhombic,4,Ba Cl O Sb,False
1530877,RbSb2F7,Rb4 Sb8 F28,40,40,719.8569,P2_1/c,14,monoclinic,3,F Rb Sb,False
1530879,SiP2O7,Si4 P8 O28,40,40,417.3351,Pa-3,205,cubic,3,O P Si,False
1530889,K2TaF7,K8 Ta4 F28,40,40,633.47,P2_1/c,14,monoclinic,3,F K Ta,False
1530904,LuTaO4,Lu2 Ta2 O8,12,12,143.0617,P2/c,13,monoclinic,3,Lu O Ta,False
1530911,SrNb2O6,Sr4 Nb8 O24,36,36,474.5113,P2_1/c,14,monoclinic,3,Nb O Sr,False
1530929,Fe6W6C,Fe48 W48 C8,104,26,1305.7514,Fd-3m,227,cubic,3,C Fe W,True
1530946,Cs2UBr6,Cs8 U4 Br24,36,9,1356.572,Fm-3m,225,cubic,3,Br Cs U,False
1531003,Na2Fe3(PO4)3,Na8 Fe12 P12 O48,80,40,890.1917,C2/c,15,monoclinic,4,Fe Na O P,False
1531030,HgSNCl,Hg4 S4 N4 Cl4,16,16,444.1685,Pnma,62,orthorhombic,4,Cl Hg N S,False
1531133,Ca3Mn2O7,Ca12 Mn8 O28,48,24,537.9611,Cmcm,63,orthorhombic,3,Ca Mn O,False
1531135,InH5NOF4,In2 H10 N2 O2 F8,24,24,225.3295,P-1,2,triclinic,5,F H In N O,False
1531212,BaNdCo2O5,Ba1 Nd1 Co2 O5,9,9,117.331,P4/mmm,123,tetragonal,4,Ba Co Nd O,False
1531254,Sr3LiIrO6,Sr18 Li6 Ir6 O36,66,22,896.0172,R-3c,167,trigonal,4,Ir Li O Sr,False
1531266,Ca3FeRhO6,Ca18 Fe6 Rh6 O36,66,22,787.8213,R-3c,167,trigonal,4,Ca Fe O Rh,False
1531289,CuGeO3,Cu4 Ge4 O12,20,20,197.6663,P2_1/c,14,monoclinic,3,Cu Ge O,False
1531463,Sn(HgSe2)2,Sn2 Hg4 Se8,14,7,385.7002,I-4,82,tetragonal,3,Hg Se Sn,False
1531466,Si(Hg2S3)2,Si4 Hg16 S24,44,22,1010.0431,Cc,9,monoclinic,3,Hg S Si,False
1531557,Na2Si3O7,Na8 Si12 O28,48,48,645.9864,P2_1/c,14,monoclinic,3,Na O Si,False
1531565,Ba4Ga2O7,Ba24 Ga12 O42,78,78,1362.3047,P2_1/c,14,monoclinic,3,Ba Ga O,False
1531615,BaNd2Ti3O10,Ba4 Nd8 Ti12 O40,64,64,831.129,P2_1/m,11,monoclinic,4,Ba Nd O Ti,False
1531650,ErCrO4,Er4 Cr4 O16,24,12,309.2553,I4_1/amd,141,tetragonal,3,Cr Er O,False
1531686,Ba3MgNb2O9,Ba3 Mg1 Nb2 O9,15,15,204.6135,P-3m1,164,trigonal,4,Ba Mg Nb O,False
1531803,EuMnO3,Eu4 Mn4 O12,20,20,233.3044,Pnma,62,orthorhombic,3,Eu Mn O,False
1531806,GdMnO3,Gd4 Mn4 O12,20,20,231.8129,Pnma,62,orthorhombic,3,Gd Mn O,False
1531812,Rb(TeO3)2,Rb8 Te16 O48,72,18,1068.0268,Fd-3m,227,cubic,3,O Rb Te,False
1531872,K3Eu(PO4)2,K6 Eu2 P4 O16,28,28,394.3558,P2_1/m,11,monoclinic,4,Eu K O P,False
1531883,LiNd2Tl(MoO4)4,Li4 Nd8 Tl4 Mo16 O64,96,48,1346.9709,C2/c,15,monoclinic,5,Li Mo Nd O Tl,False
1531953,UNi5Ge3,U4 Ni20 Ge12,36,36,505.6068,Pnma,62,orthorhombic,3,Ge Ni U,False
1532003,Pd2N,Pd4 N2,6,6,61.27,Pnnm,58,orthorhombic,2,N Pd,False
1532008,HfBrN,Hf2 Br2 N2,6,6,126.7076,Pmmn,59,orthorhombic,3,Br Hf N,False
1532020,TbGe2Pt,Tb8 Ge16 Pt8,32,16,612.4905,Immm,71,orthorhombic,3,Ge Pt Tb,False
1532134,Na2H16O9,Na8 H64 O36,108,108,942.6476,P2_1/c,14,monoclinic,3,H Na O,False
1532138,ErCrO4,Er4 Cr4 O16,24,12,308.2443,I4_1/amd,141,tetragonal,3,Cr Er O,False
1532205,Sm3Sb4Pt7,Sm6 Sb8 Pt14,28,14,563.3859,C2/m,12,monoclinic,3,Pt Sb Sm,False
1532245,KLiZnP2O7,K4 Li4 Zn4 P8 O28,48,48,645.4812,Pmc2_1,26,orthorhombic,5,K Li O P Zn,False
1532298,Rb2Co2O3,Rb8 Co8 O12,28,28,568.7185,Pnma,62,orthorhombic,3,Co O Rb,False
1532418,SrCu2O3,Sr2 Cu4 O6,12,12,135.2389,Pmmn,59,orthorhombic,3,Cu O Sr,False
1532424,ZrSi2,Zr4 Si8,12,6,200.5202,Cmcm,63,orthorhombic,2,Si Zr,False
1532427,KEr2CuSe4,K4 Er8 Cu4 Se16,32,16,790.0034,Cmcm,63,orthorhombic,4,Cu Er K Se,False
1532615,Li3AlH6,Li18 Al6 H36,60,20,526.2789,R-3,148,trigonal,3,Al H Li,False
1532720,CeIn2Pd3,Ce4 In8 Pd12,24,24,468.7972,Pnma,62,orthorhombic,3,Ce In Pd,False
1532726,Na3Mo(OF)3,Na3 Mo1 O3 F3,10,10,133.1413,R3,146,trigonal,4,F Mo Na O,False
1532817,Na2H20CO13,Na8 H80 C4 O52,144,72,1269.3514,Cc,9,monoclinic,4,C H Na O,True
1532880,Lu2Pd2Pb,Lu4 Pd4 Pb2,10,10,210.6829,P4/mbm,127,tetragonal,3,Lu Pb Pd,False
1532883,Er2CoSi2,Er8 Co4 Si8,20,10,367.0123,C2/m,12,monoclinic,3,Co Er Si,False
1532896,LaYbS3,La4 Yb4 S12,20,10,471.5656,Cmcm,63,orthorhombic,3,La S Yb,False
1532902,YbNdSe3,Yb4 Nd4 Se12,20,10,514.7144,Cmcm,63,orthorhombic,3,Nd Se Yb,False
1532930,Tm3Mn3Ga2Si,Tm3 Mn3 Ga2 Si1,9,9,171.4693,P-62m,189,hexagonal,4,Ga Mn Si Tm,False
1533031,Ba2FeWO6,Ba8 Fe4 W4 O24,40,10,538.3599,Fm-3m,225,cubic,4,Ba Fe O W,False
1533057,MnAlF5,Mn4 Al4 F20,28,14,336.409,Ama2,40,orthorhombic,3,Al F Mn,False
1533075,CaPH5O6,Ca4 P4 H20 O24,52,26,497.7404,Cc,9,monoclinic,4,Ca H O P,False
1533113,SbAsF8,Sb2 As2 F16,20,20,309.5705,P2_1/m,11,monoclinic,3,As F Sb,False
1533141,Cs4V2S4O3,Cs16 V8 S16 O12,52,52,1431.1036,Pnma,62,orthorhombic,4,Cs O S V,False
1533307,Sr3P4O13,Sr6 P8 O26,40,40,539.7355,P-1,2,triclinic,3,O P Sr,False
1533335,SrBiIO2,Sr4 Bi4 I4 O8,20,10,455.91,Cmcm,63,orthorhombic,4,Bi I O Sr,False
1533398,K2Na2Sb2H6O3F10,K4 Na4 Sb4 H12 O6 F20,50,50,637.2331,P2_1/m,11,monoclinic,6,F H K Na O Sb,False
1533428,Dy2MoO6,Dy16 Mo8 O48,72,36,927.0175,C2/c,15,monoclinic,3,Dy Mo O,False
1533442,AlPO4,Al4 P4 O16,24,12,353.5013,C222_1,20,orthorhombic,3,Al O P,False
1533455,Ba3Al2Cu2F16,Ba6 Al4 Cu4 F32,46,46,621.3052,P2_1,4,monoclinic,4,Al Ba Cu F,False
1533523,Sr2Al6O11,Sr8 Al24 O44,76,76,899.5282,Pnnm,58,orthorhombic,3,Al O Sr,False
1533603,K(CuSe)2,K4 Cu8 Se8,20,5,438.2954,I4/mmm,139,tetragonal,3,Cu K Se,False
1533613,SrRuO3,Sr4 Ru4 O12,20,20,241.6666,Pnma,62,orthorhombic,3,O Ru Sr,False
1533618,B6H10N,B48 H80 N8,136,34,1287.2389,Fm-3,202,cubic,3,B H N,False
1533796,RbUO3,Rb1 U1 O3,5,5,80.7448,Pm-3m,221,cubic,3,O Rb U,False
1533826,H6PbCBr3N,H24 Pb4 C4 Br12 N4,48,48,808.7332,Pnma,62,orthorhombic,5,Br C H N Pb,True
1533829,CaH12CO9,Ca4 H48 C4 O36,92,46,760.2572,C2/c,15,monoclinic,4,C Ca H O,True
1533940,SrSi2,Sr4 Si8,12,6,271.5252,I4_1/amd,141,tetragonal,2,Si Sr,False
1534001,PrNi,Pr4 Ni4,8,4,176.4511,Cmcm,63,orthorhombic,2,Ni Pr,False
1534042,C3N4,C24 N32,56,14,311.9968,Fd-3m,227,cubic,2,C N,True
1534106,BH11C12N2(ClF)2,B4 H44 C48 N8 Cl8 F8,120,120,1341.7791,P-1,2,triclinic,6,B C Cl F H N,True
1534139,LiMnAs,Li2 Mn2 As2,6,6,112.292,P4/nmm,129,tetragonal,3,As Li Mn,False
1534210,U(SiNi)2,U2 Si4 Ni4,10,5,149.3172,I4/mmm,139,tetragonal,3,Ni Si U,False
1534243,Mn2AlB2,Mn4 Al2 B4,10,5,93.5019,Cmmm,65,orthorhombic,3,Al B Mn,False
1534254,K4CdCl6,K8 Cd2 Cl12,22,22,625.0264,R-3c,167,trigonal,3,Cd Cl K,False
1534287,Cs2ZrF6,Cs2 Zr1 F6,9,9,178.2725,P-3m1,164,trigonal,3,Cs F Zr,False
1534299,CrCuSe2,Cr3 Cu3 Se6,12,4,226.679,R3m,160,trigonal,3,Cr Cu Se,False
1534306,Na5FeO4,Na40 Fe8 O32,80,80,1116.2974,Pbca,61,orthorhombic,3,Fe Na O,False
1534343,NaSbF4,Na4 Sb4 F16,24,24,379.87,P2_1/c,14,monoclinic,3,F Na Sb,False
1534361,Cr3Se4,Cr6 Se8,14,7,269.1644,C2/m,12,monoclinic,2,Cr Se,False
1534374,Ba2CoWO6,Ba8 Co4 W4 O24,40,10,532.0317,Fm-3m,225,cubic,4,Ba Co O W,False
1534426,NdAl7Au3,Nd6 Al42 Au18,66,22,1192.5321,R-3c,167,trigonal,3,Al Au Nd,False
1534434,FeSeBr7,Fe2 Se2 Br14,18,18,612.6847,Pc,7,monoclinic,3,Br Fe Se,False
1534439,Zn(SbO2)2,Zn4 Sb8 O16,28,28,427.8929,P4_2/mbc,135,tetragonal,3,O Sb Zn,False
1534460,Yb2O3,Yb32 O48,80,40,1143.7562,Ia-3,206,cubic,2,O Yb,False
1534463,UH3,U8 H24,32,32,292.0941,Pm-3n,223,cubic,2,H U,False
1534523,Sc2U(Mo3O17)4,Sc2 U1 Mo12 O68,83,83,1420.3195,P-1,2,triclinic,4,Mo O Sc U,False
1534547,P,P2,2,1,159.8646,P4/mmm,123,tetragonal,1,P,False
1534563,NbNiAs2,Nb4 Ni4 As8,16,16,246.674,Pnma,62,orthorhombic,3,As Nb Ni,False
1534667,BaPdCl4,Ba4 Pd4 Cl16,24,24,648.4431,Pbcn,60,orthorhombic,3,Ba Cl Pd,False
1534746,LuInRh,Lu4 In4 Rh4,12,12,241.8869,Pnma,62,orthorhombic,3,In Lu Rh,False
1534780,K4Ru(NO2)6,K4 Ru1 N6 O12,23,23,367.0123,R-3,148,trigonal,4,K N O Ru,False
1534782,Sr3MoN4,Sr24 Mo8 N32,64,64,1170.0335,Pbca,61,orthorhombic,3,Mo N Sr,False
1534821,LiB3O5,Li4 B12 O20,36,36,327.9509,Pna2_1,33,orthorhombic,3,B Li O,False
1534901,Zr,Zr4,4,1,91.7339,Fm-3m,225,cubic,1,Zr,False
1534915,Hf(Te2Cl3)2,Hf1 Te4 Cl6,11,11,339.636,P-1,2,triclinic,3,Cl Hf Te,False
1534917,Rh,Rh4,4,1,56.1819,Fm-3m,225,cubic,1,Rh,False
1534928,SrTa2O6,Sr4 Ta8 O24,36,36,472.4519,Pnma,62,orthorhombic,3,O Sr Ta,False
1534947,Ir,Ir4,4,1,59.319,Fm-3m,225,cubic,1,Ir,False
1534963,BaHI,Ba2 H2 I2,6,6,172.4096,P4/nmm,129,tetragonal,3,Ba H I,False
1534969,AlSeBr7,Al2 Se2 Br14,18,18,623.7252,Pc,7,monoclinic,3,Al Br Se,False
1534971,Zn3Mo2O9,Zn6 Mo4 O18,28,28,411.1268,P2_1/m,11,monoclinic,3,Mo O Zn,False
1534987,Re(Se2Cl3)2,Re4 Se16 Cl24,44,44,1171.2428,Pccn,56,orthorhombic,3,Cl Re Se,False
1535011,NaInBP2HO9,Na4 In4 B4 P8 H4 O36,60,60,667.1552,P2_1/c,14,monoclinic,6,B H In Na O P,False
1535021,CuHgSBr,Cu4 Hg4 S4 Br4,16,16,380.3927,Pmma,51,orthorhombic,4,Br Cu Hg S,False
1535035,Mg(BeN)2,Mg1 Be2 N2,5,5,38.4841,P-3m1,164,trigonal,3,Be Mg N,False
1535059,Mn3(PO4)2,Mn6 P4 O16,26,26,311.9874,P2_1/c,14,monoclinic,3,Mn O P,False
1535060,CsTmSiS4,Cs4 Tm4 Si4 S16,28,28,738.5952,P2_12_12_1,19,orthorhombic,4,Cs S Si Tm,False
1535082,Gd5Br8,Gd10 Br16,26,13,805.7137,C2/m,12,monoclinic,2,Br Gd,False
1535109,LaCN2Cl,La2 C2 N4 Cl2,10,10,159.2428,P2_1/m,11,monoclinic,4,C Cl La N,True
1535120,NaGeSbO5,Na8 Ge8 Sb8 O40,64,64,898.3935,Pna2_1,33,orthorhombic,4,Ge Na O Sb,False
1535149,Ca2As4Xe5F34,Ca4 As8 Xe10 F68,90,90,1448.9817,P2_1/c,14,monoclinic,4,As Ca F Xe,False
1535187,RbPrTe4,Rb2 Pr2 Te8,12,12,436.6587,P4/nbm,125,tetragonal,3,Pr Rb Te,False
1535191,ErSeClO3,Er4 Se4 Cl4 O12,24,24,431.6805,Pnma,62,orthorhombic,4,Cl Er O Se,False
1535197,CsNbF6,Cs3 Nb3 F18,24,8,437.356,R-3,148,trigonal,3,Cs F Nb,False
1535244,ErSiIr,Er4 Si4 Ir4,12,12,208.7223,Pnma,62,orthorhombic,3,Er Ir Si,False
1535246,LuSiIr,Lu4 Si4 Ir4,12,12,203.5954,Pnma,62,orthorhombic,3,Ir Lu Si,False
1535260,KDy2Cl7,K4 Dy8 Cl28,40,40,1106.2507,P2_1/c,14,monoclinic,3,Cl Dy K,False
1535283,H8C2SeS2(BrN2)2,H32 C8 Se4 S8 Br8 N16,76,76,1057.5635,P2_1/c,14,monoclinic,6,Br C H N S Se,True
1535284,FeN,Fe4 N4,8,2,79.8959,F-43m,216,cubic,2,Fe N,False
1535472,Na2RuO4,Na16 Ru8 O32,56,56,716.2154,P2_1/c,14,monoclinic,3,Na O Ru,False
1535610,CsPH3O4F,Cs8 P8 H24 O32 F8,80,80,1102.5325,Pbca,61,orthorhombic,5,Cs F H O P,False
1535640,Ti(AlBr4)2,Ti2 Al4 Br16,22,22,696.7997,Pnn2,34,orthorhombic,3,Al Br Ti,False
1535666,Fe3C9S2O9,Fe6 C18 S4 O18,46,46,755.4583,P-1,2,triclinic,4,C Fe O S,True
1535698,AlBr3,Al4 Br12,16,16,541.788,P2_1/c,14,monoclinic,2,Al Br,False
1535715,CsInI4,Cs4 In4 I16,24,24,1137.8631,P2_1/c,14,monoclinic,3,Cs I In,False
1535764,Sm4FeSe6O,Sm8 Fe2 Se12 O2,24,24,531.8395,P6_3mc,186,hexagonal,4,Fe O Se Sm,False
1535835,BaCaCO3,Ba2 Ca2 C2 O6,12,12,309.0204,P6_3mc,186,hexagonal,4,Ba C Ca O,True
1535983,Yb3PbO,Yb3 Pb1 O1,5,5,114.697,Pm-3m,221,cubic,3,O Pb Yb,False
1536094,ZnNi(PO3)4,Zn4 Ni4 P16 O48,72,36,838.803,C2/c,15,monoclinic,4,Ni O P Zn,False
1536179,MgCuAs,Mg8 Cu8 As8,24,24,393.6107,Pnma,62,orthorhombic,3,As Cu Mg,False
1536187,Ce9(SbO)5,Ce18 Sb10 O10,38,38,978.4283,P4/n,85,tetragonal,3,Ce O Sb,False
1536204,K2Mg(PSe3)2,K4 Mg2 P4 Se12,22,22,616.6589,P2_1/c,14,monoclinic,4,K Mg P Se,False
1536227,B8H4PbO15,B32 H16 Pb4 O60,112,112,1108.079,P2_1/c,14,monoclinic,4,B H O Pb,False
1536229,Er2Be2GeO7,Er4 Be4 Ge2 O14,24,24,260.6666,P-42_1m,113,tetragonal,4,Be Er Ge O,False
1536235,Na5ScH4(C2O7)2,Na10 Sc2 H8 C8 O28,56,56,644.5279,P-42_1c,114,tetragonal,5,C H Na O Sc,True
1536308,In5Se5Br,In10 Se10 Br2,22,22,582.6033,Pmn2_1,31,orthorhombic,3,Br In Se,False
1536335,KBaFeO3,K8 Ba8 Fe8 O24,48,24,854.8231,Cmce,64,orthorhombic,4,Ba Fe K O,False
1536391,Zn2Hg2H2Se2O11,Zn8 Hg8 H8 Se8 O44,76,76,947.9629,Pbcm,57,orthorhombic,5,H Hg O Se Zn,False
1536392,CsHg5Cl11,Cs2 Hg10 Cl22,34,17,979.5025,C2/m,12,monoclinic,3,Cl Cs Hg,False
1536433,Mo2NCl8,Mo8 N4 Cl32,44,44,1092.7478,Pc,7,monoclinic,3,Cl Mo N,False
1536434,Ge3Pb5O11,Ge9 Pb15 O33,57,57,955.36,P3,143,trigonal,3,Ge O Pb,False
1536444,B17F27,B34 F54,88,88,1195.4928,P-1,2,triclinic,2,B F,False
1536450,Li(FeGe)6,Li3 Fe18 Ge18,39,39,531.8984,P6/mmm,191,hexagonal,3,Fe Ge Li,False
1536506,RhPb2F7,Rh4 Pb8 F28,40,40,582.955,P2_1/c,14,monoclinic,3,F Pb Rh,False
1536522,LiSi3Pd,Li2 Si6 Pd2,10,5,177.8068,I4mm,107,tetragonal,3,Li Pd Si,False
1536620,DyVO4,Dy4 V4 O16,24,12,320.1109,I4_1/amd,141,tetragonal,3,Dy O V,False
1536686,LiSn4Ru,Li4 Sn16 Ru4,24,12,490.4123,I4/mcm,140,tetragonal,3,Li Ru Sn,False
1536715,Ca5P12Rh19,Ca5 P12 Rh19,36,36,533.0594,P-62m,189,hexagonal,3,Ca P Rh,False
1536791,BaSr2Mn2(Si2O7)2,Ba2 Sr4 Mn4 Si8 O28,46,23,581.7763,C2,5,monoclinic,5,Ba Mn O Si Sr,False
1536836,Sn2H2SO5F2,Sn8 H8 S4 O20 F8,48,48,649.9581,P2_1/c,14,monoclinic,5,F H O S Sn,False
1536851,TiO,Ti4 O4,8,2,79.1193,Fm-3m,225,cubic,2,O Ti,False
1536926,EuMg2,Eu4 Mg8,12,12,364.7507,P6_3/mmc,194,hexagonal,2,Eu Mg,False
1536977,Dy5Si3,Dy10 Si6,16,16,386.686,P6_3/mcm,193,hexagonal,2,Dy Si,False
1537010,Bi2MoO6,Bi8 Mo4 O24,36,18,490.3668,Cmce,64,orthorhombic,3,Bi Mo O,False
1537052,LuGeIr,Lu4 Ge4 Ir4,12,12,211.7618,Pnma,62,orthorhombic,3,Ge Ir Lu,False
1537069,Yb3Cu6Sn5,Yb6 Cu12 Sn10,28,14,550.6042,Immm,71,orthorhombic,3,Cu Sn Yb,False
1537077,La3MnGaS7,La6 Mn2 Ga2 S14,24,24,544.3677,P6_3,173,hexagonal,4,Ga La Mn S,False
1537104,Cs3CdBr5,Cs12 Cd4 Br20,36,18,1450.5861,I4/mcm,140,tetragonal,3,Br Cd Cs,False
1537180,Sr3Sn5,Sr12 Sn20,32,16,988.8822,Cmcm,63,orthorhombic,2,Sn Sr,False
1537235,CrCoP(CO)8,Cr4 Co4 P4 C32 O32,76,76,1233.4865,P-1,2,triclinic,5,C Co Cr O P,True
1537244,CuBiSCl2,Cu4 Bi4 S4 Cl8,20,10,436.2774,Cmcm,63,orthorhombic,4,Bi Cl Cu S,False
1537246,Eu3P4,Eu24 P32,56,14,1377.3739,Fdd2,43,orthorhombic,2,Eu P,False
1537261,GdMgPd,Gd3 Mg3 Pd3,9,9,196.9055,P-62m,189,hexagonal,3,Gd Mg Pd,False
1537276,P2W,P8 W4,12,6,175.2095,C2/m,12,monoclinic,2,P W,False
1537282,YTl5Cu2(NO2)12,Y2 Tl10 Cu4 N24 O48,88,88,1225.043,Pn-3,201,cubic,5,Cu N O Tl Y,False
1537284,CeTl5Co2(NO2)12,Ce2 Tl10 Co4 N24 O48,88,88,1187.6484,Pn-3,201,cubic,5,Ce Co N O Tl,False
1537306,Na2S,Na4 S2,6,6,182.5401,P6_3/mmc,194,hexagonal,2,Na S,False
1537335,K3P,K6 P2,8,8,281.8862,P6_3/mmc,194,hexagonal,2,K P,False
1537356,NdSe,Nd4 Se4,8,2,203.1938,Fm-3m,225,cubic,2,Nd Se,False
1537361,Cu2HgI4,Cu4 Hg2 I8,14,7,454.3679,I-42m,121,tetragonal,3,Cu Hg I,False
1537370,Al2CdTe4,Al4 Cd2 Te8,14,7,441.1732,I-4,82,tetragonal,3,Al Cd Te,False
1537433,ZnSnF6,Zn3 Sn3 F18,24,8,325.1744,R-3,148,trigonal,3,F Sn Zn,False
1537451,EuAs,Eu6 As6,12,12,352.9071,P-62m,189,hexagonal,2,As Eu,False
1537475,Li3AlN2,Li48 Al16 N32,96,48,851.9714,Ia-3,206,cubic,3,Al Li N,False
1537489,TiBrN,Ti2 Br2 N2,6,6,109.5785,Pmmn,59,orthorhombic,3,Br N Ti,False
1537516,NaMoPO6,Na8 Mo8 P8 O48,72,72,918.5298,P2_1/c,14,monoclinic,4,Mo Na O P,False
1537552,U(MoO4)2,U8 Mo16 O64,88,88,1394.3927,Pbca,61,orthorhombic,3,Mo O U,False
1537576,Ni2P,Ni6 P3,9,9,100.5429,P-62m,189,hexagonal,2,Ni P,False
1537658,LuS,Lu4 S4,8,2,152.9587,Fm-3m,225,cubic,2,Lu S,False
1537668,KUVO6,K4 U4 V4 O24,36,36,563.4449,P2_1/c,14,monoclinic,4,K O U V,False
1537774,NdMg,Nd1 Mg1,2,2,57.9157,Pm-3m,221,cubic,2,Mg Nd,False
1537775,NdMg2,Nd8 Mg16,24,6,651.9399,Fd-3m,227,cubic,2,Mg Nd,False
1537822,NbN,Nb4 N4,8,2,83.9701,Fm-3m,225,cubic,2,N Nb,False
1537829,TbNiSb,Tb4 Ni4 Sb4,12,3,253.2757,F-43m,216,cubic,3,Ni Sb Tb,False
1537846,Nd2O3,Nd32 O48,80,40,1357.3074,Ia-3,206,cubic,2,Nd O,False
1537879,NdNi5,Nd1 Ni5,6,6,84.5745,P6/mmm,191,hexagonal,2,Nd Ni,False
1537905,HfV2,Hf8 V16,24,6,407.1986,Fd-3m,227,cubic,2,Hf V,False
1537914,ThGe,Th4 Ge4,8,2,221.0062,Fm-3m,225,cubic,2,Ge Th,False
1537931,TmPd3,Tm1 Pd3,4,4,66.1353,Pm-3m,221,cubic,2,Pd Tm,False
1537994,Sm(GeRh)2,Sm2 Ge4 Rh4,10,5,176.5376,I4/mmm,139,tetragonal,3,Ge Rh Sm,False
1538002,USb,U4 Sb4,8,2,119.0955,Fm-3m,225,cubic,2,Sb U,False
1538008,SmS,Sm4 S4,8,2,212.242,Fm-3m,225,cubic,2,S Sm,False
1538012,BaY2CuO5,Ba4 Y8 Cu4 O20,36,36,491.5387,Pnma,62,orthorhombic,4,Ba Cu O Y,False
1538029,Sm(GeRu)2,Sm2 Ge4 Ru4,10,5,178.7623,I4/mmm,139,tetragonal,3,Ge Ru Sm,False
1538034,Ca2IN,Ca4 I2 N2,8,8,273.9198,P6_3/mmc,194,hexagonal,3,Ca I N,False
1538043,MnTe,Mn2 Te2,4,4,100.9971,P6_3/mmc,194,hexagonal,2,Mn Te,False
1538090,Pr3Tl,Pr3 Tl1,4,4,125.7515,Pm-3m,221,cubic,2,Pr Tl,False
1538171,TmSe,Tm4 Se4,8,2,179.4061,Fm-3m,225,cubic,2,Se Tm,False
1538232,MnTe,Mn2 Te2,4,4,99.7026,P6_3/mmc,194,hexagonal,2,Mn Te,False
1538244,Lu(SiOs)2,Lu2 Si4 Os4,10,5,162.4791,I4/mmm,139,tetragonal,3,Lu Os Si,False
1538262,Li8GeO6,Li16 Ge2 O12,30,30,280.979,P6_3cm,185,hexagonal,3,Ge Li O,False
1538272,PrN,Pr4 N4,8,2,133.8249,Fm-3m,225,cubic,2,N Pr,False
1538281,Nb3Sn,Nb6 Sn2,8,8,149.13,Pm-3n,223,cubic,2,Nb Sn,False
1538303,HoS,Ho4 S4,8,2,160.8117,Fm-3m,225,cubic,2,Ho S,False
1538321,U(MoO4)2,U4 Mo8 O32,44,44,604.1108,Pban,50,orthorhombic,3,Mo O U,False
1538326,BH2OF3,B4 H8 O4 F12,28,28,476.4499,P2_1/c,14,monoclinic,4,B F H O,False
1538348,NbO2,Nb32 O64,96,6,1124.9651,I4_1/a,88,tetragonal,2,Nb O,False
1538350,Ta2Tl2P7HO24,Ta4 Tl4 P14 H2 O48,72,72,1020.0277,P2_1/m,11,monoclinic,5,H O P Ta Tl,False
1538468,GaSbCl6,Ga4 Sb4 Cl24,32,32,943.2362,P2_1/c,14,monoclinic,3,Cl Ga Sb,False
1538509,Hg,Hg6,6,3,138.1603,P6/mmm,191,hexagonal,1,Hg,False
1538523,MnSO4,Mn4 S4 O16,24,12,290.2065,Cmcm,63,orthorhombic,3,Mn O S,False
1538527,Li2NiO2,Li4 Ni2 O4,10,5,93.8866,Immm,71,orthorhombic,3,Li Ni O,False
1538529,SrSi,Sr4 Si4,8,4,221.0846,Cmcm,63,orthorhombic,2,Si Sr,False
1538591,KNa2,K4 Na8,12,12,597.0987,P6_3/mmc,194,hexagonal,2,K Na,False
1538604,Nb3Sn,Nb6 Sn2,8,8,85.8829,Pm-3n,223,cubic,2,Nb Sn,False
1538612,V3Se4,V6 Se8,14,7,255.3857,C2/m,12,monoclinic,2,Se V,False
1538625,NdSb,Nd4 Sb4,8,2,254.599,Fm-3m,225,cubic,2,Nd Sb,False
1538654,NiS,Ni2 S2,4,4,54.2492,P6_3/mmc,194,hexagonal,2,Ni S,False
1538695,Nd,Nd4,4,1,118.8778,Fm-3m,225,cubic,1,Nd,False
1538701,Ho(MnSi)2,Ho2 Mn4 Si4,10,5,159.2816,I4/mmm,139,tetragonal,3,Ho Mn Si,False
1538725,TiSb,Ti2 Sb2,4,4,91.8591,P6_3/mmc,194,hexagonal,2,Sb Ti,False
1538741,Na2Te,Na8 Te4,12,3,393.994,Fm-3m,225,cubic,2,Na Te,False
1538761,ThIr2,Th8 Ir16,24,6,446.2941,Fd-3m,227,cubic,2,Ir Th,False
1538788,LaNi5,La1 Ni5,6,6,85.4618,P6/mmm,191,hexagonal,2,La Ni,False
1538799,Pt3Pb,Pt3 Pb1,4,4,66.1844,Pm-3m,221,cubic,2,Pb Pt,False
1538827,YbIn,Yb1 In1,2,2,55.2019,Pm-3m,221,cubic,2,In Yb,False
1538856,YMg2,Y4 Mg8,12,12,305.6909,P6_3/mmc,194,hexagonal,2,Mg Y,False
1538876,Pr3Te4,Pr12 Te16,28,14,853.3202,I-43d,220,cubic,2,Pr Te,False
1538917,MnSbPt,Mn4 Sb4 Pt4,12,3,237.7519,F-43m,216,cubic,3,Mn Pt Sb,False
1538926,LaH2,La4 H8,12,3,181.1294,Fm-3m,225,cubic,2,H La,False
1538947,Yb(SiPd)2,Yb2 Si4 Pd4,10,5,165.904,I4/mmm,139,tetragonal,3,Pd Si Yb,False
1538948,Ho(SiPd)2,Ho2 Si4 Pd4,10,5,167.4086,I4/mmm,139,tetragonal,3,Ho Pd Si,False
1538949,La(SiPd)2,La2 Si4 Pd4,10,5,181.5671,I4/mmm,139,tetragonal,3,La Pd Si,False
1538963,MoO3,Mo8 O24,32,32,426.9941,P2_1/c,14,monoclinic,2,Mo O,False
1538965,Cs3MgH5,Cs12 Mg4 H20,36,36,903.2269,P4/ncc,130,tetragonal,3,Cs H Mg,False
1538987,LaPd3,La1 Pd3,4,4,75.4189,Pm-3m,221,cubic,2,La Pd,False
1539001,KAs4IO6,K1 As4 I1 O6,12,12,221.4547,P6/mmm,191,hexagonal,4,As I K O,False
1539004,ZrNi2,Zr8 Ni16,24,6,332.0927,Fd-3m,227,cubic,2,Ni Zr,False
1539163,NiTe2,Ni1 Te2,3,3,68.8112,P-3m1,164,trigonal,2,Ni Te,False
1539166,HgPd,Hg2 Pd2,4,2,67.6345,P4/mmm,123,tetragonal,2,Hg Pd,False
1539202,Sm4Cl6O,Sm8 Cl12 O2,22,22,557.0527,P6_3mc,186,hexagonal,3,Cl O Sm,False
1539272,VGe3,V2 Ge6,8,8,108.3949,Pm-3n,223,cubic,2,Ge V,False
1539292,In3Pd5,In6 Pd10,16,16,261.5972,Pbam,55,orthorhombic,2,In Pd,False
1539314,TbMn2,Tb8 Mn16,24,6,442.4507,Fd-3m,227,cubic,2,Mn Tb,False
1539321,SmIn3,Sm1 In3,4,4,98.6111,Pm-3m,221,cubic,2,In Sm,False
1539338,Rb2Sb4S7,Rb4 Sb8 S14,26,26,738.0797,P2_1/c,14,monoclinic,3,Rb S Sb,False
1539366,KZrSnF7,K4 Zr4 Sn4 F28,40,40,620.1474,Pmna,53,orthorhombic,4,F K Sn Zr,False
1539402,LiMg4V3O12,Li4 Mg16 V12 O48,80,40,893.8307,I-42d,122,tetragonal,4,Li Mg O V,False
1539403,Nd(NiSn)2,Nd2 Ni4 Sn4,10,5,196.904,I4/mmm,139,tetragonal,3,Nd Ni Sn,False
1539410,UNiSn,U4 Ni4 Sn4,12,3,260.2195,F-43m,216,cubic,3,Ni Sn U,False
1539429,K3Mn(CN)6,K6 Mn2 C12 N12,32,32,599.4348,P2_1/c,14,monoclinic,4,C K Mn N,True
1539447,ZrNi5,Zr4 Ni20,24,6,301.0324,F-43m,216,cubic,2,Ni Zr,False
1539450,Cu4As2O9,Cu16 As8 O36,60,60,729.7123,Pnma,62,orthorhombic,3,As Cu O,False
1539472,MnTe,Mn2 Te2,4,4,99.5582,P6_3/mmc,194,hexagonal,2,Mn Te,False
1539486,SbPt,Sb2 Pt2,4,4,80.4104,P6_3/mmc,194,hexagonal,2,Pt Sb,False
1539503,NdTe,Nd4 Te4,8,2,245.5496,Fm-3m,225,cubic,2,Nd Te,False
1539520,U(SiPt)2,U2 Si4 Pt4,10,10,170.7143,P4/nmm,129,tetragonal,3,Pt Si U,False
1539646,Ba3P14,Ba6 P28,34,34,847.843,P2_1/c,14,monoclinic,2,Ba P,False
1539671,Rb3CuO2,Rb12 Cu4 O8,24,24,570.9131,P2_1/c,14,monoclinic,3,Cu O Rb,False
1539698,Nd3Sb5O12,Nd12 Sb20 O48,80,40,1343.9647,I-43m,217,cubic,3,Nd O Sb,False
1539739,U(MnGe)2,U2 Mn4 Ge4,10,5,171.2144,I4/mmm,139,tetragonal,3,Ge Mn U,False
1539754,TmPd3,Tm1 Pd3,4,4,65.8414,Pm-3m,221,cubic,2,Pd Tm,False
1539799,Ni3(SnS)2,Ni9 Sn6 S6,21,7,341.1884,R-3m,166,trigonal,3,Ni S Sn,False
1539830,Ta2Te3,Ta8 Te12,20,10,516.5319,C2/m,12,monoclinic,2,Ta Te,False
1539851,CdI2,Cd1 I2,3,3,106.9898,P-3m1,164,trigonal,2,Cd I,False
1539854,ZrTe,Zr1 Te1,2,2,47.36,P-6m2,187,hexagonal,2,Te Zr,False
1539867,KGe2(PO4)3,K6 Ge12 P18 O72,108,36,1252.7992,R-3,148,trigonal,4,Ge K O P,False
1539878,Rb3H5Pd,Rb6 H10 Pd2,18,18,364.2491,P4/mbm,127,tetragonal,3,H Pd Rb,False
1539905,USi2,U1 Si2,3,3,54.1247,P6/mmm,191,hexagonal,2,Si U,False
1539957,K2NaRhF6,K8 Na4 Rh4 F24,40,10,584.6965,Fm-3m,225,cubic,4,F K Na Rh,False
1540021,BH12RuC10N(OF2)2,B4 H48 Ru4 C40 N4 O8 F16,124,124,1317.8935,P2_1/c,14,monoclinic,7,B C F H N O Ru,True
1540030,DyH29C23N7O12,Dy2 H58 C46 N14 O24,144,144,1421.4793,P-1,2,triclinic,5,C Dy H N O,True
1540048,RuO2,Ru4 O8,12,12,114.7147,Pa-3,205,cubic,2,O Ru,False
1540066,Ge2Pt3,Ge16 Pt24,40,40,633.308,Pnma,62,orthorhombic,2,Ge Pt,False
1540091,Ni3Se2,Ni9 Se6,15,5,228.1914,R32,155,trigonal,2,Ni Se,False
1540114,KRb2TiF6,K4 Rb8 Ti4 F24,40,10,707.348,Fm-3m,225,cubic,4,F K Rb Ti,False
1540118,CsS3,Cs4 S12,16,16,490.2843,P-1,2,triclinic,2,Cs S,False
1540189,B2H31C15NO4,B4 H62 C30 N2 O8,106,106,911.7281,P-1,2,triclinic,5,B C H N O,True
1540207,Mn3InC,Mn3 In1 C1,5,5,63.6168,Pm-3m,221,cubic,3,C In Mn,True
1540209,SrV2O6,Sr4 V8 O24,36,36,449.5504,Pnma,62,orthorhombic,3,O Sr V,False
1540223,NpAs,Np4 As4,8,2,197.3407,Fm-3m,225,cubic,2,As Np,False
1540280,Zr(MoO4)2,Zr4 Mo8 O32,44,22,571.928,C2/c,15,monoclinic,3,Mo O Zr,False
1540359,U(NiGe)2,U2 Ni4 Ge4,10,5,159.5558,I4/mmm,139,tetragonal,3,Ge Ni U,False
1540482,H21C19NO3,H42 C38 N2 O6,88,88,790.4465,P2_1,4,monoclinic,4,C H N O,True
1540507,H16C9O2,H64 C36 O8,108,108,920.874,P2_1/c,14,monoclinic,3,C H O,True
1540514,H16C12O5,H64 C48 O20,132,132,1125.3273,P2_1,4,monoclinic,3,C H O,True
1540559,H13C15N,H52 C60 N4,116,116,1142.2163,P2_12_12_1,19,orthorhombic,3,C H N,True
1540605,PH25C38O,P2 H50 C76 O2,130,130,1324.455,P-1,2,triclinic,4,C H O P,True
1540706,H5C7NO4,H10 C14 N2 O8,34,34,337.1462,P-1,2,triclinic,4,C H N O,True
1540717,H11C14NO3,H22 C28 N2 O6,58,58,568.7491,P-1,2,triclinic,4,C H N O,True
1540777,DyNiC2,Dy2 Ni2 C4,8,4,95.978,Amm2,38,orthorhombic,3,C Dy Ni,True
1540807,FePt,Fe2 Pt2,4,2,54.8148,P4/mmm,123,tetragonal,2,Fe Pt,False
1540892,V5Si3,V10 Si6,16,16,213.4732,P6_3/mcm,193,hexagonal,2,Si V,False
1541019,HoCoSi2,Ho4 Co4 Si8,16,8,245.7755,Cmcm,63,orthorhombic,3,Co Ho Si,False
1541035,ZnP2H6O5,Zn4 P8 H24 O20,56,56,575.3451,P2_1/c,14,monoclinic,4,H O P Zn,False
1541065,Sc(AlC)3,Sc2 Al6 C6,14,14,163.5325,P6_3/mmc,194,hexagonal,3,Al C Sc,True
1541066,La2Ni5C3,La4 Ni10 C6,20,20,279.5864,P4/mbm,127,tetragonal,3,C La Ni,True
1541067,Tb11O20,Tb11 O20,31,31,409.8554,P-1,2,triclinic,2,O Tb,False
1541075,YbSn3,Yb1 Sn3,4,4,102.7005,Pm-3m,221,cubic,2,Sn Yb,False
1541101,Li2(LuGe)3,Li8 Lu12 Ge12,32,16,582.7397,Cmcm,63,orthorhombic,3,Ge Li Lu,False
1541112,BaBiO3,Ba4 Bi4 O12,20,10,330.1502,C2/m,12,monoclinic,3,Ba Bi O,False
1541128,YZn,Y1 Zn1,2,2,45.4993,Pm-3m,221,cubic,2,Y Zn,False
1541132,Ba(Cu2As)4,Ba2 Cu16 As8,26,13,433.8396,I4/m,87,tetragonal,3,As Ba Cu,False
1541202,Sr5Al9,Sr15 Al27,42,14,1069.6036,R-3m,166,trigonal,2,Al Sr,False
1541205,ZrNbP,Zr4 Nb4 P4,12,12,204.9861,Pnma,62,orthorhombic,3,Nb P Zr,False
1541458,PrO2,Pr4 O8,12,3,156.9397,Fm-3m,225,cubic,2,O Pr,False
1541622,Sr2CoWO6,Sr8 Co4 W4 O24,40,10,493.7883,Fm-3m,225,cubic,4,Co O Sr W,False
1541626,Sr2ZnMoO6,Sr8 Zn4 Mo4 O24,40,10,503.2187,Fm-3m,225,cubic,4,Mo O Sr Zn,False
1541678,InH11S2O13,In4 H44 S8 O52,108,108,1027.6499,P2_1/c,14,monoclinic,4,H In O S,False
1541694,CuH18C4N10(ClO)2,Cu2 H36 C8 N20 Cl4 O4,74,74,720.7476,P-1,2,triclinic,6,C Cl Cu H N O,True
1541821,NO2,N12 O24,36,18,469.0974,Im-3,204,cubic,2,N O,False
1541840,Rb3Mn2Cl7,Rb6 Mn4 Cl14,24,12,666.6353,I4/mmm,139,tetragonal,3,Cl Mn Rb,False
1541853,SbCNCl6,Sb4 C4 N4 Cl24,36,36,941.3035,Pnma,62,orthorhombic,4,C Cl N Sb,True
1541868,Na2TiZn2GeO7,Na16 Ti8 Zn16 Ge8 O56,104,104,1264.7629,Pbca,61,orthorhombic,5,Ge Na O Ti Zn,False
1541875,BaTi6O13,Ba2 Ti12 O26,40,40,457.5188,P-1,2,triclinic,3,Ba O Ti,False
1542020,GdPd2,Gd2 Pd4,6,3,164.1807,I4/mmm,139,tetragonal,2,Gd Pd,False
1542050,CoSiH12(OF)6,Co3 Si3 H36 O18 F18,78,26,736.5553,R-3,148,trigonal,5,Co F H O Si,False
1542059,Na2Pr4Cl9O2,Na4 Pr8 Cl18 O4,34,34,828.0307,P2_1/m,11,monoclinic,4,Cl Na O Pr,False
1542166,NaNbO2,Na2 Nb2 O4,8,8,88.0764,P6_3/mmc,194,hexagonal,3,Na Nb O,False
1542185,LiH4SeNO4,Li4 H16 Se4 N4 O16,44,44,468.381,Pna2_1,33,orthorhombic,5,H Li N O Se,False
1542186,Ni(NO3)2,Ni4 N8 O24,36,36,390.6179,Pa-3,205,cubic,3,N Ni O,False
1542187,V6O13,V12 O26,38,19,436.8036,C2/m,12,monoclinic,2,O V,False
1542198,NaV2O5,Na2 V4 O10,16,16,196.0494,Pmn2_1,31,orthorhombic,3,Na O V,False
1542221,YbCuSi,Yb2 Cu2 Si2,6,6,105.6177,P6_3/mmc,194,hexagonal,3,Cu Si Yb,False
1542227,CuI,Cu6 I6,12,12,326.3043,P3m1,156,trigonal,2,Cu I,False
1542309,H12C16SNO5F,H24 C32 S2 N2 O10 F2,72,72,779.9325,P-1,2,triclinic,6,C F H N O S,True
1542467,H15C10NO4,H60 C40 N4 O16,120,120,1059.0483,P2_1/c,14,monoclinic,4,C H N O,True
1542471,H13C9NO,H52 C36 N4 O4,96,96,825.6491,P-1,2,triclinic,4,C H N O,True
1542489,H13C14S2NO2,H26 C28 S4 N2 O4,64,64,701.1513,P-1,2,triclinic,5,C H N O S,True
1542549,CdH16C18(N2Cl)2,Cd2 H32 C36 N8 Cl4,82,82,858.6994,P-1,2,triclinic,5,C Cd Cl H N,True
1542613,H5C10IO2,H20 C40 I4 O8,72,72,892.3566,P2_1/c,14,monoclinic,4,C H I O,True
1542617,H10C9N3O5,H40 C36 N12 O20,108,54,1075.26,C2,5,monoclinic,4,C H N O,True
1542891,H18C23N2O,H36 C46 N4 O2,88,88,882.5798,P-1,2,triclinic,4,C H N O,True
1542936,H7C10N3O2,H28 C40 N12 O8,88,88,902.4723,P2_1/c,14,monoclinic,4,C H N O,True
1543032,EuH33C24S3(NO)6,Eu2 H66 C48 S6 N12 O12,146,146,1479.8766,P-1,2,triclinic,6,C Eu H N O S,True
1543046,H6C7N2O,H48 C56 N16 O8,128,128,1240.0927,P2_1/c,14,monoclinic,4,C H N O,True
1543168,H2C3O,H24 C36 O12,72,72,786.6495,P-1,2,triclinic,3,C H O,True
1543229,H4C8INO2,H8 C16 I2 N2 O4,32,32,401.4265,P-1,2,triclinic,5,C H I N O,True
1543234,H13C16SN2Cl,H52 C64 S4 N8 Cl4,132,132,1414.6747,P2_1/c,14,monoclinic,5,C Cl H N S,True
1543243,H13C10NO2,H52 C40 N4 O8,104,104,1012.7756,P2_1/c,14,monoclinic,4,C H N O,True
1543333,H6C10SN2O,H24 C40 S4 N8 O4,80,80,879.5068,P2_1/c,14,monoclinic,5,C H N O S,True
1543344,H15C9NO4,H60 C36 N4 O16,116,116,993.4039,P2_1/c,14,monoclinic,4,C H N O,True
1543506,H17C20N3O8,H34 C40 N6 O16,96,96,985.2123,P2_1,4,monoclinic,4,C H N O,True
1543585,ZnH10(C5O2)3,Zn2 H20 C30 O12,64,64,646.651,P2/c,13,monoclinic,4,C H O Zn,True
1543628,H22C24SO5,H44 C48 S2 O10,104,104,1022.6508,P-1,2,triclinic,4,C H O S,True
1543807,H19C21BrO2,H38 C42 Br2 O4,86,86,848.364,P2_1,4,monoclinic,4,Br C H O,True
1543863,H11C5NO2,H44 C20 N4 O8,76,76,651.7439,P2_1,4,monoclinic,4,C H N O,True
1543885,H10C13S2NOF,H20 C26 S4 N2 O2 F2,56,56,652.0398,P-1,2,triclinic,6,C F H N O S,True
1543887,H5(C2O)4,H40 C64 O32,136,68,1375.2512,C2/c,15,monoclinic,3,C H O,True
1544015,H26RuC25SN3ClO4,H52 Ru2 C50 S2 N6 Cl2 O8,122,122,1166.2618,P-1,2,triclinic,7,C Cl H N O Ru S,True
1544057,H10PbC11(NO2)3,H40 Pb4 C44 N12 O24,124,124,1325.1947,P2_1/c,14,monoclinic,5,C H N O Pb,True
1544272,CoH20C11SN11O3,Co2 H40 C22 S2 N22 O6,94,94,905.6865,P-1,2,triclinic,6,C Co H N O S,True
1544311,H14C14O3,H28 C28 O6,62,62,598.1435,P-1,2,triclinic,3,C H O,True
1544360,Sr2TaInO6,Sr4 Ta2 In2 O12,20,10,272.1404,C2/m,12,monoclinic,4,In O Sr Ta,False
1544388,AlWO4,Al4 W4 O16,24,6,234.7576,C2/m,12,monoclinic,3,Al O W,False
1544407,H25C27S2BrN2O5,H50 C54 S4 Br2 N4 O10,124,124,1260.9081,P-1,2,triclinic,6,Br C H N O S,True
1544492,H34C25O9,H68 C50 O18,136,136,1220.2557,P2_1,4,monoclinic,3,C H O,True
1544627,C3S2Cl2O,C12 S8 Cl8 O4,32,32,594.4941,P2_1/c,14,monoclinic,4,C Cl O S,True
1544638,Zn2As(HO2)3,Zn16 As8 H24 O48,96,96,1006.2334,P2_1/c,14,monoclinic,4,As H O Zn,False
1544925,H17(C5O)2,H68 C40 O8,116,116,891.5152,P2_1,4,monoclinic,3,C H O,True
1544966,H17C16SNO2,H68 C64 S4 N4 O8,148,148,1442.5988,P2_12_12_1,19,orthorhombic,5,C H N O S,True
1545056,HgH8C15S2N3,Hg4 H32 C60 S8 N12,116,116,1463.3154,P2_1/c,14,monoclinic,5,C H Hg N S,True
1545153,ScAlO3,Sc4 Al4 O12,20,20,186.379,Pnma,62,orthorhombic,3,Al O Sc,False
1545302,Au,Au2,2,2,35.5424,P6_3/mmc,194,hexagonal,1,Au,False
1545303,H16(C4O)3,H64 C48 O12,124,124,1073.5092,P2_1/c,14,monoclinic,3,C H O,True
1545311,H4C5O,H48 C60 O12,120,120,1118.2038,P2_1/c,14,monoclinic,3,C H O,True
1545314,VZn2P2O9,V4 Zn8 P8 O36,56,28,719.6361,I4cm,108,tetragonal,4,O P V Zn,False
1545410,H20C19O6,H40 C38 O12,90,90,841.8218,P2_1,4,monoclinic,3,C H O,True
1545436,H13C13NO5F2,H26 C26 N2 O10 F4,68,68,643.8013,P-1,2,triclinic,5,C F H N O,True
1545481,H14C14O5,H56 C56 O20,132,132,1329.6324,P2_1/c,14,monoclinic,3,C H O,True
1545502,H16C21SBrN2O2F,H32 C42 S2 Br2 N4 O4 F2,88,88,939.8117,P-1,2,triclinic,7,Br C F H N O S,True
1545575,H19C14NO2,H38 C28 N2 O4,72,72,622.2955,P2_1,4,monoclinic,4,C H N O,True
1545625,SrAlF5,Sr8 Al8 F40,56,56,714.6626,P2_1/c,14,monoclinic,3,Al F Sr,False
1545815,H22C21S(NO)2,H44 C42 S2 N4 O4,96,96,916.4581,P-1,2,triclinic,5,C H N O S,True
1545829,H25C22(NO)2,H50 C44 N4 O4,102,102,984.9714,P-1,2,triclinic,4,C H N O,True
1545846,H22C22(NO)3,H44 C44 N6 O6,100,100,950.9452,P-1,2,triclinic,4,C H N O,True
1545854,H24C20(NO)3,H48 C40 N6 O6,100,100,915.0243,P-1,2,triclinic,4,C H N O,True
1545921,ThV2O7,Th8 V16 O56,80,80,1138.7992,Pna2_1,33,orthorhombic,3,O Th V,False
1545924,H24(C4O)5,H48 C40 O10,98,98,910.7223,P2_1,4,monoclinic,3,C H O,True
1545928,H14C10NClO,H56 C40 N4 Cl4 O4,108,108,1005.322,P2_12_12_1,19,orthorhombic,5,C Cl H N O,True
1545974,BPH14C8O3,B4 P4 H56 C32 O12,108,108,1030.216,P2_12_12_1,19,orthorhombic,5,B C H O P,True
1546037,SrWO4,Sr4 W4 O16,24,12,307.8431,C2/c,15,monoclinic,3,O Sr W,False
1546144,MnH20C20Br2N3O5,Mn2 H40 C40 Br4 N6 O10,102,102,1054.2185,P-1,2,triclinic,6,Br C H Mn N O,True
1546155,MnH20C20N5(ClO)2,Mn2 H40 C40 N10 Cl4 O4,100,100,1014.3501,P-1,2,triclinic,6,C Cl H Mn N O,True
1546195,H23C28Br2N5O4,H46 C56 Br4 N10 O8,124,124,1303.8794,P-1,2,triclinic,5,Br C H N O,True
1546289,H11C9,H44 C36,80,80,663.0231,P-1,2,triclinic,2,C H,True
1546326,H10C19O3,H20 C38 O6,64,64,639.5849,P-1,2,triclinic,3,C H O,True
1546336,H24PdC18(NCl4)2,H48 Pd2 C36 N4 Cl16,106,106,1195.8437,P2_1/c,14,monoclinic,5,C Cl H N Pd,True
1546341,H8PdC2NCl3,H32 Pd4 C8 N4 Cl12,60,30,715.0894,C2/c,15,monoclinic,5,C Cl H N Pd,True
1546353,MnH7C9N2O3,Mn2 H14 C18 N4 O6,44,44,477.8283,P-1,2,triclinic,5,C H Mn N O,True
1546374,H28C31Br2O3,H56 C62 Br4 O6,128,128,1383.9573,P2_1,4,monoclinic,4,Br C H O,True
1546375,SnF3,Sn8 F24,32,8,576.1381,Fm-3m,225,cubic,2,F Sn,False
1546377,NaNiF3,Na4 Ni4 F12,20,20,228.3413,Pnma,62,orthorhombic,3,F Na Ni,False
1546571,H25C20N5O4,H50 C40 N10 O8,108,108,967.2141,P-1,2,triclinic,4,C H N O,True
1546608,H8C12(OF2)3,H16 C24 O6 F12,58,58,592.5301,P-1,2,triclinic,4,C F H O,True
1546709,H13C19BrN3Cl,H26 C38 Br2 N6 Cl2,74,74,810.7639,P-1,2,triclinic,5,Br C Cl H N,True
1546746,ScH18C12ClO2,Sc2 H36 C24 Cl2 O4,68,68,641.4077,Pc,7,monoclinic,5,C Cl H O Sc,True
1546778,CaSi2(BO4)2,Ca4 Si8 B8 O32,52,52,393.3642,Pnma,62,orthorhombic,4,B Ca O Si,False
1546919,H15C18NO2,H30 C36 N2 O4,72,72,728.5759,P-1,2,triclinic,4,C H N O,True
1546929,H5C2NO2,H10 C4 N2 O4,20,20,150.1148,Pc,7,monoclinic,4,C H N O,True
1546944,BaY2NiO5,Ba2 Y4 Ni2 O10,18,9,245.3368,Immm,71,orthorhombic,4,Ba Ni O Y,False
1547031,H30C31S(NO)2,H60 C62 S2 N4 O4,132,132,1316.9038,P-1,2,triclinic,5,C H N O S,True
1547116,H20C19N3ClO,H40 C38 N6 Cl2 O2,88,88,868.3154,P-1,2,triclinic,5,C Cl H N O,True
1547121,H4C3O,H48 C36 O12,96,96,847.6352,P2_1/c,14,monoclinic,3,C H O,True
1547206,NiH42C28S2N2(ClO5)2,Ni1 H42 C28 S2 N2 Cl2 O10,87,87,823.2946,P-1,2,triclinic,7,C Cl H N Ni O S,True
1547218,H25PbC6I5N4O,H50 Pb2 C12 I10 N8 O2,84,84,1170.0064,P-1,2,triclinic,6,C H I N O Pb,True
1547355,CaCO3,Ca6 C6 O18,30,10,372.4465,R-3c,167,trigonal,3,C Ca O,True
1547566,H2C2NO,H8 C8 N4 O4,24,24,227.7784,Pc,7,monoclinic,4,C H N O,True
1547652,BH7(C2O)3,B8 H56 C48 O24,136,136,1249.7207,P2_1/c,14,monoclinic,4,B C H O,True
1547680,H23C22NO2,H46 C44 N2 O4,96,96,911.6453,P-1,2,triclinic,4,C H N O,True
1547710,H12C9O2,H48 C36 O8,92,92,848.2112,P2_1,4,monoclinic,3,C H O,True
1547772,H19C13NO,H76 C52 N4 O4,136,136,1205.8681,P2_1/c,14,monoclinic,4,C H N O,True
1547793,ReH10C7NO4,Re4 H40 C28 N4 O16,92,92,968.8776,P2_1/c,14,monoclinic,5,C H N O Re,True
1547891,EuB7O16,Eu2 B14 O32,48,48,593.6374,P-1,2,triclinic,3,B Eu O,False
1547942,H23C24NO6,H46 C48 N2 O12,108,108,1098.2058,P2_1,4,monoclinic,4,C H N O,True
1547955,ReH6C8(BrN)4,Re4 H24 C32 Br16 N16,92,92,1172.1055,P2_1,4,monoclinic,5,Br C H N Re,True
1547956,ReH6C8(BrN)4,Re4 H24 C32 Br16 N16,92,92,1402.5723,P2_12_12_1,19,orthorhombic,5,Br C H N Re,True
1548115,CdH8C8Br2(N2O)2,Cd2 H16 C16 Br4 N8 O4,50,50,631.6847,P2_1/c,14,monoclinic,6,Br C Cd H N O,True
1548256,BH10C10N2Cl,B2 H20 C20 N4 Cl2,48,48,496.7682,P-1,2,triclinic,5,B C Cl H N,True
1548310,CuSiH8C8(N2F3)2,Cu1 Si1 H8 C8 N4 F6,28,28,378.4415,P4/mmm,123,tetragonal,6,C Cu F H N Si,True
1548399,H29C32SN2ClO4,H58 C64 S2 N4 Cl2 O8,138,138,1389.2566,P-1,2,triclinic,6,C Cl H N O S,True
1548520,Yb2O3,Yb32 O48,80,40,1160.2068,Ia-3,206,cubic,2,O2- Yb0+,False
1548554,EuMnSbF,Eu2 Mn2 Sb2 F2,8,8,175.4412,P4/nmm,129,tetragonal,4,Eu F Mn Sb,False
1548990,PH15C22(OF3)2,P2 H30 C44 O4 F12,92,92,917.6541,P-1,2,triclinic,5,C F H O P,True
1549038,H18C13NO5F,H36 C26 N2 O10 F2,76,76,680.8362,P2_1,4,monoclinic,5,C F H N O,True
1549372,H9C12SN3O2,H36 C48 S4 N12 O8,108,108,1200.6832,P2_1,4,monoclinic,5,C H N O S,True
1549425,H20C13NO3,H80 C52 N4 O12,148,148,1248.1857,P1,1,triclinic,4,C H N O,True
1549457,H8C7O,H64 C56 O8,128,128,1124.7239,P2_1/c,14,monoclinic,3,C H O,True
1549463,H20C15O2,H40 C30 O4,74,74,627.7852,P-1,2,triclinic,3,C H O,True
1549464,H20C15O2,H80 C60 O8,148,148,1223.6018,P2_12_12_1,19,orthorhombic,3,C H O,True
1549518,H19C17N,H76 C68 N4,148,148,1300.3497,P2_1/c,14,monoclinic,3,C H N,True
1549520,H19C19(NO)3,H38 C38 N6 O6,88,88,806.7173,P-1,2,triclinic,4,C H N O,True
1549522,Zn2SiHO5,Zn8 Si4 H4 O20,36,36,427.9025,Pnn2,34,orthorhombic,4,H O Si Zn,False
1549524,NiH6(N2O3)2,Ni4 H24 N16 O24,68,68,625.493,Pca2_1,29,orthorhombic,4,H N Ni O,False
1549527,H7C5N5Cl2O,H28 C20 N20 Cl8 O4,80,80,869.1019,Pnma,62,orthorhombic,5,C Cl H N O,True
1549556,H25C23NO2,H50 C46 N2 O4,102,102,949.6189,P-1,2,triclinic,4,C H N O,True
1549608,H15C12SNO4,H60 C48 S4 N4 O16,132,132,1269.3531,P2_1/c,14,monoclinic,5,C H N O S,True
1549720,H18C14N2O3,H72 C56 N8 O12,148,148,1403.2021,Pna2_1,33,orthorhombic,4,C H N O,True
1549942,H15C17O2F,H60 C68 O8 F4,140,140,1338.0492,P2_1/c,14,monoclinic,4,C F H O,True
1550038,H14C12NO3F,H56 C48 N4 O12 F4,124,124,1214.0005,P2_12_12_1,19,orthorhombic,5,C F H N O,True
1550098,H58PdC52N10(ClO4)2,H58 Pd1 C52 N10 Cl2 O8,131,131,1276.6637,P-1,2,triclinic,6,C Cl H N O Pd,True
1550259,BH15C9(NO)2,B4 H60 C36 N8 O8,116,116,1040.9108,P2_1/c,14,monoclinic,5,B C H N O,True
1550314,H12C10O3,H48 C40 O12,100,100,889.7387,P2_12_12_1,19,orthorhombic,3,C H O,True
1550443,H15C7BrN2O,H30 C14 Br2 N4 O2,52,52,519.0787,P2_1,4,monoclinic,5,Br C H N O,True
1550467,GaH20C8N4Cl3,Ga4 H80 C32 N16 Cl12,144,144,1361.2375,Pna2_1,33,orthorhombic,5,C Cl Ga H N,True
1550531,H12C14NO2F,H48 C56 N4 O8 F4,120,120,1106.6098,P2_1/c,14,monoclinic,5,C F H N O,True
1550687,H9C11IN2,H36 C44 I4 N8,92,92,1099.0191,P2_1/c,14,monoclinic,4,C H I N,True
1551011,H10C14O,H60 C84 O6,150,150,1473.5798,P3_1,144,trigonal,3,C H O,True
1551082,H16C13O2,H64 C52 O8,124,124,1109.8711,P2_12_12_1,19,orthorhombic,3,C H O,True
1551083,H18C13O2,H36 C26 O4,66,66,569.3035,P2_1,4,monoclinic,3,C H O,True
1551085,PuW2O9,Pu2 W4 O18,24,24,347.0777,P2_1/m,11,monoclinic,3,O Pu W,False
1551095,H21C20NO,H42 C40 N2 O2,86,86,793.4101,P-1,2,triclinic,4,C H N O,True
1551140,CuH14(C5O2)2,Cu2 H28 C20 O8,58,58,538.4146,P2_1/c,14,monoclinic,4,C Cu H O,True
1551244,H10C13INO,H40 C52 I4 N4 O4,104,104,1173.0362,Pca2_1,29,orthorhombic,5,C H I N O,True
1551275,ZnH19C12S(NO)5,Zn2 H38 C24 S2 N10 O10,86,86,872.9932,P2_1,4,monoclinic,6,C H N O S Zn,True
1551300,SrGeO3,Sr1 Ge1 O3,5,5,54.82,Pm-3m,221,cubic,3,Ge O Sr,False
1551495,H12C15BrN,H48 C60 Br4 N4,116,116,1257.1728,P2_12_12_1,19,orthorhombic,4,Br C H N,True
1551579,H12C9S3N2,H48 C36 S12 N8,104,104,1188.8953,P2_1/c,14,monoclinic,4,C H N S,True
1551646,H10C11NO,H40 C44 N4 O4,92,92,845.7029,P2_1/c,14,monoclinic,4,C H N O,True
1551697,NiH22C18S4N2(ClO)2,Ni2 H44 C36 S8 N4 Cl4 O4,102,102,1178.8655,P2_1/c,14,monoclinic,7,C Cl H N Ni O S,True
1551725,H10C13(NO)2,H40 C52 N8 O8,108,108,1080.6171,P2_1/c,14,monoclinic,4,C H N O,True
1551735,CuH24C18SN5ClO4,Cu2 H48 C36 S2 N10 Cl2 O8,108,108,1066.729,P-1,2,triclinic,7,C Cl Cu H N O S,True
1551738,H17C15Br3O4,H34 C30 Br6 O8,78,78,835.3002,P2_1,4,monoclinic,4,Br C H O,True
1551781,H17C12NCl2O3,H68 C48 N4 Cl8 O12,140,140,1436.2172,P-1,2,triclinic,5,C Cl H N O,True
1551808,H10C8N2O,H40 C32 N8 O4,84,84,780.4707,P2_1,4,monoclinic,4,C H N O,True
1551852,PH15C19,P4 H60 C76,140,140,1427.4033,P2_1/c,14,monoclinic,3,C H P,True
1551884,ZnH22C19N6Cl2O11,Zn2 H44 C38 N12 Cl4 O22,122,122,1282.7095,P-1,2,triclinic,6,C Cl H N O Zn,True
1551942,FeAg2H20(C7N2)4,Fe2 Ag4 H40 C56 N16,118,118,1382.5861,P-1,2,triclinic,5,Ag C Fe H N,True
1552051,H7C17(BrN)2,H28 C68 Br8 N8,112,112,1334.3625,P2_1/c,14,monoclinic,4,Br C H N,True
1552095,H18C10N2O7,H72 C40 N8 O28,148,148,1300.1736,P2_1,4,monoclinic,4,C H N O,True
1552141,H17C19NO3,H34 C38 N2 O6,80,80,777.0282,P-1,2,triclinic,4,C H N O,True
1552143,ZnH6C9O4,Zn4 H24 C36 O16,80,80,808.5374,Pca2_1,29,orthorhombic,4,C H O Zn,True
1552240,H16C15S(NO3)2,H32 C30 S2 N4 O12,80,80,789.6831,P2_1,4,monoclinic,5,C H N O S,True
1552260,H8C11NClO2,H32 C44 N4 Cl4 O8,92,92,1004.0446,P2_1/c,14,monoclinic,5,C Cl H N O,True
1552282,H9C12SN4O,H36 C48 S4 N16 O4,108,108,1186.7848,P-1,2,triclinic,5,C H N O S,True
1552602,H26C29O7,H52 C58 O14,124,124,1199.5902,P2_1,4,monoclinic,3,C H O,True
1552674,H11C10O3,H44 C40 O12,96,96,853.4667,P2_1,4,monoclinic,3,C H O,True
1552704,H15C10(NO)3,H60 C40 N12 O12,124,124,1091.3189,P2_1,4,monoclinic,4,C H N O,True
1552946,SiH31C23NO7,Si2 H62 C46 N2 O14,126,126,1242.0896,P2_1,4,monoclinic,5,C H N O Si,True
1552958,KNaH12(C2O5)2,K4 Na4 H48 C16 O40,112,112,1033.913,P2_12_12,18,orthorhombic,5,C H K Na O,True
1553066,H17C13NO3,H68 C52 N4 O12,136,136,1219.603,P-1,2,triclinic,4,C H N O,True
1553074,H13C20NO4,H26 C40 N2 O8,76,76,734.5586,P-1,2,triclinic,4,C H N O,True
1553135,H12C11SN2O7,H48 C44 S4 N8 O28,132,132,1414.0463,P4_1,76,tetragonal,5,C H N O S,True
1553216,H17C16Br2NO4,H34 C32 Br4 N2 O8,80,80,865.8437,P2_1,4,monoclinic,5,Br C H N O,True
1553267,CuH22C12SN5ClO4,Cu2 H44 C24 S2 N10 Cl2 O8,92,92,873.2914,P-1,2,triclinic,7,C Cl Cu H N O S,True
1553329,H28C23(NO2)2,H56 C46 N4 O8,114,114,1000.1119,P2_1,4,monoclinic,4,C H N O,True
1553362,H28C20N2O5,H56 C40 N4 O10,110,110,953.1338,P2_1,4,monoclinic,4,C H N O,True
1553383,H14C11O5,H56 C44 O20,120,120,1090.0807,P2_1/c,14,monoclinic,3,C H O,True
1553429,H16C14O5,H64 C56 O20,140,140,1303.907,P2_1/c,14,monoclinic,3,C H O,True
1553430,H16C17NClO2,H64 C68 N4 Cl4 O8,148,148,1460.8074,P2_12_12_1,19,orthorhombic,5,C Cl H N O,True
1553745,H14C14S(NO)2,H28 C28 S2 N4 O4,66,66,672.8038,P-1,2,triclinic,5,C H N O S,True
1553761,H16C17O,H64 C68 O4,136,136,1270.7902,P2_12_12_1,19,orthorhombic,3,C H O,True
1553775,H17C21N3ClF3,H34 C42 N6 Cl2 F6,90,90,932.9974,P2_1,4,monoclinic,5,C Cl F H N,True
1553796,H18C21BrNO3,H36 C42 Br2 N2 O6,88,88,943.81,P2_1,4,monoclinic,5,Br C H N O,True
1553941,H22C23N2O7,H44 C46 N4 O14,108,108,1044.6085,P1,1,triclinic,4,C H N O,True
1554133,H9C13N2,H18 C26 N4,48,48,493.5601,P-1,2,triclinic,3,C H N,True
1554134,H7C14N2Cl,H14 C28 N4 Cl2,48,48,537.3389,P-1,2,triclinic,4,C Cl H N,True
1554144,H10C13(N2O)2,H20 C26 N8 O4,58,58,585.5781,P2_1,4,monoclinic,4,C H N O,True
1554228,H10C13,H40 C52,92,92,955.3153,P2_1,4,monoclinic,2,C H,True
1554318,H23C26SNO2,H46 C52 S2 N2 O4,106,106,1086.9758,P-1,2,triclinic,5,C H N O S,True
1554344,H24C24SO5,H48 C48 S2 O10,108,108,1010.2851,P-1,2,triclinic,4,C H O S,True
1554463,H25C27SNO3,H50 C54 S2 N2 O6,114,114,1104.6929,P-1,2,triclinic,5,C H N O S,True
1554656,H13C12,H52 C48,100,100,949.406,P2_1/c,14,monoclinic,2,C H,True
1554705,H11C16N2OF3,H44 C64 N8 O4 F12,132,132,1396.1769,P2_1/c,14,monoclinic,5,C F H N O,True
1554720,H3C6SNF,H24 C48 S8 N8 F8,96,96,1093.5864,P2_1/c,14,monoclinic,5,C F H N S,True
1554767,H24C31NClO3,H48 C62 N2 Cl2 O6,120,120,1290.9877,P2_1,4,monoclinic,5,C Cl H N O,True
1554892,H9(C5O)2,H36 C40 O8,84,84,817.3495,P2_1,4,monoclinic,3,C H O,True
1555002,H16C15(NO2)2,H64 C60 N8 O16,148,148,1366.1397,P2_1/c,14,monoclinic,4,C H N O,True
1555073,H19C24Cl2O2F3,H38 C48 Cl4 O4 F6,100,100,1041.4771,P-1,2,triclinic,5,C Cl F H O,True
1555122,H14C11S(NO)2,H56 C44 S4 N8 O8,120,120,1152.1034,P2_1/c,14,monoclinic,5,C H N O S,True
1555237,H23C23N2O6F,H46 C46 N4 O12 F2,110,110,1034.332,P-1,2,triclinic,5,C F H N O,True
1555327,H10C15NClF2,H40 C60 N4 Cl4 F8,116,116,1255.1105,P2_1/c,14,monoclinic,5,C Cl F H N,True
1555347,H11C8NO2,H44 C32 N4 O8,88,88,779.8634,P2_12_12_1,19,orthorhombic,4,C H N O,True
1555370,H16C19O5,H32 C38 O10,80,80,720.5609,P2_1,4,monoclinic,3,C H O,True
1555408,H15C18SBr2NCl2O5,H30 C36 S2 Br4 N2 Cl4 O10,88,88,1050.5315,P2_1,4,monoclinic,7,Br C Cl H N O S,True
1555507,H38C26O3,H76 C52 O6,134,134,1101.8108,P2_1,4,monoclinic,3,C H O,True
1555521,H16C23N4(OF)2,H32 C46 N8 O4 F4,94,94,1007.045,P2_1,4,monoclinic,5,C F H N O,True
1555538,H13C12NO2,H52 C48 N4 O8,112,112,1074.2633,P2_1/c,14,monoclinic,4,C H N O,True
1555571,H35C24NO5,H35 C24 N1 O5,65,65,557.0301,P1,1,triclinic,4,C H N O,True
1555707,Si(H11C13)2,Si2 H44 C52,98,98,978.6706,P2_1,4,monoclinic,3,C H Si,True
1555784,H27C31SNO6,H54 C62 S2 N2 O12,132,132,1338.7455,P-1,2,triclinic,5,C H N O S,True
1555888,H13C10NO2,H52 C40 N4 O8,104,104,890.3701,P-1,2,triclinic,4,C H N O,True
1555901,H16C15,H64 C60,124,124,1186.3413,P-1,2,triclinic,2,C H,True
1555907,H13C16N3O,H52 C64 N12 O4,132,132,1328.5927,P2_1/c,14,monoclinic,4,C H N O,True
1555949,H12C14N2O,H48 C56 N8 O4,116,116,1127.0416,P2_1/c,14,monoclinic,4,C H N O,True
1555955,H15C13ClO,H60 C52 Cl4 O4,120,120,1063.0273,P2_12_12_1,19,orthorhombic,4,C Cl H O,True
1556185,H17C17BrO4,H34 C34 Br2 O8,78,78,809.2675,P-1,2,triclinic,4,Br C H O,True
1556219,H13C9N2ClO,H52 C36 N8 Cl4 O4,104,104,994.6904,P2_1/c,14,monoclinic,5,C Cl H N O,True
1556403,H22C21SO2,H44 C42 S2 O4,92,92,920.0083,P-1,2,triclinic,4,C H O S,True
1556408,RbBrF4,Rb4 Br4 F16,24,12,454.9516,I4/mcm,140,tetragonal,3,Br F Rb,False
1556446,H11C4I3N,H22 C8 I6 N2,38,38,523.459,P-1,2,triclinic,4,C H I N,True
1556577,H5C2NO2,H20 C8 N4 O8,40,40,336.9906,P2_1/c,14,monoclinic,4,C H N O,True
1556706,CuH16C10N4(ClO)2,Cu2 H32 C20 N8 Cl4 O4,70,70,732.011,P-1,2,triclinic,6,C Cl Cu H N O,True
1556722,H15C19NO,H60 C76 N4 O4,144,144,1434.5748,P2_12_12_1,19,orthorhombic,4,C H N O,True
1556935,H27C26SN3O,H54 C52 S2 N6 O2,116,116,1123.2749,P-1,2,triclinic,5,C H N O S,True
1557196,H7C10,H28 C40,68,68,654.5427,P-1,2,triclinic,2,C H,True
1557375,H26C17O5,H52 C34 O10,96,96,789.3259,P2_1,4,monoclinic,3,C H O,True
1557391,Al4SiC4,Al8 Si2 C8,18,18,201.5994,P6_3mc,186,hexagonal,3,Al C Si,True
1557487,H27C22(NO)3,H54 C44 N6 O6,110,110,978.6807,P-1,2,triclinic,4,C H N O,True
1557521,H11C5NO2,H44 C20 N4 O8,76,76,606.0314,P2_1,4,monoclinic,4,C H N O,True
1557748,H15C26N5O,H30 C52 N10 O2,94,94,938.451,P-1,2,triclinic,4,C H N O,True
1558087,H8C5(NO)2,H32 C20 N8 O8,68,68,676.5343,P2_12_12_1,19,orthorhombic,4,C H N O,True
1558110,Zn3Fe2(SeO3)6,Zn6 Fe4 Se12 O36,58,58,796.5362,P2_1/c,14,monoclinic,4,Fe O Se Zn,False
1558122,H23C22S2I(NCl)2,H46 C44 S4 I2 N4 Cl4,104,104,1203.5025,P-1,2,triclinic,6,C Cl H I N S,True
1558146,H18C23N2O3,H36 C46 N4 O6,92,92,1047.2399,P-1,2,triclinic,4,C H N O,True
1558193,Zn2GaCuS4,Zn4 Ga2 Cu2 S8,16,8,304.4641,I-42m,121,tetragonal,4,Cu Ga S Zn,False
1558380,H7C16N2O,H14 C32 N4 O2,52,52,562.8385,P-1,2,triclinic,4,C H N O,True
1558442,CoH8C10(Br2N)2,Co2 H16 C20 Br8 N4,50,50,727.1554,P-1,2,triclinic,5,Br C Co H N,True
1558506,H22C15O4,H44 C30 O8,82,82,680.8182,P2_1,4,monoclinic,3,C H O,True
1558517,Na3V(SO4)3,Na18 V6 S18 O72,114,38,1421.9234,R-3,148,trigonal,4,Na O S V,False
1558679,H7C12SO2,H28 C48 S4 O8,88,88,937.261,P-1,2,triclinic,4,C H O S,True
1558751,BPH45RhC25NCl,B2 P2 H90 Rh2 C50 N2 Cl2,150,150,1353.4074,P-1,2,triclinic,7,B C Cl H N P Rh,True
1558796,AgH10C10N3O5,Ag2 H20 C20 N6 O10,58,58,591.5096,P-1,2,triclinic,5,Ag C H N O,True
1558885,H18Pt(C11N3)2,H36 Pt2 C44 N12,94,94,968.7081,P2_1/c,14,monoclinic,4,C H N Pt,True
1558964,H15C6SNO5,H60 C24 S4 N4 O20,112,112,958.9447,P2_1/c,14,monoclinic,5,C H N O S,True
1559050,H17C19NO2,H34 C38 N2 O4,78,78,757.1512,P2_1,4,monoclinic,4,C H N O,True
1559074,H19C27NF2,H38 C54 N2 F4,98,98,979.0303,P-1,2,triclinic,4,C F H N,True
1559183,H(C2O)2,H8 C32 O16,56,56,803.0729,P2_1/c,14,monoclinic,3,C H O,True
1559259,H16C16O5,H32 C32 O10,74,74,717.4647,P-1,2,triclinic,3,C H O,True
1559296,H8C9N2,H32 C36 N8,76,76,777.6143,P2_12_12_1,19,orthorhombic,3,C H N,True
1559419,H17(C5O)2,H34 C20 O4,58,58,477.2883,P-1,2,triclinic,3,C H O,True
1559518,H26C22N8O9,H52 C44 N16 O18,130,130,1211.2355,P-1,2,triclinic,4,C H N O,True
1559655,H14C17O4,H56 C68 O16,140,140,1336.2776,P2_1/c,14,monoclinic,3,C H O,True
1559743,H9C16N,H36 C64 N4,104,104,1050.2401,P-1,2,triclinic,3,C H N,True
1559805,H38C25O2,H76 C50 O4,130,130,1124.622,P2_1,4,monoclinic,3,C H O,True
1559847,H14C8O5,H56 C32 O20,108,108,919.3642,P2_12_12_1,19,orthorhombic,3,C H O,True
1559890,H34C26S(NO3)2,H68 C52 S2 N4 O12,138,138,1281.9211,P2_1,4,monoclinic,5,C H N O S,True
1560044,H13C12N3O4,H52 C48 N12 O16,128,64,1255.9201,C2/c,15,monoclinic,4,C H N O,True
1560067,H24C36N5(ClO)2,H48 C72 N10 Cl4 O4,138,138,1442.3938,P-1,2,triclinic,5,C Cl H N O,True
1560187,H4C4NO,H16 C16 N4 O4,40,40,367.5397,P-1,2,triclinic,4,C H N O,True
1560189,H11C9NO3,H44 C36 N4 O12,96,96,866.2395,P2_1/c,14,monoclinic,4,C H N O,True
1560273,H6RuC5N4Cl3O2,H24 Ru4 C20 N16 Cl12 O8,84,84,983.807,P2_1/c,14,monoclinic,6,C Cl H N O Ru,True
1560371,BH15C9(N3F2)2,B4 H60 C36 N24 F16,140,70,1278.388,C2/m,12,monoclinic,5,B C F H N,True
1560397,Eu2H5C15O13,Eu4 H10 C30 O26,70,70,758.2477,P-1,2,triclinic,4,C Eu H O,True
1560408,CdH9C6SN2O7,Cd4 H36 C24 S4 N8 O28,104,104,1043.1359,P2_1/c,14,monoclinic,6,C Cd H N O S,True
1560454,AgH13C9N4O3,Ag4 H52 C36 N16 O12,120,120,1141.0136,P2_1/c,14,monoclinic,5,Ag C H N O,True
1560491,LiMgH29(C14O5)2,Li2 Mg2 H58 C56 O20,138,138,1326.0327,P-1,2,triclinic,5,C H Li Mg O,True
1560526,Al4B2O9,Al32 B16 O72,120,60,1236.0654,C2/m,12,monoclinic,3,Al B O,False
1560577,Na3Sn2ClF6,Na18 Sn12 Cl6 F36,72,24,1241.5938,R-3c,167,trigonal,4,Cl F Na Sn,False
1560651,Na2Zn3(SeO3)4,Na8 Zn12 Se16 O48,84,42,1189.122,C2/c,15,monoclinic,4,Na O Se Zn,False
1560652,Rb2Zn3(SeO3)4,Rb8 Zn12 Se16 O48,84,84,1454.9626,P2_1/c,14,monoclinic,4,O Rb Se Zn,False
1560671,DyH16C20S2N4O11,Dy2 H32 C40 S4 N8 O22,108,108,1147.9144,P-1,2,triclinic,6,C Dy H N O S,True
1560819,GdP5O14,Gd4 P20 O56,80,80,999.6217,P2_1/c,14,monoclinic,3,Gd O P,False
1560863,NiH36C34(NO)2,Ni2 H72 C68 N4 O4,150,150,1328.9731,P2_1/c,14,monoclinic,5,C H N Ni O,True
1560889,GdP5O14,Gd4 P20 O56,80,80,1013.4652,P2_1/c,14,monoclinic,3,Gd O P,False
1560894,GdP5O14,Gd4 P20 O56,80,80,1007.8496,Pmna,53,orthorhombic,3,Gd O P,False
1560916,GdP5O14,Gd4 P20 O56,80,80,1008.1921,P2_1/c,14,monoclinic,3,Gd O P,False
1560920,GdP5O14,Gd4 P20 O56,80,80,1023.4144,P2_1/c,14,monoclinic,3,Gd O P,False
1561062,HgH4C2(N2Cl)2,Hg4 H16 C8 N16 Cl8,52,52,742.0844,P2_1/c,14,monoclinic,5,C Cl H Hg N,True
1561124,MnH5C4(NO2)3,Mn4 H20 C16 N12 O24,76,76,765.77,P2_1/c,14,monoclinic,5,C H Mn N O,True
1561209,CuH8C14N4(OF)4,Cu1 H8 C14 N4 O4 F4,35,35,386.827,P-1,2,triclinic,6,C Cu F H N O,True
1561258,Hg3H10C6(NCl2)4,Hg3 H10 C6 N4 Cl8,31,31,488.8559,P-1,2,triclinic,5,C Cl H Hg N,True
1561465,Na5Nd4Ge4O16F,Na10 Nd8 Ge8 O32 F2,60,30,824.8613,I-4,82,tetragonal,5,F Ge Na Nd O,False
1561564,BaLi2MnV2O8,Ba1 Li2 Mn1 V2 O8,14,14,176.8911,P-3,147,trigonal,5,Ba Li Mn O V,False
1561594,K3SmSi2O7,K18 Sm6 Si12 O42,78,78,1248.4721,P6_3/mcm,193,hexagonal,4,K O Si Sm,False
1561633,H12C14SN4O3,H48 C56 S4 N16 O12,136,136,1388.7667,P2_1/c,14,monoclinic,5,C H N O S,True
1561655,Co4H6Se4O15,Co8 H12 Se8 O30,58,58,646.1716,P2_1,4,monoclinic,4,Co H O Se,False
1561673,Ba3(InAs2)2,Ba12 In8 As16,36,18,1148.7705,C2/c,15,monoclinic,3,As Ba In,False
1561801,PrBi2Au,Pr2 Bi4 Au2,8,8,210.5617,P4/nmm,129,tetragonal,3,Au Bi Pr,False
1561870,HgAsSO3F7,Hg8 As8 S8 O24 F56,104,104,1485.8328,P2_1/c,14,monoclinic,5,As F Hg O S,False
1561984,CuH5C8N7O2,Cu2 H10 C16 N14 O4,46,46,528.2514,P-1,2,triclinic,5,C Cu H N O,True
1562127,H13C13ClO2,H26 C26 Cl2 O4,58,58,547.1805,P-1,2,triclinic,4,C Cl H O,True
1562185,MnH20C26(NO)7,Mn2 H40 C52 N14 O14,122,122,1263.8887,P-1,2,triclinic,5,C H Mn N O,True
1562204,CoTeMoO6,Co2 Te2 Mo2 O12,18,18,232.9136,P2_12_12,18,orthorhombic,4,Co Mo O Te,False
1562237,Ba3GeS5,Ba12 Ge4 S20,36,36,989.6237,Pnma,62,orthorhombic,3,Ba Ge S,False
1562296,MnP3H13C(NO3)2,Mn4 P12 H52 C4 N8 O24,104,104,917.4672,P2_1/c,14,monoclinic,6,C H Mn N O P,True
1562306,CoMo6H20C16(N3O11)2,Co1 Mo6 H20 C16 N6 O22,71,71,741.5731,P-1,2,triclinic,6,C Co H Mo N O,True
1562336,CuH20C20N6Cl2O5,Cu2 H40 C40 N12 Cl4 O10,108,108,1126.7617,P2/c,13,monoclinic,6,C Cl Cu H N O,True
1562380,H25C28SBrNClO4,H50 C56 S2 Br2 N2 Cl2 O8,122,122,1245.2095,P-1,2,triclinic,7,Br C Cl H N O S,True
1562446,BaFe2(P2O7)2,Ba1 Fe2 P4 O14,21,21,280.5381,P-1,2,triclinic,4,Ba Fe O P,False
1562524,EuH9C14S(NO4)2,Eu2 H18 C28 S2 N4 O16,70,70,719.3231,P-1,2,triclinic,6,C Eu H N O S,True
1562553,BH11C15BrNO2,B2 H22 C30 Br2 N2 O4,62,62,655.5338,Pc,7,monoclinic,6,B Br C H N O,True
1562647,Nd3GaFeS7,Nd6 Ga2 Fe2 S14,24,24,515.8302,P6_3,173,hexagonal,4,Fe Ga Nd S,False
1562703,VH11C10N3OF4,V2 H22 C20 N6 O2 F8,60,60,601.3753,P-1,2,triclinic,6,C F H N O V,True
1562726,Ba3(CdAs2)2,Ba6 Cd4 As8,18,9,532.0459,C2/m,12,monoclinic,3,As Ba Cd,False
1562759,CsCu2AsS3,Cs8 Cu16 As8 S24,56,56,1327.9801,Pbca,61,orthorhombic,4,As Cs Cu S,False
1562791,LiH3SO5,Li4 H12 S4 O20,40,40,423.158,Pna2_1,33,orthorhombic,4,H Li O S,False
1562822,Dy2Cu3H50C42(N3O20)2,Dy2 Cu3 H50 C42 N6 O40,143,143,1397.0976,P-1,2,triclinic,6,C Cu Dy H N O,True
1562860,Pr2AgH16C24NO17,Pr4 Ag2 H32 C48 N2 O34,122,122,1309.316,P-1,2,triclinic,6,Ag C H N O Pr,True
1562918,LiY3Si2(O4F)2,Li4 Y12 Si8 O32 F8,64,32,755.2803,C2/c,15,monoclinic,5,F Li O Si Y,False
1563016,BH11C4(NF2)2,B4 H44 C16 N8 F16,88,88,732.1716,Pc,7,monoclinic,5,B C F H N,True
1563038,CdH14C14(N2O)6,Cd2 H28 C28 N24 O12,94,94,966.3597,P2_1/c,14,monoclinic,5,C Cd H N O,True
1563045,MnH14C14(N2O)6,Mn2 H28 C28 N24 O12,94,94,950.6403,P2_1/c,14,monoclinic,5,C H Mn N O,True
1563107,Cs2Al2B2O7,Cs4 Al4 B4 O14,26,26,416.5007,P2_1/c,14,monoclinic,4,Al B Cs O,False
1563152,SrAl2(SiO4)2,Sr4 Al8 Si8 O32,52,52,526.7135,P2_1/c,14,monoclinic,4,Al O Si Sr,False
1563205,CaO,Ca4 O4,8,2,114.5151,Fm-3m,225,cubic,2,Ca O,False
1563329,PrH7(C3O2)5,Pr2 H14 C30 O20,66,66,976.449,P-1,2,triclinic,4,C H O Pr,True
1563357,H7C15N4(ClO)2,H28 C60 N16 Cl8 O8,120,120,1389.5521,P2_1/c,14,monoclinic,5,C Cl H N O,True
1563382,BaAsHO4,Ba12 As12 H12 O48,84,84,1210.5103,P2_1,4,monoclinic,4,As Ba H O,False
1563570,EuSi2Pt,Eu4 Si8 Pt4,16,8,307.3084,Cmcm,63,orthorhombic,3,Eu Pt Si,False
1563680,NpSeO,Np2 Se2 O2,6,6,103.8326,P4/nmm,129,tetragonal,3,Np O Se,False
1563703,CeBS3,Ce4 B4 S12,20,20,408.9064,Pna2_1,33,orthorhombic,3,B Ce S,False
1563760,Bi2B8O15,Bi4 B16 O30,50,50,602.411,P-1,2,triclinic,3,B Bi O,False
1563826,SnH25C28NO3,Sn2 H50 C56 N2 O6,116,116,1203.5731,P2_1,4,monoclinic,5,C H N O Sn,True
1563944,H15C17NO4,H30 C34 N2 O8,74,74,753.4814,P2_1,4,monoclinic,4,C H N O,True
1564157,BiH12C6Br4N3O4,Bi2 H24 C12 Br8 N6 O8,60,60,807.4091,P-1,2,triclinic,6,Bi Br C H N O,True
1564335,SiH22C24NClO,Si2 H44 C48 N2 Cl2 O2,100,100,1071.6527,P-1,2,triclinic,6,C Cl H N O Si,True
1564437,ZnH21C22N3Cl2,Zn2 H42 C44 N6 Cl4,98,98,1035.5805,P-1,2,triclinic,5,C Cl H N Zn,True
1564757,NiH11C13NO6,Ni4 H44 C52 N4 O24,128,128,1257.2003,P2_1/c,14,monoclinic,5,C H N Ni O,True
1564758,ZnH11C13NO6,Zn4 H44 C52 N4 O24,128,128,1284.4559,P2_1/c,14,monoclinic,5,C H N O Zn,True
1564802,H29C23ClO5,H58 C46 Cl2 O10,116,116,1080.5807,P1,1,triclinic,4,C Cl H O,True
1564818,NiP3H16C3NO12,Ni4 P12 H64 C12 N4 O48,144,144,1286.9062,P2_1/c,14,monoclinic,6,C H N Ni O P,True
1564832,Na4MnP3H32C3NO22,Na8 Mn2 P6 H64 C6 N2 O44,132,132,1260.47,P-1,2,triclinic,7,C H Mn N Na O P,True
1564882,CuH28C18S4N8O9,Cu2 H56 C36 S8 N16 O18,136,136,1341.3867,P-1,2,triclinic,6,C Cu H N O S,True
1564948,H7C10O,H56 C80 O8,144,144,1245.7265,Pna2_1,33,orthorhombic,3,C H O,True
1564949,H7C10O,H56 C80 O8,144,144,1213.3207,P2_1/c,14,monoclinic,3,C H O,True
1565113,H36C27O10,H72 C54 O20,146,146,1240.6636,P2_1,4,monoclinic,3,C H O,True
1565122,H14C15S,H56 C60 S4,120,120,1167.9003,P1,1,triclinic,3,C H S,True
1565177,H27C21N8ClO2,H54 C42 N16 Cl2 O4,118,118,1173.0665,P2_1,4,monoclinic,5,C Cl H N O,True
1565227,H15C10SNO2,H30 C20 S2 N2 O4,58,58,540.68,P2_1,4,monoclinic,5,C H N O S,True
1565240,Fe2PH20C25S2NCl2O5,Fe4 P2 H40 C50 S4 N2 Cl4 O10,116,116,1417.1665,P-1,2,triclinic,8,C Cl Fe H N O P S,True
1565263,LiMnPS4,Li4 Mn4 P4 S16,28,28,560.0387,Pnma,62,orthorhombic,4,Li Mn P S,False
1565340,H14C21IN(Cl2O)2,H28 C42 I2 N2 Cl8 O4,86,86,1142.0171,P1,1,triclinic,6,C Cl H I N O,True
1565374,H12C16SN2Cl4O,H24 C32 S2 N4 Cl8 O2,72,72,956.3667,P-1,2,triclinic,6,C Cl H N O S,True
1565565,H17C22N2OF3,H34 C44 N4 O2 F6,90,90,946.698,P2_1,4,monoclinic,5,C F H N O,True
1565661,H14C13SO4,H28 C26 S2 O8,64,64,589.8997,P2_1,4,monoclinic,4,C H O S,True
1565686,CdH34C26(NO)4,Cd2 H68 C52 N8 O8,138,138,1312.3363,P-1,2,triclinic,5,C Cd H N O,True
1565822,H20C23INO2,H40 C46 I2 N2 O4,94,94,986.3089,P1,1,triclinic,5,C H I N O,True
1565869,H2C4N5Cl,H8 C16 N20 Cl4,48,48,619.4438,P2_12_12_1,19,orthorhombic,4,C Cl H N,True
1565873,H2C4N5Cl,H8 C16 N20 Cl4,48,48,613.6381,P2_12_12_1,19,orthorhombic,4,C Cl H N,True
1565874,H2C4N5Cl,H8 C16 N20 Cl4,48,48,627.54,P2_12_12_1,19,orthorhombic,4,C Cl H N,True
1565934,MgH2SO5,Mg4 H8 S4 O20,36,18,353.967,C2/c,15,monoclinic,4,H Mg O S,False
1565958,CoH2SO5,Co4 H8 S4 O20,36,18,355.0276,C2/c,15,monoclinic,4,Co H O S,False
1565964,NiH2SO5,Ni4 H8 S4 O20,36,18,341.9804,C2/c,15,monoclinic,4,H Ni O S,False
1566069,KMoH4C6NO9,K4 Mo4 H16 C24 N4 O36,88,88,1172.6464,P2_1/c,14,monoclinic,6,C H K Mo N O,True
1566171,H6C11(NO)2,H24 C44 N8 O8,84,84,857.5064,Pc,7,monoclinic,4,C H N O,True
1566189,H26C12NClO11,H52 C24 N2 Cl2 O22,102,102,855.607,P2_1,4,monoclinic,5,C Cl H N O,True
1566270,CuMo2H32C20N8O7,Cu1 Mo2 H32 C20 N8 O7,70,70,721.227,P-1,2,triclinic,6,C Cu H Mo N O,True
1566376,CoH19C15N3Cl2O,Co2 H38 C30 N6 Cl4 O2,82,82,815.7971,P-1,2,triclinic,6,C Cl Co H N O,True
1566408,H16C15O2,H64 C60 O8,132,66,1152.9439,Cc,9,monoclinic,3,C H O,True
1566410,H18C16O,H72 C64 O4,140,140,1206.7794,P2_1/c,14,monoclinic,3,C H O,True
1566449,H7C3NO2,H28 C12 N4 O8,52,52,421.0675,P2_12_12_1,19,orthorhombic,4,C H N O,True
1566477,MgH18(C4O7)2,Mg2 H36 C16 O28,82,82,771.2144,P2_1/c,14,monoclinic,4,C H Mg O,True
1566496,H12(CO)5,H48 C20 O20,88,88,656.3053,P2_12_12_1,19,orthorhombic,3,C H O,True
1566510,H4CN2O,H8 C2 N4 O2,16,16,145.8006,P-42_1m,113,tetragonal,4,C H N O,True
1566837,H17C22N3,H34 C44 N6,84,84,844.4453,P-1,2,triclinic,3,C H N,True
1566874,H7C8NO,H56 C64 N8 O8,136,136,1339.6726,P2/c,13,monoclinic,4,C H N O,True
1566878,H8C12SIClO3,H32 C48 S4 I4 Cl4 O12,104,104,1271.9024,P-1,2,triclinic,6,C Cl H I O S,True
1566921,H14C15O2,H56 C60 O8,124,124,1221.5908,P-1,2,triclinic,3,C H O,True
1566961,H4C12INOF2,H8 C24 I2 N2 O2 F4,42,42,519.2516,P-1,2,triclinic,6,C F H I N O,True
1567165,H7C8O,H56 C64 O8,128,128,1211.6483,P2_12_12_1,19,orthorhombic,3,C H O,True
1567166,H4C4O,H48 C48 O12,108,108,987.9204,P2_12_12_1,19,orthorhombic,3,C H O,True
1567179,H10PbC12(SO)2,H20 Pb2 C24 S4 O4,54,54,597.3725,P2_1/c,14,monoclinic,5,C H O Pb S,True
1567283,H16C15(NO)2,H32 C30 N4 O4,70,70,636.1251,P2_1/m,11,monoclinic,4,C H N O,True
1567472,H8C12S,H32 C48 S4,84,84,895.5432,P2_1/c,14,monoclinic,3,C H S,True
1567607,H6C4N3ClO2,H24 C16 N12 Cl4 O8,64,64,701.3498,P2_1/c,14,monoclinic,5,C Cl H N O,True
1567608,H29C23N,H58 C46 N2,106,106,968.4704,P2_1,4,monoclinic,3,C H N,True
1567611,H14C23SI2N(OF)3,H28 C46 S2 I4 N2 O6 F6,94,94,1155.2298,P-1,2,triclinic,7,C F H I N O S,True
1567719,H11C14SNO,H44 C56 S4 N4 O4,112,112,1194.6229,P2_1/c,14,monoclinic,5,C H N O S,True
1567948,H27C27SNO3,H54 C54 S2 N2 O6,118,118,1121.158,Pc,7,monoclinic,5,C H N O S,True
1567986,ZnH9C8N5O2,Zn4 H36 C32 N20 O8,100,100,1010.721,P2_12_12_1,19,orthorhombic,5,C H N O Zn,True
1567990,H13C8(NO2)3,H52 C32 N12 O24,120,120,1051.2988,P2_12_12_1,19,orthorhombic,4,C H N O,True
1568105,ReH5C9NClO6,Re2 H10 C18 N2 Cl2 O12,46,46,593.6801,P-1,2,triclinic,6,C Cl H N O Re,True
1568131,H8C8SN2O3,H32 C32 S4 N8 O12,88,88,942.3765,P2_1/c,14,monoclinic,5,C H N O S,True
1568414,H15C16NO3,H30 C32 N2 O6,70,70,651.1492,Pc,7,monoclinic,4,C H N O,True
1568688,SiH29C30NO2,Si2 H58 C60 N2 O4,126,126,1249.9958,P2_1,4,monoclinic,5,C H N O Si,True
1568781,H13C17O2F3,H52 C68 O8 F12,140,140,1421.4812,P-1,2,triclinic,4,C F H O,True
1568799,Si2BiH24C18Br2N3,Si4 Bi2 H48 C36 Br4 N6,100,100,1314.5182,P-1,2,triclinic,6,Bi Br C H N Si,True
1568894,H15C18NO,H60 C72 N4 O4,140,140,1370.4667,P2_12_12_1,19,orthorhombic,4,C H N O,True
1569044,Ag3H18C37N7OF18,Ag3 H18 C37 N7 O1 F18,84,84,965.2225,P1,1,triclinic,6,Ag C F H N O,True
1569082,B5H14C3N3O10,B20 H56 C12 N12 O40,140,140,1297.0341,P2_1/c,14,monoclinic,5,B C H N O,True
1569205,ZnH13C12N3O5,Zn4 H52 C48 N12 O20,136,136,1279.4189,P2_1/c,14,monoclinic,5,C H N O Zn,True
1569256,PH13C8IN,P4 H52 C32 I4 N4,96,96,1093.5741,Pnma,62,orthorhombic,5,C H I N P,True
1569347,H29C38S2N2(ClO3)2,H29 C38 S2 N2 Cl2 O6,79,79,873.536,P1,1,triclinic,6,C Cl H N O S,True
1569407,H9C11NO3,H36 C44 N4 O12,96,96,1002.7058,P-1,2,triclinic,4,C H N O,True
1569698,CdH11C4I3N2,Cd4 H44 C16 I12 N8,84,42,1206.881,Cc,9,monoclinic,5,C Cd H I N,True
1570010,H3C7N9O10,H12 C28 N36 O40,116,116,1371.5789,P2_1/c,14,monoclinic,4,C H N O,True
1570015,H2C7IN4Cl,H8 C28 I4 N16 Cl4,60,60,860.4668,P2_1/c,14,monoclinic,5,C Cl H I N,True
1570076,ZnH18C30N2(ClO2)2,Zn2 H36 C60 N4 Cl4 O8,114,114,1264.91,P2/c,13,monoclinic,6,C Cl H N O Zn,True
1570125,H3C9(OF)2,H12 C36 O8 F8,64,64,667.6088,P-1,2,triclinic,4,C F H O,True
1570140,H14C13N2O3,H56 C52 N8 O12,128,128,1242.0187,P-1,2,triclinic,4,C H N O,True
1570142,BH4C3IN2,B4 H16 C12 I4 N8,44,44,572.2794,P-1,2,triclinic,5,B C H I N,True
1570244,H9(C5S)2,H18 C20 S4,42,42,432.5461,P-1,2,triclinic,3,C H S,True
1570258,H18C15O4,H36 C30 O8,74,74,675.6531,P2_1,4,monoclinic,3,C H O,True
1570329,H6C7BrO3F,H24 C28 Br4 O12 F4,72,72,781.0207,P2_12_12_1,19,orthorhombic,5,Br C F H O,True
1570439,H10C4O,H40 C16 O4,60,60,431.321,P2_1/c,14,monoclinic,3,C H O,True
1570732,GeH18C14I4(NF)2,Ge2 H36 C28 I8 N4 F4,82,82,1111.0355,P2_1/c,14,monoclinic,6,C F Ge H I N,True
1570998,Al3P3H7C4N2O12F,Al6 P6 H14 C8 N4 O24 F2,64,64,761.6261,P-1,2,triclinic,7,Al C F H N O P,True
1571017,Si4H27C10O,Si8 H54 C20 O2,84,84,871.508,P-1,2,triclinic,4,C H O Si,True
1571128,H12C13(NO2)2,H48 C52 N8 O16,124,62,1209.6198,C2/c,15,monoclinic,4,C H N O,True
1571170,H10C13BrNO2,H40 C52 Br4 N4 O8,108,108,1117.9974,P2_1/c,14,monoclinic,5,Br C H N O,True
1571248,H22C18N2O3,H44 C36 N4 O6,90,90,813.8109,P-1,2,triclinic,4,C H N O,True
1571296,H15C17N3O4,H30 C34 N6 O8,78,78,756.9552,P2_1,4,monoclinic,4,C H N O,True
1571415,H7C12IBrCl,H14 C24 I2 Br2 Cl2,44,44,589.1294,P-1,2,triclinic,5,Br C Cl H I,True
1571697,H17C18NO2,H34 C36 N2 O4,76,76,671.0571,P2_1/m,11,monoclinic,4,C H N O,True
1571722,LiH12C10(NO2)3,Li2 H24 C20 N6 O12,64,64,638.5856,P-1,2,triclinic,5,C H Li N O,True
1571736,H19C15NO2,H38 C30 N2 O4,74,74,680.6686,P-1,2,triclinic,4,C H N O,True
1572043,P3H32C19N,P6 H64 C38 N2,110,110,1047.7502,P-1,2,triclinic,4,C H N P,True
1572294,P3H24C21NO6,P6 H48 C42 N2 O12,110,110,1192.6487,P3c1,158,trigonal,5,C H N O P,True
1572515,H9C10SN4ClO4,H36 C40 S4 N16 Cl4 O16,116,116,1290.0241,P2_1/c,14,monoclinic,6,C Cl H N O S,True
1572546,HfSiH39C29N3,Hf2 Si2 H78 C58 N6,146,146,1408.6843,P-1,2,triclinic,5,C H Hf N Si,True
1572880,H20C26BrNO4,H40 C52 Br2 N2 O8,104,104,1069.956,P-1,2,triclinic,5,Br C H N O,True
1572963,Mg32Si16O65,Mg32 Si16 O65,113,113,1162.8258,P1,1,triclinic,3,Mg O Si,False
1572967,Mg2SiO4,Mg8 Si4 O16,28,28,290.0498,Pnma,62,orthorhombic,3,Mg O Si,False
1573366,H12C11Br(NO)3,H48 C44 Br4 N12 O12,120,60,1231.2233,Cc,9,monoclinic,5,Br C H N O,True
1573403,H19C16N3,H38 C32 N6,76,76,674.2183,P2_1,4,monoclinic,3,C H N,True
1573569,H14C15Br(NO)3,H56 C60 Br4 N12 O12,144,144,1424.0881,P2_1/c,14,monoclinic,5,Br C H N O,True
1573716,H11C10SeBrO,H44 C40 Se4 Br4 O4,96,96,1026.717,P2_1/c,14,monoclinic,5,Br C H O Se,True
1573875,ZnH20C10S2(NO2)2,Zn2 H40 C20 S4 N4 O8,78,78,637.743,P2_1,4,monoclinic,6,C H N O S Zn,True
1573997,H18C23SN2O3,H36 C46 S2 N4 O6,94,94,981.562,P2_1,4,monoclinic,5,C H N O S,True
1574176,B10H26C26S,B20 H52 C52 S2,126,126,1226.2986,P-1,2,triclinic,4,B C H S,True
1574236,H9C11N2O,H36 C44 N8 O4,92,92,919.3107,P-1,2,triclinic,4,C H N O,True
1574315,H5C6N,H40 C48 N8,96,96,602.8739,P2_1/c,14,monoclinic,3,C H N,True
1574428,K5In14Se23Cl,K5 In14 Se23 Cl1,43,43,1309.0583,P1,1,triclinic,4,Cl In K Se,False
1574460,H15C15N4O3,H60 C60 N16 O12,148,148,1407.115,P2_1/c,14,monoclinic,4,C H N O,True
1574528,H7C3NO2,H28 C12 N4 O8,52,52,427.4218,P2_12_12_1,19,orthorhombic,4,C H N O,True
1574787,H10C11S2(NO)2,H40 C44 S8 N8 O8,108,108,1209.6482,P2_1/c,14,monoclinic,5,C H N O S,True
1574838,NaNO2,Na4 N4 O8,16,16,218.746,P4_32_12,96,tetragonal,3,N Na O,False
1574851,LiBr,Li16 Br16,32,8,916.6408,Fddd,70,orthorhombic,2,Br Li,False
1574882,UH20C19(NO3)4,U2 H40 C38 N8 O24,112,112,1142.6998,P-1,2,triclinic,5,C H N O U,True
1575106,H37C25SN3O4,H74 C50 S2 N6 O8,140,140,1269.6876,P2_1,4,monoclinic,5,C H N O S,True
1575167,H6C7N4O13,H24 C28 N16 O52,120,120,1248.8654,P2_1/c,14,monoclinic,4,C H N O,True
1575192,H24PbC24(I2N)2,H48 Pb2 C48 I8 N4,110,110,1419.3183,P2_1/c,14,monoclinic,5,C H I N Pb,True
1575265,H16C17N4,H32 C34 N8,74,74,689.7352,P2_1,4,monoclinic,3,C H N,True
1575266,H60AuC56N4(ClO5)2,H60 Au1 C56 N4 Cl2 O10,133,133,1290.3819,P-1,2,triclinic,6,Au C Cl H N O,True
1575279,H5C7S,H20 C28 S4,52,52,511.8567,P-1,2,triclinic,3,C H S,True
1575449,H20C27Br2,H40 C54 Br4,98,98,1073.01,P-1,2,triclinic,3,Br C H,True
1575547,Fe3H32C37Cl2,Fe6 H64 C74 Cl4,148,148,1456.33,P-1,2,triclinic,4,C Cl Fe H,True
1575664,SiBPH15C18I5,Si2 B2 P2 H30 C36 I10,82,82,1239.4849,P-1,2,triclinic,6,B C H I P Si,True
1575666,SiBH6C2SCl5,Si4 B4 H24 C8 S4 Cl20,64,64,1115.9722,P2_1/c,14,monoclinic,6,B C Cl H S Si,True
1575700,SnH12C4(NCl3)2,Sn2 H24 C8 N4 Cl12,50,50,681.5274,P2_1,4,monoclinic,5,C Cl H N Sn,True
1575701,SnH12C4(NCl3)2,Sn2 H24 C8 N4 Cl12,50,50,679.7837,P2_1,4,monoclinic,5,C Cl H N Sn,True
1575712,H9C13O3F,H36 C52 O12 F4,104,104,1021.1004,P2_12_12_1,19,orthorhombic,4,C F H O,True
1575832,H10C9(N2O)2,H40 C36 N16 O8,100,100,977.3172,Pna2_1,33,orthorhombic,4,C H N O,True
1575877,K3H4C6N3O11,K9 H12 C18 N9 O33,81,81,979.9066,P3_1,144,trigonal,5,C H K N O,True
1575981,SiH27C28NO3,Si2 H54 C56 N2 O6,120,120,1254.5534,P2_1,4,monoclinic,5,C H N O Si,True
1576129,H22PbC16I4(BrN)2,H44 Pb2 C32 I8 Br4 N4,94,94,1278.7695,P2_1/c,14,monoclinic,6,Br C H I N Pb,True
1576291,H15C16N3O,H60 C64 N12 O4,140,140,1316.9651,P2_12_12_1,19,orthorhombic,4,C H N O,True
1576374,BH21C27Se,B2 H42 C54 Se2,100,100,1037.3409,P-1,2,triclinic,4,B C H Se,True
1577057,MnH18C6(NCl2)2,Mn4 H72 C24 N8 Cl16,124,124,1272.5092,P2_1/c,14,monoclinic,5,C Cl H Mn N,True
1577058,MnH18C6(NCl2)2,Mn4 H72 C24 N8 Cl16,124,124,1274.7396,P2_1/c,14,monoclinic,5,C Cl H Mn N,True
1577060,MnH18C6(NCl2)2,Mn2 H36 C12 N4 Cl8,62,62,695.269,P2_1/c,14,monoclinic,5,C Cl H Mn N,True
1577133,H23C24NO2,H46 C48 N2 O4,100,100,927.2037,P2_1,4,monoclinic,4,C H N O,True
1577180,H14(C5O)3,H28 C30 O6,64,64,592.6979,P2_1,4,monoclinic,3,C H O,True
1577234,H16C11SO5,H64 C44 S4 O20,132,132,1293.8328,P2_12_12_1,19,orthorhombic,4,C H O S,True
1577280,H13C12SN2ClO2,H52 C48 S4 N8 Cl4 O8,124,124,1258.5677,P2_1/c,14,monoclinic,6,C Cl H N O S,True
1577447,LuH9(CO)9,Lu4 H36 C36 O36,112,112,1046.9914,P2_1/c,14,monoclinic,4,C H Lu O,True
2000233,H10C11O2,H40 C44 O8,92,92,866.6332,P2_1/c,14,monoclinic,3,C H O,True
2000244,NiH12(BrO6)2,Ni4 H48 Br8 O48,108,108,1092.3133,Pa-3,205,cubic,4,Br H Ni O,False
2000274,MnH10(C2O3)2,Mn6 H60 C24 O36,126,126,1238.8075,P2_1/c,14,monoclinic,4,C H Mn O,True
2000337,BiMoO2,Bi8 Mo8 O16,32,16,321.8205,I4_1/amd,141,tetragonal,3,Bi Mo O,False
2000390,H12C13O3,H48 C52 O12,112,112,1093.9578,Pna2_1,33,orthorhombic,3,C H O,True
2000391,H8C10N2O,H32 C40 N8 O4,84,84,823.957,P2_12_12_1,19,orthorhombic,4,C H N O,True
2000492,H16C19S3Br(NO)2,H32 C38 S6 Br2 N4 O4,86,86,932.9089,P-1,2,triclinic,6,Br C H N O S,True
2000582,HIO3,H4 I4 O12,20,20,252.5859,P2_12_12_1,19,orthorhombic,3,H I O,False
2000619,H12C9N4O3,H24 C18 N8 O6,56,56,515.7278,P-1,2,triclinic,4,C H N O,True
2000632,H14C9NClO6,H28 C18 N2 Cl2 O12,62,62,601.9318,P-1,2,triclinic,5,C Cl H N O,True
2000640,PH15C15O,P4 H60 C60 O4,128,128,1323.8896,P-1,2,triclinic,4,C H O P,True
2000721,H6C8O,H24 C32 O4,60,60,607.593,P2_1,4,monoclinic,3,C H O,True
2000722,H15C16NO5,H30 C32 N2 O10,74,74,675.4797,P-1,2,triclinic,4,C H N O,True
2000724,H6C10SN,H24 C40 S4 N4,72,72,763.9433,P2_1/c,14,monoclinic,4,C H N S,True
2000811,GeH11C4NO4,Ge4 H44 C16 N4 O16,84,84,709.7485,P2_1/c,14,monoclinic,5,C Ge H N O,True
2000837,H20C16N2O3,H40 C32 N4 O6,82,82,787.07,P2_1,4,monoclinic,4,C H N O,True
2000853,H13C11SO2F,H52 C44 S4 O8 F4,112,112,1142.0682,P2_12_12_1,19,orthorhombic,5,C F H O S,True
2000876,H16C15SO3,H64 C60 S4 O12,140,140,1396.754,P-1,2,triclinic,4,C H O S,True
2000877,H13C14NO3F2,H52 C56 N4 O12 F8,132,132,1258.2238,P2_1/c,14,monoclinic,5,C F H N O,True
2001118,H10C7S5,H40 C28 S20,88,88,1048.5895,P2_1/c,14,monoclinic,3,C H S,True
2001132,Ca2P2O7,Ca16 P16 O56,88,88,1079.369,P4_1,76,tetragonal,3,Ca O P,False
2001254,H8C11NClO3,H32 C44 N4 Cl4 O12,96,96,1050.9582,P2_1/c,14,monoclinic,5,C Cl H N O,True
2001346,H14C13O2,H56 C52 O8,116,116,1054.616,P2_1/c,14,monoclinic,3,C H O,True
2001365,USeO,U2 Se2 O2,6,6,104.8526,P4/nmm,129,tetragonal,3,O Se U,False
2001377,FeH12C8N(ClO2)2,Fe4 H48 C32 N4 Cl8 O16,112,112,1138.5369,P2_1/c,14,monoclinic,6,C Cl Fe H N O,True
2001392,H13C9NO3,H52 C36 N4 O12,104,104,904.6372,P2_1/c,14,monoclinic,4,C H N O,True
2001470,H13C19NO,H52 C76 N4 O4,136,136,1330.8493,P2_1/c,14,monoclinic,4,C H N O,True
2001471,H18C13O2,H36 C26 O4,66,66,514.0661,P-1,2,triclinic,3,C H O,True
2001486,NiH22C6N4(ClO)2,Ni4 H88 C24 N16 Cl8 O8,148,148,1317.1363,P2_1/c,14,monoclinic,6,C Cl H N Ni O,True
2001494,Sr2RuO4,Sr4 Ru2 O8,14,7,190.8364,I4/mmm,139,tetragonal,3,O Ru Sr,False
2001528,K2NiH12(C2O7)2,K4 Ni2 H24 C8 O28,66,66,680.2715,P2_1/c,14,monoclinic,5,C H K Ni O,True
2001581,H10C9N2(ClO)2,H40 C36 N8 Cl8 O8,100,100,1118.9573,Pca2_1,29,orthorhombic,5,C Cl H N O,True
2001634,H16C29S3N5O2,H32 C58 S6 N10 O4,110,110,1322.6469,P-1,2,triclinic,5,C H N O S,True
2001653,H11C14NO3,H22 C28 N2 O6,58,58,553.7645,P-1,2,triclinic,4,C H N O,True
2001677,H14C11NClO3,H56 C44 N4 Cl4 O12,120,120,1226.0542,P2_12_12_1,19,orthorhombic,5,C Cl H N O,True
2001682,H16C17(N3O2)2,H32 C34 N12 O8,86,86,770.8641,P-1,2,triclinic,4,C H N O,True
2001688,H28C28N9O10,H56 C56 N18 O20,150,150,1454.1673,P2_1,4,monoclinic,4,C H N O,True
2001700,SrH4(ClO)2,Sr4 H16 Cl8 O8,36,18,476.3162,C2/c,15,monoclinic,4,Cl H O Sr,False
2001705,H10PdC8Br2N6(Cl2O)2,H10 Pd1 C8 Br2 N6 Cl4 O2,33,33,453.9443,P-1,2,triclinic,7,Br C Cl H N O Pd,True
2001761,CuH15C17N3ClO6,Cu2 H30 C34 N6 Cl2 O12,86,86,891.4412,P-1,2,triclinic,6,C Cl Cu H N O,True
2001835,H13C16IN2O,H26 C32 I2 N4 O2,66,66,714.1949,P-1,2,triclinic,5,C H I N O,True
2001893,H12C9(NO)2,H36 C27 N6 O6,75,75,720.0175,R3,146,trigonal,4,C H N O,True
2001894,H10C13N2O3,H20 C26 N4 O6,56,56,571.4916,P-1,2,triclinic,4,C H N O,True
2001903,H30Ir2Pt(NCl)10,H60 Ir4 Pt2 N20 Cl20,106,53,1173.6427,C2/m,12,monoclinic,5,Cl H Ir N Pt,False
2001912,H13C18NO2,H52 C72 N4 O8,136,136,1386.8534,P2_12_12_1,19,orthorhombic,4,C H N O,True
2001928,H7C4NO,H56 C32 N8 O8,104,104,870.6337,P2_12_12_1,19,orthorhombic,4,C H N O,True
2001962,H5C9BrO2,H20 C36 Br4 O8,68,68,826.546,P2_1/c,14,monoclinic,4,Br C H O,True
2001978,Si3H27C11,Si6 H54 C22,82,82,801.7511,P-1,2,triclinic,3,C H Si,True
2002021,H9C7O,H36 C28 O4,68,68,591.4531,P-1,2,triclinic,3,C H O,True
2002025,Pr2P3(HO2)5,Pr8 P12 H20 O40,80,80,949.4631,P2_1/c,14,monoclinic,4,H O P Pr,False
2002038,H2C2NO,H16 C16 N8 O8,48,48,455.9116,P2_1/c,14,monoclinic,4,C H N O,True
2002041,H8C5NClO,H64 C40 N8 Cl8 O8,128,128,1283.1082,P2_1/c,14,monoclinic,5,C Cl H N O,True
2002126,Sr4Cr3O9,Sr12 Cr9 O27,48,48,630.7999,P3,143,trigonal,3,Cr3.33+ O2- Sr2+,False
2002131,Sr3Cr2O8,Sr9 Cr6 O24,39,13,541.7451,R-3m,166,trigonal,3,Cr5+ O2- Sr2+,False
2002208,Ca2GaFeO5,Ca8 Ga4 Fe4 O20,36,36,443.3414,Pnma,62,orthorhombic,4,Ca2+ Fe3+ Ga3+ O2-,False
2002219,Bi2PdO4,Bi8 Pd4 O16,28,14,439.3704,I4cm,108,tetragonal,3,Bi3+ O2- Pd2+,False
2002246,CaLu2O4,Ca4 Lu8 O16,28,28,372.0861,Pnma,62,orthorhombic,3,Ca2+ Lu3+ O2-,False
2002248,La2Zr2O7,La16 Zr16 O56,88,22,1254.8195,Fd-3m,227,cubic,3,La3+ O2- Zr4+,False
2002284,SrAl2O4,Sr4 Al8 O16,28,28,383.7974,P2_1,4,monoclinic,3,Al3+ O2- Sr2+,False
2002297,Ga2PbO4,Ga4 Pb2 O8,14,14,210.9176,P1,1,triclinic,3,Ga3+ O2- Pb2+,False
2002341,Sr7Nb6O21,Sr21 Nb18 O63,102,34,1346.5391,R-3,148,trigonal,4,Nb4+ Nb5+ O2- Sr2+,False
2002381,BaTm2NiO5,Ba2 Tm4 Ni2 O10,18,9,241.3962,Immm,71,orthorhombic,4,Ba2+ Ni2+ O2- Tm3+,False
2002426,BaHo2CoO5,Ba4 Ho8 Co4 O20,36,36,495.1415,Pnma,62,orthorhombic,4,Ba2+ Co2+ Ho3+ O2-,False
2002428,BaEr2CoO5,Ba2 Er4 Co2 O10,18,9,246.0675,Immm,71,orthorhombic,4,Ba2+ Co2+ Er3+ O2-,False
2002439,BaNd2CoO5,Ba2 Nd4 Co2 O10,18,9,267.6293,Immm,71,orthorhombic,4,Ba2+ Co2+ Nd3+ O2-,False
2002469,Ba3Tm4O9,Ba9 Tm12 O27,48,16,792.5759,R3,146,trigonal,3,Ba2+ O2- Tm3+,False
2002483,BaEu2NiO5,Ba2 Eu4 Ni2 O10,18,9,256.2411,Immm,71,orthorhombic,4,Ba2+ Eu3+ Ni2+ O2-,False
2002509,BaNd2ZnO5,Ba4 Nd8 Zn4 O20,36,18,530.0135,I4/mcm,140,tetragonal,4,Ba2+ Nd3+ O2- Zn2+,False
2002526,YCu(WO4)2,Y1 Cu1 W2 O8,12,12,151.0835,P1,1,triclinic,4,Cu+ O2- W6+ Y3+,False
2002589,Ba2Hg3(PdO2)7,Ba4 Hg6 Pd14 O28,52,26,717.2204,C2/m,12,monoclinic,5,Ba2+ Hg2+ O2- Pd2+ Pd4+,False
2002599,Ba3Dy4O9,Ba9 Dy12 O27,48,16,822.4723,R3,146,trigonal,3,Ba2+ Dy3+ O2-,False
2002624,KMg2V3(CuO6)2,K4 Mg8 V12 Cu8 O48,80,40,985.0329,C2/c,15,monoclinic,5,Cu2+ K+ Mg2+ O2- V5+,False
2002626,Ho2Be2SiO7,Ho4 Be4 Si2 O14,24,24,252.5084,P-42_1m,113,tetragonal,4,Be2+ Ho3+ O2- Si4+,False
2002662,TbCu(WO4)2,Tb6 Cu6 W12 O48,72,72,918.0557,P-1,2,triclinic,4,Cu+ O2- Tb3+ W6+,False
2002675,KCu3Ag(MoO4)4,K4 Cu12 Ag4 Mo16 O64,100,100,1457.9946,P2_1/c,14,monoclinic,5,Ag+ Cu2+ K+ Mo6+ O2-,False
2002764,KSrVO4,K4 Sr4 V4 O16,28,28,428.4031,Pnma,62,orthorhombic,4,K+ O2- Sr2+ V5+,False
2002784,Mg2V2CuO8,Mg4 V4 Cu2 O16,26,26,289.3511,P2_1/c,14,monoclinic,4,Cu2+ Mg2+ O2- V5+,False
2002799,TiB2,Ti1 B2,3,3,25.6551,P6/mmm,191,hexagonal,2,B2- Ti4+,False
2002815,RbV3Cd3O11,Rb4 V12 Cd12 O44,72,72,1024.1975,P2_1/c,14,monoclinic,4,Cd2+ O2- Rb+ V5+,False
2002874,MnV2O6,Mn2 V4 O12,18,9,204.9614,C2/m,12,monoclinic,3,Mn2+ O2- V5+,False
2002918,H8C6N6O5,H32 C24 N24 O20,100,100,894.2784,P2_1/c,14,monoclinic,4,C H N O,True
2002938,H2C8Cl2O3,H8 C32 Cl8 O12,60,30,799.2497,C2/c,15,monoclinic,4,C Cl H O,True
2002942,NaNbO3,Na8 Nb8 O24,40,20,486.948,Cmcm,63,orthorhombic,3,Na Nb O,False
2003004,P(W3O10)2,P4 W24 O80,108,108,1469.4284,P2_12_12_1,19,orthorhombic,3,O P W,False
2003007,TlP(HO2)2,Tl8 P8 H16 O32,64,64,855.8064,P2_1/c,14,monoclinic,4,H O P Tl,False
2003011,ThP4H24(CS)8,Th2 P8 H48 C16 S16,90,90,1266.5978,P4_22_12,94,tetragonal,5,C H P S Th,True
2003027,Li2Si2O5,Li8 Si8 O20,36,18,404.1665,Ccc2,37,orthorhombic,3,Li O Si,False
2003131,Sr2YbNbO6,Sr4 Yb2 Nb2 O12,20,20,276.587,P2_1/c,14,monoclinic,4,Nb O Sr Yb,False
2003155,KH18RuN6(ClO2)4,K3 H54 Ru3 N18 Cl12 O24,114,38,1148.3127,R-3m,166,trigonal,6,Cl H K N O Ru,False
2003158,RbH18RuN6(ClO2)4,Rb3 H54 Ru3 N18 Cl12 O24,114,38,1190.6834,R-3,148,trigonal,6,Cl H N O Rb Ru,False
2003162,CsCrH18N6(ClO2)4,Cs3 Cr3 H54 N18 Cl12 O24,114,38,1258.3451,R-3,148,trigonal,6,Cl Cr Cs H N O,False
2003216,KAlAs2O7,K2 Al2 As4 O14,22,22,293.3687,P-1,2,triclinic,4,Al As K O,False
2003317,H27C31NO5,H54 C62 N2 O10,128,128,1244.7015,P-1,2,triclinic,4,C H N O,True
2003373,NiP2H34C26S4(NO2)2,Ni1 P2 H34 C26 S4 N2 O4,73,73,783.8478,P-1,2,triclinic,7,C H N Ni O P S,True
2003427,H4C4BrN,H16 C16 Br4 N4,40,20,490.8475,C2/m,12,monoclinic,4,Br C H N,True
2003524,H20C10NClO3,H80 C40 N4 Cl4 O12,140,140,1220.1234,P2_1/c,14,monoclinic,5,C Cl H N O,True
2003586,H20C25O6,H40 C50 O12,102,102,1021.1821,P-1,2,triclinic,3,C H O,True
2003597,H33C29O5F7,H66 C58 O10 F14,148,148,1462.467,P1,1,triclinic,4,C F H O,True
2003656,H19C12SO,H76 C48 S4 O4,132,132,1172.086,P2_1/c,14,monoclinic,4,C H O S,True
2003691,H4C5O2,H16 C20 O8,44,44,409.75,P2_1/c,14,monoclinic,3,C H O,True
2003770,H16C10N3O4,H64 C40 N12 O16,132,132,1173.7928,P2_1/c,14,monoclinic,4,C H N O,True
2003837,H13C10NO2,H52 C40 N4 O8,104,104,1025.3719,P2_1/c,14,monoclinic,4,C H N O,True
2003851,H9C15SNO4,H18 C30 S2 N2 O8,60,60,646.7801,P-1,2,triclinic,5,C H N O S,True
2003863,H32C17NClO,H64 C34 N2 Cl2 O2,104,104,925.8774,P-1,2,triclinic,5,C Cl H N O,True
2003938,CdH18(C4N)2,Cd4 H72 C32 N8,116,116,1045.0423,Pnma,62,orthorhombic,4,C Cd H N,True
2003970,H12C19N2O3,H48 C76 N8 O12,144,144,1468.4398,P2_1/c,14,monoclinic,4,C H N O,True
2003987,H11C3N6Cl2O9,H22 C6 N12 Cl4 O18,62,62,591.5932,P-1,2,triclinic,5,C Cl H N O,True
2003988,NiH18C14(N2O3)2,Ni2 H36 C28 N8 O12,86,86,849.4359,P2_1/c,14,monoclinic,5,C H N Ni O,True
2004035,BH8AuC10N2(ClF2)2,B4 H32 Au4 C40 N8 Cl8 F16,112,112,1359.4793,P2_1/c,14,monoclinic,7,Au B C Cl F H N,True
2004040,H9C6S2N,H36 C24 S8 N4,72,72,746.1389,P2_1/c,14,monoclinic,4,C H N S,True
2004055,H14C14N4O3,H56 C56 N16 O12,140,140,1383.8747,P2_1/c,14,monoclinic,4,C H N O,True
2004077,NaZr2CoF11,Na2 Zr4 Co2 F22,30,15,419.4604,C2/m,12,monoclinic,4,Co F Na Zr,False
2004091,ZnH14C6(N2O3)2,Zn2 H28 C12 N8 O12,62,62,593.1493,P-1,2,triclinic,5,C H N O Zn,True
2004136,H13C10N5O4,H52 C40 N20 O16,128,128,1173.4963,P2_1,4,monoclinic,4,C H N O,True
2004139,FePH6CNO5,Fe4 P4 H24 C4 N4 O20,60,60,511.4193,P2_1/c,14,monoclinic,6,C Fe H N O P,True
2004202,H10(C5O)3,H40 C60 O12,112,112,1171.1062,P2_12_12_1,19,orthorhombic,3,C H O,True
2004207,H18C12O5,H72 C48 O20,140,140,1272.1341,Pbcm,57,orthorhombic,3,C H O,True
2004210,H18C9NClO4,H72 C36 N4 Cl4 O16,132,132,1258.5579,P2_12_12_1,19,orthorhombic,5,C Cl H N O,True
2004224,H4C7S2(NO)2,H8 C14 S4 N4 O4,34,34,445.6573,P-1,2,triclinic,5,C H N O S,True
2004238,CeZnNi2,Ce6 Zn6 Ni12,24,24,362.2399,P6_3/mmc,194,hexagonal,3,Ce Ni Zn,False
2004244,H15C7N3O5,H60 C28 N12 O20,120,120,978.7767,P2_12_12_1,19,orthorhombic,4,C H N O,True
2004256,S2N2Cl,S16 N16 Cl8,40,40,736.0619,P2_1/c,14,monoclinic,3,Cl N S,False
2004257,H3C4NO3,H24 C32 N8 O24,88,88,914.9389,P2_1/c,14,monoclinic,4,C H N O,True
2004359,SiH14C12O,Si4 H56 C48 O4,112,56,1219.6044,Ima2,46,orthorhombic,4,C H O Si,True
2004377,NaLiCO3,Na9 Li9 C9 O27,54,54,582.241,P1,1,triclinic,4,C Li Na O,True
2004390,CuH16C8SN6O7,Cu2 H32 C16 S2 N12 O14,78,78,744.4133,P2_1/m,11,monoclinic,6,C Cu H N O S,True
2004418,H23C13O,H92 C52 O4,148,148,1283.3817,P2_1/c,14,monoclinic,3,C H O,True
2004431,H6C10O3,H12 C20 O6,38,38,398.9482,P-1,2,triclinic,3,C H O,True
2004461,H9C6SN3O,H36 C24 S4 N12 O4,80,80,794.873,P2_1/c,14,monoclinic,5,C H N O S,True
2004470,H12IrC13SNO,H48 Ir4 C52 S4 N4 O4,116,116,1275.822,P2_1/c,14,monoclinic,6,C H Ir N O S,True
2004489,H18C12O7,H36 C24 O14,74,74,706.831,P-1,2,triclinic,3,C H O,True
2004498,PH20(C8I)3,P2 H40 C48 I6,96,96,1222.6239,P2/c,13,monoclinic,4,C H I P,True
2004506,SnPH20C24Cl5,Sn2 P2 H40 C48 Cl10,102,102,1292.5295,P2/c,13,monoclinic,5,C Cl H P Sn,True
2004524,H18C12SN2,H72 C48 S4 N8,132,132,1247.2835,P2_12_12_1,19,orthorhombic,4,C H N S,True
2004554,Li2H4C5O7,Li8 H16 C20 O28,72,36,722.8378,C2/c,15,monoclinic,4,C H Li O,True
2004627,GaH15(NF)6,Ga4 H60 N24 F24,112,112,888.1017,P2_12_12_1,19,orthorhombic,4,F Ga H N,False
2004709,FeH14(C9O)2,Fe4 H56 C72 O8,140,140,1400.3073,P2_12_12_1,19,orthorhombic,4,C Fe H O,True
2004747,H9C9NO4,H36 C36 N4 O16,92,46,935.5268,Cc,9,monoclinic,4,C H N O,True
2004752,CuH38(C11O2)2,Cu2 H76 C44 O8,130,130,1183.0945,P2_1/c,14,monoclinic,4,C Cu H O,True
2004757,Na9Al2(H9O7)3,Na18 Al4 H54 O42,118,118,1041.1181,P-1,2,triclinic,4,Al H Na O,False
2004764,PH22OsC25(Br2O)2,P2 H44 Os2 C50 Br8 O4,110,110,1400.3849,P-1,2,triclinic,6,Br C H O Os P,True
2004794,H11C15NO2,H44 C60 N4 O8,116,116,1157.5259,P-1,2,triclinic,4,C H N O,True
2004879,H10C9,H40 C36,76,76,655.0525,P2_1/c,14,monoclinic,2,C H,True
2004985,H8C14O3,H32 C56 O12,100,100,1001.3063,P2_1/c,14,monoclinic,3,C H O,True
2004986,H24PtC16N8(ClO4)2,H48 Pt2 C32 N16 Cl4 O16,118,118,1238.1556,P2_1/c,14,monoclinic,6,C Cl H N O Pt,True
2005007,H16C11NClO3,H64 C44 N4 Cl4 O12,128,128,1214.73,P2_1/c,14,monoclinic,5,C Cl H N O,True
2005029,H40C28O3,H80 C56 O6,142,142,1244.2873,P2_1,4,monoclinic,3,C H O,True
2005051,H11C9N3O,H44 C36 N12 O4,96,96,891.1178,P2_1/c,14,monoclinic,4,C H N O,True
2005075,GaCoMo6(H19O20)2,Ga1 Co1 Mo6 H38 O40,86,86,875.7715,P-1,2,triclinic,5,Co Ga H Mo O,False
2005081,PH10C4NO6,P4 H40 C16 N4 O24,88,88,786.34,P2_1/c,14,monoclinic,5,C H N O P,True
2005083,MnH10C12(NO)4,Mn4 H40 C48 N16 O16,124,124,1365.3992,P2_1/c,14,monoclinic,5,C H Mn N O,True
2005095,H13C16Br(NO)2,H26 C32 Br2 N4 O4,68,68,724.7058,P-1,2,triclinic,5,Br C H N O,True
2005123,H16C10N2O5,H64 C40 N8 O20,132,132,1142.2338,P2_12_12_1,19,orthorhombic,4,C H N O,True
2005126,H7C5SO3,H28 C20 S4 O12,64,64,611.7749,P2_1/c,14,monoclinic,4,C H O S,True
2005168,H4C3O,H64 C48 O16,128,128,1173.2496,P2_1/c,14,monoclinic,3,C H O,True
2005175,CoP3H44C12(NO2)8,Co1 P3 H44 C12 N8 O16,84,84,714.6509,P1,1,triclinic,6,C Co H N O P,True
2005198,SnH30C31NO4,Sn2 H60 C62 N2 O8,134,134,1364.4771,P-1,2,triclinic,5,C H N O Sn,True
2005222,H24C27N5ClO2,H48 C54 N10 Cl2 O4,118,118,1207.2868,P-1,2,triclinic,5,C Cl H N O,True
2005283,CdRe2H8C2S2(NO2)4,Cd2 Re4 H16 C4 S4 N8 O16,54,54,704.7905,P2_1/c,14,monoclinic,7,C Cd H N O Re S,True
2005284,CdRe2H8C2S2(NO2)4,Cd2 Re4 H16 C4 S4 N8 O16,54,54,688.9032,P-1,2,triclinic,7,C Cd H N O Re S,True
2005303,H8C10SeN2,H16 C20 Se2 N4,42,42,466.5683,P-1,2,triclinic,4,C H N Se,True
2005353,NaP2H18C4NO10,Na4 P8 H72 C16 N4 O40,144,144,1255.406,P2_1/c,14,monoclinic,6,C H N Na O P,True
2005411,H13C12NO7,H52 C48 N4 O28,132,132,1348.1231,P2_12_12_1,19,orthorhombic,4,C H N O,True
2005417,H10C17S(ClO2)2,H20 C34 S2 Cl4 O8,68,68,805.346,P-1,2,triclinic,5,C Cl H O S,True
2005440,H13C19ClO,H52 C76 Cl4 O4,136,136,1476.2647,P2_1/c,14,monoclinic,4,C Cl H O,True
2005500,H4C5N3,H16 C20 N12,48,48,494.3465,P2_1/c,14,monoclinic,3,C H N,True
2005533,H16C10O3,H32 C20 O6,58,58,529.1059,P2_1,4,monoclinic,3,C H O,True
2005543,HC8NOF8,H4 C32 N4 O4 F32,76,76,954.5434,P2_1/c,14,monoclinic,5,C F H N O,True
2005600,H16C18N2O5,H32 C36 N4 O10,82,82,839.2759,P-1,2,triclinic,4,C H N O,True
2005667,H28C17Br2N4O,H56 C34 Br4 N8 O2,104,104,1002.8893,P2_1,4,monoclinic,5,Br C H N O,True
2005688,H16C21SN4,H32 C42 S2 N8,84,84,863.6218,P-1,2,triclinic,4,C H N S,True
2005700,H26PtC12N2O9,H52 Pt2 C24 N4 O18,100,100,839.2793,P2_1,4,monoclinic,5,C H N O Pt,True
2005753,H30C29SN2O7,H60 C58 S2 N4 O14,138,138,1396.6045,P2_1,4,monoclinic,5,C H N O S,True
2005776,Li2Ni3(P2O7)2,Li4 Ni6 P8 O28,46,46,487.144,P2_1/c,14,monoclinic,4,Li Ni O P,False
2005828,H11C16NO2,H44 C64 N4 O8,120,120,1234.7994,P2_1/c,14,monoclinic,4,C H N O,True
2005829,H11C16NO2,H44 C64 N4 O8,120,120,1279.6113,P2_1/c,14,monoclinic,4,C H N O,True
2005842,FeBH9C10(OF)4,Fe4 B4 H36 C40 O16 F16,116,116,1292.9551,P2_1/c,14,monoclinic,6,B C F Fe H O,True
2005847,H8C12S3(NO2)2,H16 C24 S6 N4 O8,58,58,677.4877,P2_12_12,18,orthorhombic,5,C H N O S,True
2005883,PH8C2NO5,P4 H32 C8 N4 O20,68,68,637.2353,P2_1/c,14,monoclinic,5,C H N O P,True
2005951,ZnH16C14(NO7)2,Zn2 H32 C28 N4 O28,94,94,899.2738,P2_1/c,14,monoclinic,5,C H N O Zn,True
2005986,ZnH20C22N4Cl2O3,Zn2 H40 C44 N8 Cl4 O6,104,104,1136.478,P-1,2,triclinic,6,C Cl H N O Zn,True
2006000,InH26C18N,In2 H52 C36 N2,92,92,918.3634,P-1,2,triclinic,4,C H In N,True
2006018,H9C7N2ClO5,H36 C28 N8 Cl4 O20,96,96,971.2427,P2_1/c,14,monoclinic,5,C Cl H N O,True
2006085,H12C10NO,H48 C40 N4 O4,96,96,862.1331,P2_1/c,14,monoclinic,4,C H N O,True
2006108,P2H14C14SO3,P4 H28 C28 S2 O6,68,68,738.2956,P-1,2,triclinic,5,C H O P S,True
2006350,H15C12Br(NO)2,H60 C48 Br4 N8 O8,128,128,1321.6849,P2_1/c,14,monoclinic,5,Br C H N O,True
2006361,SbH8C4I3O,Sb4 H32 C16 I12 O4,68,68,1146.3289,P2_1/c,14,monoclinic,5,C H I O Sb,True
2006403,H12C15S,H48 C60 S4,112,112,1116.8606,P2_1,4,monoclinic,3,C H S,True
2006412,H17C12SNO4,H68 C48 S4 N4 O16,140,140,1305.694,P-1,2,triclinic,5,C H N O S,True
2006437,H15C11S2N3,H60 C44 S8 N12,124,124,1295.7317,P2_1/c,14,monoclinic,4,C H N S,True
2006447,CoH5C8S5,Co4 H20 C32 S20,76,76,1085.1301,P2_1/c,14,monoclinic,4,C Co H S,True
2006536,H30RuC14SN4Cl4O7F3,H60 Ru2 C28 S2 N8 Cl8 O14 F6,128,128,1400.3656,P-1,2,triclinic,8,C Cl F H N O Ru S,True
2006583,H15C9(NO3)2,H60 C36 N8 O24,128,128,1074.4985,P-1,2,triclinic,4,C H N O,True
2006712,Hg2H6CN3Cl5,Hg8 H24 C4 N12 Cl20,68,34,1111.1026,C222_1,20,orthorhombic,5,C Cl H Hg N,True
2006784,H5C4N,H20 C16 N4,40,40,380.1813,Pnma,62,orthorhombic,3,C H N,True
2006812,H15C8NO2,H60 C32 N4 O8,104,104,892.3754,P2_1/c,14,monoclinic,4,C H N O,True
2006852,H10C15NCl3O,H40 C60 N4 Cl12 O4,120,120,1473.319,P2_1/c,14,monoclinic,5,C Cl H N O,True
2006870,H27C18NO3,H54 C36 N2 O6,98,98,866.0365,P2_1,4,monoclinic,4,C H N O,True
2006881,H9C4NO3,H36 C16 N4 O12,68,68,530.5105,P2_12_12_1,19,orthorhombic,4,C H N O,True
2006995,H7C6NO2,H28 C24 N4 O8,64,64,596.6781,P2_1/c,14,monoclinic,4,C H N O,True
2007026,CuH30C30N2(ClO3)2,Cu2 H60 C60 N4 Cl4 O12,142,142,1497.4526,P2_1/c,14,monoclinic,6,C Cl Cu H N O,True
2007075,CuH26C15(NCl)2,Cu2 H52 C30 N4 Cl4,92,92,830.4032,P2_1,4,monoclinic,5,C Cl Cu H N,True
2007096,H8C4SO4,H32 C16 S4 O16,68,68,664.3129,P-1,2,triclinic,4,C H O S,True
2007132,H10C7(NO)2,H40 C28 N8 O8,84,84,825.2942,P2_1/c,14,monoclinic,4,C H N O,True
2007236,H11C9N5O3,H44 C36 N20 O12,112,112,1095.7417,P2_1/c,14,monoclinic,4,C H N O,True
2007271,H12C9N2,H48 C36 N8,92,92,797.7002,P2_1/c,14,monoclinic,3,C H N,True
2007280,H13C12,H26 C24,50,50,415.7787,P-1,2,triclinic,2,C H,True
2007302,H14C11(NO3)2,H56 C44 N8 O24,132,132,1258.6563,P2_1/c,14,monoclinic,4,C H N O,True
2007346,NiPH28C30SN3O2,Ni2 P2 H56 C60 S2 N6 O4,132,132,1375.2359,P-1,2,triclinic,7,C H N Ni O P S,True
2007523,H21C23Cl,H42 C46 Cl2,90,90,882.1921,P-1,2,triclinic,3,C Cl H,True
2007524,H15C11NO4,H60 C44 N4 O16,124,124,1065.6514,P2_12_12_1,19,orthorhombic,4,C H N O,True
2007525,H13C9N2ClO2,H26 C18 N4 Cl2 O4,54,54,530.2791,P-1,2,triclinic,5,C Cl H N O,True
2007585,Na4TiAs2O9,Na16 Ti4 As8 O36,64,32,886.6459,C2/m,12,monoclinic,4,As Na O Ti,False
2007635,SiH13C6BrN2,Si4 H52 C24 Br4 N8,92,92,1020.4931,P2_1/c,14,monoclinic,5,Br C H N Si,True
2007642,PH22C24SN3O,P2 H44 C48 S2 N6 O2,104,104,1069.8398,P-1,2,triclinic,6,C H N O P S,True
2007648,CdH8C2S2(IN2)2,Cd4 H32 C8 S8 I8 N16,76,76,1211.588,P2_1/c,14,monoclinic,6,C Cd H I N S,True
2007797,H17C14NO3,H34 C28 N2 O6,70,70,656.5077,P-1,2,triclinic,4,C H N O,True
2007818,SiBH20C7NO,Si4 B4 H80 C28 N4 O4,124,124,1088.1736,P2_1/c,14,monoclinic,6,B C H N O Si,True
2007833,BiH12(C3Cl)3,Bi4 H48 C36 Cl12,100,100,1221.4584,P2_1/c,14,monoclinic,4,Bi C Cl H,True
2007895,H10C11O4,H40 C44 O16,100,100,1003.8891,P2_1/c,14,monoclinic,3,C H O,True
2007904,H11C6N3O4,H44 C24 N12 O16,96,96,897.0216,P2_1/c,14,monoclinic,4,C H N O,True
2007942,H10PtC8(IN2)2,H40 Pt4 C32 I8 N16,100,100,1265.1258,P2_1/c,14,monoclinic,5,C H I N Pt,True
2007987,H12PtC5(IN)2,H48 Pt4 C20 I8 N8,88,88,1086.7019,P2_1/c,14,monoclinic,5,C H I N Pt,True
2008017,Sr2P2O7,Sr8 P8 O28,44,44,639.7864,Pnma,62,orthorhombic,3,O P Sr,False
2008023,K3TaS4,K12 Ta4 S16,32,32,950.6567,Pnma,62,orthorhombic,3,K S Ta,False
2008089,CuH17C9(NO2)3,Cu4 H68 C36 N12 O24,144,144,1316.4335,P2_1/c,14,monoclinic,5,C Cu H N O,True
2008112,H13C13SNO3,H26 C26 S2 N2 O6,62,62,627.0079,P-1,2,triclinic,5,C H N O S,True
2008130,CuH14C7O12,Cu2 H28 C14 O24,68,68,637.0712,P-1,2,triclinic,4,C Cu H O,True
2008143,H48C30O,H48 C30 O1,79,79,628.4634,P1,1,triclinic,3,C H O,True
2008159,H11C6S3N2Cl,H44 C24 S12 N8 Cl4,92,92,1073.0538,P2_1/c,14,monoclinic,5,C Cl H N S,True
2008235,H24C18NClO6,H48 C36 N2 Cl2 O12,100,100,974.7864,P2_1,4,monoclinic,5,C Cl H N O,True
2008254,H15C12S2N3,H60 C48 S8 N12,128,128,1318.5779,P-1,2,triclinic,4,C H N S,True
2008270,GdH17C15(NO2)6,Gd2 H34 C30 N12 O24,102,102,1026.5317,P-1,2,triclinic,5,C Gd H N O,True
2008275,H7C12N3O2,H28 C48 N12 O8,96,96,1019.921,P2_1/c,14,monoclinic,4,C H N O,True
2008284,H15C13N3,H60 C52 N12,124,124,1154.4325,P2_1/c,14,monoclinic,3,C H N,True
2008322,H4C5N,H32 C40 N8,80,80,826.5712,P-1,2,triclinic,3,C H N,True
2008354,H13C16SNO2,H52 C64 S4 N4 O8,132,132,1295.5909,P-1,2,triclinic,5,C H N O S,True
2008358,H27C28NO6,H54 C56 N2 O12,124,124,1266.6672,P-1,2,triclinic,4,C H N O,True
2008376,H16C15SN2O,H32 C30 S2 N4 O2,70,70,715.9303,P2_1,4,monoclinic,5,C H N O S,True
2008506,H17C12BrO2,H68 C48 Br4 O8,128,128,1234.6811,P2_1/c,14,monoclinic,4,Br C H O,True
2008546,H18C15N2O,H36 C30 N4 O2,72,72,670.3117,P1,1,triclinic,4,C H N O,True
2008563,ZnCuH21C24I2N3O2,Zn2 Cu2 H42 C48 I4 N6 O4,108,108,1281.6135,P-1,2,triclinic,7,C Cu H I N O Zn,True
2008565,H9C15N2OF5,H18 C30 N4 O2 F10,64,64,663.1824,P-1,2,triclinic,5,C F H N O,True
2008568,H2C4O,H24 C48 O12,84,84,908.1284,P2_1/c,14,monoclinic,3,C H O,True
2008600,H32C26N2O7,H64 C52 N4 O14,134,134,1347.817,P2_1,4,monoclinic,4,C H N O,True
2008608,H13C16SN3,H52 C64 S4 N12,132,132,1390.503,P2_1/c,14,monoclinic,4,C H N S,True
2008613,H5(C2N)2,H20 C16 N8,44,44,413.8745,P2_1/c,14,monoclinic,3,C H N,True
2008685,CuH22C16(NO)4,Cu2 H44 C32 N8 O8,94,94,896.1301,P2_1/c,14,monoclinic,5,C Cu H N O,True
2008704,H24C11(NO2)2,H48 C22 N4 O8,82,82,701.601,P2_1,4,monoclinic,4,C H N O,True
2008705,H24C11S(NO2)2,H48 C22 S2 N4 O8,84,84,727.9624,P2_1,4,monoclinic,5,C H N O S,True
2008712,H10C7SN2O3,H40 C28 S4 N8 O12,92,92,915.5877,P-1,2,triclinic,5,C H N O S,True
2008727,K2TeS3,K8 Te4 S12,24,24,761.8854,P2_1/c,14,monoclinic,3,K S Te,False
2008734,H26C20O3,H52 C40 O6,98,98,893.077,P-1,2,triclinic,3,C H O,True
2008750,UH44C22(N3O5)2,U1 H44 C22 N6 O10,83,83,798.8928,P-1,2,triclinic,5,C H N O U,True
2008754,H4C5IN,H32 C40 I8 N8,88,22,1179.0811,Fdd2,43,orthorhombic,4,C H I N,True
2008877,ZnCdC4(SN)4,Zn2 Cd2 C8 S8 N8,28,14,542.5725,I-4,82,tetragonal,5,C Cd N S Zn,True
2008936,FeH24C16SN3(ClO)2,Fe2 H48 C32 S2 N6 Cl4 O4,98,98,1032.5201,P-1,2,triclinic,7,C Cl Fe H N O S,True
2008992,H14C17NO3,H56 C68 N4 O12,140,140,1349.9923,P-1,2,triclinic,4,C H N O,True
2009034,H13C16INClO,H26 C32 I2 N2 Cl2 O2,66,66,790.8478,P-1,2,triclinic,6,C Cl H I N O,True
2009045,H5C7N2ClO2,H20 C28 N8 Cl4 O8,68,68,762.7811,P2_1/c,14,monoclinic,5,C Cl H N O,True
2009073,H15C10SN5O4,H60 C40 S4 N20 O16,140,140,1367.5471,P2_12_12_1,19,orthorhombic,5,C H N O S,True
2009108,AlH18C6N2Cl3,Al4 H72 C24 N8 Cl12,120,120,1245.1935,Pnma,62,orthorhombic,5,Al C Cl H N,True
2009185,TiH8N2F5,Ti4 H32 N8 F20,64,64,531.7864,Pnma,62,orthorhombic,4,F H N Ti,False
2009226,Cr2NiO4,Cr16 Ni8 O32,56,14,573.7112,Fd-3m,227,cubic,3,Cr Ni O,False
2009250,ReH15C18(NCl)4,Re2 H30 C36 N8 Cl8,84,84,1009.0274,P-1,2,triclinic,5,C Cl H N Re,True
2009368,Sn2H21C24ClO2,Sn4 H42 C48 Cl2 O4,100,100,1157.599,P-1,2,triclinic,5,C Cl H O Sn,True
2009416,CuH12C7ClO8,Cu2 H24 C14 Cl2 O16,58,58,564.0868,P2_1,4,monoclinic,5,C Cl Cu H O,True
2009436,P2H48Pd(C13Cl)2,P2 H48 Pd1 C26 Cl2,79,79,703.1765,P1,1,triclinic,5,C Cl H P Pd,True
2009450,H18PdC12N6(ClO3)2,H36 Pd2 C24 N12 Cl4 O12,90,90,965.7136,P2_1/c,14,monoclinic,6,C Cl H N O Pd,True
2009451,H8C13OF2,H32 C52 O4 F8,96,48,1043.2946,C2/c,15,monoclinic,4,C F H O,True
2009567,MgPH13O9,Mg3 P3 H39 O27,72,24,623.1651,R3,146,trigonal,4,H Mg O P,False
2009647,H9C13O2F,H36 C52 O8 F4,100,100,1068.5096,P2_12_12_1,19,orthorhombic,4,C F H O,True
2009663,NiH24C10(NO5)2,Ni1 H24 C10 N2 O10,47,47,426.6294,P-1,2,triclinic,5,C H N Ni O,True
2009668,FeH26C25SO2,Fe2 H52 C50 S2 O4,110,110,1096.1388,P-1,2,triclinic,5,C Fe H O S,True
2009683,Ca2B5H2ClO10,Ca2 B5 H2 Cl1 O10,20,20,204.8675,P1,1,triclinic,5,B Ca Cl H O,False
2009705,H8C11NO4,H32 C44 N4 O16,96,96,993.1841,P2_1/c,14,monoclinic,4,C H N O,True
2009744,InH16C8Cl3O2,In4 H64 C32 Cl12 O8,120,120,1432.684,Pbcn,60,orthorhombic,5,C Cl H In O,True
2009770,H28C18N5O3,H56 C36 N10 O6,108,108,986.9872,P-1,2,triclinic,4,C H N O,True
2009826,H7C2(NO)3,H28 C8 N12 O12,60,60,510.5545,Pna2_1,33,orthorhombic,4,C H N O,True
2009837,PH12AuC9N3Cl,P4 H48 Au4 C36 N12 Cl4,108,108,1278.6678,P2_1/c,14,monoclinic,6,Au C Cl H N P,True
2009962,H14C12SNClO4,H56 C48 S4 N4 Cl4 O16,132,132,1411.3612,P2_12_12_1,19,orthorhombic,6,C Cl H N O S,True
2010007,H10C15(NO)2,H40 C60 N8 O8,116,116,1212.1452,P2_1/c,14,monoclinic,4,C H N O,True
2010031,H6C5N3ClO,H24 C20 N12 Cl4 O4,64,64,689.294,Pnma,62,orthorhombic,5,C Cl H N O,True
2010057,SnH20C10S4(NCl)2,Sn2 H40 C20 S8 N4 Cl4,78,78,936.3188,P-1,2,triclinic,6,C Cl H N S Sn,True
2010076,H13C11N3O4,H52 C44 N12 O16,124,124,1186.0531,P2_1/c,14,monoclinic,4,C H N O,True
2010106,H21C22SNO4,H42 C44 S2 N2 O8,98,98,1010.8934,P-1,2,triclinic,5,C H N O S,True
2010158,Si2H2O3,Si24 H24 O36,84,28,1075.2257,R-3,148,trigonal,3,H O Si,False
2010159,H4C3Cl,H32 C24 Cl8,64,64,653.853,P2_1/c,14,monoclinic,3,C Cl H,True
2010186,H23C13NO5,H46 C26 N2 O10,84,84,762.015,P-1,2,triclinic,4,C H N O,True
2010196,H11C10SClO4,H22 C20 S2 Cl2 O8,54,54,565.0911,P2_1,4,monoclinic,5,C Cl H O S,True
2010203,H17C14NO3,H68 C56 N4 O12,140,140,1386.4486,P2_1/c,14,monoclinic,4,C H N O,True
2010255,H7CN5O3,H14 C2 N10 O6,32,32,290.6985,P-1,2,triclinic,4,C H N O,True
2010266,H10C7O,H80 C56 O8,144,144,1262.7151,P2_1/c,14,monoclinic,3,C H O,True
2010298,SbH12C2N6F5,Sb4 H48 C8 N24 F20,104,52,1118.5328,C2/m,12,monoclinic,5,C F H N Sb,True
2010364,LiH2BrO5,Li8 H16 Br8 O40,72,36,790.5577,C2/c,15,monoclinic,4,Br H Li O,False
2010514,K2Al2Sb2O7,K2 Al2 Sb2 O7,13,13,221.034,P-3m1,164,trigonal,4,Al K O Sb,False
2010524,H13PtC6SN(ClO)2,H26 Pt2 C12 S2 N2 Cl4 O4,52,52,593.1351,P-1,2,triclinic,7,C Cl H N O Pt S,True
2010578,H7C2SNO3,H28 C8 S4 N4 O12,56,56,480.5898,P2_1/c,14,monoclinic,5,C H N O S,True
2010584,H4C9SNCl3O2,H16 C36 S4 N4 Cl12 O8,80,80,1106.7424,P2_1/c,14,monoclinic,6,C Cl H N O S,True
2010617,H3C5SeNO2,H12 C20 Se4 N4 O8,48,48,594.0127,P2_1/c,14,monoclinic,5,C H N O Se,True
2010627,H20C21O8,H40 C42 O16,98,98,926.7959,P1,1,triclinic,3,C H O,True
2010701,H13C10(NO)3,H26 C20 N6 O6,58,58,542.6401,P2_1,4,monoclinic,4,C H N O,True
2010714,H19C24NO,H38 C48 N2 O2,90,90,887.3006,P-1,2,triclinic,4,C H N O,True
2010747,K2NaV5H10O19,K4 Na2 V10 H20 O38,74,74,830.7495,P-1,2,triclinic,5,H K Na O V,False
2010794,HgWO4,Hg4 W4 O16,24,12,323.3138,C2/c,15,monoclinic,3,Hg O W,False
2010889,B8H16C5N2,B32 H64 C20 N8,124,124,1138.3857,Pna2_1,33,orthorhombic,4,B C H N,True
2010891,K2TiF6,K2 Ti1 F6,9,9,132.8526,P-3m1,164,trigonal,3,F K Ti,False
2010913,H15C13NO3,H30 C26 N2 O6,64,64,584.6155,P1,1,triclinic,4,C H N O,True
2011083,NaV5H18N2O19,Na2 V10 H36 N4 O38,90,90,851.7126,P-1,2,triclinic,5,H N Na O V,False
2011086,Cs2KMn(CN)6,Cs4 K2 Mn2 C12 N12,32,32,693.3349,P2_1/c,14,monoclinic,5,C Cs K Mn N,True
2011090,CoH26C16N6(ClO2)2,Co2 H52 C32 N12 Cl4 O8,110,110,1045.9202,P-1,2,triclinic,6,C Cl Co H N O,True
2011119,H15C19O2F,H30 C38 O4 F2,74,74,750.921,P-1,2,triclinic,4,C F H O,True
2011169,H20C12N2O,H80 C48 N8 O4,140,140,1096.7556,P2_12_12_1,19,orthorhombic,4,C H N O,True
2011186,H3C3N5O4,H12 C12 N20 O16,60,60,653.8708,P2_1/c,14,monoclinic,4,C H N O,True
2011266,H10C13SN,H40 C52 S4 N4,100,100,1049.2324,P-1,2,triclinic,4,C H N S,True
2011306,H6C8O3,H24 C32 O12,68,68,722.0938,P2_1/c,14,monoclinic,3,C H O,True
2011372,H14C14BrO2F3,H28 C28 Br2 O4 F6,68,68,716.7045,P-1,2,triclinic,5,Br C F H O,True
2011377,H2C2BrO2,H16 C16 Br8 O16,56,56,744.3026,P2_1/c,14,monoclinic,4,Br C H O,True
2011476,H5C7N3O2,H20 C28 N12 O8,68,68,694.4647,P2_1/c,14,monoclinic,4,C H N O,True
2011516,H7C7NClO2,H28 C28 N4 Cl4 O8,72,72,773.7166,P-1,2,triclinic,5,C Cl H N O,True
2011530,CuH24C12N4(O8F)2,Cu2 H48 C24 N8 O32 F4,118,118,1107.3185,P2_1/c,14,monoclinic,6,C Cu F H N O,True
2011618,GaH31C13N2O,Ga2 H62 C26 N4 O2,96,96,826.9216,P-1,2,triclinic,5,C Ga H N O,True
2011648,H12C12S(NO)2,H48 C48 S4 N8 O8,116,116,1183.5897,P2_1/c,14,monoclinic,5,C H N O S,True
2011652,TiH7C6Br4N,Ti4 H28 C24 Br16 N4,76,76,1156.1192,P2_1/c,14,monoclinic,5,Br C H N Ti,True
2011709,H16C17N2O3,H32 C34 N4 O6,76,76,711.4305,P-1,2,triclinic,4,C H N O,True
2011727,H11C15N3O,H44 C60 N12 O4,120,120,1222.5502,P2_1/c,14,monoclinic,4,C H N O,True
2011739,H4CN6,H16 C4 N24,44,44,423.2195,P2_1/c,14,monoclinic,3,C H N,True
2011816,CuH4C8(NO2)2,Cu4 H16 C32 N8 O16,76,76,776.3854,Pnma,62,orthorhombic,5,C Cu H N O,True
2011855,Sr3ZnPtO6,Sr18 Zn6 Pt6 O36,66,22,901.2273,R-3c,167,trigonal,4,O Pt Sr Zn,False
2011961,H54C40S4N16O15,H54 C40 S4 N16 O15,129,129,1290.3604,P1,1,triclinic,5,C H N O S,True
2012039,BH8C4Br2N,B8 H64 C32 Br16 N8,128,128,1381.0495,P2_1/c,14,monoclinic,5,B Br C H N,True
2012061,CuP2H8CN2O5,Cu4 P8 H32 C4 N8 O20,76,38,738.6784,C2/c,15,monoclinic,6,C Cu H N O P,True
2012063,B5(H2C)4,B40 H64 C32,136,136,1293.3869,P2_1/c,14,monoclinic,3,B C H,True
2012084,H8C9N4,H32 C36 N16,84,84,810.4475,P2_1/c,14,monoclinic,3,C H N,True
2012159,H5C6I(NO)2,H10 C12 I2 N4 O4,32,32,384.8374,P-1,2,triclinic,5,C H I N O,True
2012277,NiH22C10S2(IN5)2,Ni1 H22 C10 S2 I2 N10,47,47,549.0625,P-1,2,triclinic,6,C H I N Ni S,True
2012511,PH16C10S2N3(O2F3)2,P2 H32 C20 S4 N6 O8 F12,84,84,897.7609,P-1,2,triclinic,7,C F H N O P S,True
2012553,H23C19N3O5,H46 C38 N6 O10,100,100,922.8215,P2_1,4,monoclinic,4,C H N O,True
2012628,H10C12N3ClO4,H40 C48 N12 Cl4 O16,120,120,1279.1378,P2_1/c,14,monoclinic,5,C Cl H N O,True
2012697,H17C18N5O2,H34 C36 N10 O4,84,84,851.2124,P-1,2,triclinic,4,C H N O,True
2012698,H26PdC34N10(O2F)2,H26 Pd1 C34 N10 O4 F2,77,77,829.8398,P-1,2,triclinic,6,C F H N O Pd,True
2012731,H3C2O3,H12 C8 O12,32,32,277.4826,P-1,2,triclinic,3,C H O,True
2012783,PH17C4(NO3)2,P4 H68 C16 N8 O24,120,120,972.2692,P2_1/c,14,monoclinic,5,C H N O P,True
2012803,H13C14N5,H52 C56 N20,128,128,1245.4204,P2_12_12_1,19,orthorhombic,3,C H N,True
2012806,CuH22C24S2N8ClO3,Cu2 H44 C48 S4 N16 Cl2 O6,122,122,1358.1437,P-1,2,triclinic,7,C Cl Cu H N O S,True
2012847,H16C12S2N3O,H32 C24 S4 N6 O2,68,68,736.778,P-1,2,triclinic,5,C H N O S,True
2012857,RbGa2P2H5O11,Rb4 Ga8 P8 H20 O44,84,84,887.6321,P2_1/c,14,monoclinic,5,Ga H O P Rb,False
2012949,H7C6NO2,H56 C48 N8 O16,128,128,1178.871,P2_12_12_1,19,orthorhombic,4,C H N O,True
2012951,H9C6N4O,H36 C24 N16 O4,80,80,733.6149,P2_1/c,14,monoclinic,4,C H N O,True
2013011,H7C6NCl2,H14 C12 N2 Cl4,32,32,347.1555,P-1,2,triclinic,4,C Cl H N,True
2013022,H3C4O,H24 C32 O8,64,64,639.9601,P2_1/c,14,monoclinic,3,C H O,True
2013029,H7(C4N)2,H56 C64 N16,136,136,1304.4671,P2_1/c,14,monoclinic,3,C H N,True
2013037,Na2LiAlF6,Na4 Li2 Al2 F12,20,20,212.592,P2_1/c,14,monoclinic,4,Al F Li Na,False
2013041,H8C6N2O3,H48 C36 N12 O18,114,114,1012.918,P-1,2,triclinic,4,C H N O,True
2013154,H8C5O,H64 C40 O8,112,112,927.6155,P2_1,4,monoclinic,3,C H O,True
2013162,ZnH26C15(BrN)2,Zn1 H26 C15 Br2 N2,46,46,432.024,P1,1,triclinic,5,Br C H N Zn,True
2013213,H7C8SNO5,H28 C32 S4 N4 O20,88,88,935.3291,P2_1/c,14,monoclinic,5,C H N O S,True
2013221,CuH16C24IN4,Cu2 H32 C48 I2 N8,92,92,1006.4049,Pban,50,orthorhombic,5,C Cu H I N,True
2013352,AgH17C17(N2O)2,Ag2 H34 C34 N8 O4,82,82,879.7169,P2_1,4,monoclinic,5,Ag C H N O,True
2013411,CaH36C28S2N8(O2F)6,Ca1 H36 C28 S2 N8 O12 F6,93,93,992.299,P-1,2,triclinic,7,C Ca F H N O S,True
2013504,H12C11SN2O3,H24 C22 S2 N4 O6,58,58,561.2102,P-1,2,triclinic,5,C H N O S,True
2013533,NiH12C12(NO3)2,Ni4 H48 C48 N8 O24,132,132,1325.4759,P2_1/c,14,monoclinic,5,C H N Ni O,True
2013567,KHC8(N2O)2,K4 H4 C32 N16 O8,64,64,839.7548,P2_1/c,14,monoclinic,5,C H K N O,True
2013626,H7C13SNClO2F3,H28 C52 S4 N4 Cl4 O8 F12,112,112,1400.0661,P2_1/c,14,monoclinic,7,C Cl F H N O S,True
2013627,H13C10NO5,H26 C20 N2 O10,58,58,533.3771,P-1,2,triclinic,4,C H N O,True
2013654,H25C23SN3O,H50 C46 S2 N6 O2,106,106,1020.9354,P-1,2,triclinic,5,C H N O S,True
2013703,V2CoP2(H4O7)2,V4 Co2 P4 H16 O28,54,27,541.5809,I4/m,87,tetragonal,5,Co H O P V,False
2013724,H25C24NO7,H50 C48 N2 O14,114,114,1129.4434,P1,1,triclinic,4,C H N O,True
2013765,H6C3O2,H24 C12 O8,44,44,370.0515,P2/c,13,monoclinic,3,C H O,True
2013788,H14C11BrNO2,H28 C22 Br2 N2 O4,58,58,580.0263,P-1,2,triclinic,5,Br C H N O,True
2013809,K2VH2OF5,K8 V4 H8 O4 F20,44,22,610.369,C2/c,15,monoclinic,5,F H K O V,False
2013842,RbCrH4(C2O5)2,Rb2 Cr2 H8 C8 O20,40,20,488.8461,C2/m,12,monoclinic,5,C Cr H O Rb,True
2013843,Cs2MgH8(CO3)4,Cs8 Mg4 H32 C16 O48,108,54,1333.4662,C2/c,15,monoclinic,5,C Cs H Mg O,True
2013883,CuH9C15(NO2)2,Cu4 H36 C60 N8 O16,124,124,1275.1953,P2_1/c,14,monoclinic,5,C Cu H N O,True
2013895,CoH11C15N2O5,Co2 H22 C30 N4 O10,68,68,673.7464,P-1,2,triclinic,5,C Co H N O,True
2013930,BPH32(C9O2)3,B2 P2 H64 C54 O12,134,134,1353.4903,P2_1,4,monoclinic,5,B C H O P,True
2013944,BH7C7O3,B8 H56 C56 O24,144,72,1415.1798,C2/c,15,monoclinic,4,B C H O,True
2013992,H13C16N3,H52 C64 N12,128,128,1284.0271,P-1,2,triclinic,3,C H N,True
2014005,H10C5N2,H60 C30 N12,102,102,821.0712,P-1,2,triclinic,3,C H N,True
2014010,H30C21S2(NO3)2,H60 C42 S4 N4 O12,122,122,1152.753,P-1,2,triclinic,5,C H N O S,True
2014014,CuH20C24(NO2)2,Cu2 H40 C48 N4 O8,102,102,1019.1481,P-1,2,triclinic,5,C Cu H N O,True
2014030,AgH10C12N2ClO2,Ag4 H40 C48 N8 Cl4 O8,112,112,1236.0623,P2_1/c,14,monoclinic,6,Ag C Cl H N O,True
2014159,B5H8C2S,B40 H64 C16 S8,128,128,1291.1393,P2_1/c,14,monoclinic,4,B C H S,True
2014182,H2C2N,H24 C24 N12,60,60,596.0437,P2_1/c,14,monoclinic,3,C H N,True
2014220,H27C19N3O,H54 C38 N6 O2,100,100,898.5927,P-1,2,triclinic,4,C H N O,True
2014233,H7C14N2O4F,H14 C28 N4 O8 F2,56,56,600.8141,P2_1,4,monoclinic,5,C F H N O,True
2014268,NiH20C22(NO3)2,Ni2 H40 C44 N4 O12,102,102,987.1696,P2_1/c,14,monoclinic,5,C H N Ni O,True
2014294,H14C13N5ClO,H56 C52 N20 Cl4 O4,136,136,1336.7868,P2_1/c,14,monoclinic,5,C Cl H N O,True
2014315,H16C18N2O3,H32 C36 N4 O6,78,78,727.5402,Pc,7,monoclinic,4,C H N O,True
2014397,H10C10N2O5,H40 C40 N8 O20,108,108,1098.247,P2_1/c,14,monoclinic,4,C H N O,True
2014445,H15C4S(NO)5,H30 C8 S2 N10 O10,60,60,538.853,P-1,2,triclinic,5,C H N O S,True
2014604,H13C6N3O4,H52 C24 N12 O16,104,104,830.9157,P2_12_12_1,19,orthorhombic,4,C H N O,True
2014720,H17C13SN3O2,H34 C26 S2 N6 O4,72,72,702.7486,P-1,2,triclinic,5,C H N O S,True
2014728,TiH20C10N3Cl,Ti4 H80 C40 N12 Cl4,140,140,1356.1246,P2_1/c,14,monoclinic,5,C Cl H N Ti,True
2014760,P2H4PbO4,P8 H16 Pb4 O16,44,22,555.4803,C2/c,15,monoclinic,4,H O P Pb,False
2014782,H10C2N2Cl2O,H40 C8 N8 Cl8 O4,68,68,629.9642,P2_1/c,14,monoclinic,5,C Cl H N O,True
2014786,H9C6N4ClO5,H18 C12 N8 Cl2 O10,50,50,505.4023,P-1,2,triclinic,5,C Cl H N O,True
2014787,H4C4N2O,H16 C16 N8 O4,44,44,393.8861,P2_1/c,14,monoclinic,4,C H N O,True
2014793,Ce(IO3)3,Ce4 I12 O36,52,52,813.0537,P2_1/c,14,monoclinic,3,Ce I O,False
2014968,H14C17(NO)2,H56 C68 N8 O8,140,140,1366.6075,P2_12_12_1,19,orthorhombic,4,C H N O,True
2015004,H15C16N4ClO2,H30 C32 N8 Cl2 O4,76,76,772.0504,P-1,2,triclinic,5,C Cl H N O,True
2015010,LiSiH32C14SO4,Li2 Si2 H64 C28 S2 O8,106,106,979.4223,P-1,2,triclinic,6,C H Li O S Si,True
2015029,InAsH2O5,In2 As2 H4 O10,18,18,196.3023,P-1,2,triclinic,4,As H In O,False
2015035,H15C11SN5O3,H30 C22 S2 N10 O6,70,70,662.1526,P2_1,4,monoclinic,5,C H N O S,True
2015070,H6C11S2NOF3,H12 C22 S4 N2 O2 F6,48,48,562.9877,P-1,2,triclinic,6,C F H N O S,True
2015071,H9C11S2NO2,H36 C44 S8 N4 O8,100,100,1100.9787,P2_1/c,14,monoclinic,5,C H N O S,True
2015074,H17C11N5O4,H68 C44 N20 O16,148,148,1360.895,P2_12_12_1,19,orthorhombic,4,C H N O,True
2015122,BeTl2F4,Be4 Tl8 F16,28,28,476.3887,Pnma,62,orthorhombic,3,Be F Tl,False
2015198,H9C13IN2O3,H18 C26 I2 N4 O6,56,56,603.7316,P-1,2,triclinic,5,C H I N O,True
2015201,H10C13N4O3,H40 C52 N16 O12,120,120,1209.5851,P2_1/c,14,monoclinic,4,C H N O,True
2015271,SrH18(C6O7)2,Sr2 H36 C24 O28,90,90,825.9044,P2_1,4,monoclinic,4,C H O Sr,True
2015317,H19C14N5O9,H38 C28 N10 O18,94,94,884.3938,P2_1,4,monoclinic,4,C H N O,True
2015329,FePH19C23SO,Fe2 P2 H38 C46 S2 O2,92,92,928.57,P2_1,4,monoclinic,6,C Fe H O P S,True
2015336,H39C30N3O7,H39 C30 N3 O7,79,79,737.3579,P1,1,triclinic,4,C H N O,True
2015381,CuH13C12(NO2)3,Cu4 H52 C48 N12 O24,140,140,1378.5228,P2_1/c,14,monoclinic,5,C Cu H N O,True
2015384,H11C9SN2O3,H44 C36 S4 N8 O12,104,104,959.2794,P2_1/c,14,monoclinic,5,C H N O S,True
2015395,Rb2PO3F,Rb8 P4 O12 F4,28,28,501.5563,Pnma,62,orthorhombic,4,F O P Rb,False
2015404,GdP4H4NO12,Gd4 P16 H16 N4 O48,88,44,975.6938,C2/c,15,monoclinic,5,Gd H N O P,False
2015414,H12C7N6(ClO)6,H24 C14 N12 Cl12 O12,74,37,910.3797,C2,5,monoclinic,5,C Cl H N O,True
2015479,H15C11N5O4,H60 C44 N20 O16,140,140,1383.1502,P2_1/c,14,monoclinic,4,C H N O,True
2015499,FeH12C13,Fe4 H48 C52,104,104,1035.2478,P-1,2,triclinic,3,C Fe H,True
2015505,H18C18SBrN2ClO2,H36 C36 S2 Br2 N4 Cl2 O4,86,86,943.3125,P-1,2,triclinic,7,Br C Cl H N O S,True
2015607,H7C7I2N,H28 C28 I8 N4,68,68,903.5324,Pbcn,60,orthorhombic,4,C H I N,True
2015611,H10C7N3ClO2,H40 C28 N12 Cl4 O8,92,92,920.2225,P2_1/c,14,monoclinic,5,C Cl H N O,True
2015760,H12C13(N2O)2,H24 C26 N8 O4,62,62,607.3538,P-1,2,triclinic,4,C H N O,True
2015880,H7C6N2ClO5,H28 C24 N8 Cl4 O20,84,84,885.4612,P2_1/c,14,monoclinic,5,C Cl H N O,True
2015913,CoH18C10S2N4O9,Co2 H36 C20 S4 N8 O18,88,88,855.9513,P-1,2,triclinic,6,C Co H N O S,True
2015956,MnH14C7O12,Mn2 H28 C14 O24,68,68,633.4856,P-1,2,triclinic,4,C H Mn O,True
2015974,ZnH12C14SO8,Zn2 H24 C28 S2 O16,72,72,727.954,P2/c,13,monoclinic,5,C H O S Zn,True
2015984,H25C24ClO3,H50 C48 Cl2 O6,106,106,994.8891,P-1,2,triclinic,4,C Cl H O,True
2016001,H13C10SN2ClO3,H26 C20 S2 N4 Cl2 O6,60,60,648.9926,P2_1,4,monoclinic,6,C Cl H N O S,True
2016086,Ca3Ge(ClO2)2,Ca12 Ge4 Cl8 O16,40,40,691.046,Pnma,62,orthorhombic,4,Ca Cl Ge O,False
2016093,H8C9,H64 C72,136,136,1252.484,P2_1/c,14,monoclinic,2,C H,True
2016139,SrB2F8,Sr8 B16 F64,88,88,1047.5516,Pbca,61,orthorhombic,3,B F Sr,False
2016144,K2BH5C4O7,K8 B4 H20 C16 O28,76,76,892.1413,P2_12_12_1,19,orthorhombic,5,B C H K O,True
2016147,LaH10C4NO11,La4 H40 C16 N4 O44,108,108,1039.4933,P2_1/c,14,monoclinic,5,C H La N O,True
2016219,H3C2(NO)2,H12 C8 N8 O8,36,36,321.2178,P-1,2,triclinic,4,C H N O,True
2016221,NiH20C4(N5O6)2,Ni2 H40 C8 N20 O24,94,94,873.7861,P2_1/c,14,monoclinic,5,C H N Ni O,True
2016302,TcH28C21S3NO2,Tc2 H56 C42 S6 N2 O4,112,112,1152.9481,P2_1,4,monoclinic,6,C H N O S Tc,True
2016316,H26C17O8,H52 C34 O16,102,102,948.5975,P-1,2,triclinic,3,C H O,True
2016323,CuH14C12N2(ClO)2,Cu4 H56 C48 N8 Cl8 O8,132,132,1433.2037,P2_1/c,14,monoclinic,6,C Cl Cu H N O,True
2016345,HgH12C12(N3O4)2,Hg2 H24 C24 N12 O16,78,78,808.3419,P-1,2,triclinic,5,C H Hg N O,True
2016399,UH7C7NO5,U2 H14 C14 N2 O10,42,42,445.0438,P-1,2,triclinic,5,C H N O U,True
2016431,H15C15NO4,H60 C60 N4 O16,140,140,1331.7109,P2_1/c,14,monoclinic,4,C H N O,True
2016493,H23C20N3O5,H46 C40 N6 O10,102,102,896.5183,P2_1,4,monoclinic,4,C H N O,True
2016575,CrH26(C11O3)2,Cr2 H52 C44 O12,110,110,1032.9594,P2_1,4,monoclinic,4,C Cr H O,True
2016607,H7C2SBrN4,H14 C4 S2 Br2 N8,30,30,344.2381,P-1,2,triclinic,5,Br C H N S,True
2016616,H12C13S(NO)3,H48 C52 S4 N12 O12,128,128,1319.1437,P-1,2,triclinic,5,C H N O S,True
2016654,H30C20O3,H60 C40 O6,106,106,858.4127,P-1,2,triclinic,3,C H O,True
2016663,Na3Sr(BO2)5,Na6 Sr2 B10 O20,38,38,447.0784,P-1,2,triclinic,4,B Na O Sr,False
2016680,CuH10C14(BrN2)2,Cu2 H20 C28 Br4 N8,62,62,700.54,P2_1/c,14,monoclinic,5,Br C Cu H N,True
2016726,FeH18C16S2(N3O)2,Fe2 H36 C32 S4 N12 O4,90,90,1022.7341,P2_1/c,14,monoclinic,6,C Fe H N O S,True
2016740,Ni2H28C27,Ni4 H56 C54,114,114,1076.9328,P-1,2,triclinic,3,C H Ni,True
2016781,H19C14N3,H38 C28 N6,72,72,632.2229,P-1,2,triclinic,3,C H N,True
2016837,Cd2Cu(PO4)2,Cd2 Cu1 P2 O8,13,13,162.6167,P-1,2,triclinic,4,Cd Cu O P,False
2016880,H37C31(NO)3,H74 C62 N6 O6,148,148,1304.6707,P-1,2,triclinic,4,C H N O,True
2016902,BH13C7NF3,B2 H26 C14 N2 F6,50,50,427.8081,P2_1/m,11,monoclinic,5,B C F H N,True
2017006,H10C14N2Cl2O5,H40 C56 N8 Cl8 O20,132,132,1432.0608,P2_1/c,14,monoclinic,5,C Cl H N O,True
2017010,H15C12NO,H60 C48 N4 O4,116,116,1023.4175,P2_1/c,14,monoclinic,4,C H N O,True
2017072,H7C5O,H56 C40 O8,104,104,860.2441,P2_1,4,monoclinic,3,C H O,True
2017096,BH7C4NF4,B4 H28 C16 N4 F16,68,68,679.997,P2_1/c,14,monoclinic,5,B C F H N,True
2017172,H13C11O3,H52 C44 O12,108,108,987.7585,P2_1/c,14,monoclinic,3,C H O,True
2017204,H8C12N2OF2,H32 C48 N8 O4 F8,100,100,1028.8744,P2_1/c,14,monoclinic,5,C F H N O,True
2017224,H29C24(NO)3,H58 C48 N6 O6,118,118,1065.6269,P2_1,4,monoclinic,4,C H N O,True
2017277,H8C9N6Cl2O3,H32 C36 N24 Cl8 O12,112,112,1291.9485,P-1,2,triclinic,5,C Cl H N O,True
2017292,CuAg2H18C14(NO7)2,Cu2 Ag4 H36 C28 N4 O28,102,102,1049.5244,P-1,2,triclinic,6,Ag C Cu H N O,True
2017324,Sr(InP)2,Sr2 In4 P4,10,10,258.6099,P6_3/mmc,194,hexagonal,3,In P Sr,False
2017375,H20C18SN4(OF)2,H40 C36 S2 N8 O4 F4,94,94,905.3079,P-1,2,triclinic,6,C F H N O S,True
2017469,H15C12N5O3,H30 C24 N10 O6,70,70,650.6853,P-1,2,triclinic,4,C H N O,True
2017487,H11C10NO8,H44 C40 N4 O32,120,120,1107.5445,P2_12_12_1,19,orthorhombic,4,C H N O,True
2017506,CsHC8(N2O)2,Cs2 H2 C16 N8 O4,32,32,475.8977,P-1,2,triclinic,5,C Cs H N O,True
2017533,H12C16BrNO3,H24 C32 Br2 N2 O6,66,66,675.8317,P-1,2,triclinic,5,Br C H N O,True
2017626,PH19C11(NO)4,P2 H38 C22 N8 O8,78,78,706.4027,P-1,2,triclinic,5,C H N O P,True
2017669,H11C11N5O4,H22 C22 N10 O8,62,62,615.1319,P-1,2,triclinic,4,C H N O,True
2017697,H16C16NO3,H64 C64 N4 O12,144,144,1326.2372,P2_1/c,14,monoclinic,4,C H N O,True
2017707,H12C13N4O7,H48 C52 N16 O28,144,144,1450.5079,P2_1/c,14,monoclinic,4,C H N O,True
2017716,H14C7O6,H56 C28 O24,108,54,866.9221,C2,5,monoclinic,3,C H O,True
2017731,H3C5NOF2,H6 C10 N2 O2 F4,24,24,259.3368,P-1,2,triclinic,5,C F H N O,True
2017790,H14C10S(N2O)3,H56 C40 S4 N24 O12,136,136,1336.5199,P2_1/c,14,monoclinic,5,C H N O S,True
2017801,FeH13C12NO2,Fe4 H52 C48 N4 O8,116,116,1069.6576,P2_1/c,14,monoclinic,5,C Fe H N O,True
2017946,H7C5SNO,H56 C40 S8 N8 O8,120,120,1231.3764,P2_1/c,14,monoclinic,5,C H N O S,True
2018127,TiH13C4N2Cl3,Ti4 H52 C16 N8 Cl12,92,92,1010.1649,P2_1/c,14,monoclinic,5,C Cl H N Ti,True
2018228,H6C7NO4,H12 C14 N2 O8,36,36,330.9981,P-1,2,triclinic,4,C H N O,True
2018315,H8C7NClO3,H16 C14 N2 Cl2 O6,40,40,396.427,P-1,2,triclinic,5,C Cl H N O,True
2018365,H17C12NO5,H34 C24 N2 O10,70,70,660.2483,P-1,2,triclinic,4,C H N O,True
2018368,H10C11NO3,H40 C44 N4 O12,100,100,961.1603,P-1,2,triclinic,4,C H N O,True
2018494,BH13C10SO3,B4 H52 C40 S4 O12,112,112,1214.1717,P2_1/c,14,monoclinic,5,B C H O S,True
2018498,CuH17C10N5(ClO5)2,Cu2 H34 C20 N10 Cl4 O20,90,90,905.8521,P-1,2,triclinic,6,C Cl Cu H N O,True
2018527,Cu3H4C8N7,Cu12 H16 C32 N28,88,44,1007.5371,C2/c,15,monoclinic,4,C Cu H N,True
2018558,H5C9N5O6,H20 C36 N20 O24,100,100,1023.2558,P2_1/c,14,monoclinic,4,C H N O,True
2018630,H13C11N3O4,H26 C22 N6 O8,62,62,580.9754,P1,1,triclinic,4,C H N O,True
2018682,H12C13SNClO3,H48 C52 S4 N4 Cl4 O12,124,124,1333.2312,Pna2_1,33,orthorhombic,6,C Cl H N O S,True
2018739,CoH18C22S2(NO2)4,Co2 H36 C44 S4 N8 O16,110,110,1118.5197,P2_1/c,14,monoclinic,6,C Co H N O S,True
2018759,K3Mo2HCO13,K12 Mo8 H4 C4 O52,80,80,1088.7855,Pca2_1,29,orthorhombic,5,C H K Mo O,True
2018796,H8C10NClO,H32 C40 N4 Cl4 O4,84,84,850.0165,P2_1/c,14,monoclinic,5,C Cl H N O,True
2018797,H10C11NClO,H40 C44 N4 Cl4 O4,96,96,982.5709,P2_1/c,14,monoclinic,5,C Cl H N O,True
2018863,AuS5N5Cl4,Au2 S10 N10 Cl8,30,30,641.9447,P2_1/m,11,monoclinic,4,Au Cl N S,False
2018872,Ca5B3O9F,Ca10 B6 O18 F2,36,18,453.3718,Cm,8,monoclinic,4,B Ca F O,False
2018930,CoH20C21N4ClO2,Co2 H40 C42 N8 Cl2 O4,98,98,1010.1796,P-1,2,triclinic,6,C Cl Co H N O,True
2018953,H11C7SNO7,H44 C28 S4 N4 O28,108,108,1011.9399,P2_1/c,14,monoclinic,5,C H N O S,True
2018961,H21C18N5O2,H42 C36 N10 O4,92,92,857.307,P1,1,triclinic,4,C H N O,True
2018980,H11C7NO7,H22 C14 N2 O14,52,52,472.2183,P2_1,4,monoclinic,4,C H N O,True
2018981,H11C7NO7,H22 C14 N2 O14,52,52,474.5014,P-1,2,triclinic,4,C H N O,True
2018984,Rb2Cd5As4,Rb8 Cd20 As16,44,22,1179.6801,Cmcm,63,orthorhombic,3,As Cd Rb,False
2019045,SiH23C9NClO,Si2 H46 C18 N2 Cl2 O2,72,72,658.5673,P-1,2,triclinic,6,C Cl H N O Si,True
2019095,H11C15BrN4,H44 C60 Br4 N16,124,124,1367.4932,P2_1/c,14,monoclinic,4,Br C H N,True
2019122,Na2Cu3H24C16(N2O9)2,Na4 Cu6 H48 C32 N8 O36,134,134,1238.0198,P2_1/c,14,monoclinic,6,C Cu H N Na O,True
2019149,H25C27N3Cl2,H50 C54 N6 Cl4,114,114,1145.8154,P-1,2,triclinic,4,C Cl H N,True
2019179,Li2Ge4O9,Li8 Ge16 O36,60,60,681.7228,Pca2_1,29,orthorhombic,3,Ge Li O,False
2019227,H8C9BrNO2,H32 C36 Br4 N4 O8,84,84,884.9018,P2_1/c,14,monoclinic,5,Br C H N O,True
2019257,NdH21C15(NO3)6,Nd2 H42 C30 N12 O36,122,122,1145.9871,P2_1,4,monoclinic,5,C H N Nd O,True
2019340,NaInAs2O7,Na8 In8 As16 O56,88,44,1153.1184,C2/c,15,monoclinic,4,As In Na O,False
2019369,H4CN2O,H8 C2 N4 O2,16,16,145.8006,P-42_1m,113,tetragonal,4,C H N O,True
2019381,H16C15N2O3,H64 C60 N8 O12,144,144,1445.38,P2_1/c,14,monoclinic,4,C H N O,True
2019420,CuH20C30IN4O,Cu2 H40 C60 I2 N8 O2,114,114,1297.5223,P-1,2,triclinic,6,C Cu H I N O,True
2019521,FeH20C8NCl4,Fe4 H80 C32 N4 Cl16,136,136,1471.0151,Pca2_1,29,orthorhombic,5,C Cl Fe H N,True
2019557,H14C13N6(OF)2,H28 C26 N12 O4 F4,74,74,733.4808,P-1,2,triclinic,5,C F H N O,True
2019607,AsH13C6(NO2)2,As4 H52 C24 N8 O16,104,104,1040.3009,Pca2_1,29,orthorhombic,5,As C H N O,True
2019666,H10C5N2O3,H40 C20 N8 O12,80,80,693.7094,P2_12_12_1,19,orthorhombic,4,C H N O,True
2019701,CuH9C2SNO8,Cu4 H36 C8 S4 N4 O32,88,88,786.572,P2_1/c,14,monoclinic,6,C Cu H N O S,True
2019711,SiBr3,Si4 Br12,16,8,540.1409,C2/m,12,monoclinic,2,Br Si,False
2019772,H29C21(NO)5,H58 C42 N10 O10,120,120,1157.9287,P-1,2,triclinic,4,C H N O,True
2019774,VH10C12N3O7,V4 H40 C48 N12 O28,132,132,1349.5126,Pnma,62,orthorhombic,5,C H N O V,True
2019776,CuBiH20C26N5O14,Cu2 Bi2 H40 C52 N10 O28,134,134,1397.6117,P-1,2,triclinic,6,Bi C Cu H N O,True
2019988,CuH9C7SNO7,Cu4 H36 C28 S4 N4 O28,104,104,1057.4707,P2_1/c,14,monoclinic,6,C Cu H N O S,True
2020024,H13C13N3Cl2O3,H52 C52 N12 Cl8 O12,136,136,1421.4209,P2_12_12,18,orthorhombic,5,C Cl H N O,True
2020113,CdH10C9N5O6,Cd2 H20 C18 N10 O12,62,62,615.7364,P-1,2,triclinic,5,C Cd H N O,True
2020222,Te,Te3,3,3,101.816,P3_121,152,trigonal,1,Te,False
2020301,ZnH14C24Br2(NO)2,Zn2 H28 C48 Br4 N4 O4,90,90,1062.6764,P2/c,13,monoclinic,6,Br C H N O Zn,True
2020332,V2H6O5F4,V8 H24 O20 F16,68,34,664.4958,C2/c,15,monoclinic,4,F H O V,False
2020347,HfSnS3,Hf4 Sn4 S12,20,20,468.4126,Pnma,62,orthorhombic,3,Hf S Sn,False
2020356,BaH2Br2O7,Ba4 H8 Br8 O28,48,24,688.4171,C2/c,15,monoclinic,4,Ba Br H O,False
2020404,Cu2H20C23(N4O)2,Cu4 H40 C46 N16 O4,110,110,1151.9072,P-1,2,triclinic,5,C Cu H N O,True
2020406,NaH5C2N4O3,Na8 H40 C16 N32 O24,120,120,1173.0555,Pbca,61,orthorhombic,5,C H N Na O,True
2020409,H17C15Br(NO)2,H68 C60 Br4 N8 O8,148,148,1468.0156,P2_1/c,14,monoclinic,5,Br C H N O,True
2020495,P2H22PtC48(SF9)2,P2 H22 Pt1 C48 S2 F18,93,93,1147.6093,P-1,2,triclinic,6,C F H P Pt S,True
2020507,H9C6N3O,H18 C12 N6 O2,38,38,314.5808,P-1,2,triclinic,4,C H N O,True
2020520,SrTeO4,Sr4 Te4 O16,24,24,369.6192,Pbcn,60,orthorhombic,3,O2- Sr2+ Te6+,False
2020527,H10PbC14(NO)2,H40 Pb4 C56 N8 O8,116,116,1287.9949,P-1,2,triclinic,5,C H N O Pb,True
2020535,Li4Ge2B,Li12 Ge6 B3,21,7,315.6292,R3m,160,trigonal,3,B Ge Li,False
2020575,H3(CN)2,H24 C16 N16,56,56,494.4961,P2_1/c,14,monoclinic,3,C H N,True
2020584,CoH20C25(NO2)3,Co2 H40 C50 N6 O12,110,110,1024.5599,P-1,2,triclinic,5,C Co H N O,True
2020630,H24AuC29N2Cl,H48 Au2 C58 N4 Cl2,114,114,1197.6335,P-1,2,triclinic,5,Au C Cl H N,True
2020651,H13C14S(NO)3,H52 C56 S4 N12 O12,136,136,1355.3416,P2_1/c,14,monoclinic,5,C H N O S,True
2020906,CuH11C3N5O4,Cu2 H22 C6 N10 O8,48,48,432.2756,P-1,2,triclinic,5,C Cu H N O,True
2021053,H15C17NClO,H60 C68 N4 Cl4 O4,140,140,1433.7108,P2_1/c,14,monoclinic,5,C Cl H N O,True
2021101,NbCoAs,Nb4 Co4 As4,12,12,167.1873,Pnma,62,orthorhombic,3,As Co Nb,False
2021153,H9C14SN2ClO2,H36 C56 S4 N8 Cl4 O8,116,116,1332.1738,P2_1/c,14,monoclinic,6,C Cl H N O S,True
2021219,H12C14BrNO3,H48 C56 Br4 N4 O12,124,124,1287.582,P2_1/c,14,monoclinic,5,Br C H N O,True
2021309,H12C11INO2,H48 C44 I4 N4 O8,108,108,1136.2744,P2_1/c,14,monoclinic,5,C H I N O,True
2021315,H12C11N2O,H48 C44 N8 O4,104,104,1147.3427,P2_12_12,18,orthorhombic,4,C H N O,True
2021341,PH16C15NO3,P4 H64 C60 N4 O12,144,144,1436.2199,P1,1,triclinic,5,C H N O P,True
2021372,H17C11SN3O2,H68 C44 S4 N12 O8,136,136,1226.6214,P2_12_12_1,19,orthorhombic,5,C H N O S,True
2021449,ZnH26C28I2(NO2)2,Zn2 H52 C56 I4 N4 O8,126,126,1356.7452,P-1,2,triclinic,6,C H I N O Zn,True
2021610,SrErCuS3,Sr4 Er4 Cu4 S12,24,12,513.9865,Cmcm,63,orthorhombic,4,Cu Er S Sr,False
2021687,H33WC28N4ClO4,H66 W2 C56 N8 Cl2 O8,142,142,1365.751,Pc,7,monoclinic,6,C Cl H N O W,True
2021702,H7C5(NO)5,H28 C20 N20 O20,88,88,864.7777,Pnma,62,orthorhombic,4,C H N O,True
2021707,CdH9C9NO8,Cd4 H36 C36 N4 O32,112,112,1039.8901,P2_1/c,14,monoclinic,5,C Cd H N O,True
2021714,SrH6C4O7,Sr2 H12 C8 O14,36,36,363.4508,P-1,2,triclinic,4,C H O Sr,True
2021889,Sr2B2O5,Sr8 B8 O20,36,36,491.6198,P2_1/c,14,monoclinic,3,B O Sr,False
2021897,Rb2Ti2O5,Rb4 Ti4 O10,18,9,298.8203,C2/m,12,monoclinic,3,O Rb Ti,False
2021959,ZnH24C24(N2O3)2,Zn2 H48 C48 N8 O12,118,118,1177.7527,P2_1,4,monoclinic,5,C H N O Zn,True
2022144,H9C15N3O2,H36 C60 N12 O8,116,116,1185.4691,P2_1/c,14,monoclinic,4,C H N O,True
2022200,H22C19SN4O3,H44 C38 S2 N8 O6,98,98,958.3724,P-1,2,triclinic,5,C H N O S,True
2022260,H10C6SN4O,H40 C24 S4 N16 O4,88,88,901.7133,P2_1/c,14,monoclinic,5,C H N O S,True
2022406,H18C9O5,H72 C36 O20,128,64,1056.0033,C2,5,monoclinic,3,C H O,True
2022444,H8C9SI3N2F3,H16 C18 S2 I6 N4 F6,52,52,765.4095,P-1,2,triclinic,6,C F H I N S,True
2022550,H14C19N3,H56 C76 N12,144,144,1377.4874,P2_1/c,14,monoclinic,3,C H N,True
2022594,Na2CuNi(PO4)2,Na4 Cu2 Ni2 P4 O16,28,28,302.3112,P2_1/c,14,monoclinic,5,Cu Na Ni O P,False
2022608,H10C10NCl2O,H40 C40 N4 Cl8 O4,96,96,1073.0646,P-1,2,triclinic,5,C Cl H N O,True
2022647,H8C4BrN3O,H32 C16 Br4 N12 O4,68,68,721.7934,P2_1/c,14,monoclinic,5,Br C H N O,True
2022671,H18C10SO5,H72 C40 S4 O20,136,136,1172.6543,P2_12_12_1,19,orthorhombic,4,C H O S,True
2022716,H26C19(NO2)2,H52 C38 N4 O8,102,102,881.318,P-1,2,triclinic,4,C H N O,True
2022731,H14C11SNOF,H56 C44 S4 N4 O4 F4,116,116,1148.8033,P2_1,4,monoclinic,6,C F H N O S,True
2022914,H13AuC6Br3NCl2,H52 Au4 C24 Br12 N4 Cl8,104,104,1371.7224,P2_1/c,14,monoclinic,6,Au Br C Cl H N,True
2022930,FeH20C26S2(N5O)2,Fe1 H20 C26 S2 N10 O2,61,61,709.0208,P-1,2,triclinic,6,C Fe H N O S,True
2022940,CdH10C6(BrN3)2,Cd1 H10 C6 Br2 N6,25,25,292.0857,P-1,2,triclinic,5,Br C Cd H N,True
2022998,H11C10S2N5O2,H44 C40 S8 N20 O8,120,120,1284.0339,P2_1/c,14,monoclinic,5,C H N O S,True
2023086,H13AuC6Br3N,H52 Au4 C24 Br12 N4,96,96,1122.3229,Pnma,62,orthorhombic,5,Au Br C H N,True
2023227,CuH52C44N8(ClO5)2,Cu1 H52 C44 N8 Cl2 O10,117,117,1157.637,P-1,2,triclinic,6,C Cl Cu H N O,True
2023231,CuH48C44N8(ClO6)2,Cu1 H48 C44 N8 Cl2 O12,115,115,1130.6234,P-1,2,triclinic,6,C Cl Cu H N O,True
2023261,CuH17C16N2Cl3O7,Cu2 H34 C32 N4 Cl6 O14,92,92,1019.3721,P-1,2,triclinic,6,C Cl Cu H N O,True
2023288,CdH24C26(N3Cl2)2,Cd2 H48 C52 N12 Cl8,122,122,1374.3263,P-1,2,triclinic,5,C Cd Cl H N,True
2023381,H9C16BrO4,H36 C64 Br4 O16,120,120,1320.472,P2_12_12_1,19,orthorhombic,4,Br C H O,True
2023393,Ca3SiO,Ca3 Si1 O1,5,5,106.5638,Pm-3m,221,cubic,3,Ca O Si,False
2023403,H6C11SeSN3Cl,H12 C22 Se2 S2 N6 Cl2,46,46,592.8255,P-1,2,triclinic,6,C Cl H N S Se,True
2023464,FeH24C10N2Cl5,Fe2 H48 C20 N4 Cl10,84,84,906.0217,P2_1,4,monoclinic,5,C Cl Fe H N,True
2023473,H5C3O,H80 C48 O16,144,144,1151.1062,P-1,2,triclinic,3,C H O,True
2023484,H17C13Cl2O3F,H68 C52 Cl8 O12 F4,144,144,1470.524,P2_12_12_1,19,orthorhombic,5,C Cl F H O,True
2100064,PH14C6N2O,P2 H28 C12 N4 O2,48,48,439.3408,P-1,2,triclinic,5,C H N O P,True
2100151,H5C6ClO,H40 C48 Cl8 O8,104,104,1168.1393,P2_1/c,14,monoclinic,4,C Cl H O,True
2100366,H3C7NCl2O,H12 C28 N4 Cl8 O4,56,56,740.7446,P-1,2,triclinic,5,C Cl H N O,True
2100436,H8C4N2O3,H32 C16 N8 O12,68,68,511.8435,P2_1/c,14,monoclinic,4,C H N O,True
2100451,HC3Cl2,H4 C12 Cl8,24,24,378.949,P2_1/c,14,monoclinic,3,C Cl H,True
2100471,H34C23(NO3)2,H68 C46 N4 O12,130,65,1168.0239,C2,5,monoclinic,4,C H N O,True
2100475,H17C10SNO5,H68 C40 S4 N4 O20,136,68,1214.2557,C2,5,monoclinic,5,C H N O S,True
2100507,CuC2S2(OF)6,Cu1 C2 S2 O6 F6,17,17,221.4029,P-1,2,triclinic,5,C Cu F O S,True
2100539,H8C13N3ClO,H32 C52 N12 Cl4 O4,104,104,1171.494,P-1,2,triclinic,5,C Cl H N O,True
2100547,H7C4N3O2,H28 C16 N12 O8,64,64,560.4898,P2_1/c,14,monoclinic,4,C H N O,True
2100586,H9C13IN2O3,H36 C52 I4 N8 O12,112,112,1242.9503,P2_1/c,14,monoclinic,5,C H I N O,True
2100616,H13C16ClO3,H52 C64 Cl4 O12,132,132,1357.431,P2_1/c,14,monoclinic,4,C Cl H O,True
2100658,Ni,Ni4,4,1,44.0518,Fm-3m,225,cubic,1,Ni,False
2100660,WC,W1 C1,2,2,20.4339,P-6m2,187,hexagonal,2,C W,True
2100764,H19C15NO2,H76 C60 N4 O8,148,148,1310.7821,P-1,2,triclinic,4,C H N O,True
2100786,H2C3O,H16 C24 O8,48,48,534.9693,P-1,2,triclinic,3,C H O,True
2100875,H7C7NO,H56 C56 N8 O8,128,128,1249.0191,P2_1/c,14,monoclinic,4,C H N O,True
2100909,H30C27(NO2)2,H60 C54 N4 O8,126,126,1156.0421,P2_1,4,monoclinic,4,C H N O,True
2100914,H12C7NO4,H48 C28 N4 O16,96,96,816.9099,P2_1/c,14,monoclinic,4,C H N O,True
2100915,H5C3NO2,H40 C24 N8 O16,88,88,780.2244,P2_1,4,monoclinic,4,C H N O,True
2101024,K2NiF4,K4 Ni2 F8,14,7,210.7714,I4/mmm,139,tetragonal,3,F K Ni,False
2101030,CoH33C19(NO)6,Co2 H66 C38 N12 O12,130,130,1212.4617,P2_1,4,monoclinic,5,C Co H N O,True
2101078,K3NaCr2O8,K12 Na4 Cr8 O32,56,14,889.0769,C2/c,15,monoclinic,4,Cr K Na O,False
2101088,H9C10N3O,H36 C40 N12 O4,92,92,896.8174,P2_1/c,14,monoclinic,4,C H N O,True
2101125,FeH20C14IN,Fe4 H80 C56 I4 N4,148,148,1470.2618,P2_1/c,14,monoclinic,5,C Fe H I N,True
2101148,H3CO3,H12 C4 O12,28,28,247.2176,P2_1/c,14,monoclinic,3,C H O,True
2101150,H10C9N2,H40 C36 N8,84,84,860.4181,P2_1/c,14,monoclinic,3,C H N,True
2101151,H10C9N2,H40 C36 N8,84,84,852.4602,P2_1/c,14,monoclinic,3,C H N,True
2101220,H7(C2O)2,H28 C16 O8,52,52,435.8207,P2_1/c,14,monoclinic,3,C H O,True
2101224,H26C16S2N4O11,H52 C32 S4 N8 O22,118,118,1108.8242,P-1,2,triclinic,5,C H N O S,True
2101225,Li2H26C16S2N2O15,Li4 H52 C32 S4 N4 O30,126,126,1215.0858,P-1,2,triclinic,6,C H Li N O S,True
2101236,NbTe4,Nb2 Te8,10,10,286.7554,P4/mcc,124,tetragonal,2,Nb Te,False
2101282,H6C4NO,H48 C32 N8 O8,96,96,844.3608,P2_1/c,14,monoclinic,4,C H N O,True
2101291,H2CO,H48 C24 O24,96,96,725.8184,P2_12_12_1,19,orthorhombic,3,C H O,True
2101302,H9C9BrO3,H36 C36 Br4 O12,88,88,938.3705,P2_1/c,14,monoclinic,4,Br C H O,True
2101333,AgH16C22S8(NO4)2,Ag1 H16 C22 S8 N2 O8,57,57,677.2951,P-1,2,triclinic,6,Ag C H N O S,True
2101349,Na4Y(Si2O5)3,Na16 Y4 Si24 O60,104,52,1338.2929,Imma,74,orthorhombic,4,Na O Si Y,False
2101431,H15C6I(NO)2,H60 C24 I4 N8 O8,104,104,1008.8599,P2_1/c,14,monoclinic,5,C H I N O,True
2101451,Al3Pb5F19,Al12 Pb20 F76,108,54,1445.1438,I4cm,108,tetragonal,3,Al F Pb,False
2101480,H3C4NO,H48 C64 N16 O16,144,144,1494.5157,Pbca,61,orthorhombic,4,C H N O,True
2101501,NaH16C4NO10,Na4 H64 C16 N4 O40,128,128,1095.1467,P2_12_12,18,orthorhombic,5,C H N Na O,True
2101526,H8C4SO3,H32 C16 S4 O12,64,64,594.9097,P2_12_12_1,19,orthorhombic,4,C H O S,True
2101535,Fe2O,Fe2 O1,3,3,591.0544,R3m,160,trigonal,2,Fe O,False
2101549,LaClO,La2 Cl2 O2,6,6,116.8251,P4/nmm,129,tetragonal,3,Cl La O,False
2101590,NaZn(HO)3,Na8 Zn8 H24 O24,64,64,623.6047,P4_2bc,106,tetragonal,4,H Na O Zn,False
2101602,H8Pt(C3N)4,H32 Pt4 C48 N16,100,50,1130.8797,Cmcm,63,orthorhombic,4,C H N Pt,True
2101609,H13C8N3O5,H52 C32 N12 O20,116,116,1002.0757,P2_12_12_1,19,orthorhombic,4,C H N O,True
2101678,ZnWO4,Zn2 W2 O8,12,12,131.9658,P2/c,13,monoclinic,3,O W Zn,False
2101680,ZnWO4,Zn2 W2 O8,12,12,132.403,P-1,2,triclinic,3,O W Zn,False
2101786,NaSbCO2F3,Na8 Sb8 C8 O16 F24,64,32,883.6186,C2/c,15,monoclinic,5,C F Na O Sb,True
2101860,H7C3NO3,H28 C12 N4 O12,56,56,446.6509,P2_1,4,monoclinic,4,C H N O,True
2101930,RuO2,Ru2 O4,6,6,62.7108,P4_2/mnm,136,tetragonal,2,O Ru,False
2101973,H12C5BrNO2,H48 C20 Br4 N4 O8,84,84,825.1543,P2_1/c,14,monoclinic,5,Br C H N O,True
2101997,Rb2CoBr4,Rb8 Co4 Br16,28,28,992.7858,Pnma,62,orthorhombic,3,Br Co Rb,False
2102062,NaH2(C2O)2,Na8 H16 C32 O16,72,72,728.9232,Pca2_1,29,orthorhombic,4,C H Na O,True
2102085,CuH20S2(NO7)2,Cu2 H40 S4 N4 O28,78,78,676.5947,P2_1/c,14,monoclinic,5,Cu H N O S,False
2102115,HfV2,Hf8 V16,24,6,401.1558,Fd-3m,227,cubic,2,Hf V,False
2102187,H10C13N4,H40 C52 N16,108,54,1125.0334,Cc,9,monoclinic,3,C H N,True
2102193,Tl2Cd2(SO4)3,Tl8 Cd8 S12 O48,76,76,1109.6819,P2_1,4,monoclinic,4,Cd0+ O0+ S0+ Tl0+,False
2102246,P2Pb3O8,P8 Pb12 O32,52,26,702.2249,C2/c,15,monoclinic,3,O P Pb,False
2102254,Ni,Ni4,4,1,44.932,Fm-3m,225,cubic,1,Ni,False
2102329,MnH6C12O5,Mn4 H24 C48 O20,96,48,1068.7699,C2/c,15,monoclinic,4,C H Mn O,True
2102505,H8C10BrN3O2,H32 C40 Br4 N12 O8,96,96,1043.7219,P2_1/c,14,monoclinic,5,Br C H N O,True
2102560,KMnF3,K1 Mn1 F3,5,5,73.297,Pm-3m,221,cubic,3,F K Mn,False
2102575,H22C23(NO2)2,H44 C46 N4 O8,102,102,963.1879,P2_1,4,monoclinic,4,C H N O,True
2102657,CrF3,Cr6 F18,24,8,248.5076,R-3c,167,trigonal,2,Cr F,False
2102675,LiBH16(C4O5)4,Li2 B2 H32 C32 O40,108,54,1133.7678,I-4,82,tetragonal,5,B C H Li O,True
2102677,H10C5O2,H40 C20 O8,68,68,514.3469,P2_1/c,14,monoclinic,3,C H O,True
2102696,H10C4INO,H40 C16 I4 N4 O4,68,68,706.1652,P2_1/c,14,monoclinic,5,C H I N O,True
2102698,H15C8NO,H60 C32 N4 O4,100,100,812.1105,P2_1/c,14,monoclinic,4,C H N O,True
2102740,Fe2Cu2Ge4O13,Fe4 Cu4 Ge8 O26,42,42,496.4443,P2_1/m,11,monoclinic,4,Cu Fe Ge O,False
2102745,Fe2Cu2Ge4O13,Fe4 Cu4 Ge8 O26,42,42,497.6261,P2_1/m,11,monoclinic,4,Cu Fe Ge O,False
2102754,Fe2Cu2Ge4O13,Fe4 Cu4 Ge8 O26,42,42,508.0521,P2_1/m,11,monoclinic,4,Cu Fe Ge O,False
2102811,H17C8N4O5,H68 C32 N16 O20,136,136,1149.8843,P2_1,4,monoclinic,4,C H N O,True
2102818,Cs2H2C2O5,Cs8 H8 C8 O20,44,22,727.9761,C2/c,15,monoclinic,4,C Cs H O,True
2102927,C4SBr4,C16 S4 Br16,36,36,834.9055,Pca2_1,29,orthorhombic,3,Br C S,True
2102986,H15C15N3O2,H60 C60 N12 O8,140,140,1335.94,P2_1/c,14,monoclinic,4,C H N O,True
2103001,CaV3O7,Ca4 V12 O28,44,44,572.8885,Pnma,62,orthorhombic,3,Ca O V,False
2103003,CaV3O7,Ca4 V12 O28,44,44,572.5524,Pnma,62,orthorhombic,3,Ca O V,False
2103061,H8C11N3ClO,H16 C22 N6 Cl2 O2,48,48,500.1439,P-1,2,triclinic,5,C Cl H N O,True
2103063,H13C12(NO)3,H52 C48 N12 O12,124,124,1120.1576,P2_1/c,14,monoclinic,4,C H N O,True
2103269,H11C6NO6,H44 C24 N4 O24,96,96,776.3406,P2_1/c,14,monoclinic,4,C H N O,True
2103309,H5C2NO2,H20 C8 N4 O8,40,40,309.2328,P2_1/c,14,monoclinic,4,C H N O,True
2103314,LiTaGeO5,Li4 Ta4 Ge4 O20,32,16,400.9126,C2/c,15,monoclinic,4,Ge Li O Ta,False
2103338,CuH10C8O7,Cu4 H40 C32 O28,104,104,995.2256,Pbcn,60,orthorhombic,4,C Cu H O,True
2103349,NiH6C9NO5,Ni6 H36 C54 N6 O30,132,132,1403.9283,P3_221,154,trigonal,5,C H N Ni O,True
2103358,AsH4(CN)2,As3 H12 C6 N6,27,27,332.4515,P3_221,154,trigonal,4,As C H N,True
2103438,FeH48C28(NO2)2,Fe1 H48 C28 N2 O4,83,83,720.7623,P-1,2,triclinic,5,C Fe H N O,True
2103445,H9C13I(NO)2,H36 C52 I4 N8 O8,108,108,1246.0311,P2_1/c,14,monoclinic,5,C H I N O,True
2103481,H18C9(N2O3)2,H18 C9 N4 O6,37,37,324.4079,P1,1,triclinic,4,C H N O,True
2103568,H17C6N5(ClO)2,H68 C24 N20 Cl8 O8,128,128,1291.9259,P2_12_12_1,19,orthorhombic,5,C Cl H N O,True
2103598,H13C14SClO2,H52 C56 S4 Cl4 O8,124,124,1321.6482,P2_1/c,14,monoclinic,5,C Cl H O S,True
2103613,H9C13(NO2)3,H18 C26 N6 O12,62,62,635.205,P-1,2,triclinic,4,C H N O,True
2103686,H16C8SN2O3,H64 C32 S4 N8 O12,120,120,1052.6918,P2_1/c,14,monoclinic,5,C H N O S,True
2103707,H11C6NO2,H44 C24 N4 O8,80,80,648.583,P2_1/c,14,monoclinic,4,C H N O,True
2103709,H19C10NO2,H76 C40 N4 O8,128,128,1126.485,P2_1/c,14,monoclinic,4,C H N O,True
2103730,Co2H2C11O9,Co4 H4 C22 O18,48,48,674.2488,P-1,2,triclinic,4,C Co H O,True
2103756,Cu3H18C40N4(OF3)12,Cu3 H18 C40 N4 O12 F36,113,113,1437.8467,P-1,2,triclinic,6,C Cu F H N O,True
2103765,Ba(HO)2,Ba8 H16 O16,40,40,494.0834,P2_1/c,14,monoclinic,3,Ba H O,False
2103766,Ba(HO)2,Ba8 H16 O16,40,40,501.796,P2_1/c,14,monoclinic,3,Ba H O,False
2103791,C15BrO2,C60 Br4 O8,72,72,1383.7484,P4_3,78,tetragonal,3,Br C O,True
2103834,H13C14N3O4,H26 C28 N6 O8,68,68,661.55,P-1,2,triclinic,4,C H N O,True
2103866,Mn(CO)5,Mn8 C40 O40,88,44,1343.0135,C2/c,15,monoclinic,3,C Mn O,True
2103919,Na3CO2,Na3 C1 O2,6,6,273.432,P1,1,triclinic,3,C Na O,True
2103997,H4C5,H48 C60,108,108,990.3383,P2_1/c,14,monoclinic,2,C H,True
2104025,NaCl,Na1 Cl1,2,2,23.3937,Pm-3m,221,cubic,2,Cl Na,False
2104100,H9C13ClO2,H36 C52 Cl4 O8,100,100,1076.8159,Pca2_1,29,orthorhombic,4,C Cl H O,True
2104135,ErGe,Er1 Ge1,2,2,108.3879,Pmm2,25,orthorhombic,2,Er Ge,False
2104177,H6C3O,H72 C36 O12,120,120,989.6579,P2_1/c,14,monoclinic,3,C H O,True
2104185,H30C26(N4O)3,H60 C52 N24 O6,142,142,1386.0612,P-1,2,triclinic,4,C H N O,True
2104187,H16C10N6O,H64 C40 N24 O4,132,132,1148.3357,P-1,2,triclinic,4,C H N O,True
2104228,Co2SiO4,Co8 Si4 O16,28,28,294.2922,Pnma,62,orthorhombic,3,Co O Si,False
2104229,H14C11S(N2O)2,H56 C44 S4 N16 O8,128,128,1300.3989,P2_1/c,14,monoclinic,5,C H N O S,True
2104252,H18C16N2O3,H36 C32 N4 O6,78,78,723.9551,P-1,2,triclinic,4,C H N O,True
2104281,PH10C7NO5,P4 H40 C28 N4 O20,96,96,965.4005,P2_1/c,14,monoclinic,5,C H N O P,True
2104291,Bi(BO2)3,Bi2 B6 O12,20,10,199.316,C2,5,monoclinic,3,B Bi O,False
2104292,Bi(BO2)3,Bi2 B6 O12,20,10,178.2396,P1,1,triclinic,3,B Bi O,False
2104334,H12C10O,H48 C40 O4,92,92,857.4646,P1,1,triclinic,3,C H O,True
2104348,CaTeO3,Ca6 Te6 O18,30,30,524.3117,P2_1,4,monoclinic,3,Ca O Te,False
2104402,H11C9NO2,H44 C36 N4 O8,92,92,906.0216,P2_1/c,14,monoclinic,4,C H N O,True
2104442,CaMn3O2,Ca1 Mn3 O2,6,6,599.757,P1,1,triclinic,3,Ca Mn O,False
2104564,H31C21N5O6,H62 C42 N10 O12,126,126,1245.2165,P-1,2,triclinic,4,C H N O,True
2104606,AgH9C12N6ClO4,Ag2 H18 C24 N12 Cl2 O8,66,66,820.9905,P-1,2,triclinic,6,Ag C Cl H N O,True
2104624,H13C10SN2ClO3,H52 C40 S4 N8 Cl4 O12,120,120,1328.9516,Pna2_1,33,orthorhombic,6,C Cl H N O S,True
2104737,Si,Si8,8,2,160.1879,Fd-3m,227,cubic,1,Si,False
2104772,Ga4Bi2O9,Ga16 Bi8 O36,60,60,652.7208,Pnma,62,orthorhombic,3,Bi Ga O,False
2104785,H7C3NO2,H28 C12 N4 O8,52,52,387.5642,P2_12_12_1,19,orthorhombic,4,C H N O,True
2104863,Ni2As2O7,Ni2 As2 O7,11,11,251.6821,P1,1,triclinic,3,As Ni O,False
2104904,H12C15O8,H48 C60 O32,140,140,1272.6114,P2_1/c,14,monoclinic,3,C H O,True
2104910,H8C5(NO)4,H32 C20 N16 O16,84,84,759.9904,P2_1/c,14,monoclinic,4,C H N O,True
2104956,H8C14O,H32 C56 O4,92,92,782.8037,P2_1/c,14,monoclinic,3,C H O,True
2104961,H4C9S4Br2O,H16 C36 S16 Br8 O4,80,80,1271.1007,P2_1/c,14,monoclinic,5,Br C H O S,True
2104966,H4C4NO,H16 C16 N4 O4,40,40,362.9907,P-1,2,triclinic,4,C H N O,True
2104976,H4C7Cl2O,H8 C14 Cl4 O2,28,28,351.5418,P2_1,4,monoclinic,4,C Cl H O,True
2105030,H7(C2O)2,H28 C16 O8,52,52,478.0927,P2_1/c,14,monoclinic,3,C H O,True
2105133,Cu2CO5,Cu8 C4 O20,32,32,349.8532,P2_1/c,14,monoclinic,3,C Cu O,True
2105138,Cu2CO5,Cu8 C4 O20,32,32,325.4919,P2_1/c,14,monoclinic,3,C Cu O,True
2105149,H7C3NO2,H28 C12 N4 O8,52,52,378.7968,Pna2_1,33,orthorhombic,4,C H N O,True
2105152,H7C3NO2,H28 C12 N4 O8,52,52,365.3333,Pna2_1,33,orthorhombic,4,C H N O,True
2105169,H11C9N6O2F,H22 C18 N12 O4 F2,58,58,558.4742,P-1,2,triclinic,5,C F H N O,True
2105239,H17C12NO6,H34 C24 N2 O12,72,72,663.8978,P-1,2,triclinic,4,C H N O,True
2105344,LaAgSO,La2 Ag2 S2 O2,8,8,148.2622,P4/nmm,129,tetragonal,4,Ag La O S,False
2105428,CsB3O5,Cs4 B12 O20,36,36,485.4687,P2_12_12_1,19,orthorhombic,3,B Cs O,False
2105434,EuB4O7,Eu2 B8 O14,24,24,201.79,Pmn2_1,31,orthorhombic,3,B Eu O,False
2105442,PH24C15N3(ClO)2,P2 H48 C30 N6 Cl4 O4,94,94,966.8471,P-1,2,triclinic,6,C Cl H N O P,True
2105449,H11C5NO7,H44 C20 N4 O28,96,96,805.8986,P2_1/c,14,monoclinic,4,C H N O,True
2105479,H6C2SN2,H24 C8 S4 N8,44,44,442.7061,P-1,2,triclinic,4,C H N S,True
2105483,H12C5SN2O,H24 C10 S2 N4 O2,42,42,386.0001,P-1,2,triclinic,5,C H N O S,True
2105492,H7C4NO,H56 C32 N8 O8,104,104,872.2198,P2_1/c,14,monoclinic,4,C H N O,True
2105494,H16C8N2O3,H32 C16 N4 O6,58,58,499.3029,P-1,2,triclinic,4,C H N O,True
2105507,NaP(HO2)2,Na8 P8 H16 O32,64,64,663.008,P2_1/c,14,monoclinic,4,H Na O P,False
2105516,H9C7NO,H36 C28 N4 O4,72,72,630.6672,P2_1/c,14,monoclinic,4,C H N O,True
2105518,K2PtCl6,K8 Pt4 Cl24,36,9,900.1695,Fm-3m,225,cubic,3,Cl K Pt,False
2105526,K2PtCl6,K8 Pt4 Cl24,36,9,910.1631,Fm-3m,225,cubic,3,Cl K Pt,False
2105558,H11C6N3O4,H44 C24 N12 O16,96,96,782.4922,P-1,2,triclinic,4,C H N O,True
2105560,H4C7O,H16 C28 O4,48,48,480.2125,P2_1/c,14,monoclinic,3,C H O,True
2105622,H11C11N3O2,H44 C44 N12 O8,108,108,1147.3656,Pnma,62,orthorhombic,4,C H N O,True
2105641,CoH16C4(NCl2)2,Co4 H64 C16 N8 Cl16,108,108,1310.789,P2_1/c,14,monoclinic,5,C Cl Co H N,True
2105707,SiBr4,Si4 Br16,20,20,678.1634,P2_1/c,14,monoclinic,2,Br Si,False
2105803,KYS2,K3 Y3 S6,12,4,306.5174,R-3m,166,trigonal,3,K S Y,False
2105855,H11C5NO2,H44 C20 N4 O8,76,76,540.9052,Pnma,62,orthorhombic,4,C H N O,True
2105869,H5C5NO,H20 C20 N4 O4,48,48,403.0602,P4_12_12,92,tetragonal,4,C H N O,True
2105880,H12PdC6S3Cl2,H48 Pd4 C24 S12 Cl8,96,96,907.8857,P2_12_12_1,19,orthorhombic,5,C Cl H Pd S,True
2105910,H12PtC6S3Br2,H48 Pt4 C24 S12 Br8,96,96,984.1294,P2_12_12_1,19,orthorhombic,5,Br C H Pt S,True
2106001,HC,H32 C32,64,64,539.658,P-4n2,118,tetragonal,2,C H,True
2106024,H8S2N2O5,H32 S8 N8 O20,68,68,653.7556,Pnma,62,orthorhombic,4,H N O S,False
2106081,NaGa4,Na2 Ga8,10,5,199.5594,I4/mmm,139,tetragonal,2,Ga Na,False
2106120,La4Sb3,La16 Sb12,28,14,898.3528,I-43d,220,cubic,2,La Sb,False
2106122,Eu3TaAs3O,Eu12 Ta4 As12 O4,32,32,860.3358,Pnma,62,orthorhombic,4,As Eu O Ta,False
2106216,PBr3O,P4 Br12 O4,20,20,582.5622,Pnma,62,orthorhombic,3,Br O P,False
2106252,Th2TeN2,Th4 Te2 N4,10,5,218.1149,I4/mmm,139,tetragonal,3,N Te Th,False
2106262,Cu5(PO5)2,Cu5 P2 O10,17,17,193.0242,P-1,2,triclinic,3,Cu O P,False
2106276,ScSi7Rh3,Sc6 Si42 Rh18,66,22,960.659,R-3c,167,trigonal,3,Rh Sc Si,False
2106341,AsH18N3O7,As4 H72 N12 O28,116,116,987.6558,P2_1/c,14,monoclinic,4,As H N O,False
2106344,K2Be(CO2)4,K8 Be4 C16 O32,60,60,788.4719,Pnma,62,orthorhombic,4,Be C K O,True
2106353,P4O7,P16 O28,44,44,665.0339,P2_1/c,14,monoclinic,2,O P,False
2106361,Gd3Si2Ni,Gd12 Si8 Ni4,24,24,535.6268,Pnma,62,orthorhombic,3,Gd Ni Si,False
2106394,CaCO3,Ca4 C4 O12,20,20,239.5727,P2_1/c,14,monoclinic,3,C Ca O,True
2106401,H4NF,H8 N2 F2,12,12,122.2381,P6_3mc,186,hexagonal,3,F H N,False
2106443,CrO3,Cr4 O12,16,8,235.3451,Ama2,40,orthorhombic,2,Cr O,False
2106452,BaBiO3,Ba4 Bi4 O12,20,10,327.0379,C2/m,12,monoclinic,3,Ba Bi O,False
2106483,NaH2ClO5,Na8 H16 Cl8 O40,72,36,889.8461,C2/c,15,monoclinic,4,Cl H Na O,False
2106486,ZnH12(SO6)2,Zn1 H12 S2 O12,27,27,288.7479,P-1,2,triclinic,4,H O S Zn,False
2106493,NaV2O5,Na2 V4 O10,16,16,196.05,Pmn2_1,31,orthorhombic,3,Na O V,False
2106543,BaZrF6,Ba4 Zr4 F24,32,32,454.2568,P2_1/c,14,monoclinic,3,Ba F Zr,False
2106674,K2PH3O5,K16 P8 H24 O40,88,88,1113.5802,P2_1/c,14,monoclinic,4,H K O P,False
2106680,K2V3O8,K4 V6 O16,26,26,410.3,P4bm,100,tetragonal,3,K O V,False
2106716,U8CrS17,U16 Cr2 S34,52,26,1144.3889,C2/m,12,monoclinic,3,Cr S U,False
2106725,VIn2O5,V4 In8 O20,32,32,371.6941,Pnma,62,orthorhombic,3,In O V,False
2106816,Li2SO4,Li8 S4 O16,28,28,327.51,P2_1/c,14,monoclinic,3,Li O S,False
2106819,Cs3Np(Cl2O)2,Cs12 Np4 Cl16 O8,40,20,1276.4503,C2/c,15,monoclinic,4,Cl Cs Np O,False
2106910,Ce4S3O4,Ce8 S6 O8,22,22,393.9721,Pbam,55,orthorhombic,3,Ce O S,False
2106978,H4CN5Cl,H16 C4 N20 Cl4,44,22,532.8173,Cc,9,monoclinic,4,C Cl H N,True
2106989,Sr(ScS2)2,Sr4 Sc8 S16,28,28,600.4267,Pnma,62,orthorhombic,3,S Sc Sr,False
2107005,HgMoO4,Hg4 Mo4 O16,24,12,325.8202,C2/c,15,monoclinic,3,Hg Mo O,False
2107023,Rb2MoO4,Rb8 Mo4 O16,28,14,566.7841,C2/m,12,monoclinic,3,Mo O Rb,False
2107034,MgH20C4Br2(N4O3)2,Mg2 H40 C8 Br4 N16 O12,82,82,840.7897,P2_1/c,14,monoclinic,6,Br C H Mg N O,True
2107069,Zr2Se,Zr24 Se12,36,36,719.1371,Pnnm,58,orthorhombic,2,Se Zr,False
2107070,SnClF,Sn4 Cl4 F4,12,12,271.0365,Pnma,62,orthorhombic,3,Cl F Sn,False
2107071,GePt,Ge4 Pt4,8,8,128.6349,Pnma,62,orthorhombic,2,Ge Pt,False
2107078,SnP2Cl8O3,Sn2 P4 Cl16 O6,28,28,680.577,P-1,2,triclinic,4,Cl O P Sn,False
2107084,PrFeO3,Pr4 Fe4 O12,20,20,238.0849,Pnma,62,orthorhombic,3,Fe O Pr,False
2107120,CsOsNO3,Cs4 Os4 N4 O12,24,24,492.6037,Pnma,62,orthorhombic,4,Cs N O Os,False
2107164,H2O,H24 O12,36,36,309.3505,P4_12_12,92,tetragonal,2,H O,False
2107179,KICl2,K8 I8 Cl16,32,32,1071.1408,P2_1/c,14,monoclinic,3,Cl I K,False
2107185,K2PdCl6,K8 Pd4 Cl24,36,9,895.1167,Fm-3m,225,cubic,3,Cl K Pd,False
2107264,CaTiSiO5,Ca4 Ti4 Si4 O20,32,16,398.1314,C2/c,15,monoclinic,4,Ca O Si Ti,False
2107407,LiCu(PO3)3,Li4 Cu4 P12 O36,56,56,614.4384,P2_12_12_1,19,orthorhombic,4,Cu Li O P,False
2107420,BaBiO3,Ba8 Bi8 O24,40,10,660.6185,R-3,148,trigonal,3,Ba Bi O,False
2107521,TiPbO3,Ti1 Pb1 O3,5,5,63.0941,P4mm,99,tetragonal,3,O Pb Ti,False
2107549,H12PdC6S2Cl2O,H48 Pd4 C24 S8 Cl8 O4,96,96,798.9966,P2_1/c,14,monoclinic,6,C Cl H O Pd S,True
2107557,H12PdC6S2Cl2O,H48 Pd4 C24 S8 Cl8 O4,96,96,986.0681,P2_1/c,14,monoclinic,6,C Cl H O Pd S,True
2107572,H12PdC6S2Cl2O,H48 Pd4 C24 S8 Cl8 O4,96,96,940.0912,P2_1/c,14,monoclinic,6,C Cl H O Pd S,True
2107583,H12PdC6S2Cl2O,H48 Pd4 C24 S8 Cl8 O4,96,96,1070.8664,P2_1/c,14,monoclinic,6,C Cl H O Pd S,True
2107588,H12PdC6S2Cl2O,H48 Pd4 C24 S8 Cl8 O4,96,96,1065.8359,P2_1/c,14,monoclinic,6,C Cl H O Pd S,True
2107604,H12PdC6S2Cl2O,H48 Pd4 C24 S8 Cl8 O4,96,96,1087.8135,P2_1/c,14,monoclinic,6,C Cl H O Pd S,True
2107637,In(Mo2O3)2,In2 Mo8 O12,22,22,267.6568,P4/mbm,127,tetragonal,3,In Mo O,False
2107966,SiH16C9S,Si4 H64 C36 S4,108,108,1106.6878,P2_12_12_1,19,orthorhombic,4,C H S Si,True
2108072,CoH46C38Br4(NO2)2,Co1 H46 C38 Br4 N2 O4,95,95,1021.1208,P-1,2,triclinic,6,Br C Co H N O,True
2108083,CoH44C38Br6(NO2)2,Co1 H44 C38 Br6 N2 O4,95,95,1083.637,P-1,2,triclinic,6,Br C Co H N O,True
2108123,H9C21SI3NF6,H18 C42 S2 I6 N2 F12,82,82,1110.5318,P-1,2,triclinic,6,C F H I N S,True
2108132,H6C7SO2,H12 C14 S2 O4,32,32,336.2884,P-1,2,triclinic,4,C H O S,True
2108149,H5C8O,H40 C64 O8,112,112,858.802,P2_1/c,14,monoclinic,3,C H O,True
2108165,PH3O4,P4 H12 O16,32,32,288.2797,P2_1/c,14,monoclinic,3,H O P,False
2108179,PH3O4,P8 H24 O32,64,64,542.3088,P2_12_12_1,19,orthorhombic,3,H O P,False
2108296,H10C13IN3O,H40 C52 I4 N12 O4,112,112,1259.5824,P-1,2,triclinic,5,C H I N O,True
2108354,H17C18Se3N3O,H34 C36 Se6 N6 O2,84,84,985.265,P-1,2,triclinic,5,C H N O Se,True
2108461,H9C9NO3,H36 C36 N4 O12,88,88,834.875,P2_12_12_1,19,orthorhombic,4,C H N O,True
2108515,H9C7Br(NO)2,H18 C14 Br2 N4 O4,42,42,454.9955,P2_1/m,11,monoclinic,5,Br C H N O,True
2108594,H4C3O2,H40 C30 O20,90,90,848.2933,P-1,2,triclinic,3,C H O,True
2108612,Pr2MoO6,Pr16 Mo8 O48,72,36,1027.8261,I-4c2,120,tetragonal,3,Mo O Pr,False
2108674,H26C23N3O6F,H52 C46 N6 O12 F2,118,118,1135.261,P2_1,4,monoclinic,5,C F H N O,True
2108679,Sr5Cu(Ge3O8)3,Sr10 Cu2 Ge18 O48,78,78,984.4346,P2/c,13,monoclinic,4,Cu Ge O Sr,False
2108685,Cd2H14C28N2O9,Cd4 H28 C56 N4 O18,110,110,1255.3356,P-1,2,triclinic,5,C Cd H N O,True
2108722,YbB12,Yb4 B48,52,13,415.1275,Fm-3m,225,cubic,2,B Yb,False
2108761,H11C10NO3,H44 C40 N4 O12,100,100,908.9379,P2_1/c,14,monoclinic,4,C H N O,True
2108882,H9C6N3O2,H18 C12 N6 O4,40,40,352.0287,P2_1,4,monoclinic,4,C H N O,True
2108914,H7C4N5O3,H28 C16 N20 O12,76,76,707.7052,P2_1/c,14,monoclinic,4,C H N O,True
2108995,CuH26C16S2(N4O7)2,Cu2 H52 C32 S4 N16 O28,134,134,1308.0214,P2_1/c,14,monoclinic,6,C Cu H N O S,True
2108999,H5C5N3O,H20 C20 N12 O4,56,56,543.6242,P2_1/c,14,monoclinic,4,C H N O,True
2109084,H5C2I,H20 C8 I4,32,32,421.7054,P2_1/c,14,monoclinic,3,C H I,True
2200054,H15C13IO4,H60 C52 I4 O16,132,132,1355.5826,P2_12_12_1,19,orthorhombic,4,C H I O,True
2200068,SnH30C22S4(NO2)2,Sn2 H60 C44 S8 N4 O8,126,126,1318.242,P-1,2,triclinic,6,C H N O S Sn,True
2200076,NiH16C12(NO4)2,Ni1 H16 C12 N2 O8,39,39,341.7702,P-1,2,triclinic,5,C H N Ni O,True
2200097,H33C26NO3,H66 C52 N2 O6,126,126,1197.4316,P-1,2,triclinic,4,C H N O,True
2200100,NiH6(C2S3)2,Ni2 H12 C8 S12,34,34,521.9805,P2_1/c,14,monoclinic,4,C H Ni S,True
2200156,H7C13N2ClO2,H14 C26 N4 Cl2 O4,50,50,562.0038,P-1,2,triclinic,5,C Cl H N O,True
2200171,CrH16C8(BrO)2,Cr1 H16 C8 Br2 O2,29,29,278.073,P-1,2,triclinic,5,Br C Cr H O,True
2200183,H13C19N3O2,H52 C76 N12 O8,148,148,1431.5018,P2_1/c,14,monoclinic,4,C H N O,True
2200243,H14C13O4,H56 C52 O16,124,124,1133.0251,P2_12_12_1,19,orthorhombic,3,C H O,True
2200255,Ba4I6O,Ba8 I12 O2,22,22,855.5097,P6_3mc,186,hexagonal,3,Ba I O,False
2200261,ErMnO3,Er6 Mn6 O18,30,30,369.4687,P6_3cm,185,hexagonal,3,Er Mn O,False
2200270,H20RhC15NCl2,H40 Rh2 C30 N2 Cl4,78,78,768.3391,P2_1/m,11,monoclinic,5,C Cl H N Rh,True
2200335,H29C22NO2,H58 C44 N2 O4,108,108,1023.3308,P-1,2,triclinic,4,C H N O,True
2200376,KAgC2(SN)2,K8 Ag8 C16 S16 N16,64,64,1311.0638,Pbca,61,orthorhombic,5,Ag C K N S,True
2200401,PbIF,Pb2 I2 F2,6,6,158.0089,P4/nmm,129,tetragonal,3,F I Pb,False
2200416,H8C7O6,H32 C28 O24,84,84,763.5802,P2/c,13,monoclinic,3,C H O,True
2200450,H13C20BrO5,H26 C40 Br2 O10,78,78,821.6506,P-1,2,triclinic,4,Br C H O,True
2200478,H7C7IO3,H28 C28 I4 O12,72,72,787.2973,P2_1/c,14,monoclinic,4,C H I O,True
2200498,H14C4N2Cl2O,H56 C16 N8 Cl8 O4,92,46,835.501,C2/c,15,monoclinic,5,C Cl H N O,True
2200550,H2C2N3O2,H16 C16 N24 O16,72,72,733.7204,P2_1/c,14,monoclinic,4,C H N O,True
2200570,CuH10C6(N7Cl)2,Cu2 H20 C12 N28 Cl4,66,66,753.9762,P2_1/c,14,monoclinic,5,C Cl Cu H N,True
2200621,H25C27NO5,H50 C54 N2 O10,116,116,1128.8573,P-1,2,triclinic,4,C H N O,True
2200666,H8C5,H64 C40,104,104,875.3051,P2_12_12_1,19,orthorhombic,2,C H,True
2200704,H15C11O2,H60 C44 O8,112,112,1022.5672,P-1,2,triclinic,3,C H O,True
2200734,H2CNO,H16 C8 N8 O8,40,40,386.5435,P2_1/c,14,monoclinic,4,C H N O,True
2200758,H7C8(NO)2,H28 C32 N8 O8,76,76,739.1983,P-1,2,triclinic,4,C H N O,True
2200802,H9C12N2ClO,H36 C48 N8 Cl4 O4,100,100,1112.9792,P2_1/c,14,monoclinic,5,C Cl H N O,True
2200836,H7C12Br3O,H28 C48 Br12 O4,92,92,1298.3908,P2_1/c,14,monoclinic,4,Br C H O,True
2200848,H20RuC12SCl2O,H40 Ru2 C24 S2 Cl4 O2,74,74,754.2882,P-1,2,triclinic,6,C Cl H O Ru S,True
2200886,ZnH14C6N2(ClO2)2,Zn4 H56 C24 N8 Cl8 O16,116,116,1173.186,P2_1/c,14,monoclinic,6,C Cl H N O Zn,True
2200890,H10C10N,H40 C40 N4,84,84,814.9489,P-1,2,triclinic,3,C H N,True
2200936,CrP2H20C32(O2F5)2,Cr1 P2 H20 C32 O4 F10,69,69,819.005,P-1,2,triclinic,6,C Cr F H O P,True
2200969,PH25C18(NO4)2,P2 H50 C36 N4 O16,108,108,1006.0595,P2_1,4,monoclinic,5,C H N O P,True
2201080,HgH31C25N3ClO8,Hg2 H62 C50 N6 Cl2 O16,138,138,1400.7902,P-1,2,triclinic,6,C Cl H Hg N O,True
2201132,Zn5P6H22(NO11)2,Zn5 P6 H22 N2 O22,57,57,615.1814,P-1,2,triclinic,5,H N O P Zn,False
2201134,H13C14IN2,H52 C56 I4 N8,120,120,1310.8949,P2_1/c,14,monoclinic,4,C H I N,True
2201135,H9C12BrN2,H18 C24 Br2 N4,48,48,533.1765,P-1,2,triclinic,4,Br C H N,True
2201317,Na2SeO3,Na8 Se4 O12,24,24,336.6105,P2_1/c,14,monoclinic,3,Na O Se,False
2201422,H28C18N3ClO10,H56 C36 N6 Cl2 O20,120,120,1137.0955,P2_1,4,monoclinic,5,C Cl H N O,True
2201460,K4Co3Mo8H24C20(N2O27)2,K4 Co3 Mo8 H24 C20 N4 O54,117,117,1476.7522,P-1,2,triclinic,7,C Co H K Mo N O,True
2201485,H11C12N2ClO2,H44 C48 N8 Cl4 O8,112,112,1188.4908,Pnma,62,orthorhombic,5,C Cl H N O,True
2201558,KCrH14C6O13,K4 Cr4 H56 C24 O52,140,140,1351.6453,P2_1/c,14,monoclinic,5,C Cr H K O,True
2201576,H8C11N3ClO4,H32 C44 N12 Cl4 O16,108,108,1210.2803,P2_1/c,14,monoclinic,5,C Cl H N O,True
2201583,NiH10C4(SN4)2,Ni4 H40 C16 S8 N32,100,50,990.8144,C2/c,15,monoclinic,5,C H N Ni S,True
2201595,CdH48C39N8O9,Cd1 H48 C39 N8 O9,105,105,1035.2126,P1,1,triclinic,5,C Cd H N O,True
2201628,H10C13N8,H40 C52 N32,124,124,1293.6934,P2_1/c,14,monoclinic,3,C H N,True
2201636,H20C18SeO2,H40 C36 Se2 O4,82,82,761.1847,P-1,2,triclinic,4,C H O Se,True
2201656,H6C8N2O5,H24 C32 N8 O20,84,84,926.4641,P2_1/c,14,monoclinic,4,C H N O,True
2201669,H7C7N2ClO,H28 C28 N8 Cl4 O4,72,72,748.7532,P2_1/c,14,monoclinic,5,C Cl H N O,True
2201709,H3C2(NO)4,H12 C8 N16 O16,52,52,524.8256,P2_1,4,monoclinic,4,C H N O,True
2201722,H14C17O2,H56 C68 O8,132,66,1280.6433,Cc,9,monoclinic,3,C H O,True
2201739,H11C10N3O4,H22 C20 N6 O8,56,56,519.5112,P-1,2,triclinic,4,C H N O,True
2201788,H6C10N,H24 C40 N4,68,68,723.7177,P-1,2,triclinic,3,C H N,True
2201807,H6C10N,H48 C80 N8,136,136,1436.0233,P2_1/c,14,monoclinic,3,C H N,True
2201826,H4C5Br3N,H16 C20 Br12 N4,52,26,826.8526,C2/m,12,monoclinic,4,Br C H N,True
2201844,H12C6NClO4,H48 C24 N4 Cl4 O16,96,96,931.0986,Pnma,62,orthorhombic,5,C Cl H N O,True
2201871,H8C15NClO2,H32 C60 N4 Cl4 O8,108,108,1155.7502,P2_1/c,14,monoclinic,5,C Cl H N O,True
2201876,H8C5NO6,H32 C20 N4 O24,80,80,739.397,P2_1/c,14,monoclinic,4,C H N O,True
2202032,H9C11N3O,H18 C22 N6 O2,48,48,523.9578,P-1,2,triclinic,4,C H N O,True
2202092,H10C10N2O,H20 C20 N4 O2,46,46,428.326,P-1,2,triclinic,4,C H N O,True
2202138,H14C14SO4,H56 C56 S4 O16,132,132,1284.4913,P2_1/c,14,monoclinic,4,C H O S,True
2202320,HCO,H10 C10 O10,30,30,289.1586,P-1,2,triclinic,3,C H O,True
2202340,H13C12SN2ClO,H52 C48 S4 N8 Cl4 O4,120,120,1273.4901,Pna2_1,33,orthorhombic,6,C Cl H N O S,True
2202343,H10C11O5,H20 C22 O10,52,52,482.41,P2_1,4,monoclinic,3,C H O,True
2202416,ZnH30C14(SO11)2,Zn1 H30 C14 S2 O22,69,69,669.8008,P-1,2,triclinic,5,C H O S Zn,True
2202445,H20C21SN3O5F3,H40 C42 S2 N6 O10 F6,106,106,1075.3118,P-1,2,triclinic,6,C F H N O S,True
2202465,CoH22C6(N2O7)2,Co2 H44 C12 N8 O28,94,94,865.0998,P2_1/c,14,monoclinic,5,C Co H N O,True
2202546,H17C18(NO2)3,H34 C36 N6 O12,88,88,849.9724,P-1,2,triclinic,4,C H N O,True
2202551,SnH29C26S2N,Sn2 H58 C52 S4 N2,118,118,1242.9742,P-1,2,triclinic,5,C H N S Sn,True
2202637,H9C7SO5,H18 C14 S2 O10,44,44,455.7706,P-1,2,triclinic,4,C H O S,True
2202676,CuH6N4O5,Cu8 H48 N32 O40,128,64,1392.5365,C2/c,15,monoclinic,4,Cu H N O,False
2202813,H12C9NO2,H24 C18 N2 O4,48,48,432.8327,P-1,2,triclinic,4,C H N O,True
2202814,CrH6C9NO3F,Cr4 H24 C36 N4 O12 F4,84,84,949.205,Pnma,62,orthorhombic,6,C Cr F H N O,True
2202904,H10C5S2O3,H40 C20 S8 O12,80,80,808.0352,P2_1/c,14,monoclinic,4,C H O S,True
2202983,CuH16C20N3ClO4,Cu2 H32 C40 N6 Cl2 O8,90,90,956.0664,P-1,2,triclinic,6,C Cl Cu H N O,True
2202986,H10(C2O)7,H40 C56 O28,124,124,1191.8288,P2_1/c,14,monoclinic,3,C H O,True
2203004,H7C9NO2,H28 C36 N4 O8,76,76,756.4364,P2_1/c,14,monoclinic,4,C H N O,True
2203008,H15C15N3O7,H30 C30 N6 O14,80,80,792.5704,P1,1,triclinic,4,C H N O,True
2203036,BH24C19SNO4,B2 H48 C38 S2 N2 O8,100,100,958.6845,P-1,2,triclinic,6,B C H N O S,True
2203119,CdH10C10(N2O5)2,Cd2 H20 C20 N8 O20,70,70,719.2008,P2_1/c,14,monoclinic,5,C Cd H N O,True
2203133,C6S5(IN)2,C24 S20 I8 N8,60,60,1194.0715,P2_1/c,14,monoclinic,4,C I N S,True
2203242,H18C25N3Cl3O4,H36 C50 N6 Cl6 O8,106,106,1174.5611,P-1,2,triclinic,5,C Cl H N O,True
2203244,H9C16NCl2O3,H36 C64 N4 Cl8 O12,124,124,1439.8141,P2_1/c,14,monoclinic,5,C Cl H N O,True
2203248,ZnH8(CO)10,Zn4 H32 C40 O40,116,116,1387.6591,Pna2_1,33,orthorhombic,4,C H O Zn,True
2203278,H12C11(NO)2,H48 C44 N8 O8,108,108,1043.766,P-1,2,triclinic,4,C H N O,True
2203280,H8C12SN3ClO,H16 C24 S2 N6 Cl2 O2,52,52,615.4761,P-1,2,triclinic,6,C Cl H N O S,True
2203323,H12C7S2N2O5,H48 C28 S8 N8 O20,112,112,1094.8433,P2_1/c,14,monoclinic,5,C H N O S,True
2203329,H18C17N2O3,H36 C34 N4 O6,80,80,774.6345,P-1,2,triclinic,4,C H N O,True
2203383,H8C7N2O3,H32 C28 N8 O12,80,80,769.8789,Pna2_1,33,orthorhombic,4,C H N O,True
2203413,H13C13SNO,H52 C52 S4 N4 O4,116,116,1186.4288,P2_12_12_1,19,orthorhombic,5,C H N O S,True
2203440,CuH22C20N2(ClO)2,Cu1 H22 C20 N2 Cl2 O2,49,49,489.2276,P-1,2,triclinic,6,C Cl Cu H N O,True
2203451,ZnH12C16(BrN2)2,Zn2 H24 C32 Br4 N8,70,70,849.4012,P-1,2,triclinic,5,Br C H N Zn,True
2203487,NiP2H28C28(SO)4,Ni1 P2 H28 C28 S4 O4,67,67,777.7348,P-1,2,triclinic,6,C H Ni O P S,True
2203536,CuH32C20(NO5)2,Cu2 H64 C40 N4 O20,130,130,1177.0313,P2_1/c,14,monoclinic,5,C Cu H N O,True
2203538,CuH20C8N2(ClO)4,Cu2 H40 C16 N4 Cl8 O8,78,78,824.7035,P2_1/c,14,monoclinic,6,C Cl Cu H N O,True
2203587,H12C13N2O3,H48 C52 N8 O12,120,120,1164.7243,P2_1/c,14,monoclinic,4,C H N O,True
2203631,H3C2NO,H36 C24 N12 O12,84,84,777.1991,P2_1/c,14,monoclinic,4,C H N O,True
2203670,Cs2CoH8(CO3)4,Cs8 Co4 H32 C16 O48,108,54,1330.7935,C2/c,15,monoclinic,5,C Co Cs H O,True
2203687,CdH18C20(N2O3)2,Cd2 H36 C40 N8 O12,98,98,1032.6663,P-1,2,triclinic,5,C Cd H N O,True
2203715,H12C10SI(NO2)3,H24 C20 S2 I2 N6 O12,66,66,688.3086,P2_1/m,11,monoclinic,6,C H I N O S,True
2203724,H14C13(NO2)2,H56 C52 N8 O16,132,132,1344.4903,P2_1/c,14,monoclinic,4,C H N O,True
2203776,H11C12N3(ClO)2,H44 C48 N12 Cl8 O8,120,120,1288.0799,P2_1/c,14,monoclinic,5,C Cl H N O,True
2203800,AsP3H18C6(SO)6,As2 P6 H36 C12 S12 O12,80,80,1081.8365,P-1,2,triclinic,6,As C H O P S,True
2203822,Na3YCl6,Na6 Y2 Cl12,20,20,504.5125,P2_1/c,14,monoclinic,3,Cl Na Y,False
2203845,LiBH38(C5N2)5,Li2 B2 H76 C50 N20,150,150,1452.0191,P-1,2,triclinic,5,B C H Li N,True
2203852,CuH17C27N5Cl2,Cu2 H34 C54 N10 Cl4,104,104,1196.994,P-1,2,triclinic,5,C Cl Cu H N,True
2203869,H9C12O,H36 C48 O4,88,88,852.8592,P-1,2,triclinic,3,C H O,True
2203871,ZnH15C13(NO2)3,Zn2 H30 C26 N6 O12,76,76,751.6378,P-1,2,triclinic,5,C H N O Zn,True
2203890,CuH17C12N3O8,Cu2 H34 C24 N6 O16,82,82,778.5408,P-1,2,triclinic,5,C Cu H N O,True
2204006,H10C6NCl3O5,H40 C24 N4 Cl12 O20,100,100,1130.6865,P2_1,4,monoclinic,5,C Cl H N O,True
2204038,H17C16N2Cl,H68 C64 N8 Cl4,144,144,1395.3764,P2_1/c,14,monoclinic,4,C Cl H N,True
2204042,H14C12SN2O,H56 C48 S4 N8 O4,120,120,1187.1497,P2_1/c,14,monoclinic,5,C H N O S,True
2204077,H18C19O,H36 C38 O2,76,38,726.524,C2,5,monoclinic,3,C H O,True
2204096,RbGd2CuS4,Rb4 Gd8 Cu4 S16,32,16,758.1332,Cmcm,63,orthorhombic,4,Cu Gd Rb S,False
2204129,GaH13(C2N)2,Ga2 H26 C8 N4,40,40,385.9916,P-1,2,triclinic,4,C Ga H N,True
2204181,H14C11(NO)4,H56 C44 N16 O16,132,132,1235.3285,P2_1/c,14,monoclinic,4,C H N O,True
2204194,H6C5NO2,H24 C20 N4 O8,56,56,524.9994,Pc,7,monoclinic,4,C H N O,True
2204256,HC,H44 C44,88,88,807.4183,P2_1/c,14,monoclinic,2,C H,True
2204290,H13C13N4ClO6,H26 C26 N8 Cl2 O12,74,74,764.8589,P-1,2,triclinic,5,C Cl H N O,True
2204303,H12C15N3O4F,H48 C60 N12 O16 F4,140,140,1457.0163,P2_1/c,14,monoclinic,5,C F H N O,True
2204306,H13C15SN3O,H52 C60 S4 N12 O4,132,132,1364.0151,P2_1/c,14,monoclinic,5,C H N O S,True
2204388,H11C11SN2OF,H22 C22 S2 N4 O2 F2,54,54,571.1536,P-1,2,triclinic,6,C F H N O S,True
2204394,H13C9(NO2)4,H26 C18 N8 O16,68,68,637.9168,P-1,2,triclinic,4,C H N O,True
2204398,H29C21N4O4F,H58 C42 N8 O8 F2,118,118,1068.608,P-1,2,triclinic,5,C F H N O,True
2204415,BH11C10O3,B4 H44 C40 O12,100,100,932.6519,P2_1/c,14,monoclinic,4,B C H O,True
2204442,H22C10BrNO2,H88 C40 Br4 N4 O8,144,144,1311.1825,P2_1/c,14,monoclinic,5,Br C H N O,True
2204448,ZnH14C22(SN3)2,Zn2 H28 C44 S4 N12,90,90,1058.7855,P-1,2,triclinic,5,C H N S Zn,True
2204454,H12C10NClO3,H48 C40 N4 Cl4 O12,108,108,1103.1103,P2_1/c,14,monoclinic,5,C Cl H N O,True
2204495,H17C14NO3,H68 C56 N4 O12,140,140,1327.8094,P2_12_12_1,19,orthorhombic,4,C H N O,True
2204500,H18C19S(NO2)2,H36 C38 S2 N4 O8,88,88,896.1452,P-1,2,triclinic,5,C H N O S,True
2204507,CuH23C22N3O5,Cu2 H46 C44 N6 O10,108,108,1083.8243,P-1,2,triclinic,5,C Cu H N O,True
2204541,H19C12(NO)3,H38 C24 N6 O6,74,74,669.2561,P2_1,4,monoclinic,4,C H N O,True
2204582,H8W(S2N)2,H32 W4 S16 N8,60,60,822.4335,Pnma,62,orthorhombic,4,H N S W,False
2204649,H13C17N3O2,H52 C68 N12 O8,140,140,1399.2149,P2_1/c,14,monoclinic,4,C H N O,True
2204670,H5C3SNO2,H40 C24 S8 N8 O16,96,96,1004.6107,P2_12_12_1,19,orthorhombic,5,C H N O S,True
2204685,PH18C25Cl3O4,P2 H36 C50 Cl6 O8,102,102,1151.7746,P-1,2,triclinic,5,C Cl H O P,True
2204714,KCrH36C20ClO9,K2 Cr2 H72 C40 Cl2 O18,136,136,1273.754,P2_1,4,monoclinic,6,C Cl Cr H K O,True
2204733,AgH14C6(NO)3,Ag4 H56 C24 N12 O12,108,108,981.8845,P4_3,78,tetragonal,5,Ag C H N O,True
2204750,H6C5N2O3,H24 C20 N8 O12,64,64,621.741,P2_1/c,14,monoclinic,4,C H N O,True
2204826,H21C26(NO)3,H42 C52 N6 O6,106,106,1136.8085,P-1,2,triclinic,4,C H N O,True
2204843,Cd3H26C38(N2O7)2,Cd3 H26 C38 N4 O14,85,85,915.9174,P-1,2,triclinic,5,C Cd H N O,True
2204869,CuH16C22N4(ClO)2,Cu2 H32 C44 N8 Cl4 O4,94,94,1059.819,P2_1/c,14,monoclinic,6,C Cl Cu H N O,True
2204877,ZnH18C18N2O5,Zn2 H36 C36 N4 O10,88,88,841.4755,P-1,2,triclinic,5,C H N O Zn,True
2204907,H8PtC10S2(NO)2,H32 Pt4 C40 S8 N8 O8,100,100,1153.5575,P2_1/c,14,monoclinic,6,C H N O Pt S,True
2204955,H14C13S2NClO2,H56 C52 S8 N4 Cl4 O8,132,132,1427.7057,P2_1/c,14,monoclinic,6,C Cl H N O S,True
2204988,H7C10NO3,H28 C40 N4 O12,84,84,867.6439,P2_1/c,14,monoclinic,4,C H N O,True
2205000,AgH9C7SO8,Ag4 H36 C28 S4 O32,104,104,1064.8427,P-1,2,triclinic,5,Ag C H O S,True
2205011,CaH12(C5O4)2,Ca4 H48 C40 O32,124,124,1229.0277,P2_1/c,14,monoclinic,4,C Ca H O,True
2205036,ZnH21C29N3O5,Zn2 H42 C58 N6 O10,118,118,1227.4359,P-1,2,triclinic,5,C H N O Zn,True
2205041,H7C10Br5O,H14 C20 Br10 O2,46,46,671.9856,P-1,2,triclinic,4,Br C H O,True
2205060,H13C11(NO)3,H26 C22 N6 O6,60,60,578.0827,P-1,2,triclinic,4,C H N O,True
2205087,H30C12N6O,H60 C24 N12 O2,98,98,763.8335,P-3c1,165,trigonal,4,C H N O,True
2205105,H2CN2,H24 C12 N24,60,60,517.2541,P2_1/c,14,monoclinic,3,C H N,True
2205121,H30C27S(NO2)2,H60 C54 S2 N4 O8,128,128,1176.105,P-1,2,triclinic,5,C H N O S,True
2205171,H17C13NO4,H34 C26 N2 O8,70,70,659.7158,P-1,2,triclinic,4,C H N O,True
2205176,Ga2Te2Cl7,Ga8 Te8 Cl28,44,44,1319.357,P2_1/c,14,monoclinic,3,Cl Ga Te,False
2205186,H14C19S(NO3)2,H28 C38 S2 N4 O12,84,84,859.4883,P2_1,4,monoclinic,5,C H N O S,True
2205243,CdH30C12N12(ClO4)2,Cd2 H60 C24 N24 Cl4 O16,130,130,1217.7181,P-3c1,165,trigonal,6,C Cd Cl H N O,True
2205249,H9C10S4NO3,H36 C40 S16 N4 O12,108,108,1290.3913,P2_1/c,14,monoclinic,5,C H N O S,True
2205321,CoH16C21(NO3)2,Co2 H32 C42 N4 O12,92,92,942.0134,P-1,2,triclinic,5,C Co H N O,True
2205364,H12C12NCl3O2,H24 C24 N2 Cl6 O4,60,60,651.614,P-1,2,triclinic,5,C Cl H N O,True
2205385,H11C19N4Cl2F3,H22 C38 N8 Cl4 F6,78,78,951.3793,P-1,2,triclinic,5,C Cl F H N,True
2205413,H11C13NO3,H44 C52 N4 O12,112,112,1062.8603,P-1,2,triclinic,4,C H N O,True
2205425,H9C15NO3,H36 C60 N4 O12,112,112,1201.4878,P2_1/c,14,monoclinic,4,C H N O,True
2205469,H9C8BrN2O3,H18 C16 Br2 N4 O6,46,46,504.2421,P-1,2,triclinic,5,Br C H N O,True
2205500,H7C7BrN2,H14 C14 Br2 N4,34,34,413.2956,P2_1/m,11,monoclinic,4,Br C H N,True
2205544,AlFeH24C16N2Cl,Al2 Fe2 H48 C32 N4 Cl2,90,90,848.6799,P-1,2,triclinic,6,Al C Cl Fe H N,True
2205547,H7C5N5Cl2,H28 C20 N20 Cl8,76,76,815.6082,Pnma,62,orthorhombic,4,C Cl H N,True
2205623,H11C9N2,H44 C36 N8,88,88,826.4356,P2_1/c,14,monoclinic,3,C H N,True
2205743,NiH36C28(N2Cl)2,Ni2 H72 C56 N8 Cl4,142,142,1441.8808,P4/nnc,126,tetragonal,5,C Cl H N Ni,True
2205791,H11C11SNO5,H44 C44 S4 N4 O20,116,116,1219.1276,P2_12_12_1,19,orthorhombic,5,C H N O S,True
2205918,H20C23N2O3,H40 C46 N4 O6,96,96,977.6345,P-1,2,triclinic,4,C H N O,True
2205954,ZnH32C26(NO)2,Zn1 H32 C26 N2 O2,63,63,564.053,P-1,2,triclinic,5,C H N O Zn,True
2205963,Cu3H14C24N4(ClO)2,Cu3 H14 C24 N4 Cl2 O2,49,49,547.7345,P-1,2,triclinic,6,C Cl Cu H N O,True
2205973,H15C8NO2,H60 C32 N4 O8,104,52,893.1299,C2,5,monoclinic,4,C H N O,True
2206013,ZnH24C16(NO2)6,Zn2 H48 C32 N12 O24,118,118,1134.1455,P2_1/c,14,monoclinic,5,C H N O Zn,True
2206041,AsH10C4N3O5,As4 H40 C16 N12 O20,92,92,893.3327,P2_1/c,14,monoclinic,5,As C H N O,True
2206049,H10C9O8,H40 C36 O32,108,108,1032.9123,Pna2_1,33,orthorhombic,3,C H O,True
2206051,H11C9BrN2O3,H22 C18 Br2 N4 O6,52,52,532.1611,P-1,2,triclinic,5,Br C H N O,True
2206095,H34(C7O)3,H68 C42 O6,116,116,938.3134,P2_1,4,monoclinic,3,C H O,True
2206165,H18C19N3O3F,H36 C38 N6 O6 F2,88,88,855.5756,P-1,2,triclinic,5,C F H N O,True
2206168,H11C18SN4Cl2(OF)3,H22 C36 S2 N8 Cl4 O6 F6,84,84,1033.6512,P-1,2,triclinic,7,C Cl F H N O S,True
2206170,H21C13S2N,H84 C52 S8 N4,148,148,1386.1267,P2_1/c,14,monoclinic,4,C H N S,True
2206203,H14C7(NO2)2,H56 C28 N8 O16,108,108,911.1232,P4_2,77,tetragonal,4,C H N O,True
2206264,H20C19SN4O3,H40 C38 S2 N8 O6,94,94,941.4253,P-1,2,triclinic,5,C H N O S,True
2206317,CuH4C2S2(NO)2,Cu4 H16 C8 S8 N8 O8,52,52,744.7595,Pnma,62,orthorhombic,6,C Cu H N O S,True
2206318,AgH10C10N3O5,Ag2 H20 C20 N6 O10,58,58,609.0054,P-1,2,triclinic,5,Ag C H N O,True
2206344,LaMg2,La8 Mg16,24,6,683.7978,Fd-3m,227,cubic,2,La Mg,False
2206390,H20C22BrNO,H40 C44 Br2 N2 O2,90,90,933.2917,P-1,2,triclinic,5,Br C H N O,True
2206404,VCoPH18C7N2O13,V2 Co2 P2 H36 C14 N4 O26,86,86,827.6149,P-1,2,triclinic,7,C Co H N O P V,True
2206410,H15C15N4ClO4,H30 C30 N8 Cl2 O8,78,78,796.2057,P-1,2,triclinic,5,C Cl H N O,True
2206427,H9C9O2,H36 C36 O8,80,80,731.0495,P-1,2,triclinic,3,C H O,True
2206527,H11C10NO2,H44 C40 N4 O8,96,96,932.8483,P2_1,4,monoclinic,4,C H N O,True
2206538,CrH25C31O5,Cr2 H50 C62 O10,124,124,1327.7436,P-1,2,triclinic,4,C Cr H O,True
2206539,H30C35Cl2O3,H60 C70 Cl4 O6,140,140,1421.8727,P-1,2,triclinic,4,C Cl H O,True
2206553,PH8C6NO6,P4 H32 C24 N4 O24,88,88,880.7917,P2_1/c,14,monoclinic,5,C H N O P,True
2206564,Mo2H8C2NO7,Mo8 H32 C8 N4 O28,80,80,793.7884,P-1,2,triclinic,5,C H Mo N O,True
2206689,H15C10SNO2,H60 C40 S4 N4 O8,116,116,1117.7967,P2_12_12_1,19,orthorhombic,5,C H N O S,True
2206696,CdH24C28N4O7,Cd2 H48 C56 N8 O14,128,128,1367.8732,P-1,2,triclinic,5,C Cd H N O,True
2206703,H8C6N3ClO2,H32 C24 N12 Cl4 O8,80,80,830.3317,P2_1/c,14,monoclinic,5,C Cl H N O,True
2206719,BiH16C5N2Cl5O,Bi4 H64 C20 N8 Cl20 O4,120,120,1430.765,P2_1/c,14,monoclinic,6,Bi C Cl H N O,True
2206743,H5C7I(NO2)2,H20 C28 I4 N8 O16,76,76,950.4165,P2_1/c,14,monoclinic,5,C H I N O,True
2206790,H11C9BrN2O3,H44 C36 Br4 N8 O12,104,104,1168.3834,P2_1/c,14,monoclinic,5,Br C H N O,True
2206894,H8C4N2O,H64 C32 N16 O8,120,120,965.9427,P2_1/c,14,monoclinic,4,C H N O,True
2206924,H10C11N4O3,H40 C44 N16 O12,112,112,1135.1794,P2_1/c,14,monoclinic,4,C H N O,True
2206955,K3H2OsC4SN4O3,K6 H4 Os2 C8 S2 N8 O6,36,36,565.6642,P-1,2,triclinic,7,C H K N O Os S,True
2207007,H7C14ClO3,H28 C56 Cl4 O12,100,100,1086.7166,P2_1/c,14,monoclinic,4,C Cl H O,True
2207022,NiH28C22(N3O2)2,Ni2 H56 C44 N12 O8,122,122,1156.6188,P2_1/c,14,monoclinic,5,C H N Ni O,True
2207051,NbCdH20C24N4O3F5,Nb2 Cd2 H40 C48 N8 O6 F10,116,116,1279.3569,P-1,2,triclinic,7,C Cd F H N Nb O,True
2207122,H13C10SN3,H52 C40 S4 N12,108,108,1057.5877,P2_1/c,14,monoclinic,4,C H N S,True
2207189,H11C7N2ClO4,H44 C28 N8 Cl4 O16,100,100,983.1569,P2_1/c,14,monoclinic,5,C Cl H N O,True
2207205,H12C12N2O,H48 C48 N8 O4,108,108,1031.5612,P2_1/c,14,monoclinic,4,C H N O,True
2207213,H15C14N3O4,H60 C56 N12 O16,144,144,1459.9785,P2_1/c,14,monoclinic,4,C H N O,True
2207241,H15C15N3O4,H60 C60 N12 O16,148,148,1431.2058,P2_1/c,14,monoclinic,4,C H N O,True
2207270,H12C14NClO,H48 C56 N4 Cl4 O4,116,116,1272.3944,P2_1/c,14,monoclinic,5,C Cl H N O,True
2207279,H13C11O3,H52 C44 O12,108,108,1029.9922,P2_1/c,14,monoclinic,3,C H O,True
2207326,CuPH22C17N3O10,Cu2 P2 H44 C34 N6 O20,108,108,1023.031,P-1,2,triclinic,6,C Cu H N O P,True
2207352,H13C16N3O2,H52 C64 N12 O8,136,136,1376.6942,Pc,7,monoclinic,4,C H N O,True
2207389,H7C9NO4,H28 C36 N4 O16,84,84,867.5009,P2_1/c,14,monoclinic,4,C H N O,True
2207425,H33C37N,H66 C74 N2,142,142,1393.131,P-1,2,triclinic,3,C H N,True
2207492,H24C20I2N4O,H48 C40 I4 N8 O2,102,102,1114.9293,P-1,2,triclinic,5,C H I N O,True
2207509,H11C10NO5,H44 C40 N4 O20,108,108,1073.51,P2_1/c,14,monoclinic,4,C H N O,True
2207589,H18C13(NO)2,H72 C52 N8 O8,140,140,1235.1934,P2_12_12_1,19,orthorhombic,4,C H N O,True
2207807,H15C15SNO2,H60 C60 S4 N4 O8,136,136,1305.5252,Pca2_1,29,orthorhombic,5,C H N O S,True
2207839,CuH18C12S2(NO2)4,Cu2 H36 C24 S4 N8 O16,90,90,921.2869,P2_1/c,14,monoclinic,6,C Cu H N O S,True
2207885,H14C14N4O,H56 C56 N16 O4,132,132,1248.9341,P2_1/c,14,monoclinic,4,C H N O,True
2207926,H34C29(S2N)2,H68 C58 S8 N4,138,138,1413.5558,P-1,2,triclinic,4,C H N S,True
2207953,H17C15NO2,H68 C60 N4 O8,140,140,1239.4293,P2_12_12_1,19,orthorhombic,4,C H N O,True
2208099,H11C9O2,H44 C36 O8,88,88,801.3656,P2_1/c,14,monoclinic,3,C H O,True
2208100,H20C8N2O,H80 C32 N8 O4,124,124,1051.4906,P2_1/c,14,monoclinic,4,C H N O,True
2208109,H12C11NO9,H24 C22 N2 O18,66,66,594.8756,P-1,2,triclinic,4,C H N O,True
2208143,H13C19ClO2,H26 C38 Cl2 O4,70,70,735.2148,P2_1,4,monoclinic,4,C Cl H O,True
2208148,H22C12S3(N2O5)2,H44 C24 S6 N8 O20,102,102,986.0346,P-1,2,triclinic,5,C H N O S,True
2208150,ZnH22(CO)18,Zn2 H44 C36 O36,118,118,1135.9369,P2_1/c,14,monoclinic,4,C H O Zn,True
2208203,H9C18N4Cl2OF3,H18 C36 N8 Cl4 O2 F6,74,74,906.5305,P2_1,4,monoclinic,6,C Cl F H N O,True
2208218,ZnH20C12N4(ClO)2,Zn2 H40 C24 N8 Cl4 O4,82,82,850.3196,P-1,2,triclinic,6,C Cl H N O Zn,True
2208241,H8C6N2O,H32 C24 N8 O4,68,68,654.0431,P2_1/c,14,monoclinic,4,C H N O,True
2208274,Ni3H74C50(N4O7)2,Ni3 H74 C50 N8 O14,149,149,1412.0767,P-1,2,triclinic,5,C H N Ni O,True
2208359,Na2MnH8(C3O5)2,Na8 Mn4 H32 C24 O40,108,108,1072.9017,Pbca,61,orthorhombic,5,C H Mn Na O,True
2208430,H34C21SN4O5,H68 C42 S2 N8 O10,130,130,1246.6368,P-1,2,triclinic,5,C H N O S,True
2208433,H6C7(N2Cl)2,H24 C28 N16 Cl8,76,76,921.3533,P2_1/c,14,monoclinic,4,C Cl H N,True
2208465,ZnH9C7N3O4,Zn4 H36 C28 N12 O16,96,96,961.3655,Pbcm,57,orthorhombic,5,C H N O Zn,True
2208481,NiH10C4N2O5,Ni4 H40 C16 N8 O20,88,88,763.2769,P2_12_12_1,19,orthorhombic,5,C H N Ni O,True
2208496,SiH19C16F,Si4 H76 C64 F4,148,148,1471.4305,P2_1/c,14,monoclinic,4,C F H Si,True
2208528,H12C16BrClO2,H48 C64 Br4 Cl4 O8,128,128,1415.8677,P2_1/c,14,monoclinic,5,Br C Cl H O,True
2208704,H5C5N3O4,H20 C20 N12 O16,68,68,677.1394,P2_1/c,14,monoclinic,4,C H N O,True
2208731,FeH15C14NO2,Fe2 H30 C28 N2 O4,66,66,601.4861,P2_1,4,monoclinic,5,C Fe H N O,True
2208780,KH6C7SNO5,K4 H24 C28 S4 N4 O20,84,84,932.7658,P2_1/c,14,monoclinic,6,C H K N O S,True
2208824,H14C15(NO2)2,H56 C60 N8 O16,140,140,1376.3828,P2_1/c,14,monoclinic,4,C H N O,True
2208837,H14C12SN2O3,H56 C48 S4 N8 O12,128,128,1255.1143,P2_1/c,14,monoclinic,5,C H N O S,True
2208858,H7C2IN,H28 C8 I4 N4,44,44,516.5884,P2_1/c,14,monoclinic,4,C H I N,True
2208941,CuH15C16N3ClO7,Cu2 H30 C32 N6 Cl2 O14,86,86,887.1464,P-1,2,triclinic,6,C Cl Cu H N O,True
2208966,H22C25BrNO,H44 C50 Br2 N2 O2,100,100,1036.8683,P-1,2,triclinic,5,Br C H N O,True
2208987,H18C11NCl,H72 C44 N4 Cl4,124,124,1147.5041,Pna2_1,33,orthorhombic,4,C Cl H N,True
2209012,H6C7(S2O)2,H24 C28 S16 O8,76,76,932.7809,P-1,2,triclinic,4,C H O S,True
2209022,AgH16C9N5O4,Ag4 H64 C36 N20 O16,140,140,1395.4427,P2_1/c,14,monoclinic,5,Ag C H N O,True
2209040,H12C12SN4O,H48 C48 S4 N16 O4,120,120,1216.4262,P2_1/c,14,monoclinic,5,C H N O S,True
2209176,AgH10C12N5O3,Ag2 H20 C24 N10 O6,62,62,673.7923,P-1,2,triclinic,5,Ag C H N O,True
2209212,H36C24O7,H72 C48 O14,134,134,1165.5434,P2_1,4,monoclinic,3,C H O,True
2209230,H10C13N3Cl,H40 C52 N12 Cl4,108,108,1137.0727,P2_12_12_1,19,orthorhombic,4,C Cl H N,True
2209250,ZnH12C16(N2Cl)2,Zn2 H24 C32 N8 Cl4,70,70,813.2673,P-1,2,triclinic,5,C Cl H N Zn,True
2209255,H8C10O3,H32 C40 O12,84,84,785.744,P2_1/c,14,monoclinic,3,C H O,True
2209310,NiH24C26(NO2)2,Ni2 H48 C52 N4 O8,114,114,1078.0035,P-1,2,triclinic,5,C H N Ni O,True
2209338,Na3Hg2,Na12 Hg8,20,20,551.4901,P4_2/mnm,136,tetragonal,2,Hg Na,False
2209386,H11C13SN5O,H44 C52 S4 N20 O4,124,124,1308.1385,P2_1/c,14,monoclinic,5,C H N O S,True
2209441,H7C18BrN4(ClF)3,H14 C36 Br2 N8 Cl6 F6,72,72,1012.8169,P-1,2,triclinic,6,Br C Cl F H N,True
2209509,H15C7N2O5,H30 C14 N4 O10,58,58,521.2358,P-1,2,triclinic,4,C H N O,True
2209557,H13C14N5O3,H52 C56 N20 O12,140,140,1399.6495,P2_1/c,14,monoclinic,4,C H N O,True
2209575,H19C7NCl2O,H76 C28 N4 Cl8 O4,120,120,1054.9206,P2_1/c,14,monoclinic,5,C Cl H N O,True
2209638,H11C16ClO2,H22 C32 Cl2 O4,60,60,627.978,P-1,2,triclinic,4,C Cl H O,True
2209691,H27C29NO5,H54 C58 N2 O10,124,124,1369.2481,P2_1,4,monoclinic,4,C H N O,True
2209698,H15C14NO4,H60 C56 N4 O16,136,136,1237.9182,P2_1/c,14,monoclinic,4,C H N O,True
2209798,H4C3NO3,H32 C24 N8 O24,88,88,822.5937,P2_1/c,14,monoclinic,4,C H N O,True
2209877,H10C14S2N3Cl,H40 C56 S8 N12 Cl4,120,120,1433.408,P2_1/c,14,monoclinic,5,C Cl H N S,True
2209879,H14C6N2O5,H56 C24 N8 O20,108,108,867.7998,P2_1/c,14,monoclinic,4,C H N O,True
2209925,H9C15BrO2,H36 C60 Br4 O8,108,108,1176.0389,Pna2_1,33,orthorhombic,4,Br C H O,True
2209941,H9C7N2ClO2,H36 C28 N8 Cl4 O8,84,84,840.8962,P2_12_12_1,19,orthorhombic,5,C Cl H N O,True
2209960,CuH10C18(NO)4,Cu2 H20 C36 N8 O8,74,74,761.8036,P-1,2,triclinic,5,C Cu H N O,True
2210004,H13C11NO4,H26 C22 N2 O8,58,58,555.7893,P-1,2,triclinic,4,C H N O,True
2210028,ZnH8C8(BrN2)2,Zn4 H32 C32 Br8 N16,92,92,1194.1797,P2_12_12_1,19,orthorhombic,5,Br C H N Zn,True
2210040,H10C15SN2ClOF3,H40 C60 S4 N8 Cl4 O4 F12,132,132,1457.9624,P2_1/c,14,monoclinic,7,C Cl F H N O S,True
2210062,H11C9N3O4,H22 C18 N6 O8,54,54,505.8889,P2_1,4,monoclinic,4,C H N O,True
2210081,H6C9N3ClO2,H24 C36 N12 Cl4 O8,84,84,909.4874,P2_1/c,14,monoclinic,5,C Cl H N O,True
2210095,H12C14SO2,H48 C56 S4 O8,116,116,1144.483,P2_1/c,14,monoclinic,4,C H O S,True
2210172,H14C26NOF,H28 C52 N2 O2 F2,86,86,907.6766,P2_1,4,monoclinic,5,C F H N O,True
2210174,H25C20N,H50 C40 N2,92,92,825.4685,P2_1/m,11,monoclinic,3,C H N,True
2210195,H7C9O,H28 C36 O4,68,68,633.1465,P2_1/c,14,monoclinic,3,C H O,True
2210283,H12C15(BrN)2,H24 C30 Br4 N4,62,62,688.1995,P-1,2,triclinic,4,Br C H N,True
2210360,H10C14NO2F,H20 C28 N2 O4 F2,56,56,559.7058,P-1,2,triclinic,5,C F H N O,True
2210405,NiH4C5N3,Ni4 H16 C20 N12,52,52,632.8475,P2_1/c,14,monoclinic,4,C H N Ni,True
2210424,CuH20C18(NO5)2,Cu2 H40 C36 N4 O20,102,102,981.6372,P2_1/c,14,monoclinic,5,C Cu H N O,True
2210442,CeH18C5ClO10,Ce2 H36 C10 Cl2 O20,70,70,655.6535,P-1,2,triclinic,5,C Ce Cl H O,True
2210486,H18C21S(NO2)4,H36 C42 S2 N8 O16,104,104,1105.452,P-1,2,triclinic,5,C H N O S,True
2210502,H17C18SN3O2,H34 C36 S2 N6 O4,82,82,835.886,P-1,2,triclinic,5,C H N O S,True
2210571,NiH20C16(NO6)2,Ni2 H40 C32 N4 O24,102,102,951.559,P2_1,4,monoclinic,5,C H N Ni O,True
2210626,SnH20C17S2IN,Sn2 H40 C34 S4 I2 N2,84,84,996.3018,P-1,2,triclinic,6,C H I N S Sn,True
2210664,CuH10C10N3Cl2,Cu4 H40 C40 N12 Cl8,104,104,1132.9603,P2_1/c,14,monoclinic,5,C Cl Cu H N,True
2210686,CdH14C16(ClO2)4,Cd2 H28 C32 Cl8 O16,86,86,1036.4265,P2_1/c,14,monoclinic,5,C Cd Cl H O,True
2210687,H7C9NO2,H14 C18 N2 O4,38,38,397.4503,P2_1,4,monoclinic,4,C H N O,True
2210737,H14C15BrNO,H56 C60 Br4 N4 O4,128,64,1377.5058,C2,5,monoclinic,5,Br C H N O,True
2210815,H18C21S(NO2)4,H36 C42 S2 N8 O16,104,104,1088.6468,P-1,2,triclinic,5,C H N O S,True
2210856,H14C13N7Cl,H56 C52 N28 Cl4,140,140,1448.5169,P-1,2,triclinic,4,C Cl H N,True
2210913,H11C16NO6,H44 C64 N4 O24,136,136,1398.6363,P2_1/c,14,monoclinic,4,C H N O,True
2210950,H16C19SBrNO4,H32 C38 S2 Br2 N2 O8,84,84,886.6346,P-1,2,triclinic,6,Br C H N O S,True
2210963,H13C12NO2,H52 C48 N4 O8,112,112,1027.5561,P2_1/c,14,monoclinic,4,C H N O,True
2211020,H7C12BrN6,H28 C48 Br4 N24,104,104,1191.8361,P2_1/c,14,monoclinic,4,Br C H N,True
2211058,H14C11O2,H56 C44 O8,108,108,984.4821,P2_1/c,14,monoclinic,3,C H O,True
2211174,H6C2NO2,H48 C16 N8 O16,88,88,710.8351,P2/c,13,monoclinic,4,C H N O,True
2211197,H16C21SO,H32 C42 S2 O2,78,78,805.6983,P-1,2,triclinic,4,C H O S,True
2211198,H5C4(SN)2,H20 C16 S8 N8,52,26,615.1131,C2/m,12,monoclinic,4,C H N S,True
2211306,H7C8N,H56 C64 N8,128,128,1306.0102,Pnma,62,orthorhombic,3,C H N,True
2211365,NiH24C16S2(NO7)2,Ni1 H24 C16 S2 N2 O14,59,59,579.7536,P-1,2,triclinic,6,C H N Ni O S,True
2211382,CuH42C38(N5O9)2,Cu1 H42 C38 N10 O18,109,109,1088.2482,P-1,2,triclinic,5,C Cu H N O,True
2211390,H7C9SN3O,H28 C36 S4 N12 O4,84,84,910.3675,P2_12_12_1,19,orthorhombic,5,C H N O S,True
2211397,H8C3BrN,H64 C24 Br8 N8,104,104,1045.2877,Pbca,61,orthorhombic,4,Br C H N,True
2211404,CoH32C30(NO4)2,Co2 H64 C60 N4 O16,146,146,1392.3164,P2_1/c,14,monoclinic,5,C Co H N O,True
2211459,H11C13S,H44 C52 S4,100,100,1027.8611,P2_1/c,14,monoclinic,3,C H S,True
2211460,CoH7C7N2ClO4,Co4 H28 C28 N8 Cl4 O16,88,44,922.0949,C2/c,15,monoclinic,6,C Cl Co H N O,True
2211511,H18C14NClO2,H36 C28 N2 Cl2 O4,72,72,703.4137,P-1,2,triclinic,5,C Cl H N O,True
2211572,H17C15NO,H68 C60 N4 O4,136,136,1174.9981,P2_1/c,14,monoclinic,4,C H N O,True
2211601,H9C11NO2,H36 C44 N4 O8,92,92,906.2036,P2_1/c,14,monoclinic,4,C H N O,True
2211644,H14C16O,H56 C64 O4,124,124,1226.8776,P2_1/c,14,monoclinic,3,C H O,True
2211652,FeHO2,Fe4 H4 O8,16,16,138.0755,Pnma,62,orthorhombic,3,Fe H O,False
2211654,ZnH16C6(NCl)2,Zn4 H64 C24 N8 Cl8,108,108,1109.0118,P2_1/c,14,monoclinic,5,C Cl H N Zn,True
2211658,Fe2NiH32C31N2(ClO)2,Fe4 Ni2 H64 C62 N4 Cl4 O4,144,144,1405.9135,P-1,2,triclinic,7,C Cl Fe H N Ni O,True
2211662,H18C20SBrNO4,H36 C40 S2 Br2 N2 O8,90,90,916.0118,P2_1,4,monoclinic,6,Br C H N O S,True
2211669,H12C13N2O,H48 C52 N8 O4,112,112,1104.8577,P2_1/c,14,monoclinic,4,C H N O,True
2211682,H9C12S2N5O3,H36 C48 S8 N20 O12,124,124,1459.2962,P2_1/c,14,monoclinic,5,C H N O S,True
2211695,H16C21(NCl)2,H32 C42 N4 Cl4,82,82,910.132,P-1,2,triclinic,4,C Cl H N,True
2211733,H7C9O2,H56 C72 O16,144,144,1427.7597,P2_1/c,14,monoclinic,3,C H O,True
2211746,H13C6NO4,H26 C12 N2 O8,48,48,467.7846,P2/c,13,monoclinic,4,C H N O,True
2211755,H6C2N2O3,H48 C16 N16 O24,104,52,926.4448,C2/c,15,monoclinic,4,C H N O,True
2211798,H23C20NO12,H46 C40 N2 O24,112,112,1175.4791,P2_1,4,monoclinic,4,C H N O,True
2211818,H19C9SNO3,H76 C36 S4 N4 O12,132,132,1094.7492,P2_1/c,14,monoclinic,5,C H N O S,True
2211834,H17C8N6Cl,H68 C32 N24 Cl4,128,128,1194.3767,P2_1/c,14,monoclinic,4,C Cl H N,True
2211890,H17C9NO3,H51 C27 N3 O9,90,90,700.7632,P3_1,144,trigonal,4,C H N O,True
2211955,NiH38C14(N2O3)4,Ni1 H38 C14 N8 O12,73,73,622.6088,P-1,2,triclinic,5,C H N Ni O,True
2211960,H18C15N2O,H72 C60 N8 O4,144,144,1267.3582,P2_1/c,14,monoclinic,4,C H N O,True
2211979,InH22C16S2N8Cl3O,In2 H44 C32 S4 N16 Cl6 O2,106,106,1211.6929,P-1,2,triclinic,7,C Cl H In N O S,True
2212017,H14C13NCl,H56 C52 N4 Cl4,116,116,1141.3063,P2_1/c,14,monoclinic,4,C Cl H N,True
2212018,H4C4Br,H16 C16 Br4,36,36,432.4315,P2_1/c,14,monoclinic,3,Br C H,True
2212040,B5H16C4NO10,B20 H64 C16 N4 O40,144,144,1350.8548,P2_1/c,14,monoclinic,5,B C H N O,True
2212050,Na2LaH2C5O11,Na8 La4 H8 C20 O44,84,84,1081.5228,P2_1/c,14,monoclinic,5,C H La Na O,True
2212057,SnH8C12(NCl2)2,Sn4 H32 C48 N8 Cl16,108,108,1468.3195,P2_1/c,14,monoclinic,5,C Cl H N Sn,True
2212060,H12C8N2ClO6,H48 C32 N8 Cl4 O24,116,116,1144.431,P2_1/c,14,monoclinic,5,C Cl H N O,True
2212095,H7C8NO2,H56 C64 N8 O16,144,144,1389.4455,P2_1/c,14,monoclinic,4,C H N O,True
2212112,KH5C3SN4O3,K4 H20 C12 S4 N16 O12,68,68,789.0984,P2_1/c,14,monoclinic,6,C H K N O S,True
2212222,PH23C20SN3ClO3,P2 H46 C40 S2 N6 Cl2 O6,104,104,1126.9883,P-1,2,triclinic,7,C Cl H N O P S,True
2212260,H16C15(SO)2,H64 C60 S8 O8,140,140,1441.6289,P2_1/c,14,monoclinic,4,C H O S,True
2212271,CuH11C9S2(NO)3,Cu4 H44 C36 S8 N12 O12,116,116,1279.297,P2_1/c,14,monoclinic,6,C Cu H N O S,True
2212295,H11C9N3O2,H44 C36 N12 O8,100,100,941.4973,P2_1/c,14,monoclinic,4,C H N O,True
2212322,H11C16NO3,H44 C64 N4 O12,124,124,1225.2891,P-1,2,triclinic,4,C H N O,True
2212329,H10C15SN2O3F2,H20 C30 S2 N4 O6 F4,66,66,700.6119,P-1,2,triclinic,6,C F H N O S,True
2212333,H14C11(NO)4,H56 C44 N16 O16,132,132,1200.8666,P2_1/c,14,monoclinic,4,C H N O,True
2212351,GdP2H17C6NO13,Gd2 P4 H34 C12 N2 O26,80,80,764.0549,P-1,2,triclinic,6,C Gd H N O P,True
2212376,H12PdC6(NO2)2,H24 Pd2 C12 N4 O8,50,50,429.8781,P-1,2,triclinic,5,C H N O Pd,True
2212411,H9C8N5O6,H36 C32 N20 O24,112,112,1092.5007,P2_1/c,14,monoclinic,4,C H N O,True
2212455,H16C12SN2O,H64 C48 S4 N8 O4,128,128,1306.1201,P2_1/c,14,monoclinic,5,C H N O S,True
2212471,NaPH6NO4F,Na2 P2 H12 N2 O8 F2,28,28,269.5375,Pc,7,monoclinic,6,F H N Na O P,False
2212490,CdH14C6Br3N,Cd4 H56 C24 Br12 N4,100,100,1157.1423,P2_1/c,14,monoclinic,5,Br C Cd H N,True
2212547,H10C14SN2Cl2O,H40 C56 S4 N8 Cl8 O4,120,120,1457.8915,P-1,2,triclinic,6,C Cl H N O S,True
2212556,H10C13(NO)2,H40 C52 N8 O8,108,108,1079.2442,P2_1/c,14,monoclinic,4,C H N O,True
2212558,H11C15SClO2,H22 C30 S2 Cl2 O4,60,60,648.7353,P-1,2,triclinic,5,C Cl H O S,True
2212661,CuH18C20(N2O5)2,Cu2 H36 C40 N8 O20,106,106,1098.7801,P2_1/c,14,monoclinic,5,C Cu H N O,True
2212677,H5C6NO2,H30 C36 N6 O12,84,84,793.4659,P-1,2,triclinic,4,C H N O,True
2212698,H10C13(NO3)2,H40 C52 N8 O24,124,62,1301.3698,Cc,9,monoclinic,4,C H N O,True
2212705,H10C12SN2(ClO)2,H40 C48 S4 N8 Cl8 O8,116,116,1346.5576,P2_1/c,14,monoclinic,6,C Cl H N O S,True
2212788,H12C11NCl3O,H48 C44 N4 Cl12 O4,112,112,1260.9621,Pnma,62,orthorhombic,5,C Cl H N O,True
2212822,H10C16SN2O3,H40 C64 S4 N8 O12,128,128,1403.3209,P-1,2,triclinic,5,C H N O S,True
2212901,CdH24C20N4(ClO5)2,Cd1 H24 C20 N4 Cl2 O10,61,61,626.1596,P-1,2,triclinic,6,C Cd Cl H N O,True
2212946,H17C16NO2,H34 C32 N2 O4,72,72,645.0121,P-1,2,triclinic,4,C H N O,True
2212980,H12C12S(NO)4,H48 C48 S4 N16 O16,132,132,1325.3398,P2_1/c,14,monoclinic,5,C H N O S,True
2213069,H5C7IO2,H10 C14 I2 O4,30,30,359.472,P2_1,4,monoclinic,4,C H I O,True
2213084,H13C12(NO)3,H52 C48 N12 O12,124,124,1189.1873,P2_1/c,14,monoclinic,4,C H N O,True
2213089,H6C10NCl,H24 C40 N4 Cl4,72,72,819.2885,P-1,2,triclinic,4,C Cl H N,True
2213130,H19C31NO3,H38 C62 N2 O6,108,108,1127.4547,P-1,2,triclinic,4,C H N O,True
2213135,NiH18C18S2(Br2O3)2,Ni2 H36 C36 S4 Br8 O12,98,98,1256.7607,P2_1/c,14,monoclinic,6,Br C H Ni O S,True
2213141,CoH24C26N4(ClO4)2,Co1 H24 C26 N4 Cl2 O8,65,65,707.1309,P-1,2,triclinic,6,C Cl Co H N O,True
2213146,H11C12Br(NO)2,H44 C48 Br4 N8 O8,112,112,1189.6414,P2_1/c,14,monoclinic,5,Br C H N O,True
2213155,ZnH22C20(N2O3)3,Zn2 H44 C40 N12 O18,116,116,1172.8681,P-1,2,triclinic,5,C H N O Zn,True
2213250,H9C13NO4,H36 C52 N4 O16,108,108,1087.1791,P2_1/c,14,monoclinic,4,C H N O,True
2213318,H16C11NClO,H64 C44 N4 Cl4 O4,120,120,1134.5639,P2_1/c,14,monoclinic,5,C Cl H N O,True
2213392,H13C17N2O3F,H52 C68 N8 O12 F4,144,144,1453.9006,P2_1/c,14,monoclinic,5,C F H N O,True
2213417,H13C10N4ClO,H52 C40 N16 Cl4 O4,116,116,1086.362,P2_1/c,14,monoclinic,5,C Cl H N O,True
2213564,PH15C15O4,P4 H60 C60 O16,140,140,1391.5201,P2_1/c,14,monoclinic,4,C H O P,True
2213618,H5C7SN4,H20 C28 S4 N16,68,68,749.692,P-1,2,triclinic,4,C H N S,True
2213671,CuH30(C5O4)4,Cu2 H60 C40 O32,134,134,1185.7139,P2_1/c,14,monoclinic,4,C Cu H O,True
2213736,H12C14N2O3,H48 C56 N8 O12,124,124,1212.5253,P2_1/c,14,monoclinic,4,C H N O,True
2213752,NiH15C11(NO2)3,Ni4 H60 C44 N12 O24,144,144,1369.0242,P2_1/c,14,monoclinic,5,C H N Ni O,True
2213851,NiPH23C23S2NClO,Ni2 P2 H46 C46 S4 N2 Cl2 O2,106,106,1135.752,P-1,2,triclinic,8,C Cl H N Ni O P S,True
2213853,H8C9O,H64 C72 O8,144,144,1451.593,P2_1/c,14,monoclinic,3,C H O,True
2213886,CdH7C6I2NO,Cd2 H14 C12 I4 N2 O2,36,36,548.0661,P-1,2,triclinic,6,C Cd H I N O,True
2213895,H13C9SNO2,H52 C36 S4 N4 O8,104,104,988.944,P2_12_12_1,19,orthorhombic,5,C H N O S,True
2213896,H13C9SNO2,H52 C36 S4 N4 O8,104,104,1004.1458,P2_1/c,14,monoclinic,5,C H N O S,True
2213900,H9(C3N)4,H36 C48 N16,100,100,993.7086,P2_1/c,14,monoclinic,3,C H N,True
2213917,FeH16C4(NCl2)2,Fe4 H64 C16 N8 Cl16,108,108,1286.8856,P2_1/c,14,monoclinic,5,C Cl Fe H N,True
2213950,H12C8O3,H48 C32 O12,92,92,780.8226,P2_12_12_1,19,orthorhombic,3,C H O,True
2213955,H10C11N4,H40 C44 N16,100,100,993.6636,P2_1/c,14,monoclinic,3,C H N,True
2213989,SrSeO3,Sr2 Se2 O6,10,10,152.9027,P2_1/m,11,monoclinic,3,O Se Sr,False
2213998,H7C10N2OF2,H14 C20 N4 O2 F4,44,44,418.4438,P-1,2,triclinic,5,C F H N O,True
2214005,NiH11C7NO8,Ni2 H22 C14 N2 O16,56,56,535.1691,P-1,2,triclinic,5,C H N Ni O,True
2214021,H10C15NClO3,H40 C60 N4 Cl4 O12,120,120,1314.4986,P2_1/c,14,monoclinic,5,C Cl H N O,True
2214070,H11C13N2ClO,H44 C52 N8 Cl4 O4,112,112,1244.328,P2_1/c,14,monoclinic,5,C Cl H N O,True
2214073,NiH2C2N3Cl,Ni4 H8 C8 N12 Cl4,36,36,524.1082,P2_1/c,14,monoclinic,5,C Cl H N Ni,True
2214086,PH6C2SNCl2O,P2 H12 C4 S2 N2 Cl4 O2,28,28,371.5403,P-1,2,triclinic,7,C Cl H N O P S,True
2214137,CuH16C22N7ClO4,Cu2 H32 C44 N14 Cl2 O8,102,102,1103.8515,P-1,2,triclinic,6,C Cl Cu H N O,True
2214229,CuH8C10N4O5,Cu4 H32 C40 N16 O20,112,112,1149.4751,P2_12_12_1,19,orthorhombic,5,C Cu H N O,True
2214244,H15C12SeClO2,H60 C48 Se4 Cl4 O8,124,124,1231.1556,P2_1/c,14,monoclinic,5,C Cl H O Se,True
2214340,NaH5C2S2O3,Na8 H40 C16 S16 O24,104,104,1235.7725,Pbca,61,orthorhombic,5,C H Na O S,True
2214362,Co3H52C32(NO5)6,Co3 H52 C32 N6 O30,123,123,1143.2747,P-1,2,triclinic,5,C Co H N O,True
2214480,H12C15N3ClO2,H48 C60 N12 Cl4 O8,132,132,1399.6021,P2_1/c,14,monoclinic,5,C Cl H N O,True
2214554,H16C16NOF,H64 C64 N4 O4 F4,140,140,1337.1532,P2_1/c,14,monoclinic,5,C F H N O,True
2214558,H16C11O4,H64 C44 O16,124,124,1058.8778,P2_12_12_1,19,orthorhombic,3,C H O,True
2214763,H18C19,H36 C38,74,74,697.8622,P-1,2,triclinic,2,C H,True
2214767,H19C24S2N3O4,H38 C48 S4 N6 O8,104,104,1147.5598,P-1,2,triclinic,5,C H N O S,True
2214806,H23C24SNO5,H46 C48 S2 N2 O10,108,108,1090.8758,P-1,2,triclinic,5,C H N O S,True
2214844,H12C15N6O,H48 C60 N24 O4,136,136,1396.029,P2_1/c,14,monoclinic,4,C H N O,True
2214847,H5C4SNO3,H40 C32 S8 N8 O24,112,112,1157.0082,P2_1/c,14,monoclinic,5,C H N O S,True
2214867,NiP2H28C29S2O,Ni2 P4 H56 C58 S4 O2,126,126,1356.4601,P-1,2,triclinic,6,C H Ni O P S,True
2214905,H12C10O3,H24 C20 O6,50,50,440.1973,P-1,2,triclinic,3,C H O,True
2215163,H14C6NClO2,H56 C24 N4 Cl4 O8,96,96,843.0365,P2_1/c,14,monoclinic,5,C Cl H N O,True
2215235,H9C10Br2NO,H36 C40 Br8 N4 O4,92,92,1100.2367,P-1,2,triclinic,5,Br C H N O,True
2215256,H5C6NCl,H20 C24 N4 Cl4,52,52,542.6832,P-1,2,triclinic,4,C Cl H N,True
2215269,H16C14SO4,H32 C28 S2 O8,70,70,689.369,P-1,2,triclinic,4,C H O S,True
2215312,H7C11S2N3,H28 C44 S8 N12,92,92,1025.6994,P2_1/c,14,monoclinic,4,C H N S,True
2215398,H10C10S(NO)2,H40 C40 S4 N8 O8,100,50,1088.1757,Cc,9,monoclinic,5,C H N O S,True
2215481,H14C15NO,H56 C60 N4 O4,124,124,1187.8386,P2_1/c,14,monoclinic,4,C H N O,True
2215540,H15C21N4O3F,H30 C42 N8 O6 F2,88,88,927.2817,P-1,2,triclinic,5,C F H N O,True
2215597,H14C11O3,H56 C44 O12,112,112,1002.3083,P2_1/c,14,monoclinic,3,C H O,True
2215644,H5C7NO5,H20 C28 N4 O20,72,72,711.765,P2_1/c,14,monoclinic,4,C H N O,True
2215649,H16C14N2O3,H32 C28 N4 O6,70,70,638.7681,P-1,2,triclinic,4,C H N O,True
2215667,H12C12SN5ClO3,H24 C24 S2 N10 Cl2 O6,68,68,734.6551,P-1,2,triclinic,6,C Cl H N O S,True
2215670,H26C33(NO2)2,H52 C66 N4 O8,130,130,1392.9657,P2_12_12,18,orthorhombic,4,C H N O,True
2215717,H12C15OF2,H48 C60 O4 F8,120,120,1206.8811,P2_12_12_1,19,orthorhombic,4,C F H O,True
2215763,SnH29C32N4ClO,Sn2 H58 C64 N8 Cl2 O2,136,136,1463.1787,P-1,2,triclinic,6,C Cl H N O Sn,True
2215806,H12C10SN3ClO3,H48 C40 S4 N12 Cl4 O12,120,60,1317.3634,Cc,9,monoclinic,6,C Cl H N O S,True
2215830,ZnH22C22(NO4)2,Zn2 H44 C44 N4 O16,110,110,1106.5323,P-1,2,triclinic,5,C H N O Zn,True
2215875,NiH24C20N4O11,Ni2 H48 C40 N8 O22,120,120,1170.7932,P-1,2,triclinic,5,C H N Ni O,True
2215900,H11C16ClO2,H44 C64 Cl4 O8,120,120,1268.2541,P2_1/c,14,monoclinic,4,C Cl H O,True
2215926,NiH16C7O13,Ni4 H64 C28 O52,148,148,1356.3997,P2_1/c,14,monoclinic,4,C H Ni O,True
2216016,H13C14S(NO)3,H52 C56 S4 N12 O12,136,136,1485.9076,P2_1/c,14,monoclinic,5,C H N O S,True
2216026,NiH22C22(NO)4,Ni2 H44 C44 N8 O8,106,106,991.8488,P2_1/c,14,monoclinic,5,C H N Ni O,True
2216105,H14C13O4,H56 C52 O16,124,124,1130.2166,Pna2_1,33,orthorhombic,3,C H O,True
2216119,H8C8SN2,H32 C32 S4 N8,76,76,786.5507,P-1,2,triclinic,4,C H N S,True
2216295,H18C16SO4,H36 C32 S2 O8,78,78,781.062,P-1,2,triclinic,4,C H O S,True
2216301,H8C8SNO,H32 C32 S4 N4 O4,76,76,805.3495,P-1,2,triclinic,5,C H N O S,True
2216304,H6C8NCl2,H24 C32 N4 Cl8,68,68,805.79,P2_1/c,14,monoclinic,4,C Cl H N,True
2216314,PH30RuC33N3Cl2,P2 H60 Ru2 C66 N6 Cl4,140,140,1446.4635,P-1,2,triclinic,6,C Cl H N P Ru,True
2216337,H9C11NO3,H36 C44 N4 O12,96,96,920.8738,P2_1/c,14,monoclinic,4,C H N O,True
2216350,MgH15C2SNO11,Mg2 H30 C4 S2 N2 O22,62,62,534.3615,P-1,2,triclinic,6,C H Mg N O S,True
2216390,H8C13IBr2NO,H16 C26 I2 Br4 N2 O2,52,52,691.7204,P-1,2,triclinic,6,Br C H I N O,True
2216488,SnH14C9SO2,Sn4 H56 C36 S4 O8,108,108,1233.537,P2_1/c,14,monoclinic,5,C H O S Sn,True
2216493,H7C7N2ClO,H28 C28 N8 Cl4 O4,72,72,785.3878,P2_1/c,14,monoclinic,5,C Cl H N O,True
2216497,CdH24C38N2O5,Cd2 H48 C76 N4 O10,140,140,1479.9793,P-1,2,triclinic,5,C Cd H N O,True
2216524,H4C5O2,H16 C20 O8,44,44,405.0235,P-1,2,triclinic,3,C H O,True
2216538,H18RuC7N4Cl2O,H72 Ru4 C28 N16 Cl8 O4,132,132,1249.5748,P2_1/c,14,monoclinic,6,C Cl H N O Ru,True
2216553,H7C11SN2ClO5,H28 C44 S4 N8 Cl4 O20,108,108,1300.8956,P2_1/c,14,monoclinic,6,C Cl H N O S,True
2216610,H3(C2N)2,H24 C32 N16,72,72,777.3015,P-1,2,triclinic,3,C H N,True
2216636,H58C30N8O19,H58 C30 N8 O19,115,115,1006.9114,P1,1,triclinic,4,C H N O,True
2216655,H8C8SN2,H32 C32 S4 N8,76,76,767.7736,P2_1/c,14,monoclinic,4,C H N S,True
2216682,H13C11(NO)3,H26 C22 N6 O6,60,60,582.644,P-1,2,triclinic,4,C H N O,True
2216684,CdH8C16(NO2)2,Cd4 H32 C64 N8 O16,124,124,1389.7053,P2_1/c,14,monoclinic,5,C Cd H N O,True
2216702,H12C10N,H48 C40 N4,92,92,877.9249,P2_1/c,14,monoclinic,3,C H N,True
2216795,H8C9NO2,H32 C36 N4 O8,80,80,762.1029,P2_1/c,14,monoclinic,4,C H N O,True
2216859,ZnH10C12N2(ClO)2,Zn4 H40 C48 N8 Cl8 O8,116,116,1382.8914,Pnma,62,orthorhombic,6,C Cl H N O Zn,True
2216897,CdH20C26N2O5,Cd2 H40 C52 N4 O10,108,108,1107.0068,P-1,2,triclinic,5,C Cd H N O,True
2217036,H20C17N2O5,H40 C34 N4 O10,88,88,855.5851,P-1,2,triclinic,4,C H N O,True
2217048,H15C21N2Cl2O3,H30 C42 N4 Cl4 O6,86,86,982.568,P-1,2,triclinic,5,C Cl H N O,True
2217092,SnH12C14Br2(NO2)2,Sn2 H24 C28 Br4 N4 O8,70,70,874.3132,P-1,2,triclinic,6,Br C H N O Sn,True
2217118,H21C22SN4ClO2,H42 C44 S2 N8 Cl2 O4,102,102,1073.2764,P-1,2,triclinic,6,C Cl H N O S,True
2217216,H11C11NO6,H22 C22 N2 O12,58,58,595.5514,P-1,2,triclinic,4,C H N O,True
2217219,ZnH22(C11O5)2,Zn2 H44 C44 O20,110,110,1053.7812,P2_1/c,14,monoclinic,4,C H O Zn,True
2217234,CdH8C6(NO)6,Cd2 H16 C12 N12 O12,54,54,570.4571,P2_1/c,14,monoclinic,5,C Cd H N O,True
2217241,CuH13C15N5O2,Cu4 H52 C60 N20 O8,144,144,1469.8558,P2_1/c,14,monoclinic,5,C Cu H N O,True
2217363,VPH29(C14O3)2,V2 P2 H58 C56 O12,130,130,1318.2631,P-1,2,triclinic,5,C H O P V,True
2217379,H19C25NO3,H38 C50 N2 O6,96,96,907.317,P2_1,4,monoclinic,4,C H N O,True
2217494,H11C7BrNO,H44 C28 Br4 N4 O4,84,84,882.2974,P2_1/c,14,monoclinic,5,Br C H N O,True
2217500,CdH28C24S2(NO3)4,Cd2 H56 C48 S4 N8 O24,142,142,1452.1676,P2/c,13,monoclinic,6,C Cd H N O S,True
2217577,H5C8(NO)3,H20 C32 N12 O12,76,76,764.1523,P2_1/c,14,monoclinic,4,C H N O,True
2217581,CuH22C20S(NO5)2,Cu2 H44 C40 S2 N4 O20,112,112,1077.7605,P-1,2,triclinic,6,C Cu H N O S,True
2217584,CuH10C15N6O5,Cu4 H40 C60 N24 O20,148,148,1496.2884,P2_1/c,14,monoclinic,5,C Cu H N O,True
2217587,H7C7O2,H56 C56 O16,128,128,1132.1139,P2_1/c,14,monoclinic,3,C H O,True
2217601,CuH26C20N5O7,Cu2 H52 C40 N10 O14,118,118,1141.1544,P1,1,triclinic,5,C Cu H N O,True
2217646,H28C26S(NO)2,H56 C52 S2 N4 O4,118,118,1099.0665,P-1,2,triclinic,5,C H N O S,True
2217756,H6C7NO2,H48 C56 N8 O16,128,128,1252.7632,P2_12_12_1,19,orthorhombic,4,C H N O,True
2217789,ZnH22C26N4O7F2,Zn2 H44 C52 N8 O14 F4,124,124,1334.7218,P-1,2,triclinic,6,C F H N O Zn,True
2217820,H16C25O,H32 C50 O2,84,84,833.3741,P2_1,4,monoclinic,3,C H O,True
2217821,MnH14C12(N2O5)2,Mn2 H28 C24 N8 O20,82,82,809.6176,P2_1/c,14,monoclinic,5,C H Mn N O,True
2217874,H18C14O3,H72 C56 O12,140,140,1291.3675,P2_1/c,14,monoclinic,3,C H O,True
2217886,H5C5NO,H40 C40 N8 O8,96,96,928.4729,P2_1/c,14,monoclinic,4,C H N O,True
2217902,CuH16C11(N2Cl)2,Cu2 H32 C22 N8 Cl4,68,68,665.8283,P-1,2,triclinic,5,C Cl Cu H N,True
2217985,H17C19NO5,H34 C38 N2 O10,84,84,830.024,P-1,2,triclinic,4,C H N O,True
2218019,CdH12C10S2(NO4)2,Cd2 H24 C20 S4 N4 O16,70,70,747.4629,P2_1/c,14,monoclinic,6,C Cd H N O S,True
2218022,H13C13NO2,H52 C52 N4 O8,116,116,1064.0585,P2_1/c,14,monoclinic,4,C H N O,True
2218023,H7C8O,H56 C64 O8,128,64,1271.724,Cmc2_1,36,orthorhombic,3,C H O,True
2218030,ZnH26C18(N4O5)2,Zn2 H52 C36 N16 O20,126,126,1195.2341,P2_1/c,14,monoclinic,5,C H N O Zn,True
2218071,H19C26(N3O)2,H38 C52 N12 O4,106,106,1153.0392,P-1,2,triclinic,4,C H N O,True
2218091,SiH23C15N2Cl3,Si2 H46 C30 N4 Cl6,88,88,915.2958,P-1,2,triclinic,5,C Cl H N Si,True
2218118,H10C9,H40 C36,76,76,701.0148,P-1,2,triclinic,2,C H,True
2218150,UH20C14N2O7,U2 H40 C28 N4 O14,88,88,928.0187,P-1,2,triclinic,5,C H N O U,True
2218178,MnH20C10(ClO2)2,Mn4 H80 C40 Cl8 O16,148,74,1395.4814,C2/c,15,monoclinic,5,C Cl H Mn O,True
2218222,H6C7IO,H24 C28 I4 O4,60,60,696.6654,P2_1/c,14,monoclinic,4,C H I O,True
2218232,H10C14SN3O3F,H40 C56 S4 N12 O12 F4,128,128,1381.4606,P2_1/c,14,monoclinic,6,C F H N O S,True
2218246,H5C8N5,H20 C32 N20,72,72,798.314,P2_1/c,14,monoclinic,3,C H N,True
2218255,MnH5C6N2O5,Mn4 H20 C24 N8 O20,76,76,802.2039,P2_1/c,14,monoclinic,5,C H Mn N O,True
2218340,H3C4NO,H24 C32 N8 O8,72,72,778.1466,P2_1/c,14,monoclinic,4,C H N O,True
2218420,H13C10NO3,H52 C40 N4 O12,108,108,998.1732,P2_1/c,14,monoclinic,4,C H N O,True
2218423,H22C19(NO2)2,H44 C38 N4 O8,94,94,872.415,Pba2,32,orthorhombic,4,C H N O,True
2218424,H14C18N2O3,H28 C36 N4 O6,74,74,709.262,P2_1,4,monoclinic,4,C H N O,True
2218474,H30C16N2O5,H60 C32 N4 O10,106,106,957.3744,P-1,2,triclinic,4,C H N O,True
2218479,ZnH12C6S3(NO4)2,Zn2 H24 C12 S6 N4 O16,64,64,665.3409,P2_1,4,monoclinic,6,C H N O S Zn,True
2218508,H17C17NO,H68 C68 N4 O4,144,144,1407.2745,P2_1/c,14,monoclinic,4,C H N O,True
2218546,NiH10C11N2Cl2O,Ni2 H20 C22 N4 Cl4 O2,54,54,615.388,P-1,2,triclinic,6,C Cl H N Ni O,True
2218657,H15C17BrO2,H30 C34 Br2 O4,70,70,699.7173,P2_1,4,monoclinic,4,Br C H O,True
2218697,CuH9C9N5Cl,Cu2 H18 C18 N10 Cl2,50,50,535.2283,P-1,2,triclinic,5,C Cl Cu H N,True
2218705,H7C8NClOF,H28 C32 N4 Cl4 O4 F4,76,38,842.7248,Cc,9,monoclinic,6,C Cl F H N O,True
2218718,H25C24SN3O2,H50 C48 S2 N6 O4,110,110,1075.1576,P-1,2,triclinic,5,C H N O S,True
2218756,H23PdC26N2Cl3,H46 Pd2 C52 N4 Cl6,110,110,1209.7411,P-1,2,triclinic,5,C Cl H N Pd,True
2218772,H17C15SNO2,H68 C60 S4 N4 O8,144,144,1404.1545,P2_12_12_1,19,orthorhombic,5,C H N O S,True
2218847,H14C11(NO)4,H56 C44 N16 O16,132,132,1303.9581,P2_1/c,14,monoclinic,4,C H N O,True
2218858,H12C11O2,H48 C44 O8,100,100,958.9833,P2_1/c,14,monoclinic,3,C H O,True
2218936,ZnH13C11Br2N3,Zn4 H52 C44 Br8 N12,120,120,1390.8051,P2_1/c,14,monoclinic,5,Br C H N Zn,True
2219077,H16C15SN2O5,H32 C30 S2 N4 O10,78,78,758.9256,P-1,2,triclinic,5,C H N O S,True
2219081,H26C15S(NO)2,H52 C30 S2 N4 O4,92,92,806.8884,P-1,2,triclinic,5,C H N O S,True
2219171,Cu2H14C8O13,Cu8 H56 C32 O52,148,148,1451.5233,P2_1/c,14,monoclinic,4,C Cu H O,True
2219207,H32C28N4O3,H64 C56 N8 O6,134,134,1267.4059,P-1,2,triclinic,4,C H N O,True
2219215,H9C12N3O2,H36 C48 N12 O8,104,104,1055.6854,P2_1/c,14,monoclinic,4,C H N O,True
2219237,H10C15(N2O)2,H20 C30 N8 O4,62,62,633.3834,P-1,2,triclinic,4,C H N O,True
2219259,H15C14SNO2,H60 C56 S4 N4 O8,132,132,1314.8164,P2_1/c,14,monoclinic,5,C H N O S,True
2219275,H6C5N2O,H48 C40 N16 O8,112,112,1087.1322,P2_1/c,14,monoclinic,4,C H N O,True
2219387,H11C8S(NO)3,H44 C32 S4 N12 O12,104,104,1063.2814,P2_1/c,14,monoclinic,5,C H N O S,True
2219389,MnH20C12S2(NO5)2,Mn2 H40 C24 S4 N4 O20,94,94,886.4676,P2_1/c,14,monoclinic,6,C H Mn N O S,True
2219436,H13C13NO2,H52 C52 N4 O8,116,58,1026.1871,C2/m,12,monoclinic,4,C H N O,True
2219459,H13C13NO,H52 C52 N4 O4,112,112,997.244,P2_1/c,14,monoclinic,4,C H N O,True
2219465,H12C13Cl2O5,H24 C26 Cl4 O10,64,64,667.1539,P2_1,4,monoclinic,4,C Cl H O,True
2219474,H17C12NO2,H68 C48 N4 O8,128,128,1089.328,P2_12_12_1,19,orthorhombic,4,C H N O,True
2219573,PH30C28ClO4,P2 H60 C56 Cl2 O8,128,128,1336.9558,P-1,2,triclinic,5,C Cl H O P,True
2219592,H17C22(N2O)2,H34 C44 N8 O4,90,90,881.1695,P-1,2,triclinic,4,C H N O,True
2219614,H14C11N2O3,H56 C44 N8 O12,120,120,1140.2677,P2_1/c,14,monoclinic,4,C H N O,True
2219641,AgH9C6(NO2)2,Ag4 H36 C24 N8 O16,88,88,854.3861,P-1,2,triclinic,5,Ag C H N O,True
2219673,CdH11C7NO9,Cd4 H44 C28 N4 O36,116,116,1092.081,P-1,2,triclinic,5,C Cd H N O,True
2219690,H9C9BrN,H36 C36 Br4 N4,80,80,872.5602,P2_1/c,14,monoclinic,4,Br C H N,True
2219762,H6C8NCl2,H24 C32 N4 Cl8,68,68,792.6449,P2_1/c,14,monoclinic,4,C Cl H N,True
2219812,H16C12N2O5,H64 C48 N8 O20,140,140,1362.1106,P2_1/c,14,monoclinic,4,C H N O,True
2219887,HgH10C11(NCl)2,Hg4 H40 C44 N8 Cl8,104,104,1210.4834,P2_1/c,14,monoclinic,5,C Cl H Hg N,True
2219939,FeH13C16Br,Fe4 H52 C64 Br4,124,124,1292.4064,P2_1/c,14,monoclinic,4,Br C Fe H,True
2219957,H20RuC22S2N4(O4F3)2,H40 Ru2 C44 S4 N8 O16 F12,126,126,1382.7088,P2_1/c,14,monoclinic,7,C F H N O Ru S,True
2220003,H13C18Br(NO)2,H26 C36 Br2 N4 O4,72,72,753.483,Pc,7,monoclinic,5,Br C H N O,True
2220114,H29C12NO8,H58 C24 N2 O16,100,100,794.8917,P2_1,4,monoclinic,4,C H N O,True
2220124,H11C16(NO)3,H44 C64 N12 O12,132,132,1290.3166,P2_1/c,14,monoclinic,4,C H N O,True
2220137,H21C20S2N3O,H42 C40 S4 N6 O2,94,94,935.0104,P-1,2,triclinic,5,C H N O S,True
2220172,CuH18C28(N2O)2,Cu2 H36 C56 N8 O4,106,106,1147.9981,P2_1/c,14,monoclinic,5,C Cu H N O,True
2220234,H8C8BrClO,H32 C32 Br4 Cl4 O4,76,76,899.1911,P2_1/c,14,monoclinic,5,Br C Cl H O,True
2220266,CuH32C24(NO3)2,Cu2 H64 C48 N4 O12,130,130,1132.1791,P2_1/c,14,monoclinic,5,C Cu H N O,True
2220385,H6C8NClO2,H24 C32 N4 Cl4 O8,72,72,743.2694,P2_12_12_1,19,orthorhombic,5,C Cl H N O,True
2220403,H14C11SN2,H56 C44 S4 N8,112,112,1041.2254,P2_1/c,14,monoclinic,4,C H N S,True
2220413,H15C19NO,H60 C76 N4 O4,144,144,1484.5309,P2_1/c,14,monoclinic,4,C H N O,True
2220419,AgP3H20C12N7Cl3O2,Ag2 P6 H40 C24 N14 Cl6 O4,96,96,1108.4441,P-1,2,triclinic,7,Ag C Cl H N O P,True
2220474,H18C13N2O3,H36 C26 N4 O6,72,72,668.8008,P-1,2,triclinic,4,C H N O,True
2220494,H13C16SNO3,H52 C64 S4 N4 O12,136,136,1413.2435,P2_1/c,14,monoclinic,5,C H N O S,True
2220549,FeH6(C3O)4,Fe4 H24 C48 O16,92,92,960.0973,P2_1/c,14,monoclinic,4,C Fe H O,True
2220615,H8C9NO2,H32 C36 N4 O8,80,80,813.9214,P-1,2,triclinic,4,C H N O,True
2220616,H8C8S(N2O)2,H32 C32 S4 N16 O8,92,92,1056.2098,P2_1/c,14,monoclinic,5,C H N O S,True
2220652,H3C3NCl,H24 C24 N8 Cl8,64,64,723.0088,P2_1/c,14,monoclinic,4,C Cl H N,True
2220706,H14C17O3,H56 C68 O12,136,136,1371.7882,P2_1/c,14,monoclinic,3,C H O,True
2220715,H11PdC12N3Cl4,H22 Pd2 C24 N6 Cl8,62,62,752.958,P-1,2,triclinic,5,C Cl H N Pd,True
2220802,H13C17SN3O,H52 C68 S4 N12 O4,140,140,1496.4087,P2_1/c,14,monoclinic,5,C H N O S,True
2220822,H15C12ClO4,H60 C48 Cl4 O16,128,128,1250.4507,P2_1/c,14,monoclinic,4,C Cl H O,True
2220857,H15C13N3O2,H60 C52 N12 O8,132,132,1226.7974,P2_1/c,14,monoclinic,4,C H N O,True
2220883,H12C14N4O5,H24 C28 N8 O10,70,70,697.9867,P-1,2,triclinic,4,C H N O,True
2220901,H26C22SO6,H52 C44 S2 O12,110,55,1096.6381,Amm2,38,orthorhombic,4,C H O S,True
2220994,Sr5As3ClO12,Sr10 As6 Cl2 O24,42,42,655.6359,P6_3/m,176,hexagonal,4,As Cl O Sr,False
2221070,H15C14SClO4,H30 C28 S2 Cl2 O8,70,70,728.0028,P-1,2,triclinic,5,C Cl H O S,True
2221075,H12Au2C12N2Cl5,H24 Au4 C24 N4 Cl10,66,66,894.0858,P-1,2,triclinic,5,Au C Cl H N,True
2221100,H5C6Br(NO)2,H20 C24 Br4 N8 O8,64,64,735.5855,Pna2_1,33,orthorhombic,5,Br C H N O,True
2221112,CoH12C12(N5O)2,Co2 H24 C24 N20 O4,74,74,733.896,P2_1/c,14,monoclinic,5,C Co H N O,True
2221143,ZnH18C7N2Cl4O,Zn4 H72 C28 N8 Cl16 O4,132,132,1370.7495,P2_1/c,14,monoclinic,6,C Cl H N O Zn,True
2221167,H8C9O2,H48 C54 O12,114,114,1125.9232,P-1,2,triclinic,3,C H O,True
2221169,H9C10(NO)3,H36 C40 N12 O12,100,100,986.0965,P2_1/c,14,monoclinic,4,C H N O,True
2221180,CuH32C28S16N16(ClO4)2,Cu1 H32 C28 S16 N16 Cl2 O8,103,103,1312.4246,P-1,2,triclinic,7,C Cl Cu H N O S,True
2221223,Ni2H26C20S2(N2O5)3,Ni4 H52 C40 S4 N12 O30,142,142,1460.5862,P-1,2,triclinic,6,C H N Ni O S,True
2221229,H3C7N4Cl,H12 C28 N16 Cl4,60,60,759.6746,P2_1/c,14,monoclinic,4,C Cl H N,True
2221230,H14C13N3O,H56 C52 N12 O4,124,124,1186.1186,P2_1/c,14,monoclinic,4,C H N O,True
2221259,H11C10SNO,H22 C20 S2 N2 O2,48,48,460.0605,P-1,2,triclinic,5,C H N O S,True
2221264,H4C5O2,H32 C40 O16,88,88,851.032,P2_1/c,14,monoclinic,3,C H O,True
2221357,NiH14C14S2N2(O5F)2,Ni1 H14 C14 S2 N2 O10 F2,45,45,454.1853,P-1,2,triclinic,7,C F H N Ni O S,True
2221376,H19C21BrO2,H38 C42 Br2 O4,86,86,887.0912,P-1,2,triclinic,4,Br C H O,True
2221548,H6C11N4,H24 C44 N16,84,84,904.5952,P2_1/c,14,monoclinic,3,C H N,True
2221573,H14C14SN3ClO,H56 C56 S4 N12 Cl4 O4,136,136,1477.3246,Pca2_1,29,orthorhombic,6,C Cl H N O S,True
2221578,H11C14SN3O,H44 C56 S4 N12 O4,120,120,1287.2849,P2_1/c,14,monoclinic,5,C H N O S,True
2221601,H8C13(ClO)2,H32 C52 Cl8 O8,100,100,1183.4638,P2_12_12_1,19,orthorhombic,4,C Cl H O,True
2221604,Co3H32C40(NO3)6,Co3 H32 C40 N6 O18,99,99,995.4293,P-1,2,triclinic,5,C Co H N O,True
2221614,H2C3ClO,H16 C24 Cl8 O8,56,56,683.2221,P2_1/c,14,monoclinic,4,C Cl H O,True
2221615,HgH12C2(I2N3)2,Hg2 H24 C4 I8 N12,50,50,808.9351,P-1,2,triclinic,5,C H Hg I N,True
2221622,MnH13C11N5Cl2,Mn4 H52 C44 N20 Cl8,128,128,1436.8778,P2_1/c,14,monoclinic,5,C Cl H Mn N,True
2221656,H14C13N4,H56 C52 N16,124,124,1228.3594,P2_1/c,14,monoclinic,3,C H N,True
2221693,H10C14BrN2ClO,H40 C56 Br4 N8 Cl4 O4,116,116,1383.8899,P2_1/c,14,monoclinic,6,Br C Cl H N O,True
2221711,H16C12NClO4,H64 C48 N4 Cl4 O16,136,136,1389.3404,P-1,2,triclinic,5,C Cl H N O,True
2221723,H6C8NO2,H48 C64 N8 O16,136,136,1329.7838,P2_1/c,14,monoclinic,4,C H N O,True
2221727,H10C13NClO2,H40 C52 N4 Cl4 O8,108,108,1110.7758,P2_1/c,14,monoclinic,5,C Cl H N O,True
2221729,H11C13SN2,H44 C52 S4 N8,108,108,1131.0794,P-1,2,triclinic,4,C H N S,True
2221791,H41C20BrN2O,H82 C40 Br2 N4 O2,130,130,1150.4332,P-1,2,triclinic,5,Br C H N O,True
2221798,SnMoH24C24NClO3,Sn2 Mo2 H48 C48 N2 Cl2 O6,110,110,1187.2937,P-1,2,triclinic,7,C Cl H Mo N O Sn,True
2221811,NiH13C12N3O4,Ni2 H26 C24 N6 O8,66,66,634.3594,P-1,2,triclinic,5,C H N Ni O,True
2221873,ZnH24C26Br2(NO2)4,Zn2 H48 C52 Br4 N8 O16,130,130,1355.7999,P2_1/c,14,monoclinic,6,Br C H N O Zn,True
2221876,H9C10NO,H36 C40 N4 O4,84,84,887.0658,P2_1/c,14,monoclinic,4,C H N O,True
2221894,H13C11Br(NO)2,H26 C22 Br2 N4 O4,58,58,582.5197,P2_1,4,monoclinic,5,Br C H N O,True
2221919,H14C18N,H56 C72 N4,132,132,1293.7461,P2_1/c,14,monoclinic,3,C H N,True
2221930,H9C10SNO3,H18 C20 S2 N2 O6,48,48,518.9485,P-1,2,triclinic,5,C H N O S,True
2221946,H9C8SN,H36 C32 S4 N4,76,76,793.9419,P2_1/c,14,monoclinic,4,C H N S,True
2222059,H6C7NO2,H48 C56 N8 O16,128,128,1315.7673,P2_1/c,14,monoclinic,4,C H N O,True
2222060,H8C6NO2,H32 C24 N4 O8,68,68,643.0592,P-1,2,triclinic,4,C H N O,True
2222086,H12C8S2N2O3,H48 C32 S8 N8 O12,108,108,1082.0887,P2_1/c,14,monoclinic,5,C H N O S,True
2222112,H12C11N4O,H24 C22 N8 O2,56,56,536.3492,P-1,2,triclinic,4,C H N O,True
2222176,H8C7SN2,H32 C28 S4 N8,72,72,709.9496,P2_1/c,14,monoclinic,4,C H N S,True
2222196,H12C8SN4O,H48 C32 S4 N16 O4,104,104,1073.1526,P2_1/c,14,monoclinic,5,C H N O S,True
2222202,H15C10S(NO2)3,H60 C40 S4 N12 O24,140,140,1329.1328,P2_1/c,14,monoclinic,5,C H N O S,True
2222224,H9C8N5O,H36 C32 N20 O4,92,92,870.3593,P2_1/c,14,monoclinic,4,C H N O,True
2222233,H15C13N3O2,H60 C52 N12 O8,132,132,1295.409,P2_1/c,14,monoclinic,4,C H N O,True
2222246,Mo4H14N2O17,Mo16 H56 N8 O68,148,148,1468.2462,P2_1/c,14,monoclinic,4,H Mo N O,False
2222267,H6C5NO2,H48 C40 N8 O16,112,56,1068.0159,Cc,9,monoclinic,4,C H N O,True
2222336,H18(C3O)7,H18 C21 O7,46,46,460.8741,P1,1,triclinic,3,C H O,True
2222366,CoH23C18N5O13,Co2 H46 C36 N10 O26,120,120,1141.4396,P-1,2,triclinic,5,C Co H N O,True
2222412,H10C9BrN3O,H40 C36 Br4 N12 O4,96,96,999.9311,P2_1/c,14,monoclinic,5,Br C H N O,True
2222422,CdH4C4(S2N3)2,Cd4 H16 C16 S16 N24,76,38,1056.6621,C2/c,15,monoclinic,5,C Cd H N S,True
2222450,HgH5C7ClO2,Hg4 H20 C28 Cl4 O8,64,64,867.3876,P2_1/c,14,monoclinic,5,C Cl H Hg O,True
2222480,K3H6PbC7S3N3O4,K6 H12 Pb2 C14 S6 N6 O8,54,54,871.0955,P2_1/m,11,monoclinic,7,C H K N O Pb S,True
2222566,H18C14N2Cl2O13,H36 C28 N4 Cl4 O26,98,98,981.1295,P-1,2,triclinic,5,C Cl H N O,True
2222583,H27C27NO3,H54 C54 N2 O6,116,116,1066.3441,P-1,2,triclinic,4,C H N O,True
2222597,H5C5N4,H20 C20 N16,56,56,550.1915,P2_1/c,14,monoclinic,3,C H N,True
2222633,H10C7S(NO)2,H40 C28 S4 N8 O8,88,88,868.1391,P2_12_12_1,19,orthorhombic,5,C H N O S,True
2222637,H6C5NO2,H48 C40 N8 O16,112,112,1036.3548,P2_1/c,14,monoclinic,4,C H N O,True
2222648,FeH18C8N2(ClO2)3,Fe2 H36 C16 N4 Cl6 O12,76,38,757.4694,C2,5,monoclinic,6,C Cl Fe H N O,True
2222651,H6C12N(OF2)2,H24 C48 N4 O8 F16,100,100,1082.0627,P2_1/c,14,monoclinic,5,C F H N O,True
2222661,PH13C9N2O5,P4 H52 C36 N8 O20,120,120,1146.8678,P2_12_12_1,19,orthorhombic,5,C H N O P,True
2222710,H8C12S(NO2)2,H32 C48 S4 N8 O16,108,108,1088.5803,P2_1/c,14,monoclinic,5,C H N O S,True
2222828,H13C13SNO4,H52 C52 S4 N4 O16,128,128,1359.329,P2_12_12_1,19,orthorhombic,5,C H N O S,True
2222934,H15C15NO3,H60 C60 N4 O12,136,136,1315.7312,P2_1/c,14,monoclinic,4,C H N O,True
2222956,CuH13C14N5O,Cu4 H52 C56 N20 O4,136,136,1351.5761,P2_1/c,14,monoclinic,5,C Cu H N O,True
2222967,H12Pt(C4I)2,H48 Pt4 C32 I8,92,92,1120.0921,P2_1/c,14,monoclinic,4,C H I Pt,True
2223029,H16C26SN4O3,H32 C52 S2 N8 O6,100,100,1045.5131,P-1,2,triclinic,5,C H N O S,True
2223075,H13C14S3NO,H52 C56 S12 N4 O4,128,128,1386.0637,P2_1/c,14,monoclinic,5,C H N O S,True
2223086,ZnH28(C2O)7,Zn2 H56 C28 O14,100,100,903.8946,P2/c,13,monoclinic,4,C H O Zn,True
2223138,CdH20C19(NO5)2,Cd2 H40 C38 N4 O20,104,104,1049.2892,P-1,2,triclinic,5,C Cd H N O,True
2223166,ZrP4H46C54(Cl2O)2,Zr1 P4 H46 C54 Cl4 O2,111,111,1284.4212,P-1,2,triclinic,6,C Cl H O P Zr,True
2223213,H11C16SN3F4,H44 C64 S4 N12 F16,140,140,1493.6901,Pca2_1,29,orthorhombic,5,C F H N S,True
2223249,H3C4BrO4,H12 C16 Br4 O16,48,48,625.8843,P2_1/c,14,monoclinic,4,Br C H O,True
2223309,H14C10N2O,H56 C40 N8 O4,108,108,1012.4791,P2_1/c,14,monoclinic,4,C H N O,True
2223409,H8(C3N)3,H32 C36 N12,80,80,782.4828,P2_1/c,14,monoclinic,3,C H N,True
2223421,H14C13NClO2,H56 C52 N4 Cl4 O8,124,124,1257.931,Pna2_1,33,orthorhombic,5,C Cl H N O,True
2223433,TbAgH11C15(NO6)2,Tb2 Ag2 H22 C30 N4 O24,84,84,861.2813,P-1,2,triclinic,6,Ag C H N O Tb,True
2223470,H2C4BrNO3,H16 C32 Br8 N8 O24,88,88,1146.6461,P2_12_12,18,orthorhombic,5,Br C H N O,True
2223508,H10C14N2Cl2O,H40 C56 N8 Cl8 O4,116,116,1319.8723,P2_1/c,14,monoclinic,5,C Cl H N O,True
2223586,H13C15N2ClO2,H52 C60 N8 Cl4 O8,132,132,1419.5685,P2_1/c,14,monoclinic,5,C Cl H N O,True
2223614,H5C6NO,H40 C48 N8 O8,104,104,1064.9254,P2_1/c,14,monoclinic,4,C H N O,True
2223645,H15C17N2OF,H60 C68 N8 O4 F4,144,144,1417.1872,P2_1/c,14,monoclinic,5,C F H N O,True
2223660,H16PbC10N4O9,H32 Pb2 C20 N8 O18,80,80,790.4062,P-1,2,triclinic,5,C H N O Pb,True
2223748,H8C8N2O3F2,H32 C32 N8 O12 F8,92,92,884.8841,P2_1/c,14,monoclinic,5,C F H N O,True
2223763,H18C16SN4Cl2O3,H36 C32 S2 N8 Cl4 O6,88,88,968.981,P-1,2,triclinic,6,C Cl H N O S,True
2223898,H11C13BrN2O,H44 C52 Br4 N8 O4,112,112,1203.8582,P2_1/c,14,monoclinic,5,Br C H N O,True
2223899,H10C6N2O3,H40 C24 N8 O12,84,84,838.4972,P2_1/c,14,monoclinic,4,C H N O,True
2223905,H8C12SBrNO5,H32 C48 S4 Br4 N4 O20,112,112,1296.0918,P2_1/c,14,monoclinic,6,Br C H N O S,True
2223923,H27C28NO2,H54 C56 N2 O4,116,116,1119.351,P-1,2,triclinic,4,C H N O,True
2223938,H6C5NO6,H48 C40 N8 O48,144,144,1426.0573,P2_1/c,14,monoclinic,4,C H N O,True
2223942,CoH36C24(N3O8)2,Co1 H36 C24 N6 O16,83,83,769.8547,P-1,2,triclinic,5,C Co H N O,True
2223946,CuH20C16(N2O3)2,Cu1 H20 C16 N4 O6,47,47,449.2875,P-1,2,triclinic,5,C Cu H N O,True
2223953,ZnH19C14I2(NO)3,Zn2 H38 C28 I4 N6 O6,84,84,957.9431,P-1,2,triclinic,6,C H I N O Zn,True
2224006,H9C11NO4,H18 C22 N2 O8,50,50,506.7268,P2_1,4,monoclinic,4,C H N O,True
2224097,GdH10C8NO10,Gd4 H40 C32 N4 O40,120,120,1160.9395,P2_1/c,14,monoclinic,5,C Gd H N O,True
2224138,H19C18N3O,H38 C36 N6 O2,82,82,801.099,P-1,2,triclinic,4,C H N O,True
2224206,H12C11O2,H24 C22 O4,50,50,440.281,P-1,2,triclinic,3,C H O,True
2224229,H10C7O2,H60 C42 O12,114,114,1068.87,P-1,2,triclinic,3,C H O,True
2224251,CuH8S3O10,Cu4 H32 S12 O40,88,88,1068.7505,P2_1/c,14,monoclinic,4,Cu H O S,False
2224265,H18C11O3,H36 C22 O6,64,64,553.168,P2_1,4,monoclinic,3,C H O,True
2224291,KH19C28(SO2)4,K2 H38 C56 S8 O16,120,120,1383.4807,P-1,2,triclinic,5,C H K O S,True
2224311,H16C16N2O3,H64 C64 N8 O12,148,148,1396.1701,P2_1/c,14,monoclinic,4,C H N O,True
2224344,CdH22C16S2(N2O3)2,Cd2 H44 C32 S4 N8 O12,102,102,958.524,P2_1/c,14,monoclinic,6,C Cd H N O S,True
2224365,H13C15Br(NO)2,H52 C60 Br4 N8 O8,132,132,1428.2598,P2_1/c,14,monoclinic,5,Br C H N O,True
2224374,CuH21C25NO4,Cu2 H42 C50 N2 O8,104,104,1082.9346,P-1,2,triclinic,5,C Cu H N O,True
2224410,ZnH12C10S2N4O5,Zn4 H48 C40 S8 N16 O20,136,68,1447.1753,C2/c,15,monoclinic,6,C H N O S Zn,True
2224413,H8PtC2N2O3,H32 Pt4 C8 N8 O12,64,64,578.6959,P2_12_12_1,19,orthorhombic,5,C H N O Pt,True
2224462,H17C22N3O4,H34 C44 N6 O8,92,92,915.0118,P-1,2,triclinic,4,C H N O,True
2224631,Sn2H21C24BrO2,Sn4 H42 C48 Br2 O4,100,100,1178.2583,P-1,2,triclinic,5,Br C H O Sn,True
2224687,H8PdC12(NCl)2,H32 Pd4 C48 N8 Cl8,100,100,1128.2632,P2_1/c,14,monoclinic,5,C Cl H N Pd,True
2224728,H6C7NO2,H24 C28 N4 O8,64,64,642.9271,P2_12_12,18,orthorhombic,4,C H N O,True
2224733,NaH6C2S2N3O2,Na8 H48 C16 S16 N24 O16,128,128,1485.5263,P2_1/c,14,monoclinic,6,C H N Na O S,True
2224743,H6C5NClO2,H48 C40 N8 Cl8 O16,120,120,1243.0605,P2_1/c,14,monoclinic,5,C Cl H N O,True
2224802,NiH15C20N3O7,Ni2 H30 C40 N6 O14,92,92,1001.6807,P-1,2,triclinic,5,C H N Ni O,True
2224817,TbH31C21O17,Tb2 H62 C42 O34,140,140,1332.3731,P-1,2,triclinic,4,C H O Tb,True
2224923,H11C17ClO2,H44 C68 Cl4 O8,124,124,1337.6697,P2_1/c,14,monoclinic,4,C Cl H O,True
2224945,H16C17SN4(ClO2)2,H32 C34 S2 N8 Cl4 O8,88,88,1008.0798,P-1,2,triclinic,6,C Cl H N O S,True
2224976,H15C12SNO5,H30 C24 S2 N2 O10,68,68,647.3926,P2_1,4,monoclinic,5,C H N O S,True
2224987,H4C5N2Cl2O,H16 C20 N8 Cl8 O4,56,56,698.9062,Pna2_1,33,orthorhombic,5,C Cl H N O,True
2224988,H13C5SN2ClO2,H26 C10 S2 N4 Cl2 O4,48,48,430.519,P2_1/m,11,monoclinic,6,C Cl H N O S,True
2225148,H11C12ClO4,H44 C48 Cl4 O16,112,112,1182.6755,P2_1/c,14,monoclinic,4,C Cl H O,True
2225254,H4C8S2NCl(O2F3)2,H16 C32 S8 N4 Cl4 O16 F24,104,104,1342.687,P2_1/c,14,monoclinic,7,C Cl F H N O S,True
2225294,H14C11NClO,H56 C44 N4 Cl4 O4,112,112,1090.1313,P2_1/c,14,monoclinic,5,C Cl H N O,True
2225332,H14C13O4,H56 C52 O16,124,124,1132.6699,P-1,2,triclinic,3,C H O,True
2225349,P2H14C9(NO4)2,P8 H56 C36 N8 O32,140,140,1420.3787,P2_1/c,14,monoclinic,5,C H N O P,True
2225350,H7C8NO2,H28 C32 N4 O8,72,72,693.7775,P2_1/c,14,monoclinic,4,C H N O,True
2225352,AgH13C18SN2O7,Ag2 H26 C36 S2 N4 O14,84,84,898.2452,P-1,2,triclinic,6,Ag C H N O S,True
2225401,Ag2H28C27(N3O4)2,Ag4 H56 C54 N12 O16,142,142,1385.0061,P2_1/m,11,monoclinic,5,Ag C H N O,True
2225482,H5C6IO2,H40 C48 I8 O16,112,112,1391.9517,P2_1/c,14,monoclinic,4,C H I O,True
2225505,H9C9N2OF,H36 C36 N8 O4 F4,88,88,883.2969,P2_1/c,14,monoclinic,5,C F H N O,True
2225519,H11C16BrO2,H44 C64 Br4 O8,120,120,1272.841,P2_1/c,14,monoclinic,4,Br C H O,True
2225522,H14WC15N2O5,H28 W2 C30 N4 O10,74,74,820.5575,P2_1,4,monoclinic,5,C H N O W,True
2225576,H12C10BrNO,H48 C40 Br4 N4 O4,100,100,1013.9732,P2_1/c,14,monoclinic,5,Br C H N O,True
2225661,H22C20O3,H44 C40 O6,90,90,857.1204,P-1,2,triclinic,3,C H O,True
2225680,NaTb(PO3)4,Na4 Tb4 P16 O48,72,72,912.9186,P2_1/c,14,monoclinic,4,Na O P Tb,False
2225710,H10C7O,H60 C42 O6,108,108,861.3068,P2_1,4,monoclinic,3,C H O,True
2225770,H11C18(NO)2,H44 C72 N8 O8,132,132,1280.629,P2_1/c,14,monoclinic,4,C H N O,True
2225818,H6C4N2ClO,H48 C32 N16 Cl8 O8,112,112,1195.1947,P2_1/c,14,monoclinic,5,C Cl H N O,True
2225878,H6C7N,H48 C56 N8,112,112,1087.561,P2_12_12_1,19,orthorhombic,3,C H N,True
2225897,ZnH11C12N3Cl2,Zn2 H22 C24 N6 Cl4,58,58,662.6874,P-1,2,triclinic,5,C Cl H N Zn,True
2225924,H18C15N2O3,H36 C30 N4 O6,76,76,689.6194,P2_1/m,11,monoclinic,4,C H N O,True
2225953,CuH17C11N3Cl2,Cu4 H68 C44 N12 Cl8,136,136,1381.5078,P2_12_12_1,19,orthorhombic,5,C Cl Cu H N,True
2225972,H12C12N4O,H48 C48 N16 O4,116,116,1125.0761,P2_1/c,14,monoclinic,4,C H N O,True
2225978,H7C8NO,H56 C64 N8 O8,136,136,1281.1748,P2_1/c,14,monoclinic,4,C H N O,True
2226076,ZnH10C16(Cl2O3)2,Zn2 H20 C32 Cl8 O12,74,74,915.7557,P-1,2,triclinic,5,C Cl H O Zn,True
2226092,H6WC8SN2O5,H12 W2 C16 S2 N4 O10,46,46,598.2713,P-1,2,triclinic,6,C H N O S W,True
2226148,ReH6C5(NO2)3,Re4 H24 C20 N12 O24,84,84,955.0299,P2_1/c,14,monoclinic,5,C H N O Re,True
2226211,H18C11N4O3,H72 C44 N16 O12,144,144,1321.7871,P2_1/c,14,monoclinic,4,C H N O,True
2226291,BH10C6(NF2)2,B4 H40 C24 N8 F16,92,92,896.1501,P2_1/c,14,monoclinic,5,B C F H N,True
2226303,H14C15N2O3,H56 C60 N8 O12,136,136,1293.4536,P2_1/c,14,monoclinic,4,C H N O,True
2226308,H10C10N2O3,H40 C40 N8 O12,100,100,922.8083,P2_1/c,14,monoclinic,4,C H N O,True
2226324,H20PbC8(I2N)2,H40 Pb2 C16 I8 N4,70,70,937.6994,P2_1/c,14,monoclinic,5,C H I N Pb,True
2226346,H17C19N3O2,H34 C38 N6 O4,82,82,812.8512,P-1,2,triclinic,4,C H N O,True
2226362,H11C13SN(ClO)2,H44 C52 S4 N4 Cl8 O8,120,120,1436.0928,P2_1/c,14,monoclinic,6,C Cl H N O S,True
2226406,CdH8(C3N2)4,Cd4 H32 C48 N32,116,58,1312.6575,C2/c,15,monoclinic,4,C Cd H N,True
2226413,H12C12N2O,H48 C48 N8 O4,108,108,1024.3129,P2_1/c,14,monoclinic,4,C H N O,True
2226415,H15C7NO,H60 C28 N4 O4,96,96,761.2095,P-1,2,triclinic,4,C H N O,True
2226451,H18C18N2O3,H36 C36 N4 O6,82,82,820.631,P-1,2,triclinic,4,C H N O,True
2226496,H11C13NO,H44 C52 N4 O4,104,104,1044.4122,P2_1/c,14,monoclinic,4,C H N O,True
2226531,H14C13S2(NO2)2,H28 C26 S4 N4 O8,70,70,697.6925,P2_1,4,monoclinic,5,C H N O S,True
2226539,H11C9SN2ClO3,H44 C36 S4 N8 Cl4 O12,108,108,1117.36,P2_1/c,14,monoclinic,6,C Cl H N O S,True
2226591,H5C4O,H60 C48 O12,120,120,1122.8846,P2_1/c,14,monoclinic,3,C H O,True
2226611,H6C14NO2F3,H24 C56 N4 O8 F12,104,104,1124.9924,P2_1/c,14,monoclinic,5,C F H N O,True
2226653,H14C13N2O3,H56 C52 N8 O12,128,128,1191.6857,P2_1/c,14,monoclinic,4,C H N O,True
2226824,CuH15C11SBrN4,Cu4 H60 C44 S4 Br4 N16,132,132,1420.8084,P2_1/c,14,monoclinic,6,Br C Cu H N S,True
2226861,H16C16BrNO3,H32 C32 Br2 N2 O6,74,74,748.0971,P-1,2,triclinic,5,Br C H N O,True
2226916,ZnH12C12(BrN)2,Zn4 H48 C48 Br8 N8,116,116,1384.8317,P2/c,13,monoclinic,5,Br C H N Zn,True
2226929,H10C11(NO)2,H40 C44 N8 O8,100,50,1008.3538,Cc,9,monoclinic,4,C H N O,True
2227013,MgH10C2(N2O)4,Mg2 H20 C4 N16 O8,50,50,459.734,P2_1/c,14,monoclinic,5,C H Mg N O,True
2227047,ReH25C20N3ClO5,Re2 H50 C40 N6 Cl2 O10,110,110,1102.2968,P-1,2,triclinic,6,C Cl H N O Re,True
2227052,NaH15C15SO13,Na2 H30 C30 S2 O26,90,90,886.5853,P-1,2,triclinic,5,C H Na O S,True
2227083,H12C9N2O3,H24 C18 N4 O6,52,52,511.6679,P-1,2,triclinic,4,C H N O,True
2227129,H5C5N,H60 C60 N12,132,132,1235.0479,P2_1/c,14,monoclinic,3,C H N,True
2227140,CuH19C18N3ClO4,Cu2 H38 C36 N6 Cl2 O8,92,92,891.1501,P-1,2,triclinic,6,C Cl Cu H N O,True
2227148,Cu3H6C10(N4O)4,Cu6 H12 C20 N32 O8,78,78,898.0092,P2_1/c,14,monoclinic,5,C Cu H N O,True
2227156,AgBH12C20(N2F)4,Ag2 B2 H24 C40 N16 F8,92,92,1022.8298,P-1,2,triclinic,6,Ag B C F H N,True
2227157,H15C11N5O,H60 C44 N20 O4,128,128,1216.16,P-1,2,triclinic,4,C H N O,True
2227326,MnH25C29N7O8,Mn2 H50 C58 N14 O16,140,140,1435.2102,P-1,2,triclinic,5,C H Mn N O,True
2227336,H16C14SN2O3,H64 C56 S4 N8 O12,144,144,1473.0722,P2_12_12_1,19,orthorhombic,5,C H N O S,True
2227344,PH27(C15O4)2,P2 H54 C60 O16,132,132,1373.0414,P-1,2,triclinic,4,C H O P,True
2227381,PH12C4NO7,P4 H48 C16 N4 O28,100,100,850.8882,P2_1/c,14,monoclinic,5,C H N O P,True
2227382,H13C15NO4,H52 C60 N4 O16,132,132,1286.4814,P2_1/c,14,monoclinic,4,C H N O,True
2227385,H11C14NCl2,H22 C28 N2 Cl4,56,56,620.2721,P2_1,4,monoclinic,4,C Cl H N,True
2227400,H18C15N2O5,H36 C30 N4 O10,80,80,734.4104,P-1,2,triclinic,4,C H N O,True
2227410,H12C18N2Cl2O,H24 C36 N4 Cl4 O2,70,70,801.376,P-1,2,triclinic,5,C Cl H N O,True
2227474,H15C8N3O4,H60 C32 N12 O16,120,120,1020.1951,P2_1/c,14,monoclinic,4,C H N O,True
2227538,H19C16SN3O4,H38 C32 S2 N6 O8,86,86,844.6865,P-1,2,triclinic,5,C H N O S,True
2227611,H17C15NO,H68 C60 N4 O4,136,136,1242.2856,Pca2_1,29,orthorhombic,4,C H N O,True
2227633,NaH6C4(NO2)3,Na4 H24 C16 N12 O24,80,80,839.9142,P2_1/c,14,monoclinic,5,C H N Na O,True
2227652,MnH15C8N3Cl4,Mn4 H60 C32 N12 Cl16,124,124,1396.5638,P2_1/c,14,monoclinic,5,C Cl H Mn N,True
2227694,H27C22NO6,H54 C44 N2 O12,112,112,1017.422,P-1,2,triclinic,4,C H N O,True
2227781,H7C3(NO)2,H56 C24 N16 O16,112,112,931.3429,P2_1,4,monoclinic,4,C H N O,True
2227784,H9C11N5O7,H36 C44 N20 O28,128,128,1290.2297,P2_1/c,14,monoclinic,4,C H N O,True
2227813,H7C8NO3,H28 C32 N4 O12,76,76,764.1618,P2_1/c,14,monoclinic,4,C H N O,True
2227889,H6C6SNO,H48 C48 S8 N8 O8,120,120,1317.0346,P2_1/c,14,monoclinic,5,C H N O S,True
2227893,H10C6N3O,H20 C12 N6 O2,40,40,338.0474,P-1,2,triclinic,4,C H N O,True
2227896,NiP2H20C18(NO3)3,Ni2 P4 H40 C36 N6 O18,106,106,1048.032,P-1,2,triclinic,6,C H N Ni O P,True
2227897,H9C12NO2,H36 C48 N4 O8,96,96,979.1853,P-1,2,triclinic,4,C H N O,True
2227965,H15C17NO3,H60 C68 N4 O12,144,144,1336.8139,P2_1/c,14,monoclinic,4,C H N O,True
2227967,ZnH28C22(N3O4)2,Zn1 H28 C22 N6 O8,65,65,587.2556,P-1,2,triclinic,5,C H N O Zn,True
2228038,H14C15NClO2,H28 C30 N2 Cl2 O4,66,66,664.9925,P2_1,4,monoclinic,5,C Cl H N O,True
2228080,Ba2P2O7,Ba8 P8 O28,44,44,719.8532,Pnma,62,orthorhombic,3,Ba O P,False
2228093,H12C15S2NO,H48 C60 S8 N4 O4,124,124,1348.3193,P-1,2,triclinic,5,C H N O S,True
2228113,H6C8NO,H48 C64 N8 O8,128,128,1328.5241,P2_12_12_1,19,orthorhombic,4,C H N O,True
2228146,H9C10N2ClO6,H18 C20 N4 Cl2 O12,56,56,604.3269,P-1,2,triclinic,5,C Cl H N O,True
2228148,YbH6C9O7,Yb2 H12 C18 O14,46,46,497.1775,P-1,2,triclinic,4,C H O Yb,True
2228165,H9C9S(OF)3,H36 C36 S4 O12 F12,100,100,1100.5924,P2_1/c,14,monoclinic,5,C F H O S,True
2228170,H13C14NO,H52 C56 N4 O4,116,116,1163.1854,P2_12_12_1,19,orthorhombic,4,C H N O,True
2228200,H9C10SN2O,H36 C40 S4 N8 O4,92,92,949.1854,P2_1/c,14,monoclinic,5,C H N O S,True
2228221,H13C14SN(ClO)2,H26 C28 S2 N2 Cl4 O4,66,66,739.6901,P-1,2,triclinic,6,C Cl H N O S,True
2228251,MnH22C26(N2O)4,Mn2 H44 C52 N16 O8,122,122,1237.9831,P2_1/c,14,monoclinic,5,C H Mn N O,True
2228254,SbH14C5N2Cl5,Sb4 H56 C20 N8 Cl20,108,108,1361.5231,P2_12_12_1,19,orthorhombic,5,C Cl H N Sb,True
2228382,CoH26C27N4Cl3O7,Co2 H52 C54 N8 Cl6 O14,136,136,1474.8783,P-1,2,triclinic,6,C Cl Co H N O,True
2228413,H6C4BrO2,H24 C16 Br4 O8,52,52,583.6961,P2_1/c,14,monoclinic,4,Br C H O,True
2228426,H10C14NClO3,H40 C56 N4 Cl4 O12,116,116,1224.9917,P2_1/c,14,monoclinic,5,C Cl H N O,True
2228444,MgH20C14(NO7)2,Mg2 H40 C28 N4 O28,102,51,981.2604,C2/m,12,monoclinic,5,C H Mg N O,True
2228517,H13C10NO3,H52 C40 N4 O12,108,108,1002.5826,P-1,2,triclinic,4,C H N O,True
2228594,H12C15N2Cl2O,H48 C60 N8 Cl8 O4,128,128,1432.3665,P2_1/c,14,monoclinic,5,C Cl H N O,True
2228609,H24C18S(NO)2,H48 C36 S2 N4 O4,94,94,901.4113,P-1,2,triclinic,5,C H N O S,True
2228710,H31C23NO,H62 C46 N2 O2,112,112,955.9119,P2_1,4,monoclinic,4,C H N O,True
2228737,H9C14N2Cl3O,H36 C56 N8 Cl12 O4,116,116,1437.8064,P2_1/c,14,monoclinic,5,C Cl H N O,True
2228757,H15C14NO4,H60 C56 N4 O16,136,136,1320.4463,P2_1/c,14,monoclinic,4,C H N O,True
2228764,H19C13N3O2,H76 C52 N12 O8,148,148,1365.1717,Pna2_1,33,orthorhombic,4,C H N O,True
2228784,H13C12NO,H52 C48 N4 O4,108,108,966.073,P2_1,4,monoclinic,4,C H N O,True
2228793,H16C14N6O,H64 C56 N24 O4,148,148,1392.9945,P-1,2,triclinic,4,C H N O,True
2228869,H18C18S(N3O)2,H36 C36 S2 N12 O4,90,90,929.7791,P-1,2,triclinic,5,C H N O S,True
2228873,SiH13C4SNO2,Si4 H52 C16 S4 N4 O8,88,88,871.7494,P2_1,4,monoclinic,6,C H N O S Si,True
2228900,CuH18C10(NCl)4,Cu2 H36 C20 N8 Cl8,74,74,822.35,P-1,2,triclinic,5,C Cl Cu H N,True
2228937,H10C7N5ClO,H40 C28 N20 Cl4 O4,96,96,959.2186,P2_1/c,14,monoclinic,5,C Cl H N O,True
2228976,H15C17N2Cl,H60 C68 N8 Cl4,140,140,1466.5256,P2_1/c,14,monoclinic,4,C Cl H N,True
2229034,H12C13N3O4,H24 C26 N6 O8,64,64,600.9747,P-1,2,triclinic,4,C H N O,True
2229117,H11C14N3O5,H44 C56 N12 O20,132,132,1289.7029,P2_1/c,14,monoclinic,4,C H N O,True
2229129,H13C13N2ClO,H52 C52 N8 Cl4 O4,120,120,1243.4408,P2_1/c,14,monoclinic,5,C Cl H N O,True
2229250,H22C17S2(NO)2,H44 C34 S4 N4 O4,90,90,895.1892,P-1,2,triclinic,5,C H N O S,True
2229258,H13C15BrN2,H26 C30 Br2 N4,62,62,652.3675,P-1,2,triclinic,4,Br C H N,True
2229294,TeH10C13S2,Te4 H40 C52 S8,104,104,1271.2776,P2_12_12_1,19,orthorhombic,4,C H S Te,True
2229319,H11C14N2O2F,H44 C56 N8 O8 F4,120,120,1172.3087,P-1,2,triclinic,5,C F H N O,True
2229359,H10C9SNClO3,H20 C18 S2 N2 Cl2 O6,50,50,535.0693,P-1,2,triclinic,6,C Cl H N O S,True
2229372,H6C8SIN,H24 C32 S4 I4 N4,68,68,884.7569,P2_1/c,14,monoclinic,5,C H I N S,True
2229401,H23C15SNO5,H46 C30 S2 N2 O10,90,90,833.9516,P-1,2,triclinic,5,C H N O S,True
2229447,CdH24C23N7ClO7,Cd2 H48 C46 N14 Cl2 O14,126,126,1297.1261,P-1,2,triclinic,6,C Cd Cl H N O,True
2229457,H9C10N(ClO)4,H36 C40 N4 Cl16 O16,112,112,1377.004,P2_1/c,14,monoclinic,5,C Cl H N O,True
2229479,H25C27N3O4,H50 C54 N6 O8,118,118,1170.7121,P-1,2,triclinic,4,C H N O,True
2229493,VAsO5,V4 As4 O20,28,28,333.6406,P2_1/c,14,monoclinic,3,As O V,False
2229494,H13C13N3O4,H26 C26 N6 O8,66,66,675.3317,P2_1,4,monoclinic,4,C H N O,True
2229498,CuH16C6Br4N2O,Cu4 H64 C24 Br16 N8 O4,120,120,1353.5091,P2_1/c,14,monoclinic,6,Br C Cu H N O,True
2229530,DyCuH24C20N5O14,Dy2 Cu2 H48 C40 N10 O28,130,130,1324.7725,P-1,2,triclinic,6,C Cu Dy H N O,True
2229539,AgPO3,Ag8 P8 O24,40,40,529.526,P2_1/c,14,monoclinic,3,Ag O P,False
2229543,H9C13NClF3,H36 C52 N4 Cl4 F12,108,108,1204.5322,P2_1/c,14,monoclinic,5,C Cl F H N,True
2229546,H4C6BrNO2,H8 C12 Br2 N2 O4,28,28,327.5431,P-1,2,triclinic,5,Br C H N O,True
2229548,H8C10S(N2O3)2,H32 C40 S4 N16 O24,116,116,1255.4537,P2_1/c,14,monoclinic,5,C H N O S,True
2229568,H25C17(NO)3,H50 C34 N6 O6,96,96,855.2058,P-1,2,triclinic,4,C H N O,True
2229630,H24C21O11,H48 C42 O22,112,112,1106.0457,P2_1,4,monoclinic,3,C H O,True
2229685,H12C16SN3Cl,H24 C32 S2 N6 Cl2,66,66,739.4742,P-1,2,triclinic,5,C Cl H N S,True
2229686,H20C14SN4,H40 C28 S2 N8,78,78,743.7391,P-1,2,triclinic,4,C H N S,True
2229726,H10C7N2O5,H40 C28 N8 O20,96,96,861.0443,P2_1/c,14,monoclinic,4,C H N O,True
2229752,NiH28C36(NO)2,Ni1 H28 C36 N2 O2,69,69,702.2144,P-1,2,triclinic,5,C H N Ni O,True
2229790,MnH9C3O8,Mn2 H18 C6 O16,42,42,379.9155,P-1,2,triclinic,4,C H Mn O,True
2229815,CdH18C7N2Cl4O,Cd4 H72 C28 N8 Cl16 O4,132,132,1402.5017,P2_1/c,14,monoclinic,6,C Cd Cl H N O,True
2229836,H11C15ClO2,H44 C60 Cl4 O8,116,116,1207.974,P2_1/c,14,monoclinic,4,C Cl H O,True
2229916,H3C5(NO)2,H24 C40 N16 O16,96,96,1064.7945,Pna2_1,33,orthorhombic,4,C H N O,True
2229959,H19C16SBrO2,H38 C32 S2 Br2 O4,78,78,769.5265,P-1,2,triclinic,5,Br C H O S,True
2229960,H12C16BrO2F,H48 C64 Br4 O8 F4,128,128,1391.2936,P2_1/c,14,monoclinic,5,Br C F H O,True
2230021,H12C13NO,H48 C52 N4 O4,108,108,993.9662,P-1,2,triclinic,4,C H N O,True
2230084,H9C9SN5,H36 C36 S4 N20,96,96,991.5122,P2_12_12_1,19,orthorhombic,4,C H N S,True
2230106,H15C10NO4,H60 C40 N4 O16,120,120,1028.506,P2_1/c,14,monoclinic,4,C H N O,True
2230118,H14C15(N2O3)2,H28 C30 N8 O12,78,78,780.8449,P-1,2,triclinic,4,C H N O,True
2230217,H13C13SNO4,H52 C52 S4 N4 O16,128,128,1350.3491,Pna2_1,33,orthorhombic,5,C H N O S,True
2230218,H4C5S3O2,H16 C20 S12 O8,56,56,720.408,P2_1/c,14,monoclinic,4,C H O S,True
2230225,H13C12N3O2,H52 C48 N12 O8,120,120,1135.1744,P2_12_12_1,19,orthorhombic,4,C H N O,True
2230231,SnH22C6(NCl2)2,Sn1 H22 C6 N2 Cl4,35,35,382.1337,P-1,2,triclinic,5,C Cl H N Sn,True
2230320,H14C14N2O,H56 C56 N8 O4,124,124,1174.4755,Pca2_1,29,orthorhombic,4,C H N O,True
2230340,H19C14I,H76 C56 I4,136,136,1302.0235,P2_1/c,14,monoclinic,3,C H I,True
2230369,H13C16IN2,H52 C64 I4 N8,128,128,1444.571,P2_1/c,14,monoclinic,4,C H I N,True
2230381,H4C5O,H48 C60 O12,120,120,1228.4457,P2_1/c,14,monoclinic,3,C H O,True
2230389,AgH28C32N5O3,Ag2 H56 C64 N10 O6,138,138,1351.1287,P-1,2,triclinic,5,Ag C H N O,True
2230398,H24C21N2(OF)2,H48 C42 N4 O4 F4,102,102,917.9753,P-1,2,triclinic,5,C F H N O,True
2230470,H20C22N2O5,H40 C44 N4 O10,98,98,944.7244,P-1,2,triclinic,4,C H N O,True
2230487,H23C20(NO)3,H46 C40 N6 O6,98,98,922.6297,P-1,2,triclinic,4,C H N O,True
2230542,CuH12C13(NO4)2,Cu2 H24 C26 N4 O16,72,72,724.8178,P-1,2,triclinic,5,C Cu H N O,True
2230566,H5C7N4Cl,H20 C28 N16 Cl4,68,68,789.6887,P2_1/c,14,monoclinic,4,C Cl H N,True
2230612,NaH15C7SO6,Na4 H60 C28 S4 O24,120,120,1190.1416,P2_1/c,14,monoclinic,5,C H Na O S,True
2230618,KH6C6SBrNClO3,K4 H24 C24 S4 Br4 N4 Cl4 O12,80,80,1058.731,P2_1/c,14,monoclinic,8,Br C Cl H K N O S,True
2230669,H16RuC8N2(ClO)2,H64 Ru4 C32 N8 Cl8 O8,124,124,1327.6623,P2_1/c,14,monoclinic,6,C Cl H N O Ru,True
2230733,H7C7NCl2,H28 C28 N4 Cl8,68,68,750.7224,P2_1/c,14,monoclinic,4,C Cl H N,True
2230771,H21C21N3O,H42 C42 N6 O2,92,92,866.5217,P-1,2,triclinic,4,C H N O,True
2230794,H12C8N2O5,H48 C32 N8 O20,108,108,998.2243,P2_1/c,14,monoclinic,4,C H N O,True
2230831,H30C25O4,H60 C50 O8,118,118,1074.7184,P2_1,4,monoclinic,3,C H O,True
2230863,PrH11(C3O5)2,Pr4 H44 C24 O40,112,112,1039.219,P2_1/c,14,monoclinic,4,C H O Pr,True
2230877,C6BrN(OF2)2,C24 Br4 N4 O8 F16,56,56,761.5781,Pna2_1,33,orthorhombic,5,Br C F N O,True
2230885,KH6C6SNCl2O3,K4 H24 C24 S4 N4 Cl8 O12,80,80,1044.8411,P2_1/c,14,monoclinic,7,C Cl H K N O S,True
2230934,H16C10NClO4,H32 C20 N2 Cl2 O8,64,64,595.341,P2_1/m,11,monoclinic,5,C Cl H N O,True
2230956,H22C22SeN2O,H44 C44 Se2 N4 O2,96,96,945.3574,P-1,2,triclinic,5,C H N O Se,True
2230959,H29C19NO5,H58 C38 N2 O10,108,108,933.4989,P2_1,4,monoclinic,4,C H N O,True
2230965,CdH13C12I2N5,Cd2 H26 C24 I4 N10,66,66,848.0762,P-1,2,triclinic,5,C Cd H I N,True
2231019,PH13(C2O)3,P4 H52 C24 O12,92,92,814.5432,P2_1/c,14,monoclinic,4,C H O P,True
2231022,H14C14SNClO2,H56 C56 S4 N4 Cl4 O8,132,132,1447.8956,P2_1/c,14,monoclinic,6,C Cl H N O S,True
2231044,H13C15Br(NO)2,H52 C60 Br4 N8 O8,132,132,1422.3527,P2_1/c,14,monoclinic,5,Br C H N O,True
2231076,H12C12SN2(ClO2)2,H24 C24 S2 N4 Cl4 O8,66,66,680.1319,P-1,2,triclinic,6,C Cl H N O S,True
2231094,H22C25SeN2O,H44 C50 Se2 N4 O2,102,102,1020.3307,P-1,2,triclinic,5,C H N O Se,True
2231125,H3C5BrO,H24 C40 Br8 O8,80,80,958.8471,P2_12_12_1,19,orthorhombic,4,Br C H O,True
2231160,MnH24C12(N3O4)2,Mn1 H24 C12 N6 O8,51,51,495.9237,P-1,2,triclinic,5,C H Mn N O,True
2231277,H19C7SNO3,H76 C28 S4 N4 O12,124,124,1081.7299,P2_1/c,14,monoclinic,5,C H N O S,True
2231284,H13C16IN2,H52 C64 I4 N8,128,128,1410.4004,P2_1/c,14,monoclinic,4,C H I N,True
2231301,H17C12NO4,H68 C48 N4 O16,136,136,1266.3304,P2_1/c,14,monoclinic,4,C H N O,True
2231317,Yb2Co3H24C30(N2O5)6,Yb2 Co3 H24 C30 N12 O30,101,101,1029.0305,P-1,2,triclinic,6,C Co H N O Yb,True
2231327,H10C6N8O5,H20 C12 N16 O10,58,58,518.9636,P-1,2,triclinic,4,C H N O,True
2231331,H11C12N3O4,H44 C48 N12 O16,120,120,1186.9427,P2_1,4,monoclinic,4,C H N O,True
2231366,H11C12SO3F,H44 C48 S4 O12 F4,112,112,1150.9718,P2_1/c,14,monoclinic,5,C F H O S,True
2231373,H28(C7O)3,H56 C42 O6,104,104,887.6417,P2_1,4,monoclinic,3,C H O,True
2231496,H8C9NO2,H32 C36 N4 O8,80,80,737.1791,P2_1,4,monoclinic,4,C H N O,True
2231519,H13C13NO4,H26 C26 N2 O8,62,62,629.196,P2_1,4,monoclinic,4,C H N O,True
2231569,H7C5N3O,H56 C40 N24 O8,128,128,1213.754,P2_1/c,14,monoclinic,4,C H N O,True
2231624,PH11C10(NF2)3,P4 H44 C40 N12 F24,124,124,1245.0696,P2_1/c,14,monoclinic,5,C F H N P,True
2231645,H19C17NO4,H38 C34 N2 O8,82,82,751.9519,P-1,2,triclinic,4,C H N O,True
2231678,H9C12IN2,H36 C48 I4 N8,96,96,1084.8583,P2_12_12_1,19,orthorhombic,4,C H I N,True
2231709,H6C8SNO2,H24 C32 S4 N4 O8,72,72,805.5778,P2_1/c,14,monoclinic,5,C H N O S,True
2231718,ZnH14C8(NO3)2,Zn4 H56 C32 N8 O24,124,124,1179.1075,Pbcn,60,orthorhombic,5,C H N O Zn,True
2231794,CdH20C24(NO2)4,Cd2 H40 C48 N8 O16,114,114,1206.9729,P-1,2,triclinic,5,C Cd H N O,True
2231798,H9C9NO2,H36 C36 N4 O8,84,84,797.7514,P2_1/c,14,monoclinic,4,C H N O,True
2231803,H20C15N2O3,H40 C30 N4 O6,80,80,684.1559,P-1,2,triclinic,4,C H N O,True
2231805,H17C13SN2ClO3,H34 C26 S2 N4 Cl2 O6,74,74,734.9381,P-1,2,triclinic,6,C Cl H N O S,True
2231912,PrH7C8O9,Pr4 H28 C32 O36,100,100,1041.9957,P2_1/c,14,monoclinic,4,C H O Pr,True
2231919,CuH30C23N2O5,Cu2 H60 C46 N4 O10,122,122,1125.3686,P-1,2,triclinic,5,C Cu H N O,True
2232019,H13C15SClO3,H52 C60 S4 Cl4 O12,132,132,1412.0151,P2_1/c,14,monoclinic,5,C Cl H O S,True
2232106,H3C3SN2,H24 C24 S8 N16,72,36,755.1352,C2/c,15,monoclinic,4,C H N S,True
2232118,ZnH20C24(NO)4,Zn2 H40 C48 N8 O8,106,106,1096.0627,P-1,2,triclinic,5,C H N O Zn,True
2232154,ZnH12C8(N2Cl)2,Zn2 H24 C16 N8 Cl4,54,54,585.6139,P-1,2,triclinic,5,C Cl H N Zn,True
2232162,ZnH21C28Br2N3O4,Zn2 H42 C56 Br4 N6 O8,118,118,1365.7953,P-1,2,triclinic,6,Br C H N O Zn,True
2232203,H13C15N2ClO,H52 C60 N8 Cl4 O4,128,128,1337.0201,P2_1/c,14,monoclinic,5,C Cl H N O,True
2232218,H7C12SN(Cl2O)2,H28 C48 S4 N4 Cl16 O8,108,108,1437.9221,P2_1/c,14,monoclinic,6,C Cl H N O S,True
2232230,CdH24C18S4(NO5)2,Cd2 H48 C36 S8 N4 O20,118,118,1250.6266,P2_1/c,14,monoclinic,6,C Cd H N O S,True
2232298,H16C24N2Cl2O,H32 C48 N4 Cl4 O2,90,90,1044.6376,P-1,2,triclinic,5,C Cl H N O,True
2232440,H12C13(NO)2,H24 C26 N4 O4,58,58,570.04,P2_1,4,monoclinic,4,C H N O,True
2232444,La5Zn2Sn,La20 Zn8 Sn4,32,16,994.0713,I4/mcm,140,tetragonal,3,La Sn Zn,False
2232457,H3C5SO2,H24 C40 S8 O16,88,88,1079.4336,Pccn,56,orthorhombic,4,C H O S,True
2232465,H8C12Cl4O5,H32 C48 Cl16 O20,116,116,1402.2906,P2_1/c,14,monoclinic,4,C Cl H O,True
2232493,Er2CoH48C56(N2O7)4,Er2 Co1 H48 C56 N8 O28,143,143,1437.7469,P-1,2,triclinic,6,C Co Er H N O,True
2232567,H22C11INO2,H44 C22 I2 N2 O4,74,74,681.3933,P2_1,4,monoclinic,5,C H I N O,True
2232569,CoH24C18S4(NO5)2,Co2 H48 C36 S8 N4 O20,118,118,1205.7453,P2_1/c,14,monoclinic,6,C Co H N O S,True
2232601,CuB2H16C22N4(OF4)2,Cu1 B2 H16 C22 N4 O2 F8,55,55,576.9584,P-1,2,triclinic,7,B C Cu F H N O,True
2232655,CoH26C18S2(N2O5)2,Co2 H52 C36 S4 N8 O20,122,122,1193.3762,P2_1/c,14,monoclinic,6,C Co H N O S,True
2232751,H6C8BrNO2,H24 C32 Br4 N4 O8,72,72,816.2314,P2_1/c,14,monoclinic,5,Br C H N O,True
2232808,Fe2CuH26(C4O)6,Fe4 Cu2 H52 C48 O12,118,118,1136.1695,P-1,2,triclinic,5,C Cu Fe H O,True
2232821,H23C20N2ClO2,H46 C40 N4 Cl2 O4,96,96,933.9257,P2_1,4,monoclinic,5,C Cl H N O,True
2232830,H8C11(BrN2)2,H32 C44 Br8 N16,100,50,1164.3814,Cc,9,monoclinic,4,Br C H N,True
2232841,H20C12N2O3,H80 C48 N8 O12,148,74,1259.6103,C2,5,monoclinic,4,C H N O,True
2232878,LiH15(C4O3)2,Li4 H60 C32 O24,120,120,1060.3652,P2_1/c,14,monoclinic,4,C H Li O,True
2232984,CrH13C9N2O11,Cr4 H52 C36 N8 O44,144,144,1446.6067,Pna2_1,33,orthorhombic,5,C Cr H N O,True
2233014,SrH10C10(SO4)2,Sr4 H40 C40 S8 O32,124,124,1312.4557,Pna2_1,33,orthorhombic,5,C H O S Sr,True
2233063,H11C15SN4ClO,H44 C60 S4 N16 Cl4 O4,132,132,1460.2472,P2_1/c,14,monoclinic,6,C Cl H N O S,True
2233071,H5C6N5,H10 C12 N10,32,32,328.0388,P-1,2,triclinic,3,C H N,True
2233095,CuH24C12S2(N3O4)2,Cu2 H48 C24 S4 N12 O16,106,106,1028.6213,P2_1/c,14,monoclinic,6,C Cu H N O S,True
2233096,AgPH12C20(N4F3)2,Ag2 P2 H24 C40 N16 F12,96,96,1114.5411,P-1,2,triclinic,6,Ag C F H N P,True
2233121,H10C9SN4,H40 C36 S4 N16,96,96,989.0237,P2_1/c,14,monoclinic,4,C H N S,True
2233138,CuP2H16C8(NO4)2,Cu2 P4 H32 C16 N4 O16,74,74,711.7484,P-1,2,triclinic,6,C Cu H N O P,True
2233154,H6C7NClO2,H12 C14 N2 Cl2 O4,34,34,373.6384,P-1,2,triclinic,5,C Cl H N O,True
2233162,H15C17NO3,H60 C68 N4 O12,144,144,1361.9845,P2_1/c,14,monoclinic,4,C H N O,True
2233198,H72PdC44(S2N5)2,H72 Pd1 C44 S4 N10,131,131,1286.3349,P-1,2,triclinic,5,C H N Pd S,True
2233207,H14C12BrN3O,H56 C48 Br4 N12 O4,124,124,1181.7604,P2_1/c,14,monoclinic,5,Br C H N O,True
2233243,H29C19NO6,H58 C38 N2 O12,110,110,938.4204,P2_1,4,monoclinic,4,C H N O,True
2233252,H8C11S2O3,H32 C44 S8 O12,96,96,1078.6185,P2_1/c,14,monoclinic,4,C H O S,True
2233273,H6C9NClO2,H24 C36 N4 Cl4 O8,76,76,812.0236,P2_1/c,14,monoclinic,5,C Cl H N O,True
2233299,H6C8NO2,H24 C32 N4 O8,68,68,674.0991,P2_1/c,14,monoclinic,4,C H N O,True
2233316,SnH34C8S2(NO2)6,Sn2 H68 C16 S4 N12 O24,126,126,1120.3558,P2_1/c,14,monoclinic,6,C H N O S Sn,True
2233397,FeH21C20NO,Fe2 H42 C40 N2 O2,88,88,897.5453,P-1,2,triclinic,5,C Fe H N O,True
2233405,H10C6NO3,H40 C24 N4 O12,80,80,677.8825,P2_1/c,14,monoclinic,4,C H N O,True
2233445,H13C16SN3,H26 C32 S2 N6,66,66,693.6126,P-1,2,triclinic,4,C H N S,True
2233476,H8C3NO3,H32 C12 N4 O12,60,60,495.1478,P2_1,4,monoclinic,4,C H N O,True
2233478,P3H5C5(NCl)5,P12 H20 C20 N20 Cl20,92,92,1406.0517,P2_1/c,14,monoclinic,5,C Cl H N P,True
2233482,H11C14N4O4F,H44 C56 N16 O16 F4,136,136,1386.1033,P-1,2,triclinic,5,C F H N O,True
2233532,H2C2N,H32 C32 N16,80,80,806.9194,P2_1/c,14,monoclinic,3,C H N,True
2233633,H11C9SN3O2,H44 C36 S4 N12 O8,104,104,1074.5516,P2_1/c,14,monoclinic,5,C H N O S,True
2233662,Mg2PH7O8,Mg8 P4 H28 O32,72,72,619.1374,P2_1/c,14,monoclinic,4,H Mg O P,False
2233683,H15C14(NO)3,H30 C28 N6 O6,70,70,674.8369,P-1,2,triclinic,4,C H N O,True
2233704,H4C4N3Cl,H16 C16 N12 Cl4,48,48,569.6989,P2_1/c,14,monoclinic,4,C Cl H N,True
2233757,H12C11S(NO)2,H48 C44 S4 N8 O8,112,112,1080.4797,P2_1/c,14,monoclinic,5,C H N O S,True
2233778,H6C9N2,H12 C18 N4,34,34,380.5589,P-1,2,triclinic,3,C H N,True
2233784,H26C26N3O10F,H52 C52 N6 O20 F2,132,132,1227.6327,P-1,2,triclinic,5,C F H N O,True
2233793,CuH14C13SBrN5O,Cu2 H28 C26 S2 Br2 N10 O2,72,72,771.446,P-1,2,triclinic,7,Br C Cu H N O S,True
2233806,H6C7NO,H48 C56 N8 O8,120,120,1194.1419,P2_1/c,14,monoclinic,4,C H N O,True
2234005,H17C16N3O4,H34 C32 N6 O8,80,80,793.2034,P-1,2,triclinic,4,C H N O,True
2234053,H13C16NO,H52 C64 N4 O4,124,124,1221.6511,P2_1/c,14,monoclinic,4,C H N O,True
2234080,H10C15SBrO2F,H40 C60 S4 Br4 O8 F4,120,120,1393.1301,P-1,2,triclinic,6,Br C F H O S,True
2234093,H14C14N2O3,H56 C56 N8 O12,132,132,1277.6519,P2_1/c,14,monoclinic,4,C H N O,True
2234114,H9C10N2ClO5,H36 C40 N8 Cl4 O20,108,108,1139.7769,P2_1/c,14,monoclinic,5,C Cl H N O,True
2234118,H18C15NO3,H72 C60 N4 O12,148,148,1381.1708,P2_1/c,14,monoclinic,4,C H N O,True
2234141,H3(CN2)2,H12 C8 N16,36,18,335.583,C2/m,12,monoclinic,3,C H N,True
2234179,PH19RhC24(ClO)3,P2 H38 Rh2 C48 Cl6 O6,102,102,1214.934,P-1,2,triclinic,6,C Cl H O P Rh,True
2234237,H12C10SN2O,H48 C40 S4 N8 O4,104,104,1034.5513,P2_1/c,14,monoclinic,5,C H N O S,True
2234444,KH6C8O3,K4 H24 C32 O12,72,72,778.957,P2_1/c,14,monoclinic,4,C H K O,True
2234450,H12C15SN4O,H48 C60 S4 N16 O4,132,132,1397.3135,P2_1/c,14,monoclinic,5,C H N O S,True
2234471,HgH10C12N2(ClO2)2,Hg1 H10 C12 N2 Cl2 O4,31,31,360.619,P-1,2,triclinic,6,C Cl H Hg N O,True
2234534,K2Na3P3O10,K8 Na12 P12 O40,72,36,1033.0311,C2/c,15,monoclinic,4,K Na O P,False
2234549,H13C16Br4N,H26 C32 Br8 N2,68,68,829.3032,P-1,2,triclinic,4,Br C H N,True
2234553,H11C10NO5,H44 C40 N4 O20,108,108,1101.5055,P2_1/c,14,monoclinic,4,C H N O,True
2234634,H12C14N4O3,H48 C56 N16 O12,132,132,1293.7094,P2_1/c,14,monoclinic,4,C H N O,True
2234701,H10C15SBrO2F,H20 C30 S2 Br2 O4 F2,60,60,667.8712,P-1,2,triclinic,6,Br C F H O S,True
2234736,H26C37(ClO3)2,H52 C74 Cl4 O12,142,142,1462.717,P-1,2,triclinic,4,C Cl H O,True
2234755,CdH15C8N3Cl4,Cd4 H60 C32 N12 Cl16,124,124,1398.4536,P2_1/c,14,monoclinic,5,C Cd Cl H N,True
2234831,Co2P2H4PbO10,Co4 P4 H8 Pb2 O20,38,38,380.7025,P2_1/m,11,monoclinic,5,Co H O P Pb,False
2234859,H9C12N2O2F3,H36 C48 N8 O8 F12,112,112,1218.8746,P2_1/c,14,monoclinic,5,C F H N O,True
2234866,SmH25C27O11,Sm2 H50 C54 O22,128,128,1343.8711,P-1,2,triclinic,4,C H O Sm,True
2234878,H9C6N5O4,H18 C12 N10 O8,48,48,450.9119,P-1,2,triclinic,4,C H N O,True
2234897,ZnH11C12N2ClO4,Zn4 H44 C48 N8 Cl4 O16,124,124,1213.9724,P2_1/c,14,monoclinic,6,C Cl H N O Zn,True
2234914,Ba2MnP4(H3O8)2,Ba4 Mn2 P8 H12 O32,58,58,656.3078,P2_1/c,14,monoclinic,5,Ba H Mn O P,False
2234924,H19C19Se(NO)3,H38 C38 Se2 N6 O6,90,90,931.8812,P-1,2,triclinic,5,C H N O Se,True
2234926,CdH20C15(NO4)2,Cd2 H40 C30 N4 O16,92,92,973.5815,P-1,2,triclinic,5,C Cd H N O,True
2234932,SnH15C13N3(Cl2O)2,Sn2 H30 C26 N6 Cl8 O4,76,76,893.2478,P-1,2,triclinic,6,C Cl H N O Sn,True
2234946,H10C11N2Cl2O9,H20 C22 N4 Cl4 O18,68,68,726.4975,P2_12_12,18,orthorhombic,5,C Cl H N O,True
2234959,MnH20C20(N4O3)2,Mn2 H40 C40 N16 O12,110,110,1139.4685,P2_1/c,14,monoclinic,5,C H Mn N O,True
2235040,H9C5NO2,H36 C20 N4 O8,68,68,612.9287,P2_1/c,14,monoclinic,4,C H N O,True
2235050,H19C29N(OF)2,H38 C58 N2 O4 F4,106,106,1098.51,P-1,2,triclinic,5,C F H N O,True
2235063,CuH16C13N4O7,Cu2 H32 C26 N8 O14,82,82,782.9558,P-1,2,triclinic,5,C Cu H N O,True
2235090,H19C21S2NO3,H38 C42 S4 N2 O6,92,92,986.1525,P-1,2,triclinic,5,C H N O S,True
2235217,CuH22C28Br4(N4O)2,Cu2 H44 C56 Br8 N16 O4,130,130,1481.1582,P2_1/c,14,monoclinic,6,Br C Cu H N O,True
2235223,H21C21N3O2,H42 C42 N6 O4,94,94,908.2106,P-1,2,triclinic,4,C H N O,True
2235250,H13C15N3O4,H26 C30 N6 O8,70,70,702.9211,P2_1,4,monoclinic,4,C H N O,True
2235272,H6C9N(ClO)3,H24 C36 N4 Cl12 O12,88,88,1150.2646,P2_1/c,14,monoclinic,5,C Cl H N O,True
2235383,H27C26BrN2O,H54 C52 Br2 N4 O2,114,114,1101.1361,P-1,2,triclinic,5,Br C H N O,True
2235392,H17C23N2Cl2(OF)3,H34 C46 N4 Cl4 O6 F6,100,100,1056.4687,P-1,2,triclinic,6,C Cl F H N O,True
2235396,H12C12N3ClO2,H48 C48 N12 Cl4 O8,120,120,1301.2344,P2_1/c,14,monoclinic,5,C Cl H N O,True
2235431,H22C21N4O3,H44 C42 N8 O6,100,100,953.3004,P-1,2,triclinic,4,C H N O,True
2235490,H7C8NO2,H56 C64 N8 O16,144,144,1418.8196,P2_1/c,14,monoclinic,4,C H N O,True
2235517,H12C9S2N2O7,H48 C36 S8 N8 O28,128,128,1349.4333,P2_1/c,14,monoclinic,5,C H N O S,True
2235566,H13PtC3N3Cl2O,H26 Pt2 C6 N6 Cl4 O2,46,46,465.4703,P-1,2,triclinic,6,C Cl H N O Pt,True
2235581,H15C16NO,H30 C32 N2 O2,66,66,588.7382,P2_1,4,monoclinic,4,C H N O,True
2235582,H9C10NO2,H54 C60 N6 O12,132,132,1314.0477,P-1,2,triclinic,4,C H N O,True
2235627,H15C15NO2,H60 C60 N4 O8,132,132,1266.5346,P2_1/c,14,monoclinic,4,C H N O,True
2235636,H15C15N3O2,H60 C60 N12 O8,140,140,1377.2759,P-1,2,triclinic,4,C H N O,True
2235688,HoAgH22C28N4O13,Ho2 Ag2 H44 C56 N8 O26,138,138,1383.6146,P-1,2,triclinic,6,Ag C H Ho N O,True
2235734,CuH21C23(NO2)3,Cu2 H42 C46 N6 O12,108,108,1071.2424,P-1,2,triclinic,5,C Cu H N O,True
2235878,H7C7SN2Cl,H14 C14 S2 N4 Cl2,36,36,414.3276,P-1,2,triclinic,5,C Cl H N S,True
2235902,FeH18C17S2N11O3,Fe2 H36 C34 S4 N22 O6,104,104,1092.62,P-1,2,triclinic,6,C Fe H N O S,True
2235910,H19C15NO3,H38 C30 N2 O6,76,76,661.6729,P2_1,4,monoclinic,4,C H N O,True
2235937,BH16C13NO6,B4 H64 C52 N4 O24,148,148,1452.4946,P2_1/c,14,monoclinic,5,B C H N O,True
2235967,HgH11C12I2NO3,Hg2 H22 C24 I4 N2 O6,60,60,784.3188,P-1,2,triclinic,6,C H Hg I N O,True
2235977,H7C9NO6,H28 C36 N4 O24,92,92,970.5843,P2_12_12_1,19,orthorhombic,4,C H N O,True
2236053,H11C16OF3,H44 C64 O4 F12,124,124,1253.8576,P2_1/c,14,monoclinic,4,C F H O,True
2236116,HgH8C6(NCl)2,Hg4 H32 C24 N8 Cl8,76,76,936.4798,P2/c,13,monoclinic,5,C Cl H Hg N,True
2236163,H17C12SN3O2,H34 C24 S2 N6 O4,70,70,695.2594,Pc,7,monoclinic,5,C H N O S,True
2236260,H14C18BrNO,H56 C72 Br4 N4 O4,140,140,1452.6794,P2_12_12_1,19,orthorhombic,5,Br C H N O,True
2236264,H9C11SN2ClO,H36 C44 S4 N8 Cl4 O4,100,100,1147.3373,P2_1/c,14,monoclinic,6,C Cl H N O S,True
2236329,CoH30C32(NO5)2,Co1 H30 C32 N2 O10,75,75,750.9293,P-1,2,triclinic,5,C Co H N O,True
2236365,H7C7NO2,H28 C28 N4 O8,68,68,660.1539,P2_1/c,14,monoclinic,4,C H N O,True
2236444,H11C5NO3,H44 C20 N4 O12,80,80,617.6686,P2_1/c,14,monoclinic,4,C H N O,True
2236494,SnH32C12(NCl3)2,Sn2 H64 C24 N4 Cl12,106,106,1131.3349,P2_1/c,14,monoclinic,5,C Cl H N Sn,True
2236512,H26C29O4,H52 C58 O8,118,118,1125.6627,P-1,2,triclinic,3,C H O,True
2236529,H19C23N,H38 C46 N2,86,86,841.6885,P-1,2,triclinic,3,C H N,True
2236537,H12C11NClO,H48 C44 N4 Cl4 O4,104,104,1033.55,P2_12_12_1,19,orthorhombic,5,C Cl H N O,True
2236548,HC6NCl6,H4 C24 N4 Cl24,56,56,1034.6256,Pbcm,57,orthorhombic,4,C Cl H N,True
2236553,H12C8S(N3O2)2,H48 C32 S4 N24 O16,124,124,1206.8009,P2_1/c,14,monoclinic,5,C H N O S,True
2236564,H4C7Br,H16 C28 Br4,48,48,559.39,P2_1,4,monoclinic,3,Br C H,True
2236565,H20C13NClO,H80 C52 N4 Cl4 O4,144,144,1360.4211,P2_1/c,14,monoclinic,5,C Cl H N O,True
2236748,H6C9S(NCl)2,H24 C36 S4 N8 Cl8,80,80,1016.4377,P2_1/c,14,monoclinic,5,C Cl H N S,True
2236756,H10C12S(NO2)2,H40 C48 S4 N8 O16,116,116,1231.4077,P2_1/c,14,monoclinic,5,C H N O S,True
2236786,H11C11NO3,H44 C44 N4 O12,104,104,989.2147,P2_1/c,14,monoclinic,4,C H N O,True
2236787,H4C6SN4,H16 C24 S4 N16,60,60,685.7228,Pbcn,60,orthorhombic,4,C H N S,True
2236867,H25C23S(NO2)3,H50 C46 S2 N6 O12,116,116,1129.613,P-1,2,triclinic,5,C H N O S,True
2236900,H11C14N2ClO2,H44 C56 N8 Cl4 O8,120,120,1252.3999,Pna2_1,33,orthorhombic,5,C Cl H N O,True
2236934,H11C11N4ClO2,H44 C44 N16 Cl4 O8,116,116,1197.7874,P2_1/c,14,monoclinic,5,C Cl H N O,True
2237026,H15C11SN2ClO3,H60 C44 S4 N8 Cl4 O12,132,132,1387.3469,P2_1/c,14,monoclinic,6,C Cl H N O S,True
2237035,H13C10I,H52 C40 I4,96,96,993.3441,P2_12_12_1,19,orthorhombic,3,C H I,True
2237036,H13C16SO2F,H26 C32 S2 O4 F2,66,66,667.8754,P-1,2,triclinic,5,C F H O S,True
2237078,AgH12C12(NO)5,Ag4 H48 C48 N20 O20,140,140,1496.8678,Pccn,56,orthorhombic,5,Ag C H N O,True
2237121,H8C7N,H64 C56 N8,128,128,1247.5446,P2_1/c,14,monoclinic,3,C H N,True
2237132,H27C26N3O2,H54 C52 N6 O4,116,116,1082.5115,P-1,2,triclinic,4,C H N O,True
2237162,NiH20C9N6O,Ni4 H80 C36 N24 O4,148,148,1374.7713,P2_1/c,14,monoclinic,5,C H N Ni O,True
2237216,H13C9N5O7,H52 C36 N20 O28,136,136,1281.8738,P2_1/c,14,monoclinic,4,C H N O,True
2237255,H13C12NO,H52 C48 N4 O4,108,108,955.0552,P2_1/c,14,monoclinic,4,C H N O,True
2237299,H3C2O,H36 C24 O12,72,72,641.7934,Pc,7,monoclinic,3,C H O,True
2237302,H8C13S(NF)3,H32 C52 S4 N12 F12,112,112,1241.9842,P2_1/c,14,monoclinic,5,C F H N S,True
2237338,ZnH17C16N4ClO2,Zn2 H34 C32 N8 Cl2 O4,82,82,865.1,P2_1/m,11,monoclinic,6,C Cl H N O Zn,True
2237396,H9C13NO6,H18 C26 N2 O12,58,58,596.4976,P-1,2,triclinic,4,C H N O,True
2237434,H10C12N2O,H40 C48 N8 O4,100,100,974.2119,P2_1/c,14,monoclinic,4,C H N O,True
2237449,Ba(ErS2)2,Ba4 Er8 S16,28,28,696.7624,Pnma,62,orthorhombic,3,Ba Er S,False
2237486,H6C7NO2F,H24 C28 N4 O8 F4,68,68,689.5846,P2_1/c,14,monoclinic,5,C F H N O,True
2237503,MnH10C8(N2O3)2,Mn4 H40 C32 N16 O24,116,116,1165.0335,Pccn,56,orthorhombic,5,C H Mn N O,True
2237565,H15C16NO3,H60 C64 N4 O12,140,140,1333.8411,P2_1/c,14,monoclinic,4,C H N O,True
2237603,H19C12NO5,H76 C48 N4 O20,148,148,1339.4009,P2_12_12_1,19,orthorhombic,4,C H N O,True
2237621,H3C4BrN3Cl,H12 C16 Br4 N12 Cl4,48,48,659.6201,P2_1/c,14,monoclinic,5,Br C Cl H N,True
2237622,H5C6N2O,H20 C24 N8 O4,56,56,536.2511,P2_1/c,14,monoclinic,4,C H N O,True
2237658,H9C11Br(ClO)2,H18 C22 Br2 Cl4 O4,50,50,612.6682,P-1,2,triclinic,5,Br C Cl H O,True
2237669,H14C13N2O3,H56 C52 N8 O12,128,128,1226.5099,P2_1/c,14,monoclinic,4,C H N O,True
2237687,H4C7N2ClO,H32 C56 N16 Cl8 O8,120,120,1376.929,P2_1/c,14,monoclinic,5,C Cl H N O,True
2237725,Nd2Ti2O7,Nd8 Ti8 O28,44,44,539.2417,P2_1,4,monoclinic,3,Nd O Ti,False
2237777,H9C13N3O2,H36 C52 N12 O8,108,108,1199.2932,P2_1/c,14,monoclinic,4,C H N O,True
2237778,CdH23C24S4IN8,Cd2 H46 C48 S8 I2 N16,122,122,1383.1486,P-1,2,triclinic,6,C Cd H I N S,True
2237796,H13C16SeS2NO5,H26 C32 Se2 S4 N2 O10,76,76,798.5337,P2_1,4,monoclinic,6,C H N O S Se,True
2237819,H10C15NClO3,H40 C60 N4 Cl4 O12,120,120,1299.6775,Pna2_1,33,orthorhombic,5,C Cl H N O,True
2237849,H7C8NO3,H42 C48 N6 O18,114,114,1155.6096,P-1,2,triclinic,4,C H N O,True
2237865,H7C7(NO)3,H14 C14 N6 O6,40,40,401.4679,Pmn2_1,31,orthorhombic,4,C H N O,True
2237886,EuH9C9NO11,Eu2 H18 C18 N2 O22,62,62,628.7789,P-1,2,triclinic,5,C Eu H N O,True
2237982,H5C8N2ClO2,H20 C32 N8 Cl4 O8,72,72,846.8866,P-1,2,triclinic,5,C Cl H N O,True
2238045,SnH18C10SN2O3,Sn4 H72 C40 S4 N8 O12,140,140,1486.0458,P2_1/c,14,monoclinic,6,C H N O S Sn,True
2238056,H20C12N6O7,H40 C24 N12 O14,90,90,875.8429,P-1,2,triclinic,4,C H N O,True
2238060,H14C8BrNO2,H56 C32 Br4 N4 O8,104,104,994.5316,P2_1/c,14,monoclinic,5,Br C H N O,True
2238110,H21C21SO2F,H42 C42 S2 O4 F2,92,92,891.3285,P-1,2,triclinic,5,C F H O S,True
2238132,H11C14N3O5,H44 C56 N12 O20,132,132,1361.4724,P2_1/c,14,monoclinic,4,C H N O,True
2238188,Tb2NiH48C56(N2O7)4,Tb2 Ni1 H48 C56 N8 O28,143,143,1470.6451,P-1,2,triclinic,6,C H N Ni O Tb,True
2238211,BaH14(C4O7)2,Ba4 H56 C32 O56,148,148,1436.2907,P2_1/c,14,monoclinic,4,Ba C H O,True
2238290,ZnH10C14Cl2O5,Zn4 H40 C56 Cl8 O20,128,64,1468.7993,C2/c,15,monoclinic,5,C Cl H O Zn,True
2238316,MgCrH10O9,Mg2 Cr2 H20 O18,42,42,383.9216,P-1,2,triclinic,4,Cr H Mg O,False
2238382,H15C13SNO4,H60 C52 S4 N4 O16,136,136,1367.4977,P-1,2,triclinic,5,C H N O S,True
2238458,H13C16NO3,H52 C64 N4 O12,132,132,1279.4615,Pna2_1,33,orthorhombic,4,C H N O,True
2238459,P2H21C6I(NO)2,P8 H84 C24 I4 N8 O8,136,136,1374.6849,Pca2_1,29,orthorhombic,6,C H I N O P,True
2238483,H10C11BrN,H40 C44 Br4 N4,92,92,1014.2182,P2_1/c,14,monoclinic,4,Br C H N,True
2238526,H13C10IN2O,H52 C40 I4 N8 O4,108,108,1127.436,Pna2_1,33,orthorhombic,5,C H I N O,True
2238540,H21C32N2ClO,H42 C64 N4 Cl2 O2,114,114,1186.9135,P-1,2,triclinic,5,C Cl H N O,True
2238547,CuH20C12(NCl2)2,Cu2 H40 C24 N4 Cl8,78,78,831.8787,P-1,2,triclinic,5,C Cl Cu H N,True
2238564,FeH28C37SN3OF,Fe2 H56 C74 S2 N6 O2 F2,144,144,1455.388,P-1,2,triclinic,7,C F Fe H N O S,True
2238576,BaMn3(PO4)3,Ba4 Mn12 P12 O48,76,38,969.4414,Imma,74,orthorhombic,4,Ba Mn O P,False
2238597,H11C14SeNO,H44 C56 Se4 N4 O4,112,112,1212.6121,P2_1/c,14,monoclinic,5,C H N O Se,True
2238601,H20C19(NO)2,H40 C38 N4 O4,86,86,822.8761,P-1,2,triclinic,4,C H N O,True
2238611,H6C4NO,H48 C32 N8 O8,96,96,911.7879,P-1,2,triclinic,4,C H N O,True
2238612,H7C9NO2,H28 C36 N4 O8,76,76,723.5395,P-1,2,triclinic,4,C H N O,True
2238674,H19C13NO2,H76 C52 N4 O8,140,140,1274.482,P2_1/c,14,monoclinic,4,C H N O,True
2238697,H11C15OF,H44 C60 O4 F4,112,112,1161.411,P2_1/c,14,monoclinic,4,C F H O,True
2238705,H24C16Cl2O,H48 C32 Cl4 O2,86,86,776.7432,P1,1,triclinic,4,C Cl H O,True
2238742,CdH12C14I2(NO)2,Cd2 H24 C28 I4 N4 O4,66,66,812.1823,P-1,2,triclinic,6,C Cd H I N O,True
2238776,H9C12SN2Cl,H18 C24 S2 N4 Cl2,50,50,555.9154,P-1,2,triclinic,5,C Cl H N S,True
2238777,H12C17N2O3,H48 C68 N8 O12,136,136,1409.5798,P2_1/c,14,monoclinic,4,C H N O,True
2238796,H15C13NO2,H60 C52 N4 O8,124,124,1205.0509,P2_1/c,14,monoclinic,4,C H N O,True
2238797,H6C4NClO3,H48 C32 N8 Cl8 O24,120,120,1244.3723,P2_1/c,14,monoclinic,5,C Cl H N O,True
2238898,H14C7N2O5,H56 C28 N8 O20,112,112,949.0954,P2_1/c,14,monoclinic,4,C H N O,True
2238907,H22C13(NO)2,H44 C26 N4 O4,78,78,658.0351,P-1,2,triclinic,4,C H N O,True
2238911,TiH17C17N2(ClO)3,Ti2 H34 C34 N4 Cl6 O6,86,86,934.9891,P-1,2,triclinic,6,C Cl H N O Ti,True
2238914,Li2H30C25(N2O)2,Li4 H60 C50 N8 O4,126,126,1237.3194,P-1,2,triclinic,5,C H Li N O,True
2238980,H20C17N(ClO2)3,H20 C17 N1 Cl3 O6,47,47,500.7565,P1,1,triclinic,5,C Cl H N O,True
2238999,PH14C4NO4,P4 H56 C16 N4 O16,96,96,841.0001,P-1,2,triclinic,5,C H N O P,True
2239005,H15C17N2O,H30 C34 N4 O2,70,70,677.7537,P-1,2,triclinic,4,C H N O,True
2239015,H15C18NO2,H60 C72 N4 O8,144,144,1390.7561,P2_12_12_1,19,orthorhombic,4,C H N O,True
2239037,H8C8NO2,H32 C32 N4 O8,76,76,727.5935,P2_1/c,14,monoclinic,4,C H N O,True
2239085,H11C14N5Cl2O,H44 C56 N20 Cl8 O4,132,132,1458.3339,P2_1/c,14,monoclinic,5,C Cl H N O,True
2239111,H4C6NO,H32 C48 N8 O8,96,96,944.0834,P2_1/c,14,monoclinic,4,C H N O,True
2239207,H9C8NO4,H36 C32 N4 O16,88,88,871.1376,P2_1/c,14,monoclinic,4,C H N O,True
2239230,H21C21SO3F,H42 C42 S2 O6 F2,94,94,898.1921,P-1,2,triclinic,5,C F H O S,True
2239270,H9C7O2,H72 C56 O16,144,144,1392.8681,P1,1,triclinic,3,C H O,True
2239345,H5C10BrO3,H10 C20 Br2 O6,38,38,422.7831,P-1,2,triclinic,4,Br C H O,True
2239354,H15C17SO3F,H30 C34 S2 O6 F2,74,74,729.6609,P-1,2,triclinic,5,C F H O S,True
2239355,H13C20N5O2,H26 C40 N10 O4,80,80,818.1683,P-1,2,triclinic,4,C H N O,True
2239384,H9C14NO5,H36 C56 N4 O20,116,116,1162.7749,P2_1/c,14,monoclinic,4,C H N O,True
2239385,PH21C19O9,P2 H42 C38 O18,100,100,937.9861,P-1,2,triclinic,4,C H O P,True
2239415,CsCeF5,Cs8 Ce8 F40,56,56,968.3892,P2_1/c,14,monoclinic,3,Ce Cs F,False
2239607,H9C11NO4,H36 C44 N4 O16,100,100,1068.3191,P2_1/c,14,monoclinic,4,C H N O,True
2239618,H24C33N2(OF)2,H48 C66 N4 O4 F4,126,126,1326.6071,P-1,2,triclinic,5,C F H N O,True
2239669,H7C8O,H28 C32 O4,64,64,642.8633,P2_1,4,monoclinic,3,C H O,True
2239674,H10C15S(OF)2,H40 C60 S4 O8 F8,120,120,1271.4047,P2_1/c,14,monoclinic,5,C F H O S,True
2239691,H18C19N2O5,H36 C38 N4 O10,88,88,818.8047,P-1,2,triclinic,4,C H N O,True
2239731,H7C9OF,H56 C72 O8 F8,144,144,1404.6877,P2_1/c,14,monoclinic,4,C F H O,True
2239766,H10C13BrNO,H40 C52 Br4 N4 O4,104,104,1101.6771,Pca2_1,29,orthorhombic,5,Br C H N O,True
2239821,KHgC3(SN)3,K2 Hg2 C6 S6 N6,22,22,457.4362,P2_1/m,11,monoclinic,5,C Hg K N S,True
2239828,H13C12NO2,H52 C48 N4 O8,112,112,1029.2063,P2_1/c,14,monoclinic,4,C H N O,True
2239840,H3C2SN3O,H24 C16 S8 N24 O8,80,80,900.375,P2_1/c,14,monoclinic,5,C H N O S,True
2239873,H13C14NO2,H26 C28 N2 O4,60,60,565.5141,P-1,2,triclinic,4,C H N O,True
2239920,H13C16SIO3,H26 C32 S2 I2 O6,68,68,750.1951,P-1,2,triclinic,5,C H I O S,True
2239950,H9C6N2O,H72 C48 N16 O8,144,144,1239.3689,P2_1/c,14,monoclinic,4,C H N O,True
2239951,H11C9SNO2,H44 C36 S4 N4 O8,96,96,967.2491,P-1,2,triclinic,5,C H N O S,True
2239961,H10C11ClO2F,H40 C44 Cl4 O8 F4,100,100,998.1177,P2_1/c,14,monoclinic,5,C Cl F H O,True
2239994,H13C8N4Cl,H52 C32 N16 Cl4,104,104,955.4572,P2_12_12_1,19,orthorhombic,4,C Cl H N,True
2240038,H33C26NO5,H66 C52 N2 O10,130,130,1211.811,P2_1,4,monoclinic,4,C H N O,True
2240092,H24C25N3F,H48 C50 N6 F2,106,106,1006.7325,P-1,2,triclinic,4,C F H N,True
2240185,SnH6Cl2O11,Sn2 H12 Cl4 O22,40,40,422.6389,P6_3,173,hexagonal,4,Cl H O Sn,False
2240221,H10C8NO3F,H40 C32 N4 O12 F4,92,92,883.7865,P2_1/c,14,monoclinic,5,C F H N O,True
2240242,H16C16N,H64 C64 N4,132,132,1206.865,P2_1/c,14,monoclinic,3,C H N,True
2240244,H34C32N2O5,H68 C64 N4 O10,146,146,1336.6409,P-1,2,triclinic,4,C H N O,True
2240269,H16C16SO2,H64 C64 S4 O8,140,140,1426.6577,Pca2_1,29,orthorhombic,4,C H O S,True
2240296,H10C12Br3N3O,H40 C48 Br12 N12 O4,116,116,1377.7798,P2_1/c,14,monoclinic,5,Br C H N O,True
2240299,MnH13C12NO5,Mn4 H52 C48 N4 O20,128,128,1202.5201,Pna2_1,33,orthorhombic,5,C H Mn N O,True
2240307,H15C14N3,H60 C56 N12,128,128,1163.993,P2_1/c,14,monoclinic,3,C H N,True
2240324,H10C16INO3,H20 C32 I2 N2 O6,62,62,683.7721,P-1,2,triclinic,5,C H I N O,True
2240325,H11C7NCl2O,H44 C28 N4 Cl8 O4,88,88,864.664,P2_1/c,14,monoclinic,5,C Cl H N O,True
2240327,H6C7Br2N,H24 C28 Br8 N4,64,64,780.9447,P2_1/c,14,monoclinic,4,Br C H N,True
2240332,NiH18C16S4Br2(NO)2,Ni1 H18 C16 S4 Br2 N2 O2,45,45,566.5942,P-1,2,triclinic,7,Br C H N Ni O S,True
2240378,H16C19SN4,H32 C38 S2 N8,80,80,829.0389,P2_1,4,monoclinic,4,C H N S,True
2240398,H16C20N2O,H32 C40 N4 O2,78,78,762.5408,P-1,2,triclinic,4,C H N O,True
2240404,H14C13(NO)2,H28 C26 N4 O4,62,62,620.4914,Pc,7,monoclinic,4,C H N O,True
2240434,Na2H17C5N5O8,Na8 H68 C20 N20 O32,148,148,1353.1189,P2_1/c,14,monoclinic,5,C H N Na O,True
2240453,H17C21SeN3O,H34 C42 Se2 N6 O2,86,86,874.8252,P-1,2,triclinic,5,C H N O Se,True
2240597,CuH14C14N2(ClO2)2,Cu2 H28 C28 N4 Cl4 O8,74,74,790.3537,P2_1/c,14,monoclinic,6,C Cl Cu H N O,True
2240718,H14C15O2,H56 C60 O8,124,124,1248.0376,P2_1/c,14,monoclinic,3,C H O,True
2240770,H12C12SN6,H48 C48 S4 N24,124,124,1388.4316,P2_1/c,14,monoclinic,4,C H N S,True
2240781,H8C11NO,H32 C44 N4 O4,84,84,835.6507,P2_1/c,14,monoclinic,4,C H N O,True
2240793,H9C11S3NO,H18 C22 S6 N2 O2,50,50,601.4373,P-1,2,triclinic,5,C H N O S,True
2240812,H18C15SN2O3,H36 C30 S2 N4 O6,78,78,757.5997,P-1,2,triclinic,5,C H N O S,True
2240894,H24C16Cl2O,H48 C32 Cl4 O2,86,86,763.7508,P2_1,4,monoclinic,4,C Cl H O,True
2240911,H12C19Cl(OF)3,H24 C38 Cl2 O6 F6,76,76,856.532,P-1,2,triclinic,5,C Cl F H O,True
2240920,H13C14NO4,H52 C56 N4 O16,128,128,1237.7939,P2_1/c,14,monoclinic,4,C H N O,True
2240979,H23C15N5Cl4O3,H46 C30 N10 Cl8 O6,100,100,1066.1343,P-1,2,triclinic,5,C Cl H N O,True
2241029,H18C16N4O5,H36 C32 N8 O10,86,86,843.805,P-1,2,triclinic,4,C H N O,True
2241072,H2C5N2Cl2O3,H16 C40 N16 Cl16 O24,112,112,1485.5484,Pbca,61,orthorhombic,5,C Cl H N O,True
2241090,H2CO,H24 C12 O12,48,48,366.0883,P-1,2,triclinic,3,C H O,True
2241132,CdH2SO5,Cd4 H8 S4 O20,36,36,391.1736,P2_1/c,14,monoclinic,4,Cd H O S,False
2241151,H8C10BrNO2,H32 C40 Br4 N4 O8,88,88,969.9141,P2_1/c,14,monoclinic,5,Br C H N O,True
2241155,H9C12N3O2,H36 C48 N12 O8,104,104,1068.9287,P2_1/c,14,monoclinic,4,C H N O,True
2241165,H12C11(N2O)2,H48 C44 N16 O8,116,116,1148.0287,P2_1/c,14,monoclinic,4,C H N O,True
2241191,Fe2H12C14(SO2)3,Fe4 H24 C28 S6 O12,74,74,926.5115,P-1,2,triclinic,5,C Fe H O S,True
2241218,H22C21NClO3,H44 C42 N2 Cl2 O6,96,96,923.1402,P-1,2,triclinic,5,C Cl H N O,True
2241267,H19C23S2NO2,H38 C46 S4 N2 O4,94,94,987.3835,P-1,2,triclinic,5,C H N O S,True
2241284,H19C8SNO5,H76 C32 S4 N4 O20,136,136,1211.9243,P2_1/c,14,monoclinic,5,C H N O S,True
2241297,BH16C16(ClO)3,B2 H32 C32 Cl6 O6,78,78,868.0691,P-1,2,triclinic,5,B C Cl H O,True
2241350,H17C14SN3,H68 C56 S4 N12,140,140,1341.5108,P2_1/c,14,monoclinic,4,C H N S,True
2241504,H10C11O4,H40 C44 O16,100,100,955.9278,P2_1/c,14,monoclinic,3,C H O,True
2241511,H19C17S2N3,H38 C34 S4 N6,82,82,833.3544,Pc,7,monoclinic,4,C H N S,True
2241547,MnV2HPb2O9,Mn2 V4 H2 Pb4 O18,30,30,387.2018,P2_1/m,11,monoclinic,5,H Mn O Pb V,False
2241591,H12C17N4O3,H48 C68 N16 O12,144,144,1434.1192,P2_1/c,14,monoclinic,4,C H N O,True
2241621,ReH12C8NO6,Re4 H48 C32 N4 O24,112,112,1174.2445,P2_12_12_1,19,orthorhombic,5,C H N O Re,True
2241671,H19C12NO6,H38 C24 N2 O12,76,76,679.1997,P2_1,4,monoclinic,4,C H N O,True
2241680,H7C12S(ClO)3,H28 C48 S4 Cl12 O12,104,104,1301.6931,P2_1/c,14,monoclinic,5,C Cl H O S,True
2241708,H5C5O2,H40 C40 O16,96,96,964.7527,P2_12_12_1,19,orthorhombic,3,C H O,True
2241831,CuH16C10N2Cl2O,Cu4 H64 C40 N8 Cl8 O4,128,128,1265.1168,P2_1/c,14,monoclinic,6,C Cl Cu H N O,True
2241861,H9C9NOF,H36 C36 N4 O4 F4,84,84,750.7656,P2_1/c,14,monoclinic,5,C F H N O,True
2241901,H24C15O2,H72 C45 O6,123,123,1090.1143,P3_1,144,trigonal,3,C H O,True
2241919,H5C10IO3,H20 C40 I4 O12,76,76,919.803,P2_1/c,14,monoclinic,4,C H I O,True
2241923,H13C9N2Cl,H52 C36 N8 Cl4,100,100,920.7806,P2_1/c,14,monoclinic,4,C Cl H N,True
2242039,H17C17NO4,H34 C34 N2 O8,78,78,695.4643,P-1,2,triclinic,4,C H N O,True
2242107,H20C18N2O7,H40 C36 N4 O14,94,94,887.0372,P-1,2,triclinic,4,C H N O,True
2242122,H6C5N3Cl,H24 C20 N12 Cl4,60,60,599.7202,P2_12_12_1,19,orthorhombic,4,C Cl H N,True
2242225,BH32C28N3,B2 H64 C56 N6,128,128,1173.4545,P2_1,4,monoclinic,4,B C H N,True
2242288,H17C14SBrO3,H68 C56 S4 Br4 O12,144,144,1461.2116,P2_1/c,14,monoclinic,5,Br C H O S,True
2242316,H8C11N3O5,H32 C44 N12 O20,108,108,1108.525,P-1,2,triclinic,4,C H N O,True
2242324,H2C7I3N,H8 C28 I12 N4,52,26,974.0771,Imma,74,orthorhombic,4,C H I N,True
2242415,H8C5I2BrN2,H32 C20 I8 Br4 N8,72,72,1050.1559,P2_1/c,14,monoclinic,5,Br C H I N,True
2242431,CsC2S2N(O2F3)2,Cs4 C8 S8 N4 O16 F24,64,64,1034.8818,P2_1/c,14,monoclinic,6,C Cs F N O S,True
2242512,H19C18(NO)3,H38 C36 N6 O6,86,86,806.0096,P-1,2,triclinic,4,C H N O,True
2242564,H9C10IO4,H36 C40 I4 O16,96,96,1084.2861,Pna2_1,33,orthorhombic,4,C H I O,True
2242600,H12C12N4O7,H24 C24 N8 O14,70,70,695.9339,P2_1,4,monoclinic,4,C H N O,True
2242601,H18C15N4O9,H36 C30 N8 O18,92,92,883.6219,P-1,2,triclinic,4,C H N O,True
2242665,H8C10SNCl3O,H16 C20 S2 N2 Cl6 O2,48,48,618.0362,P-1,2,triclinic,6,C Cl H N O S,True
2242681,H11C4Br(NO2)2,H22 C8 Br2 N4 O8,44,44,432.8793,P2_1,4,monoclinic,5,Br C H N O,True
2242749,H11C14(NO)3,H44 C56 N12 O12,124,124,1234.8693,Pc,7,monoclinic,4,C H N O,True
2242777,H10(C3O)3,H40 C36 O12,88,88,803.3455,P2_1/c,14,monoclinic,3,C H O,True
2242872,H9C13N,H36 C52 N4,92,92,932.6129,P2_1/c,14,monoclinic,3,C H N,True
2242886,ScH7NClO7,Sc2 H14 N2 Cl2 O14,34,34,383.8722,P-1,2,triclinic,5,Cl H N O Sc,False
2242901,H6C7Br,H48 C56 Br8,112,112,1225.7064,P2_1/c,14,monoclinic,3,Br C H,True
2242928,H12C18SN2Cl2O,H24 C36 S2 N4 Cl4 O2,72,72,799.5356,P-1,2,triclinic,6,C Cl H N O S,True
2242983,RePH25C25BrN2O3,Re2 P2 H50 C50 Br2 N4 O6,116,116,1304.5412,P-1,2,triclinic,7,Br C H N O P Re,True
2243012,H4C7NOF2,H32 C56 N8 O8 F16,120,120,1264.241,P-1,2,triclinic,5,C F H N O,True
2243035,K2H30C10Br6N4O,K4 H60 C20 Br12 N8 O2,106,53,1245.7145,Amm2,38,orthorhombic,6,Br C H K N O,True
2243070,Si(H10C11)3,Si2 H60 C66,128,128,1308.0624,P-1,2,triclinic,3,C H Si,True
2243076,H20C19O5,H40 C38 O10,88,88,855.0935,P-1,2,triclinic,3,C H O,True
2243195,H13C10N,H52 C40 N4,96,96,843.8872,P2_1,4,monoclinic,3,C H N,True
2243204,Al2P3H12(NO4)3,Al8 P12 H48 N12 O48,128,128,1327.1147,Pna2_1,33,orthorhombic,5,Al H N O P,False
2243209,H10C11N2O,H40 C44 N8 O4,96,96,965.5236,P2_1/c,14,monoclinic,4,C H N O,True
2243263,FeH26C28S2(NO)4,Fe2 H52 C56 S4 N8 O8,130,130,1412.8745,P2_1/c,14,monoclinic,6,C Fe H N O S,True
2243274,H18C7N2(ClO2)2,H36 C14 N4 Cl4 O8,66,66,574.1899,P-1,2,triclinic,5,C Cl H N O,True
2243367,H21C26N5O2,H42 C52 N10 O4,108,108,1152.0589,P-1,2,triclinic,4,C H N O,True
2243413,H17C9O2,H68 C36 O8,112,112,891.0848,P2_1,4,monoclinic,3,C H O,True
2243426,H26PtC21NClO4,H52 Pt2 C42 N2 Cl2 O8,108,108,1058.5825,P-1,2,triclinic,6,C Cl H N O Pt,True
2243445,H17C17N3Cl2,H34 C34 N6 Cl4,78,78,846.3431,P-1,2,triclinic,4,C Cl H N,True
2243524,FeCu4Ge2S7,Fe2 Cu8 Ge4 S14,28,14,518.8616,C2,5,monoclinic,4,Cu Fe Ge S,False
2243529,H9C15NO4,H36 C60 N4 O16,116,116,1150.7274,P2_1/c,14,monoclinic,4,C H N O,True
2243553,H13C16BrO,H26 C32 Br2 O2,62,62,633.726,P-1,2,triclinic,4,Br C H O,True
2243559,RbH5C3O2,Rb2 H10 C6 O4,22,22,271.4721,P-1,2,triclinic,4,C H O Rb,True
2243590,Tl3IO,Tl6 I2 O2,10,10,281.846,P6_3/mmc,194,hexagonal,3,I O Tl,False
2243644,H21C18N2ClO3,H42 C36 N4 Cl2 O6,90,90,879.1831,P-1,2,triclinic,5,C Cl H N O,True
2243779,H30C27N2O,H60 C54 N4 O2,120,120,1096.4065,P-1,2,triclinic,4,C H N O,True
2243782,USi3BH43C24,U2 Si6 B2 H86 C48,144,144,1406.6251,P-1,2,triclinic,5,B C H Si U,True
2243823,H13C19N,H52 C76 N4,132,66,1273.4528,C2/c,15,monoclinic,3,C H N,True
2243971,H22AuC14I(BrN2)2,H44 Au2 C28 I2 Br4 N8,88,88,1011.9887,P-1,2,triclinic,6,Au Br C H I N,True
2244019,H28C25SN2O5,H56 C50 S2 N4 O10,122,122,1199.2317,P-1,2,triclinic,5,C H N O S,True
2300023,HC(NO)2,H24 C24 N48 O48,144,144,1494.7815,P2_1/c,14,monoclinic,4,C H N O,True
2300033,Fe3(PO4)2,Fe12 P8 O32,52,52,601.724,P2_1/c,14,monoclinic,3,Fe O P,False
2300043,H13C19(NO)5,H26 C38 N10 O10,84,84,881.6727,P2_1,4,monoclinic,4,C H N O,True
2300062,Fe3C,Fe12 C4,16,16,154.6386,Pnma,62,orthorhombic,2,C Fe,True
2300083,Fe3C,Fe12 C4,16,16,155.4011,Pnma,62,orthorhombic,2,C Fe,True
2300085,Fe3C,Fe12 C4,16,16,155.5044,Pnma,62,orthorhombic,2,C Fe,True
2300117,KLu(WO4)2,K4 Lu4 W8 O32,48,24,613.3405,C2/c,15,monoclinic,4,K Lu O W,False
2300134,Ba3Nb2NiO9,Ba3 Nb2 Ni1 O9,15,15,202.4079,P-3m1,164,trigonal,4,Ba Nb Ni O,False
2300162,YMnO3,Y2 Mn2 O6,10,10,129.5687,P6_3/mmc,194,hexagonal,3,Mn O Y,False
2300163,YbMnO3,Yb6 Mn6 O18,30,30,370.7593,P6_3cm,185,hexagonal,3,Mn O Yb,False
2300221,H18C13O2,H72 C52 O8,132,132,1224.8233,P2_1/c,14,monoclinic,3,C H O,True
2300250,Al,Al4,4,1,65.7935,Fm-3m,225,cubic,1,Al,False
2300267,H11C2NO2,H44 C8 N4 O8,64,64,532.6234,Pna2_1,33,orthorhombic,4,C H N O,True
2300312,H11C14SN2F,H44 C56 S4 N8 F4,116,116,1301.4191,P2_1/c,14,monoclinic,5,C F H N S,True
2300318,H10C13SO,H40 C52 S4 O4,100,100,1086.1589,P2_1/c,14,monoclinic,4,C H O S,True
2300330,H10C13SINO2,H20 C26 S2 I2 N2 O4,56,56,640.3903,P-1,2,triclinic,6,C H I N O S,True
2300333,H4C7SNO3,H16 C28 S4 N4 O12,64,64,768.7404,P2_1/c,14,monoclinic,5,C H N O S,True
2300344,H12C7SN4O3,H24 C14 S2 N8 O6,54,54,516.9649,P2_1,4,monoclinic,5,C H N O S,True
2300370,SiO2,Si3 O6,9,9,113.2105,P3_221,154,trigonal,2,O Si,False
2300451,H18C12SN2O3,H72 C48 S4 N8 O12,144,144,1452.3278,Pna2_1,33,orthorhombic,5,C H N O S,True
2300453,H18C12SN2O3,H72 C48 S4 N8 O12,144,144,1448.9286,P2_1/c,14,monoclinic,5,C H N O S,True
2300485,Sc4Si2Pt7,Sc8 Si4 Pt14,26,26,416.1156,Pbam,55,orthorhombic,3,Pt Sc Si,False
2300494,H13C16Br2N,H52 C64 Br8 N4,128,128,1371.4794,P2_1/c,14,monoclinic,4,Br C H N,True
2300528,AgCSN,Ag4 C4 S4 N4,16,16,322.6199,Pnnm,58,orthorhombic,4,Ag C N S,True
2300552,InHg,In3 Hg3,6,2,146.0647,R-3m,166,trigonal,2,Hg In,False
2300580,V2H,V4 H2,6,3,59.4001,C2/m,12,monoclinic,2,H V,False
2300619,MnSi,Mn4 Si4,8,8,94.9561,P2_13,198,cubic,2,Mn Si,False
2300623,H16C6BrN,H64 C24 Br4 N4,96,96,899.3891,P2_12_12_1,19,orthorhombic,4,Br C H N,True
2300638,FeSeO3F,Fe4 Se4 O12 F4,24,24,307.481,P2_1/c,14,monoclinic,4,F Fe O Se,False
2300658,H4C5,H16 C20,36,36,332.6257,P2_1/c,14,monoclinic,2,C H,True
2300666,LiNbO3,Li6 Nb6 O18,30,10,318.7132,R3c,161,trigonal,3,Li Nb O,False
2300675,H11C13NO5,H44 C52 N4 O20,120,120,1191.6841,P2_12_12_1,19,orthorhombic,4,C H N O,True
2300701,BaZn(CN2)2,Ba8 Zn8 C16 N32,64,64,978.8514,Pbca,61,orthorhombic,4,Ba C N Zn,True
2300725,H10C11SO2,H40 C44 S4 O8,96,96,956.4551,P2_12_12_1,19,orthorhombic,4,C H O S,True
2300756,MnH8(C4O3)2,Mn4 H32 C32 O24,92,46,894.1234,C2/c,15,monoclinic,4,C H Mn O,True
2310007,H9C4NO3,H36 C16 N4 O12,68,68,570.1664,P2_12_12_1,19,orthorhombic,4,C H N O,True
2310015,AcCl3,Ac2 Cl6,8,8,229.903,P6_3/m,176,hexagonal,2,Ac Cl,False
2310026,Rb2ZnCl3,Rb2 Zn1 Cl3,6,6,844.0397,P1,1,triclinic,3,Cl Rb Zn,False
2310100,VB,V4 B4,8,4,75.4745,Cmcm,63,orthorhombic,2,B V,False
2310110,CdB4O7,Cd8 B32 O56,96,96,1012.8349,Pbca,61,orthorhombic,3,B Cd O,False
2310128,CaMg3(CO3)4,Ca1 Mg3 C4 O12,20,20,203.9357,R32,155,trigonal,4,C4+ Ca2+ Mg2+ O2-,False
2310143,H15C13NO6,H30 C26 N2 O12,70,70,640.0857,P2_1,4,monoclinic,4,C H N O,True
2310165,U6Ni,U24 Ni4,28,14,560.2672,I4/mcm,140,tetragonal,2,Ni U,False
2310174,GdOs2,Gd4 Os8,12,12,216.5432,P6_3/mmc,194,hexagonal,2,Gd Os,False
2310183,SmRh,Sm1 Rh1,2,2,41.5656,Pm-3m,221,cubic,2,Rh Sm,False
2310223,PuGa3,Pu12 Ga36,48,16,926.5418,R-3m,166,trigonal,2,Ga Pu,False
2310228,HoPt3,Ho1 Pt3,4,4,66.8246,Pm-3m,221,cubic,2,Ho Pt,False
2310236,NaHg2,Na1 Hg2,3,3,70.7539,P6/mmm,191,hexagonal,2,Hg Na,False
2310270,UCo,U8 Co8,16,8,256.738,I2_13,199,cubic,2,Co U,False
2310281,Ce2Ni7,Ce8 Ni28,36,36,526.6351,P6_3/mmc,194,hexagonal,2,Ce Ni,False
2310301,CeCu2,Ce4 Cu8,12,6,235.4855,Imma,74,orthorhombic,2,Ce Cu,False
2310316,CdI14,Cd2 I28,30,30,1489.8032,P3m1,156,trigonal,2,Cd I,False
2310320,YCu5,Y1 Cu5,6,6,88.5661,P6/mmm,191,hexagonal,2,Cu Y,False
2310324,Na2Cd11,Na6 Cd33,39,39,886.1191,Pm-3,200,cubic,2,Cd Na,False
2310326,K2ZnCl4,K8 Zn4 Cl16,28,28,783.1003,Pnma,62,orthorhombic,3,Cl K Zn,False
2310337,SeN,Se16 N16,32,16,587.071,C2/c,15,monoclinic,2,N Se,False
2310341,Th3N4,Th3 N4,7,7,118.5551,R-3m,166,trigonal,2,N Th,False
2310342,Sn,Sn16,16,1,865.2068,C2/c,15,monoclinic,1,Sn,False
2310345,K2ZrF6,K8 Zr4 F24,36,18,520.5833,Cmcm,63,orthorhombic,3,F K Zr,False
2310349,CsCu2Cl3,Cs4 Cu8 Cl12,24,12,632.4781,Cmcm,63,orthorhombic,3,Cl Cs Cu,False
2310397,Ti5Te4,Ti10 Te8,18,9,389.6736,I4/m,87,tetragonal,2,Te Ti,False
2310435,Li2Si2O5,Li8 Si8 O20,36,18,408.6885,Cc,9,monoclinic,3,Li O Si,False
2310440,H5NF2,H20 N4 F8,32,32,251.8886,Pmna,53,orthorhombic,3,F H N,False
2310465,Te2Mo,Te4 Mo2,6,6,149.7542,P6_3/mmc,194,hexagonal,2,Mo Te,False
2310534,NbSe2,Nb4 Se8,12,12,258.6645,P-6m2,187,hexagonal,2,Nb Se,False
2310550,UMoC2,U4 Mo4 C8,16,16,200.6664,Pnma,62,orthorhombic,3,C Mo U,True
2310606,KAsF6,K3 As3 F18,24,8,338.6727,R-3m,166,trigonal,3,As F K,False
2310621,YbH2,Yb4 H8,12,6,141.3915,Pnma,62,orthorhombic,2,H Yb,False
2310627,AgCSN,Ag8 C8 S8 N8,32,16,566.8152,C2/c,15,monoclinic,4,Ag C N S,True
2310638,ScPO4,Sc4 P4 O16,24,12,250.7934,I4_1/amd,141,tetragonal,3,O P Sc,False
2310641,Al9Fe2Si4HO24,Al18 Fe4 Si8 H2 O48,80,40,727.3179,C2/m,12,monoclinic,5,Al Fe H O Si,False
2310694,K3W2Cl9,K6 W4 Cl18,28,28,724.0311,P6_3/m,176,hexagonal,3,Cl K W,False
2310709,Ti2Se,Ti24 Se12,36,36,589.3304,Pnma,62,orthorhombic,2,Se Ti,False
2310885,YIr2,Y8 Ir16,24,6,421.875,Fd-3m,227,cubic,2,Ir Y,False
2310893,YRh,Y1 Rh1,2,2,39.5473,Pm-3m,221,cubic,2,Rh Y,False
2310945,MoSe2,Mo2 Se4,6,6,120.7769,P6_3/mmc,194,hexagonal,2,Mo Se,False
2310979,Mg2B2O5,Mg8 B8 O20,36,36,342.3644,P2_1/c,14,monoclinic,3,B Mg O,False
2310984,TiH2,Ti2 H4,6,3,43.5031,I4/mmm,139,tetragonal,2,H Ti,False
2311002,Th2Zn,Th8 Zn4,12,6,325.7664,I4/mcm,140,tetragonal,2,Th Zn,False
2311032,OsO4,Os2 O8,10,5,164.3187,C2,5,monoclinic,2,O Os,False
2311044,DyCo5,Dy1 Co5,6,6,83.8059,P6/mmm,191,hexagonal,2,Co Dy,False
2311048,NdNi5,Nd1 Ni5,6,6,84.3229,P6/mmm,191,hexagonal,2,Nd Ni,False
2311084,H5C6NO2,H20 C24 N4 O8,56,56,581.8114,P2_1/c,14,monoclinic,4,C H N O,True
2311102,H7C3NO2,H28 C12 N4 O8,52,52,423.0658,P2_12_12_1,19,orthorhombic,4,C H N O,True
2311135,H14C20N2O,H28 C40 N4 O2,74,74,734.5652,P2_1,4,monoclinic,4,C H N O,True
2311139,PH10C5N3O4,P2 H20 C10 N6 O8,46,46,434.0714,P-1,2,triclinic,5,C H N O P,True
2311261,H7C3NO2,H28 C12 N4 O8,52,52,422.3199,P2_12_12_1,19,orthorhombic,4,C H N O,True
2311266,H18C19N2,H54 C57 N6,117,117,1083.1472,P3_1,144,trigonal,3,C H N,True
2311281,H7C7N2,H56 C56 N16,128,64,1277.9939,C2/c,15,monoclinic,3,C H N,True
2311294,H6C11BrClO3,H24 C44 Br4 Cl4 O12,88,88,1078.4193,P2_1/c,14,monoclinic,5,Br C Cl H O,True
2311363,CdH29C24S4N5,Cd2 H58 C48 S8 N10,126,126,1358.1791,P2_1,4,monoclinic,5,C Cd H N S,True
2311471,H11C10NO,H44 C40 N4 O4,92,92,812.3265,P1,1,triclinic,4,C H N O,True
2311510,H12C9NO3,H48 C36 N4 O12,100,100,889.7054,P2_1,4,monoclinic,4,C H N O,True
2311523,H12C9SN2O3,H48 C36 S4 N8 O12,108,108,1025.1628,P2_1/c,14,monoclinic,5,C H N O S,True
2311548,NiH14C15N3Cl5,Ni2 H28 C30 N6 Cl10,76,76,962.0335,P2_1,4,monoclinic,5,C Cl H N Ni,True
2311563,SnH25C23S2NO,Sn2 H50 C46 S4 N2 O2,106,106,1101.1877,P-1,2,triclinic,6,C H N O S Sn,True
2311613,H17C13NO2,H68 C52 N4 O8,132,132,1127.5373,P2_1/c,14,monoclinic,4,C H N O,True
2311628,H20C20N2O3,H40 C40 N4 O6,90,90,853.4523,P-1,2,triclinic,4,C H N O,True
2311688,HCO,H16 C16 O16,48,48,481.2594,P2_1/c,14,monoclinic,3,C H O,True
2311742,BaMg(CO3)2,Ba6 Mg6 C12 O36,60,20,725.5058,R-3c,167,trigonal,4,Ba C Mg O,True
2311831,H11C10SI2(N2O)2,H22 C20 S2 I4 N8 O4,60,60,742.5138,P-1,2,triclinic,6,C H I N O S,True
2311883,CuH22C20(NO2)4,Cu2 H44 C40 N8 O16,110,110,1015.7635,P2_1/c,14,monoclinic,5,C Cu H N O,True
2311887,GaAs3H3O11,Ga4 As12 H12 O44,72,72,873.8666,Pnma,62,orthorhombic,4,As Ga H O,False
2311937,H6C7BrNF8,H24 C28 Br4 N4 F32,92,92,1034.6556,P-1,2,triclinic,5,Br C F H N,True
2311948,H21C17NO8,H42 C34 N2 O16,94,94,958.4734,P-1,2,triclinic,4,C H N O,True
2311949,H23C18NO8,H46 C36 N2 O16,100,100,893.2113,P2_1,4,monoclinic,4,C H N O,True
2311973,H20C14O3,H40 C28 O6,74,74,640.5108,P-1,2,triclinic,3,C H O,True
2312003,H13C17NO4,H52 C68 N4 O16,140,140,1383.9326,P2_12_12_1,19,orthorhombic,4,C H N O,True
2312059,H11C13SNO,H22 C26 S2 N2 O2,54,54,563.2795,P-1,2,triclinic,5,C H N O S,True
2312072,H16C15(NO)2,H64 C60 N8 O8,140,140,1283.8413,P2_1/c,14,monoclinic,4,C H N O,True
2312318,H5C9NClO2,H20 C36 N4 Cl4 O8,72,72,758.4702,P2_1,4,monoclinic,5,C Cl H N O,True
2312378,H7C10O3,H28 C40 O12,80,80,774.2214,P2_1/c,14,monoclinic,3,C H O,True
2312401,CoH28C26S2(N3O2)2,Co1 H28 C26 S2 N6 O4,67,67,711.9946,P-1,2,triclinic,6,C Co H N O S,True
2312419,H20C20N6O,H40 C40 N12 O2,94,94,937.3964,P-1,2,triclinic,4,C H N O,True
2312432,H8C11IO2,H32 C44 I4 O8,88,88,992.7476,P2_1/c,14,monoclinic,4,C H I O,True
2312458,H11C11NO,H44 C44 N4 O4,96,96,884.013,P2_1/c,14,monoclinic,4,C H N O,True
2312522,H2C3S2(OF)6,H4 C6 S4 O12 F12,38,38,474.2203,P2_1,4,monoclinic,5,C F H O S,True
2312543,H20C25SN3ClO6,H40 C50 S2 N6 Cl2 O12,112,112,1236.4728,P-1,2,triclinic,6,C Cl H N O S,True
2312544,H6C7NOF,H24 C28 N4 O4 F4,64,64,633.4155,P-1,2,triclinic,5,C F H N O,True
2312728,V2Ni3O8,V8 Ni12 O32,52,26,575.9078,Cmce,64,orthorhombic,3,Ni O V,False
2312759,H6C4S(OF)3,H24 C16 S4 O12 F12,68,68,694.0626,P2_1/c,14,monoclinic,5,C F H O S,True
2312796,H9C15N2OF3,H36 C60 N8 O4 F12,120,120,1327.2125,P2_1/c,14,monoclinic,5,C F H N O,True
2312818,GaBO3,Ga6 B6 O18,30,10,255.7737,R-3c,167,trigonal,3,B Ga O,False
3000005,MnH36C24(N6O5)2,Mn1 H36 C24 N12 O10,83,83,794.0593,P-1,2,triclinic,5,C H Mn N O,True
3000006,ZnH32C22(N6O5)2,Zn1 H32 C22 N12 O10,77,77,697.239,P-1,2,triclinic,5,C H N O Zn,True
3000007,ZnH36C32S2(N7O4)2,Zn1 H36 C32 S2 N14 O8,93,93,966.7327,P-1,2,triclinic,6,C H N O S Zn,True
3000295,CrAg(PS3)2,Cr2 Ag2 P4 S12,20,20,405.0653,P2/c,13,monoclinic,4,Ag Cr P S,False
3000420,CuAgO2,Cu3 Ag3 O6,12,4,148.6963,R-3m,166,trigonal,3,Ag Cu O,False
3000458,Mg2AlH5(C4O3)2,Mg2 Al1 H5 C8 O6,22,22,859.0386,P1,1,triclinic,5,Al C H Mg O,True
3000605,H14C9(N2O3)2,H28 C18 N8 O12,66,66,628.4261,P-1,2,triclinic,4,C H N O,True
3500002,MgH18C10(NO)8,Mg2 H36 C20 N16 O16,90,90,833.7203,P2_1/c,14,monoclinic,5,C H Mg N O,True
3500037,NaH5(C2O3)2,Na2 H10 C8 O12,32,32,303.5139,P2_1,4,monoclinic,4,C H Na O,True
3500072,BH4C6OF,B6 H24 C36 O6 F6,78,78,825.5937,P2_1/m,11,monoclinic,5,B C F H O,True
3500089,H7C7IO,H28 C28 I4 O4,64,64,755.1029,Pca2_1,29,orthorhombic,4,C H I O,True
3500128,AlH9(CO3)3,Al6 H54 C18 O54,132,44,1341.2327,R-3,148,trigonal,4,Al C H O,True
3500157,CdO,Cd24 O24,48,2,656.2772,Fm-3m,225,cubic,2,Cd O,False
3500163,FeN,Fe24 N24,48,2,455.1161,F-43m,216,cubic,2,Fe N,False
3500168,FeN,Fe12 N12,24,2,227.5656,F-43m,216,cubic,2,Fe N,False
4000156,ScCuO2,Sc2 Cu2 O4,8,8,101.893,P6_3/mmc,194,hexagonal,3,Cu O Sc,False
4000165,ScCuO2,Sc2 Cu2 O4,8,8,103.2593,P6_3/mmc,194,hexagonal,3,Cu O Sc,False
4000169,KV(IO4)2,K4 V4 I8 O32,48,48,748.6221,P2_1/c,14,monoclinic,4,I K O V,False
4000213,CuH14C14I(NO)2,Cu2 H28 C28 I2 N4 O4,68,68,759.9492,Pc,7,monoclinic,6,C Cu H I N O,True
4000385,Li2Be2H4NF7,Li16 Be16 H32 N8 F56,128,128,1205.7978,Pca2_1,29,orthorhombic,5,Be F H Li N,False
4000400,Ba3MgTa2O9,Ba3 Mg1 Ta2 O9,15,15,204.8039,P-3m1,164,trigonal,4,Ba Mg O Ta,False
4000492,H15C9NO6,H60 C36 N4 O24,124,124,1015.1429,P2_1/c,14,monoclinic,4,C H N O,True
4000522,Tl2Cu2SnS4,Tl8 Cu8 Sn4 S16,36,18,813.0301,Ibam,72,orthorhombic,4,Cu S Sn Tl,False
4000559,Yb5(Co2Si7)2,Yb10 Co8 Si28,46,46,720.2432,P2_1/c,14,monoclinic,3,Co Si Yb,False
4000605,Ba3ZnSb2O9,Ba6 Zn2 Sb4 O18,30,30,428.8153,P6_3/mmc,194,hexagonal,4,Ba O Sb Zn,False
4000659,Tl2HgGeTe4,Tl4 Hg2 Ge2 Te8,16,8,493.665,I-42m,121,tetragonal,4,Ge Hg Te Tl,False
4000694,H14C7S2IN5,H56 C28 S8 I4 N20,116,116,1396.8855,Pna2_1,33,orthorhombic,5,C H I N S,True
4000699,H14C7S2BrN5,H56 C28 S8 Br4 N20,116,116,1314.2073,Pna2_1,33,orthorhombic,5,Br C H N S,True
4000749,Li2Ti6O13,Li4 Ti12 O26,42,21,517.2794,C2/m,12,monoclinic,3,Li O Ti,False
4000792,BaTeMo2O9,Ba8 Te8 Mo16 O72,104,104,1489.2119,Pca2_1,29,orthorhombic,4,Ba Mo O Te,False
4000904,ZnH16(C5N)2,Zn4 H64 C40 N8,116,116,1108.3796,P2_1/c,14,monoclinic,4,C H N Zn,True
4000935,MgH10C4O,Mg8 H80 C32 O8,128,128,1231.4827,P2/c,13,monoclinic,4,C H Mg O,True
4000952,AgH14C11SN2O5,Ag2 H28 C22 S2 N4 O10,68,68,687.6067,P-1,2,triclinic,6,Ag C H N O S,True
4001008,H7C10N,H28 C40 N4,72,72,667.846,P-1,2,triclinic,3,C H N,True
4001051,BiH14C12Br5N2,Bi2 H28 C24 Br10 N4,68,68,961.4988,P2_1,4,monoclinic,5,Bi Br C H N,True
4001062,H10C17OF2,H20 C34 O2 F4,60,60,605.3241,P-1,2,triclinic,4,C F H O,True
4001077,Pb3SeO5,Pb12 Se4 O20,36,18,647.683,Cmc2_1,36,orthorhombic,3,O Pb Se,False
4001160,GdPH5CO7,Gd2 P2 H10 C2 O14,30,30,324.8389,P-1,2,triclinic,5,C Gd H O P,True
4001185,Sc2(WO4)3,Sc8 W12 O48,68,68,1236.6484,Pbcn,60,orthorhombic,3,O Sc W,False
4001191,Sc2(WO4)3,Sc8 W12 O48,68,68,1233.2461,Pbcn,60,orthorhombic,3,O Sc W,False
4001198,Sc2(WO4)3,Sc8 W12 O48,68,68,1229.7488,Pbcn,60,orthorhombic,3,O Sc W,False
4001214,LiAsH25C12(OF)6,Li2 As2 H50 C24 O12 F12,102,102,945.1969,P-1,2,triclinic,6,As C F H Li O,True
4001249,H6C5S2,H12 C10 S4,26,26,292.2872,P-1,2,triclinic,3,C H S,True
4001314,MgO,Mg4 O4,8,2,74.6403,Fm-3m,225,cubic,2,Mg O,False
4001363,CaCO3,Ca4 C4 O12,20,20,227.039,Pnma,62,orthorhombic,3,C Ca O,True
4001484,CrH22C38S16(I2N3)2,Cr1 H22 C38 S16 I4 N6,87,87,1343.053,P-1,2,triclinic,6,C Cr H I N S,True
4001747,SrBPO5,Sr3 B3 P3 O15,24,24,282.03,P3_221,154,trigonal,4,B O P Sr,False
4001748,CaLa2B10O19,Ca2 La4 B20 O38,64,32,661.4084,C2,5,monoclinic,4,B Ca La O,False
4001981,Li2FePO4F,Li8 Fe4 P4 O16 F4,36,36,388.3608,P-1,2,triclinic,5,F- Fe2+ Li+ O2- P5+,False
4002087,Gd2(MoO4)3,Gd8 Mo12 O48,68,34,934.5062,C2/c,15,monoclinic,3,Gd Mo O,False
4002124,AlC8O4F,Al4 C32 O16 F4,56,28,1415.2709,C2/c,15,monoclinic,4,Al C F O,True
4002129,Mn5H16(C8O9)2,Mn10 H32 C32 O36,110,110,1154.5958,P2_1/c,14,monoclinic,4,C H Mn O,True
4002175,NbBRu,Nb6 B6 Ru6,18,18,217.6679,Pmma,51,orthorhombic,3,B Nb Ru,False
4002327,K2Ti(Si2O5)3,K8 Ti4 Si24 O60,96,48,1318.5459,Cc,9,monoclinic,4,K O Si Ti,False
4002476,YbFeGe2O7,Yb4 Fe4 Ge8 O28,44,44,537.3205,P2_1/m,11,monoclinic,4,Fe Ge O Yb,False
4002735,H12C11S,H24 C22 S2,48,48,470.0767,P-1,2,triclinic,3,C H S,True
4002761,Na2Fe2Si2O7,Na8 Fe8 Si8 O28,52,52,642.6596,P2_1/c,14,monoclinic,4,Fe Na O Si,False
4002871,CdH4(C2N7)2,Cd1 H4 C4 N14,23,23,262.4322,P-1,2,triclinic,4,C Cd H N,True
4002995,H18PbC14I4(BrN)2,H36 Pb2 C28 I8 Br4 N4,82,82,1212.2623,P2_1,4,monoclinic,6,Br C H I N Pb,True
4003013,MnB,Mn4 B4,8,8,68.6815,Pnma,62,orthorhombic,2,B Mn,False
4003061,H5C6N5O2,H20 C24 N20 O8,72,72,682.4761,P2_1/c,14,monoclinic,4,C H N O,True
4003122,H4Pb3(Br3O)2,H8 Pb6 Br12 O4,30,30,650.9831,P2_1/m,11,monoclinic,4,Br H O Pb,False
4003240,ZnH10C10S2(NO4)2,Zn2 H20 C20 S4 N4 O16,66,66,689.2048,P-1,2,triclinic,6,C H N O S Zn,True
4003262,H15C7IO3,H60 C28 I4 O12,104,104,1058.9566,P2_1/c,14,monoclinic,4,C H I O,True
4003264,H15C7IO3,H60 C28 I4 O12,104,104,1079.34,P2_1/c,14,monoclinic,4,C H I O,True
4003272,H15C7IO3,H60 C28 I4 O12,104,104,1069.4238,P2_1/c,14,monoclinic,4,C H I O,True
4003283,H28C19Se,H56 C38 Se2,96,96,863.6262,P-1,2,triclinic,3,C H Se,True
4003382,PH8N2O3F,P4 H32 N8 O12 F4,60,60,542.8767,Pna2_1,33,orthorhombic,5,F H N O P,False
4003482,LiB11H6CCl6,Li4 B44 H24 C4 Cl24,100,100,1477.2526,Pnma,62,orthorhombic,5,B C Cl H Li,True
4003488,Gd6FeBi2,Gd6 Fe1 Bi2,9,9,255.5814,P-62m,189,hexagonal,3,Bi Fe Gd,False
4003527,K2NaI5O14,K4 Na2 I10 O28,44,44,726.9789,Pc,7,monoclinic,4,I K Na O,False
4003579,ZnH4(C2N3)2,Zn8 H32 C32 N48,120,120,1377.3173,Pbca,61,orthorhombic,4,C H N Zn,True
4003855,NaSnAs,Na2 Sn2 As2,6,6,164.2595,P6_3mc,186,hexagonal,3,As Na Sn,False
4003856,H6C9O2,H12 C18 O4,34,34,343.6302,P2_1,4,monoclinic,3,C H O,True
4003858,H6C9O2,H24 C36 O8,68,68,695.7841,Pca2_1,29,orthorhombic,3,C H O,True
4003887,Co5H28C10S2(NO12)2,Co10 H56 C20 S4 N4 O48,142,142,1414.0053,P2_1/c,14,monoclinic,6,C Co H N O S,True
4003920,KSb5S8,K4 Sb20 S32,56,56,1432.6507,Pc,7,monoclinic,3,K S Sb,False
4003944,La3(CdAs3)2,La12 Cd8 As24,44,22,1076.219,C2/m,12,monoclinic,3,As Cd La,False
4003974,GaMo3,Ga2 Mo6,8,8,120.474,Pm-3n,223,cubic,2,Ga Mo,False
4003975,Ga(MoSe2)4,Ga2 Mo8 Se16,26,13,525.1724,Imm2,44,orthorhombic,3,Ga Mo Se,False
4003983,GaMo3,Ga2 Mo6,8,8,120.4279,Pm-3n,223,cubic,2,Ga Mo,False
4003993,Ga(MoSe2)4,Ga2 Mo8 Se16,26,13,525.2011,Imm2,44,orthorhombic,3,Ga Mo Se,False
4004011,UPO14,U2 P2 O28,32,32,435.6444,P4/nmm,129,tetragonal,3,O P U,False
4004034,H5C7N2,H40 C56 N16,112,56,1064.2012,C2/c,15,monoclinic,3,C H N,True
4020002,H10C10NO2,H40 C40 N4 O8,92,92,867.7294,P-1,2,triclinic,4,C H N O,True
4020016,H5C6NO3,H40 C48 N8 O24,120,120,1286.3103,P2_1/c,14,monoclinic,4,C H N O,True
4020041,H14C13NO2F3,H28 C26 N2 O4 F6,66,66,665.8985,P2_1,4,monoclinic,5,C F H N O,True
4020231,H13C10NO4,H26 C20 N2 O8,56,56,531.3543,P-1,2,triclinic,4,C H N O,True
4020239,SbH5C7Cl6O,Sb2 H10 C14 Cl12 O2,40,40,662.8693,P2_1/m,11,monoclinic,5,C Cl H O Sb,True
4020302,H35C30N3O4,H35 C30 N3 O4,72,72,643.9618,P1,1,triclinic,4,C H N O,True
4020397,H7C10N,H56 C80 N8,144,144,1457.5206,P2_1/c,14,monoclinic,3,C H N,True
4020424,H15C12NO3,H60 C48 N4 O12,124,124,1151.8244,Pnma,62,orthorhombic,4,C H N O,True
4020479,PH19C13O2,P4 H76 C52 O8,140,140,1247.6267,P2_1/c,14,monoclinic,4,C H O P,True
4020485,H23C27N,H46 C54 N2,102,102,1013.1307,P2_1,4,monoclinic,3,C H N,True
4020537,H13C12IO7,H26 C24 I2 O14,66,66,703.5598,P-1,2,triclinic,4,C H I O,True
4020577,PH29C30NO3,P2 H58 C60 N2 O6,128,128,1289.2023,P-1,2,triclinic,5,C H N O P,True
4020581,H13C11NO3,H52 C44 N4 O12,112,112,1056.883,Pna2_1,33,orthorhombic,4,C H N O,True
4020649,H30C21SN3(OF)3,H60 C42 S2 N6 O6 F6,122,122,1144.3114,P2_1,4,monoclinic,6,C F H N O S,True
4020692,H34C23O4,H68 C46 O8,122,122,1061.8252,P-1,2,triclinic,3,C H O,True
4020733,H17C16BrO3,H68 C64 Br4 O12,148,148,1476.0614,P2_12_12_1,19,orthorhombic,4,Br C H O,True
4020756,PH15C13O2,P4 H60 C52 O8,124,124,1192.3479,P2_1/c,14,monoclinic,4,C H O P,True
4020760,H16(C4O)3,H32 C24 O6,62,62,543.4125,P2_1,4,monoclinic,3,C H O,True
4020778,H19C15NO4,H38 C30 N2 O8,78,78,686.6026,P2_1,4,monoclinic,4,C H N O,True
4020807,H25C15NO4,H75 C45 N3 O12,135,135,1263.916,P3_1,144,trigonal,4,C H N O,True
4020833,H23C24SNO5,H23 C24 S1 N1 O5,54,54,541.9292,P1,1,triclinic,5,C H N O S,True
4020866,H9C13Se,H36 C52 Se4,92,92,1017.6975,P-1,2,triclinic,3,C H Se,True
4020886,H15C17NO4,H60 C68 N4 O16,148,148,1372.2568,P2_1/c,14,monoclinic,4,C H N O,True
4020920,H24C19O3,H48 C38 O6,92,92,798.3387,P-1,2,triclinic,3,C H O,True
4020934,H4C4Se,H32 C32 Se8,72,72,850.4488,P2_1/c,14,monoclinic,3,C H Se,True
4020980,H15C10NO2,H60 C40 N4 O8,112,112,922.6464,P2_1/c,14,monoclinic,4,C H N O,True
4020999,H20C16NO3,H40 C32 N2 O6,80,80,731.8456,P2_1,4,monoclinic,4,C H N O,True
4021013,H13C15O,H52 C60 O4,116,116,1122.54,P-1,2,triclinic,3,C H O,True
4021016,H28C27O2,H56 C54 O4,114,114,1045.4532,P-1,2,triclinic,3,C H O,True
4021175,H24C23NO3,H48 C46 N2 O6,102,102,983.1753,P2_1,4,monoclinic,4,C H N O,True
4021202,H18C20S(NO)2,H36 C40 S2 N4 O4,86,86,839.011,P-1,2,triclinic,5,C H N O S,True
4021274,H19C15SO2,H76 C60 S4 O8,148,148,1418.3082,P2_1,4,monoclinic,4,C H O S,True
4021289,H19C14N3,H38 C28 N6,72,72,650.3341,P2_1,4,monoclinic,3,C H N,True
4021293,H18C17N2,H72 C68 N8,148,148,1464.2423,Pna2_1,33,orthorhombic,3,C H N,True
4021307,H11C14NO2,H22 C28 N2 O4,56,56,525.0738,P-1,2,triclinic,4,C H N O,True
4021344,H16C11(O2F3)2,H64 C44 O16 F24,148,148,1354.7053,P2_1/c,14,monoclinic,4,C F H O,True
4021535,H17C10NO4,H68 C40 N4 O16,128,128,1170.6755,P2_1/c,14,monoclinic,4,C H N O,True
4021574,PH13C10O,P4 H52 C40 O4,100,100,961.3294,P2_12_12_1,19,orthorhombic,4,C H O P,True
4021587,H9C10SBr2NO2,H36 C40 S4 Br8 N4 O8,100,100,1133.8563,P2_1/c,14,monoclinic,6,Br C H N O S,True
4021831,H10C9N2O,H60 C54 N12 O6,132,132,1288.9769,P-1,2,triclinic,4,C H N O,True
4021953,H11C5O2,H44 C20 O8,72,72,562.6682,P2_1/c,14,monoclinic,3,C H O,True
4021993,H29C24F,H58 C48 F2,108,108,957.9519,P-1,2,triclinic,3,C F H,True
4022182,H10C13(NO)2,H40 C52 N8 O8,108,108,1092.299,P2_1/c,14,monoclinic,4,C H N O,True
4022189,H8C10SNO4F9,H32 C40 S4 N4 O16 F36,132,132,1443.8059,P2_1/c,14,monoclinic,6,C F H N O S,True
4022223,H22C20S3(NO2)2,H44 C40 S6 N4 O8,102,102,1049.7365,P-1,2,triclinic,5,C H N O S,True
4022445,H17C10N3O,H68 C40 N12 O4,124,124,1039.9088,P2_1/c,14,monoclinic,4,C H N O,True
4022504,H16C14SO4,H32 C28 S2 O8,70,70,648.1213,P-1,2,triclinic,4,C H O S,True
4022508,H19C16,H76 C64,140,140,1269.0216,P2_1/c,14,monoclinic,2,C H,True
4022591,H27C20SN5O11,H54 C40 S2 N10 O22,128,128,1263.0173,P1,1,triclinic,5,C H N O S,True
4022602,H15C14NO2,H60 C56 N4 O8,128,128,1152.0228,P2_1/c,14,monoclinic,4,C H N O,True
4022648,H14C15N2O5,H56 C60 N8 O20,144,144,1396.2984,P2_1/c,14,monoclinic,4,C H N O,True
4022714,H30C26N3Cl,H60 C52 N6 Cl2,120,120,1173.1149,P2_1/m,11,monoclinic,4,C Cl H N,True
4022746,H46C27Br2,H92 C54 Br4,150,150,1295.7468,P2_1,4,monoclinic,3,Br C H,True
4022790,H24C19S2NClO2,H48 C38 S4 N2 Cl2 O4,98,98,1047.5117,P-1,2,triclinic,6,C Cl H N O S,True
4022845,H15C17BrN2O3,H30 C34 Br2 N4 O6,76,76,814.6634,P-1,2,triclinic,5,Br C H N O,True
4022899,PH9C9(NO2)2,P6 H54 C54 N12 O24,150,150,1499.1361,P6_5,170,hexagonal,5,C H N O P,True
4022939,H27C24S2NO5,H54 C48 S4 N2 O10,118,118,1116.9357,P2_1,4,monoclinic,5,C H N O S,True
4022948,H27C22NO2,H54 C44 N2 O4,104,104,922.8352,P2_1,4,monoclinic,4,C H N O,True
4023048,H26C22N2O5,H52 C44 N4 O10,110,110,1061.6525,P-1,2,triclinic,4,C H N O,True
4023077,H24C24SN4O3,H48 C48 S2 N8 O6,112,112,1106.1228,P-1,2,triclinic,5,C H N O S,True
4023111,H17C13NO3,H68 C52 N4 O12,136,136,1166.6107,P2_12_12_1,19,orthorhombic,4,C H N O,True
4023163,H3(C2O)2,H24 C32 O16,72,72,704.5927,P2_12_12_1,19,orthorhombic,3,C H O,True
4023216,PH43(C5O)4,P2 H86 C40 O8,136,136,1162.686,P-1,2,triclinic,4,C H O P,True
4023236,SiH31C22I(NO)4,Si2 H62 C44 I2 N8 O8,126,126,1302.4262,P-1,2,triclinic,6,C H I N O Si,True
4023251,H3C3OF3,H36 C36 O12 F36,120,120,1229.3468,P2_1/c,14,monoclinic,4,C F H O,True
4023351,CF,C64 F64,128,128,1436.9955,P2_1/c,14,monoclinic,2,C F,True
4023450,H19C19NO2,H38 C38 N2 O4,82,82,799.2337,P-1,2,triclinic,4,C H N O,True
4023546,H12C7N2O3,H24 C14 N4 O6,48,48,425.1054,P-1,2,triclinic,4,C H N O,True
4023698,H14C12SO6,H56 C48 S4 O24,132,132,1316.8899,P2_1/c,14,monoclinic,4,C H O S,True
4023726,PH15C12NCl3O5,P2 H30 C24 N2 Cl6 O10,74,74,796.3602,P2_1,4,monoclinic,6,C Cl H N O P,True
4023813,H26C31N2(ClO)2,H52 C62 N4 Cl4 O4,126,126,1354.6737,P-1,2,triclinic,5,C Cl H N O,True
4023838,H19C11O3,H38 C22 O6,66,66,527.9821,P1,1,triclinic,3,C H O,True
4023886,H9C7SO,H72 C56 S8 O8,144,144,1360.9398,P2_1/c,14,monoclinic,4,C H O S,True
4023948,H19C22NO6,H38 C44 N2 O12,96,96,1010.6434,P-1,2,triclinic,4,C H N O,True
4023950,H28C20O3,H56 C40 O6,102,102,944.0871,P-1,2,triclinic,3,C H O,True
4023960,H2C4N2Cl,H16 C32 N16 Cl8,72,72,920.0106,P2_1/c,14,monoclinic,4,C Cl H N,True
4023963,H13C9O,H52 C36 O4,92,92,739.6884,P2_1,4,monoclinic,3,C H O,True
4024007,H24C20N2O5,H48 C40 N4 O10,102,102,965.962,P-1,2,triclinic,4,C H N O,True
4024034,H11C7N3O2,H44 C28 N12 O8,92,92,816.2256,P2_1/c,14,monoclinic,4,C H N O,True
4024087,H14C16O3,H56 C64 O12,132,132,1217.4777,P2_1/c,14,monoclinic,3,C H O,True
4024101,H12C9O2,H48 C36 O8,92,92,806.1043,P-1,2,triclinic,3,C H O,True
4024122,H7C15S2N3,H14 C30 S4 N6,54,54,697.7134,P2_1/m,11,monoclinic,4,C H N S,True
4024219,H6C4NO,H48 C32 N8 O8,96,96,870.6771,P-1,2,triclinic,4,C H N O,True
4024234,H10C5O2,H80 C40 O16,136,136,1108.0174,P2_1,4,monoclinic,3,C H O,True
4024382,H6C7NO,H24 C28 N4 O4,60,60,608.3177,P2_1/c,14,monoclinic,4,C H N O,True
4024680,ZnH16C22(BrN2)2,Zn2 H32 C44 Br4 N8,90,90,959.8669,P-1,2,triclinic,5,Br C H N Zn,True
4024693,H22C21O5,H44 C42 O10,96,96,885.1803,P2_1,4,monoclinic,3,C H O,True
4024694,H29C22NO8,H58 C44 N2 O16,120,120,1153.821,P2_1,4,monoclinic,4,C H N O,True
4024724,H22OsC30N2Cl2O9,H44 Os2 C60 N4 Cl4 O18,132,132,1409.5198,P-1,2,triclinic,6,C Cl H N O Os,True
4024755,H15C13N2Cl2O2F,H60 C52 N8 Cl8 O8 F4,140,140,1481.4363,P2_1/c,14,monoclinic,6,C Cl F H N O,True
4024841,H11C12S3NO4,H44 C48 S12 N4 O16,124,124,1409.7169,Pnma,62,orthorhombic,5,C H N O S,True
4024864,H17C15NO2,H68 C60 N4 O8,140,140,1361.9055,P2_1/c,14,monoclinic,4,C H N O,True
4024879,H11C20N3,H22 C40 N6,68,68,690.8013,P-1,2,triclinic,3,C H N,True
4024891,BH10C25NF10,B2 H20 C50 N2 F20,94,94,1023.9389,P-1,2,triclinic,5,B C F H N,True
4024975,H11C15O2F,H44 C60 O8 F4,116,116,1157.2871,P2_1/c,14,monoclinic,4,C F H O,True
4025061,H18C17NO4,H36 C34 N2 O8,80,80,726.4318,P-1,2,triclinic,4,C H N O,True
4025162,H29C31S2ClO5,H58 C62 S4 Cl2 O10,136,136,1455.8124,P-1,2,triclinic,5,C Cl H O S,True
4025241,H4C7Se,H32 C56 Se8,96,96,1147.0664,Pbca,61,orthorhombic,3,C H Se,True
4025250,H13C14BrO3,H26 C28 Br2 O6,62,62,649.1089,P-1,2,triclinic,4,Br C H O,True
4025329,H6C9N2,H48 C72 N16,136,136,1289.3555,Pnn2,34,orthorhombic,3,C H N,True
4025340,H23C18SN2ClO,H46 C36 S2 N4 Cl2 O2,92,92,936.6247,P2_1,4,monoclinic,6,C Cl H N O S,True
4025413,H2C5Br2N,H16 C40 Br16 N8,80,40,1216.6725,Cc,9,monoclinic,4,Br C H N,True
4025515,H22C9NClO6,H44 C18 N2 Cl2 O12,78,78,621.2213,P-1,2,triclinic,5,C Cl H N O,True
4025541,H11(C4N)3,H44 C48 N12,104,104,1008.6833,P2_1/c,14,monoclinic,3,C H N,True
4025572,H19C25NO3,H38 C50 N2 O6,96,96,950.7769,P-1,2,triclinic,4,C H N O,True
4025619,H6C12NO2F3,H24 C48 N4 O8 F12,96,96,1030.905,P2_1/c,14,monoclinic,5,C F H N O,True
4025788,H23C22N2(ClO2)2,H46 C44 N4 Cl4 O8,106,106,1063.8771,P-1,2,triclinic,5,C Cl H N O,True
4025810,H10C8O,H40 C32 O4,76,76,676.1638,P2_1/c,14,monoclinic,3,C H O,True
4025991,H8C9N2O,H16 C18 N4 O2,40,40,366.6258,P2_1,4,monoclinic,4,C H N O,True
4026035,H11C10NO2,H44 C40 N4 O8,96,96,905.6676,P-1,2,triclinic,4,C H N O,True
4026037,H11C6NO2,H44 C24 N4 O8,80,80,660.4094,P2_1/c,14,monoclinic,4,C H N O,True
4026059,H11C8NOF6,H44 C32 N4 O4 F24,108,108,1032.7031,P2_1/c,14,monoclinic,5,C F H N O,True
4026078,H22(C8O)3,H44 C48 O6,98,98,878.0546,Pc,7,monoclinic,3,C H O,True
4026133,H15C10SNO2,H60 C40 S4 N4 O8,116,116,1071.3729,P2_12_12,18,orthorhombic,5,C H N O S,True
4026175,H8C8N,H64 C64 N8,136,136,1280.5999,P2_12_12_1,19,orthorhombic,3,C H N,True
4026195,H15C18IO,H30 C36 I2 O2,70,70,732.5101,P2_1,4,monoclinic,4,C H I O,True
4026208,H24C15SN2O,H48 C30 S2 N4 O2,86,86,768.4919,P2_1,4,monoclinic,5,C H N O S,True
4026262,BH16C8NO4,B4 H64 C32 N4 O16,120,120,1020.6168,Pca2_1,29,orthorhombic,5,B C H N O,True
4026289,H14C8INO5,H56 C32 I4 N4 O20,116,116,1141.041,P-1,2,triclinic,5,C H I N O,True
4026290,H10C8INO3,H40 C32 I4 N4 O12,92,92,980.0735,P2_1/c,14,monoclinic,5,C H I N O,True
4026305,H13C9BrO3,H52 C36 Br4 O12,104,104,1018.1064,P2_1,4,monoclinic,4,Br C H O,True
4026407,H19C19SN2ClO2,H38 C38 S2 N4 Cl2 O4,88,88,883.0143,P2_1,4,monoclinic,6,C Cl H N O S,True
4026489,H30C18O5,H60 C36 O10,106,106,825.8211,P2_1,4,monoclinic,3,C H O,True
4026498,H12C12NClO5,H24 C24 N2 Cl2 O10,62,62,653.1092,P2_1,4,monoclinic,5,C Cl H N O,True
4026502,H11C13O2F,H44 C52 O8 F4,108,108,1046.9677,P2_1,4,monoclinic,4,C F H O,True
4026643,H10C13N2,H40 C52 N8,100,100,999.0118,Pna2_1,33,orthorhombic,3,C H N,True
4026676,H3C5NClO,H12 C20 N4 Cl4 O4,44,44,516.3905,P2_1/c,14,monoclinic,5,C Cl H N O,True
4027026,H16(C3O)3,H64 C36 O12,112,112,893.2075,P2_12_12_1,19,orthorhombic,3,C H O,True
4027046,H28C27SNO5F,H56 C54 S2 N2 O10 F2,126,126,1258.9298,P-1,2,triclinic,6,C F H N O S,True
4027154,H18C11O5,H72 C44 O20,136,136,1144.8442,P2_1/c,14,monoclinic,3,C H O,True
4027187,H25C16O3F,H50 C32 O6 F2,90,90,948.7603,P-1,2,triclinic,4,C F H O,True
4027260,H5C5SNO5,H20 C20 S4 N4 O20,68,68,716.2997,P2_12_12_1,19,orthorhombic,5,C H N O S,True
4027284,PH16C19BrO,P2 H32 C38 Br2 O2,76,76,846.2464,P2_1,4,monoclinic,5,Br C H O P,True
4027321,BPH26C27O2,B2 P2 H52 C54 O4,114,114,1154.2572,P2_1,4,monoclinic,5,B C H O P,True
4027520,H34C25(NO)6,H68 C50 N12 O12,142,142,1306.679,P-1,2,triclinic,4,C H N O,True
4027543,H9C8SN,H36 C32 S4 N4,76,76,776.2459,P-1,2,triclinic,4,C H N S,True
4027566,H10C7O2,H40 C28 O8,76,76,710.6965,P2_1,4,monoclinic,3,C H O,True
4027655,H16C19(NO)2,H32 C38 N4 O4,78,78,795.5131,P-1,2,triclinic,4,C H N O,True
4027807,AgSe3I,Ag4 Se12 I4,20,20,565.702,Pmna,53,orthorhombic,3,Ag I Se,False
4027824,Cs2Au2Se3,Cs8 Au8 Se12,28,14,942.3698,C2/c,15,monoclinic,3,Au Cs Se,False
4027972,H19C19NO6,H38 C38 N2 O12,90,90,837.4487,P2_1,4,monoclinic,4,C H N O,True
4028052,H33C23SN5O9,H66 C46 S2 N10 O18,142,142,1355.6705,P2_1,4,monoclinic,5,C H N O S,True
4028070,H22C19O4,H44 C38 O8,90,90,752.6868,P2_1,4,monoclinic,3,C H O,True
4028108,H33C35SNO4,H66 C70 S2 N2 O8,148,148,1487.2123,P2_1,4,monoclinic,5,C H N O S,True
4028157,H20C25N2O,H40 C50 N4 O2,96,96,916.298,P2_1,4,monoclinic,4,C H N O,True
4028304,H24C23SNO2F,H48 C46 S2 N2 O4 F2,104,104,1018.5494,P-1,2,triclinic,6,C F H N O S,True
4028335,PH33C34O,P2 H66 C68 O2,138,138,1351.3691,P-1,2,triclinic,4,C H O P,True
4028435,H19C14NO3,H76 C56 N4 O12,148,148,1310.1882,P2_12_12_1,19,orthorhombic,4,C H N O,True
4028469,H15C14N3O,H30 C28 N6 O2,66,66,620.5241,Pc,7,monoclinic,4,C H N O,True
4028473,H18C29(NO2)2,H36 C58 N4 O8,106,106,1107.6991,P-1,2,triclinic,4,C H N O,True
4028525,H18C18S(NO2)2,H36 C36 S2 N4 O8,86,86,861.6999,P-1,2,triclinic,5,C H N O S,True
4028602,H35C24N5O6,H70 C48 N10 O12,140,140,1268.1414,P2_1,4,monoclinic,4,C H N O,True
4028604,H20C14SNOF,H40 C28 S2 N2 O2 F2,76,76,706.8017,P2_1,4,monoclinic,6,C F H N O S,True
4028657,PH13C14O,P4 H52 C56 O4,116,116,1141.2564,P2_1,4,monoclinic,4,C H O P,True
4028736,H15C23O,H30 C46 O2,78,78,854.6155,P2_1,4,monoclinic,3,C H O,True
4029002,H18C18IN3O2,H36 C36 I2 N6 O4,84,84,910.9141,Pc,7,monoclinic,5,C H I N O,True
4029172,H17C11NO6,H34 C22 N2 O12,70,70,612.0825,P2_1,4,monoclinic,4,C H N O,True
4029312,H8C9O,H64 C72 O8,144,144,1413.4194,P2_1/c,14,monoclinic,3,C H O,True
4029321,H34C33N4,H68 C66 N8,142,142,1289.8362,P-1,2,triclinic,3,C H N,True
4029498,H12C15N2,H48 C60 N8,116,116,1200.1037,P-1,2,triclinic,3,C H N,True
4029536,BH31C26(NO3)2,B2 H62 C52 N4 O12,132,132,1271.5593,P2_1,4,monoclinic,5,B C H N O,True
4029607,H12C14N2O3,H48 C56 N8 O12,124,124,1194.2825,P2_1/c,14,monoclinic,4,C H N O,True
4029737,H11C16SNO2,H44 C64 S4 N4 O8,124,124,1335.8387,P2_12_12_1,19,orthorhombic,5,C H N O S,True
4029746,H16C7S(NO2)2,H32 C14 S2 N4 O8,60,60,501.1125,P-1,2,triclinic,5,C H N O S,True
4029752,H2C5SO,H16 C40 S8 O8,72,72,852.877,P2_1/c,14,monoclinic,4,C H O S,True
4029775,H31C24NO4,H62 C48 N2 O8,120,120,1097.2374,P2_1,4,monoclinic,4,C H N O,True
4029785,BH35C23NF3,B2 H70 C46 N2 F6,126,126,1104.1404,P2_1/m,11,monoclinic,5,B C F H N,True
4029816,H16C17(NO4)2,H32 C34 N4 O16,86,86,820.328,P-1,2,triclinic,4,C H N O,True
4029819,H16C22N2O9,H32 C44 N4 O18,98,98,955.7288,P-1,2,triclinic,4,C H N O,True
4029820,H8C11NO4,H16 C22 N2 O8,48,48,474.2949,P-1,2,triclinic,4,C H N O,True
4029873,H22C29N2O5,H44 C58 N4 O10,116,116,1314.0373,P-1,2,triclinic,4,C H N O,True
4029890,PH14C19SNO,P2 H28 C38 S2 N2 O2,74,74,840.6553,P-1,2,triclinic,6,C H N O P S,True
4029894,H18C18O,H36 C36 O2,74,74,647.1662,P-1,2,triclinic,3,C H O,True
4029993,H6C7S3N4,H12 C14 S6 N8,40,40,481.5308,P-1,2,triclinic,4,C H N S,True
4030133,H14C17N3O,H56 C68 N12 O4,140,140,1396.5322,P-1,2,triclinic,4,C H N O,True
4030177,Nb(SeBr)2,Nb2 Se4 Br4,10,10,260.8232,P-1,2,triclinic,3,Br Nb Se,False
4030210,H16C19BrNO,H32 C38 Br2 N2 O2,76,76,792.3172,P2_1,4,monoclinic,5,Br C H N O,True
4030225,H10C7O2,H40 C28 O8,76,76,666.5257,P2_1/c,14,monoclinic,3,C H O,True
4030251,Na4Al3Si3ClO12,Na8 Al6 Si6 Cl2 O24,46,46,700.511,P-43n,218,cubic,5,Al Cl Na O Si,False
4030269,Er5Zr3(Ni4As3)4,Er5 Zr3 Ni16 As12,36,36,529.4729,P-62m,189,hexagonal,4,As Er Ni Zr,False
4030421,CuH20C14S2(NO6)2,Cu2 H40 C28 S4 N4 O24,102,102,930.9795,P2_1/c,14,monoclinic,6,C Cu H N O S,True
4030430,PtF4,Pt8 F32,40,10,508.5597,Fdd2,43,orthorhombic,2,F Pt,False
4030434,KH(IF6)2,K4 H4 I8 F48,64,32,993.6895,I4/mcm,140,tetragonal,4,F H I K,False
4030463,H22C17SN(ClO)3,H44 C34 S2 N2 Cl6 O6,94,94,971.1997,P-1,2,triclinic,6,C Cl H N O S,True
4030484,BPH9C5SF11,B4 P4 H36 C20 S4 F44,112,112,1266.9513,P2_12_12_1,19,orthorhombic,6,B C F H P S,True
4030563,H16C21N2O3,H32 C42 N4 O6,84,84,837.7647,P-1,2,triclinic,4,C H N O,True
4030604,Rb2Y(NO3)5,Rb6 Y3 N15 O45,69,69,1017.2025,P3_1,144,trigonal,4,N O Rb Y,False
4030643,H10C13N2O,H40 C52 N8 O4,104,104,1021.5951,P2_1/c,14,monoclinic,4,C H N O,True
4030687,GaPH6C2NO4F,Ga2 P2 H12 C4 N2 O8 F2,32,32,279.0791,P-1,2,triclinic,7,C F Ga H N O P,True
4030795,RbEuS2,Rb3 Eu3 S6,12,4,337.4698,R-3m,166,trigonal,3,Eu Rb S,False
4030820,TiTlPO5,Ti8 Tl8 P8 O40,64,64,878.0841,Pna2_1,33,orthorhombic,4,O P Ti Tl,False
4030865,LiCo2P3O10,Li2 Co4 P6 O20,32,32,344.7121,P2_1/m,11,monoclinic,4,Co Li O P,False
4030897,NaNb(CuS2)2,Na4 Nb4 Cu8 S16,32,16,760.46,Ama2,40,orthorhombic,4,Cu Na Nb S,False
4030930,H16C23O,H32 C46 O2,80,80,809.0318,P2_1,4,monoclinic,3,C H O,True
4030973,H9C17N,H36 C68 N4,108,108,1081.1684,P2_1/c,14,monoclinic,3,C H N,True
4031067,H24C24N2O5,H48 C48 N4 O10,110,110,1045.8548,P2_1,4,monoclinic,4,C H N O,True
4031074,H17C19BrN2O3,H34 C38 Br2 N4 O6,84,84,874.5155,P2_1,4,monoclinic,5,Br C H N O,True
4031124,H18C15N2,H72 C60 N8,140,140,1261.3973,P2_12_12_1,19,orthorhombic,3,C H N,True
4031179,Si2H41C21N3O4,Si4 H82 C42 N6 O8,142,142,1343.5605,P2_1,4,monoclinic,5,C H N O Si,True
4031182,SmPo,Sm4 Po4,8,2,304.0067,Fm-3m,225,cubic,2,Po Sm,False
4031203,HfCuP,Hf1 Cu1 P1,3,3,76.9928,P3m1,156,trigonal,3,Cu Hf P,False
4031385,Dy(HO)3,Dy2 H6 O6,14,14,122.4048,P6_3/m,176,hexagonal,3,Dy H O,False
4031425,Os3C12(IO6)2,Os6 C24 I4 O24,58,58,1099.1443,P2_1/c,14,monoclinic,4,C I O Os,True
4031499,MoCl4O,Mo2 Cl8 O2,12,12,287.4825,P-1,2,triclinic,3,Cl Mo O,False
4031582,Mn2H2SO6,Mn8 H8 S4 O24,44,22,468.8958,C2/c,15,monoclinic,4,H Mn O S,False
4031609,HI,H16 I16,32,16,925.0243,C2/c,15,monoclinic,2,H I,False
4031762,H27C31(NO)3,H54 C62 N6 O6,128,128,1220.9316,P2_1,4,monoclinic,4,C H N O,True
4031871,H10C16N2O3,H40 C64 N8 O12,124,124,1226.677,P2_1/c,14,monoclinic,4,C H N O,True
4031900,H14C17(NO)2,H56 C68 N8 O8,140,140,1387.4745,P2_1/c,14,monoclinic,4,C H N O,True
4031907,PH23(C7O2)2,P2 H46 C28 O8,84,84,739.6111,P2_1,4,monoclinic,4,C H O P,True
4031912,H28(C9O2)3,H56 C54 O12,122,122,1173.2536,P-1,2,triclinic,3,C H O,True
4031934,H14(C3O)3,H28 C18 O6,52,52,439.9924,P-1,2,triclinic,3,C H O,True
4031961,H19C15NO,H76 C60 N4 O4,144,144,1323.4341,P2_1/c,14,monoclinic,4,C H N O,True
4032004,BH15C15(NF2)2,B2 H30 C30 N4 F8,74,74,696.3202,P2_1,4,monoclinic,5,B C F H N,True
4032066,H17C11N2ClO4,H68 C44 N8 Cl4 O16,140,140,1270.2459,P2_1/c,14,monoclinic,5,C Cl H N O,True
4032091,H23C22SNO2,H46 C44 S2 N2 O4,98,98,925.1919,P-1,2,triclinic,5,C H N O S,True
4032105,H14C11(NO)6,H56 C44 N24 O24,148,148,1343.6227,P2_12_12_1,19,orthorhombic,4,C H N O,True
4032127,H22C25(NO)2,H44 C50 N4 O4,102,102,958.6472,P-1,2,triclinic,4,C H N O,True
4032156,H6C7NO,H48 C56 N8 O8,120,120,1135.2442,P2_1/c,14,monoclinic,4,C H N O,True
4032221,H13C7IO5,H52 C28 I4 O20,104,52,1037.5339,C2,5,monoclinic,4,C H I O,True
4032289,H8C7NO,H64 C56 N8 O8,136,136,1175.417,P2_1/c,14,monoclinic,4,C H N O,True
4032291,H15C20Br2O,H30 C40 Br4 O2,76,76,841.6231,P-1,2,triclinic,4,Br C H O,True
4032294,H8C7NO,H32 C28 N4 O4,68,68,646.3572,P-1,2,triclinic,4,C H N O,True
4032358,Fe2PH29(C8O)4,Fe4 P2 H58 C64 O8,136,136,1326.0831,P-1,2,triclinic,5,C Fe H O P,True
4032372,H12C16N2O,H48 C64 N8 O4,124,124,1187.2289,P2_1/c,14,monoclinic,4,C H N O,True
4032539,H25C18NO4,H50 C36 N2 O8,96,96,845.6977,P2_1,4,monoclinic,4,C H N O,True
4032575,H16C19NO2,H32 C38 N2 O4,76,76,723.9918,P-1,2,triclinic,4,C H N O,True
4032635,H16C14S(NO)2,H64 C56 S4 N8 O8,140,140,1388.9131,P2_1/c,14,monoclinic,5,C H N O S,True
4032648,H16C13O3,H64 C52 O12,128,128,1146.4132,P2_12_12_1,19,orthorhombic,3,C H O,True
4032675,H27C31SNO2,H54 C62 S2 N2 O4,124,124,1240.4318,P-1,2,triclinic,5,C H N O S,True
4032690,NiPH12C11N6ClF6,Ni2 P2 H24 C22 N12 Cl2 F12,76,76,792.1085,P-1,2,triclinic,7,C Cl F H N Ni P,True
4032697,H9C7O2,H72 C56 O16,144,144,1300.9417,P2_12_12_1,19,orthorhombic,3,C H O,True
4032785,H9C11(NO)3,H36 C44 N12 O12,104,104,1070.2389,P2_1/c,14,monoclinic,4,C H N O,True
4032815,H33C27IBrN3O4,H66 C54 I2 Br2 N6 O8,138,138,1363.38,P2_1,4,monoclinic,6,Br C H I N O,True
4032860,H18C17N2O3,H36 C34 N4 O6,80,80,778.3181,P-1,2,triclinic,4,C H N O,True
4032887,SiH37C29SNO5,Si2 H74 C58 S2 N2 O10,148,148,1476.6084,P2_1,4,monoclinic,6,C H N O S Si,True
4032893,H15C16SNO2,H30 C32 S2 N2 O4,70,70,695.1902,P-1,2,triclinic,5,C H N O S,True
4032894,H9C12SNO2,H36 C48 S4 N4 O8,100,100,1082.7794,P2_1/c,14,monoclinic,5,C H N O S,True
4032902,H11C10SNO4,H22 C20 S2 N2 O8,54,54,540.4158,P-1,2,triclinic,5,C H N O S,True
4032910,H19C21NO4,H38 C42 N2 O8,90,90,893.22,P-1,2,triclinic,4,C H N O,True
4032918,H30C27(NO2)2,H60 C54 N4 O8,126,126,1191.3763,P2_1,4,monoclinic,4,C H N O,True
4032995,H5C10N2Cl3O,H20 C40 N8 Cl12 O4,84,84,1100.4313,P2_1/c,14,monoclinic,5,C Cl H N O,True
4033000,H9C12N2Cl3O,H18 C24 N4 Cl6 O2,54,54,652.9177,P-1,2,triclinic,5,C Cl H N O,True
4033090,H19C22NO3,H38 C44 N2 O6,90,90,839.3196,P-1,2,triclinic,4,C H N O,True
4033091,H11C15NO2,H44 C60 N4 O8,116,116,1174.684,Pca2_1,29,orthorhombic,4,C H N O,True
4033105,H17C21NO,H34 C42 N2 O2,80,80,752.8617,P-1,2,triclinic,4,C H N O,True
4033132,H16C21SO5,H32 C42 S2 O10,86,86,879.8798,P-1,2,triclinic,4,C H O S,True
4033159,H11(C8N)2,H44 C64 N8,116,116,1141.023,P2_1/c,14,monoclinic,3,C H N,True
4033321,H11C12N2OF3,H44 C48 N8 O4 F12,116,116,1235.2712,P2_1/c,14,monoclinic,5,C F H N O,True
4033332,H15(C5O)2,H60 C40 O8,108,108,903.1763,P2_1,4,monoclinic,3,C H O,True
4033349,H26C20O7,H52 C40 O14,106,106,980.5121,Pc,7,monoclinic,3,C H O,True
4033374,H3C4N2ClO,H12 C16 N8 Cl4 O4,44,44,516.406,P2_12_12_1,19,orthorhombic,5,C Cl H N O,True
4033556,H17C16NO,H34 C32 N2 O2,70,70,641.3548,P2_1,4,monoclinic,4,C H N O,True
4033571,H8PdC7N5ClO3,H32 Pd4 C28 N20 Cl4 O12,100,100,1123.7496,P2_1/c,14,monoclinic,6,C Cl H N O Pd,True
4033576,H14C11(N3O)2,H56 C44 N24 O8,132,132,1226.1263,P2_1/c,14,monoclinic,4,C H N O,True
4033596,H11C14N3O,H44 C56 N12 O4,116,116,1131.9872,P2/c,13,monoclinic,4,C H N O,True
4033670,H3C2O,H48 C32 O16,96,96,808.1464,P2_12_12_1,19,orthorhombic,3,C H O,True
4033713,FeH18C16O3,Fe2 H36 C32 O6,76,76,697.861,P-1,2,triclinic,4,C Fe H O,True
4033740,H24C28N2O3,H48 C56 N4 O6,114,114,1104.2681,P-1,2,triclinic,4,C H N O,True
4033767,SnH22C19O2,Sn2 H44 C38 O4,88,88,855.3059,P-1,2,triclinic,4,C H O Sn,True
4033838,H18C36SF2,H36 C72 S2 F4,114,114,1149.7991,P-1,2,triclinic,4,C F H S,True
4033839,H18C36SCl2,H36 C72 S2 Cl4,114,114,1250.1115,P-1,2,triclinic,4,C Cl H S,True
4033851,H25C17NO2,H50 C34 N2 O4,90,90,718.3152,P2_1,4,monoclinic,4,C H N O,True
4033973,H13C11O2,H52 C44 O8,104,104,901.2909,P-1,2,triclinic,3,C H O,True
4034042,H20C16O,H80 C64 O4,148,148,1271.2998,P-1,2,triclinic,3,C H O,True
4034063,H14C16N2O,H56 C64 N8 O4,132,132,1301.9228,P2_1/c,14,monoclinic,4,C H N O,True
4034231,H38(C6O)5,H76 C60 O10,146,146,1291.4299,P2_1,4,monoclinic,3,C H O,True
4034371,H9C15IBrNO,H18 C30 I2 Br2 N2 O2,56,56,696.7332,P-1,2,triclinic,6,Br C H I N O,True
4034374,BH13C16SBrN3OF2,B2 H26 C32 S2 Br2 N6 O2 F4,76,76,817.4239,P-1,2,triclinic,8,B Br C F H N O S,True
4034380,H14C17(NO)2,H56 C68 N8 O8,140,140,1359.4319,P2_1/c,14,monoclinic,4,C H N O,True
4034385,H15C18Br(NO3)2,H30 C36 Br2 N4 O12,84,84,913.1823,P-1,2,triclinic,5,Br C H N O,True
4034406,H18C18SO4,H36 C36 S2 O8,82,82,803.5034,P-1,2,triclinic,4,C H O S,True
4034430,H15C17O4F,H60 C68 O16 F4,148,148,1420.465,P2_1/c,14,monoclinic,4,C F H O,True
4034501,H25C24NO7,H50 C48 N2 O14,114,114,1089.1223,P-1,2,triclinic,4,C H N O,True
4034570,H21C24SNO6,H42 C48 S2 N2 O12,106,106,1059.9559,P-1,2,triclinic,5,C H N O S,True
4034575,H10C16ClO2F3,H20 C32 Cl2 O4 F6,64,64,670.0998,P-1,2,triclinic,5,C Cl F H O,True
4034610,H28C23N2O3,H56 C46 N4 O6,112,112,1028.9874,P2_1,4,monoclinic,4,C H N O,True
4034698,H13C19NO4,H26 C38 N2 O8,74,74,739.7313,P-1,2,triclinic,4,C H N O,True
4034702,H9C12SN2,H18 C24 S2 N4,48,48,491.7767,P-1,2,triclinic,4,C H N S,True
4034732,H13C16O3,H52 C64 O12,128,128,1203.4604,P2_1/c,14,monoclinic,3,C H O,True
4034921,H19C21N3O,H38 C42 N6 O2,88,88,842.6195,P-1,2,triclinic,4,C H N O,True
4034926,H12C12N2O,H48 C48 N8 O4,108,108,1003.4034,P2_1/c,14,monoclinic,4,C H N O,True
4035039,H20C19NOF3,H40 C38 N2 O2 F6,88,88,868.4645,P-1,2,triclinic,5,C F H N O,True
4035121,BH18C11N,B4 H72 C44 N4,124,124,1103.5777,P2_1/c,14,monoclinic,4,B C H N,True
4035167,H9C12N3O,H36 C48 N12 O4,100,100,1007.4107,P2_1/c,14,monoclinic,4,C H N O,True
4035195,H36C31O4,H72 C62 O8,142,142,1293.8392,P2_1,4,monoclinic,3,C H O,True
4035218,SiH10C6Se,Si4 H40 C24 Se4,72,72,873.0374,P2_1/c,14,monoclinic,4,C H Se Si,True
4035227,H12C23,H48 C92,140,140,1342.8116,P-1,2,triclinic,2,C H,True
4035306,H12C16N2O3,H24 C32 N4 O6,66,66,657.2818,P-1,2,triclinic,4,C H N O,True
4035309,H16C22N2O3,H32 C44 N4 O6,86,86,861.4514,P-1,2,triclinic,4,C H N O,True
4035371,H12C20N2O,H48 C80 N8 O4,140,140,1395.645,P2_12_12_1,19,orthorhombic,4,C H N O,True
4035402,ZnH18C8N2(ClO)2,Zn2 H36 C16 N4 Cl4 O4,66,66,631.2234,P-1,2,triclinic,6,C Cl H N O Zn,True
4035418,H13C18NO,H52 C72 N4 O4,132,132,1336.1119,P2/c,13,monoclinic,4,C H N O,True
4035438,H13C7BrNO2,H52 C28 Br4 N4 O8,96,96,899.1563,P2_1,4,monoclinic,5,Br C H N O,True
4035459,H15C15BrO2,H60 C60 Br4 O8,132,132,1334.9183,P2_12_12_1,19,orthorhombic,4,Br C H O,True
4035487,H22C19O4,H44 C38 O8,90,90,789.1432,P2_1,4,monoclinic,3,C H O,True
4035512,H11C11NO3,H44 C44 N4 O12,104,104,993.9841,P2_1/c,14,monoclinic,4,C H N O,True
4035517,H17C11NO2,H68 C44 N4 O8,124,124,1048.0108,P2_12_12_1,19,orthorhombic,4,C H N O,True
4035530,H20C27N2O3,H40 C54 N4 O6,104,104,1051.5249,P-1,2,triclinic,4,C H N O,True
4035595,H8C7O,H64 C56 O8,128,128,1151.6809,P1,1,triclinic,3,C H O,True
4035646,H12C10SNClO,H48 C40 S4 N4 Cl4 O4,104,104,1130.0669,Pna2_1,33,orthorhombic,6,C Cl H N O S,True
4035648,H15C17SNO2,H60 C68 S4 N4 O8,144,144,1450.7639,P2_12_12_1,19,orthorhombic,5,C H N O S,True
4035740,H14C16NClO2,H56 C64 N4 Cl4 O8,136,136,1419.3016,P2_1/c,14,monoclinic,5,C Cl H N O,True
4035768,H17(C7N)3,H34 C42 N6,82,82,800.0826,P-1,2,triclinic,3,C H N,True
4035847,H19C15SNO2,H38 C30 S2 N2 O4,76,76,680.5919,P-1,2,triclinic,5,C H N O S,True
4035870,H9C8O,H72 C64 O8,144,144,1153.1059,P2_1/c,14,monoclinic,3,C H O,True
4035885,H11C18NO2,H44 C72 N4 O8,128,128,1292.974,P2_1/c,14,monoclinic,4,C H N O,True
4035897,H7C9N2ClO2,H14 C18 N4 Cl2 O4,42,42,475.9233,P-1,2,triclinic,5,C Cl H N O,True
4036015,H7C9NO3,H28 C36 N4 O12,80,80,848.1972,P2_12_12_1,19,orthorhombic,4,C H N O,True
4036045,H30C20N2O3,H60 C40 N4 O6,110,110,962.8511,P2_1,4,monoclinic,4,C H N O,True
4036050,H21C20N3O,H42 C40 N6 O2,90,90,822.3804,P-1,2,triclinic,4,C H N O,True
4036078,H15C19(NO)3,H30 C38 N6 O6,80,80,806.7111,P-1,2,triclinic,4,C H N O,True
4036240,BH3C9N2(Cl2F)2,B2 H6 C18 N4 Cl8 F4,42,42,576.9791,P-1,2,triclinic,6,B C Cl F H N,True
4036242,BH7C15N2Cl4OF2,B2 H14 C30 N4 Cl8 O2 F4,64,64,817.1352,P-1,2,triclinic,7,B C Cl F H N O,True
4036272,H11C11N(Cl2O)2,H44 C44 N4 Cl16 O8,116,116,1395.6534,P2_1/c,14,monoclinic,5,C Cl H N O,True
4036334,H16C16N2O,H64 C64 N8 O4,140,140,1261.9772,P-1,2,triclinic,4,C H N O,True
4036335,H13C15NO,H52 C60 N4 O4,120,120,1129.1092,P2_1/c,14,monoclinic,4,C H N O,True
4036359,H13C14N3O,H52 C56 N12 O4,124,124,1184.7533,P-1,2,triclinic,4,C H N O,True
4036507,H8C8NO,H64 C64 N8 O8,144,144,1440.7299,P2_1/c,14,monoclinic,4,C H N O,True
4036604,H21C26SNO2,H42 C52 S2 N2 O4,102,102,1047.5129,P-1,2,triclinic,5,C H N O S,True
4036667,PH12C6NO5,P4 H48 C24 N4 O20,100,100,859.4531,P2_1/c,14,monoclinic,5,C H N O P,True
4036729,H12C17(OF3)2,H24 C34 O4 F12,74,74,813.0476,P-1,2,triclinic,4,C F H O,True
4036754,BH20C24N3F2,B2 H40 C48 N6 F4,100,100,966.6601,P-1,2,triclinic,5,B C F H N,True
4036813,H25C25NO5,H50 C50 N2 O10,112,112,1043.213,P2_1,4,monoclinic,4,C H N O,True
4036815,H17C22BrO4,H34 C44 Br2 O8,88,88,945.0692,P2_1,4,monoclinic,4,Br C H O,True
4036888,H3C3O,H36 C36 O12,84,84,771.8347,P-1,2,triclinic,3,C H O,True
4036892,H13C17NO,H52 C68 N4 O4,128,128,1275.7144,P2_1/c,14,monoclinic,4,C H N O,True
4036942,CsH5C14N4O,Cs4 H20 C56 N16 O4,100,100,1419.7514,P2_1/c,14,monoclinic,5,C Cs H N O,True
4037006,H22C24SN2O3,H44 C48 S2 N4 O6,104,104,1082.0207,P-1,2,triclinic,5,C H N O S,True
4037203,H16C10N4O5,H32 C20 N8 O10,70,70,652.3902,P2_1,4,monoclinic,4,C H N O,True
4037280,H27C32N7O2,H54 C64 N14 O4,136,136,1379.7239,P-1,2,triclinic,4,C H N O,True
4037320,H24C21SNO2F,H48 C42 S2 N2 O4 F2,100,100,968.9308,P2_1,4,monoclinic,6,C F H N O S,True
4037349,H23C17ClO5,H46 C34 Cl2 O10,92,92,858.1149,P2_1,4,monoclinic,4,C Cl H O,True
4037383,H23C26(NO)3,H46 C52 N6 O6,110,110,1066.7301,P-1,2,triclinic,4,C H N O,True
4037427,H16C16O5,H64 C64 O20,148,148,1322.596,P2_1/c,14,monoclinic,3,C H O,True
4037477,H12C19BrN,H24 C38 Br2 N2,66,66,680.3709,P-1,2,triclinic,4,Br C H N,True
4037618,H13C10O2F3,H52 C40 O8 F12,112,112,981.4987,P-1,2,triclinic,4,C F H O,True
4037632,H19C18NO4,H38 C36 N2 O8,84,84,788.2924,P2_1,4,monoclinic,4,C H N O,True
4037662,H5C2NO2,H15 C6 N3 O6,30,30,234.0568,P3_1,144,trigonal,4,C H N O,True
4037714,H20C18O,H40 C36 O2,78,78,668.422,P2_1,4,monoclinic,3,C H O,True
4037853,H13C13NO4,H52 C52 N4 O16,124,124,1188.9028,P2_1/c,14,monoclinic,4,C H N O,True
4037864,H11C6NClO2F3,H44 C24 N4 Cl4 O8 F12,96,96,917.5812,P2_1/c,14,monoclinic,6,C Cl F H N O,True
4037896,H6C7O2,H24 C28 O8,60,60,593.2949,P-1,2,triclinic,3,C H O,True
4037962,H10C11NO3,H40 C44 N4 O12,100,100,933.6399,P2_1,4,monoclinic,4,C H N O,True
4038020,H13C21N,H52 C84 N4,140,140,1391.9629,P2_1/c,14,monoclinic,3,C H N,True
4038058,FePH26C27NO,Fe1 P1 H26 C27 N1 O1,57,57,551.5844,P1,1,triclinic,6,C Fe H N O P,True
4038071,H5C2(NO)4,H20 C8 N16 O16,60,60,554.8785,P2_1/c,14,monoclinic,4,C H N O,True
4038189,H13C12S2N3O,H52 C48 S8 N12 O4,124,124,1271.1864,P2_1/c,14,monoclinic,5,C H N O S,True
4038253,H3C5NClO,H12 C20 N4 Cl4 O4,44,44,522.8067,P-1,2,triclinic,5,C Cl H N O,True
4038254,H19C19NO4,H57 C57 N3 O12,129,129,1232.2665,P3_1,144,trigonal,4,C H N O,True
4038255,H28C17F2,H56 C34 F4,94,94,769.9769,P-1,2,triclinic,3,C F H,True
4038293,H16C16SO4,H64 C64 S4 O16,148,148,1463.6261,P2_1/c,14,monoclinic,4,C H O S,True
4038300,PH19(C11O)2,P2 H38 C44 O4,88,88,907.313,P-1,2,triclinic,4,C H O P,True
4038517,SiH38C27(NO)2,Si2 H76 C54 N4 O4,140,140,1276.7185,P-1,2,triclinic,5,C H N O Si,True
4038529,H13C13NO5,H52 C52 N4 O20,128,128,1225.2566,P2_1/c,14,monoclinic,4,C H N O,True
4038811,P(H17C11)2,P2 H68 C44,114,114,930.2431,P-1,2,triclinic,3,C H P,True
4038844,H24C21(NO)2,H48 C42 N4 O4,98,98,942.8575,P-1,2,triclinic,4,C H N O,True
4038849,H12C13N2O,H48 C52 N8 O4,112,112,1131.2736,Pna2_1,33,orthorhombic,4,C H N O,True
4038863,H21C26NO2,H42 C52 N2 O4,100,100,966.3672,P2_1,4,monoclinic,4,C H N O,True
4038893,H13(C2N)5,H52 C40 N20,112,112,981.4108,P2_1/c,14,monoclinic,3,C H N,True
4038905,H35C25NO7,H70 C50 N2 O14,136,136,1294.0795,P2_1,4,monoclinic,4,C H N O,True
4038936,H19C18SN5O3,H38 C36 S2 N10 O6,92,92,913.8289,P-1,2,triclinic,5,C H N O S,True
4038955,H11C11SBrO4,H44 C44 S4 Br4 O16,112,112,1257.549,P2_12_12_1,19,orthorhombic,5,Br C H O S,True
4038959,H16C23(NO)2,H32 C46 N4 O4,86,86,857.2144,P-1,2,triclinic,4,C H N O,True
4039024,H5C3N2Cl,H20 C12 N8 Cl4,44,44,440.277,P2_1/c,14,monoclinic,4,C Cl H N,True
4060210,H19(C3N)8,H38 C48 N16,102,102,1076.0721,P-1,2,triclinic,3,C H N,True
4060308,Si2PH20WC13NO5,Si4 P2 H40 W2 C26 N2 O10,86,86,1022.9836,P-1,2,triclinic,7,C H N O P Si W,True
4060452,Si2H35C17(NO)3,Si4 H70 C34 N6 O6,120,120,1116.0525,P-1,2,triclinic,5,C H N O Si,True
4060461,Zr(HC)12,Zr4 H48 C48,100,100,961.4876,P2_1/c,14,monoclinic,3,C H Zr,True
4060558,NiP2H32C22Br2O,Ni2 P4 H64 C44 Br4 O2,120,120,1275.4168,P-1,2,triclinic,6,Br C H Ni O P,True
4060565,SiH31IrC20(SO2)2,Si2 H62 Ir2 C40 S4 O8,118,118,1187.827,P-1,2,triclinic,6,C H Ir O S Si,True
4061073,CrHgH8C14NClO3,Cr2 Hg2 H16 C28 N2 Cl2 O6,58,58,718.6575,P2_1,4,monoclinic,7,C Cl Cr H Hg N O,True
4061077,H18RuC11SeCl,H72 Ru4 C44 Se4 Cl4,128,128,1225.5637,P2_1/c,14,monoclinic,5,C Cl H Ru Se,True
4061313,FeGeH28C27,Fe2 Ge2 H56 C54,114,114,1093.7951,P-1,2,triclinic,4,C Fe Ge H,True
4061395,TiSiH62(C19N)2,Ti1 Si1 H62 C38 N2,104,104,940.1041,P1,1,triclinic,5,C H N Si Ti,True
4061498,H10PdC8I2(NO)2,H10 Pd1 C8 I2 N2 O2,25,25,340.9149,P-1,2,triclinic,6,C H I N O Pd,True
4061686,TiH17C10NCl2,Ti4 H68 C40 N4 Cl8,124,124,1227.55,P2_12_12_1,19,orthorhombic,5,C Cl H N Ti,True
4061881,FePH20C24N,Fe2 P2 H40 C48 N2,94,94,964.8199,P-1,2,triclinic,5,C Fe H N P,True
4062123,Cu4H2C25ClF20,Cu8 H4 C50 Cl2 F40,104,104,1340.6184,P-1,2,triclinic,5,C Cl Cu F H,True
4062196,FeSiMo2H26C33O4,Fe2 Si2 Mo4 H52 C66 O8,134,134,1419.0615,P-1,2,triclinic,6,C Fe H Mo O Si,True
4062200,HgPH21C25NCl,Hg2 P2 H42 C50 N2 Cl2,100,100,1099.6613,P-1,2,triclinic,6,C Cl H Hg N P,True
4062229,AlPH29OsC18N(Cl2O)2,Al2 P2 H58 Os2 C36 N2 Cl8 O4,114,114,1325.1655,Pmn2_1,31,orthorhombic,8,Al C Cl H N O Os P,True
4062632,AlH15C9NClO3,Al4 H60 C36 N4 Cl4 O12,120,120,1080.9324,P2_1/c,14,monoclinic,6,Al C Cl H N O,True
4062873,PH39PdC26N2Cl2O,P2 H78 Pd2 C52 N4 Cl4 O2,144,144,1393.1158,P-1,2,triclinic,7,C Cl H N O P Pd,True
4062966,H14Ru3C25N2(ClO4)2,H28 Ru6 C50 N4 Cl4 O16,108,108,1289.5975,P-1,2,triclinic,6,C Cl H N O Ru,True
4063385,BiH12C9N7,Bi4 H48 C36 N28,116,116,1244.3794,P2_1/c,14,monoclinic,4,Bi C H N,True
4063501,PH37RuC28NCl,P2 H74 Ru2 C56 N2 Cl2,138,138,1338.9434,P2_1,4,monoclinic,6,C Cl H N P Ru,True
4063582,MnH14C16NO3,Mn4 H56 C64 N4 O12,140,140,1425.9849,P-1,2,triclinic,5,C H Mn N O,True
4063805,BH25C29NF15,B2 H50 C58 N2 F30,142,142,1451.5384,P2_1,4,monoclinic,5,B C F H N,True
4063883,PH18C25S2N,P2 H36 C50 S4 N2,94,94,1010.4544,P-1,2,triclinic,5,C H N P S,True
4064682,H10C11S4,H40 C44 S16,100,100,1196.7369,P2_1/c,14,monoclinic,3,C H S,True
4064685,CrH14C13O4,Cr4 H56 C52 O16,128,128,1262.1062,P2_1/c,14,monoclinic,4,C Cr H O,True
4064776,H18AuC16N(ClO)2,H36 Au2 C32 N2 Cl4 O4,80,80,854.9951,P-1,2,triclinic,6,Au C Cl H N O,True
4064824,HfH42C29N2,Hf2 H84 C58 N4,148,148,1370.7649,P-1,2,triclinic,4,C H Hf N,True
4064878,FeP3H38C36N(Cl2F3)2,Fe1 P3 H38 C36 N1 Cl4 F6,89,89,975.5022,P1,1,triclinic,7,C Cl F Fe H N P,True
4064924,H13Pt(C2O)2,H52 Pt4 C16 O8,80,80,683.0329,P-1,2,triclinic,4,C H O Pt,True
4064949,H27AuC32IN3,H54 Au2 C64 I2 N6,128,128,1414.3048,P2_1,4,monoclinic,5,Au C H I N,True
4065015,CrSi2H34C14S2NCl,Cr2 Si4 H68 C28 S4 N2 Cl2,110,110,1094.8756,P-1,2,triclinic,7,C Cl Cr H N S Si,True
4065116,Sb(H5C2)2,Sb4 H40 C16,60,60,622.7159,P-1,2,triclinic,3,C H Sb,True
4065117,Bi(H5C2)2,Bi4 H40 C16,60,60,621.5639,P2_1/c,14,monoclinic,3,Bi C H,True
4065142,ZnPH25C28,Zn2 P2 H50 C56,110,110,1155.5302,P-1,2,triclinic,4,C H P Zn,True
4065209,PH18PtC23N7F6,P2 H36 Pt2 C46 N14 F12,112,112,1148.2691,P-1,2,triclinic,6,C F H N P Pt,True
4065230,PH27PtC26,P2 H54 Pt2 C52,110,110,1077.4841,P-1,2,triclinic,4,C H P Pt,True
4065240,FeH14C19O2,Fe4 H56 C76 O8,144,144,1443.4182,P2_1/c,14,monoclinic,4,C Fe H O,True
4065317,FeP2H38C22N4(ClO)2,Fe2 P4 H76 C44 N8 Cl4 O4,142,142,1406.459,P2_1,4,monoclinic,7,C Cl Fe H N O P,True
4065319,FePH19C11S(BrN)2,Fe2 P2 H38 C22 S2 Br4 N4,74,74,833.1888,P-1,2,triclinic,7,Br C Fe H N P S,True
4065607,P2H31PdC28IN2O5,P4 H62 Pd2 C56 I2 N4 O10,140,140,1489.0083,P1,1,triclinic,7,C H I N O P Pd,True
4065688,TiH17C22N2Cl2OF,Ti2 H34 C44 N4 Cl4 O2 F2,92,92,1178.1951,P-1,2,triclinic,7,C Cl F H N O Ti,True
4065850,MnSi2(H5C4)6,Mn2 Si4 H60 C48,114,114,1116.4983,P2_1/c,14,monoclinic,4,C H Mn Si,True
4066406,FeBH19C15Br2,Fe2 B2 H38 C30 Br4,76,76,787.9648,P-1,2,triclinic,5,B Br C Fe H,True
4067046,Fe2PH17C16S2O7,Fe4 P2 H34 C32 S4 O14,90,90,1009.9711,P-1,2,triclinic,6,C Fe H O P S,True
4067243,H30PtC23SN2(ClO)2,H60 Pt2 C46 S2 N4 Cl4 O4,122,122,1262.5038,P-1,2,triclinic,7,C Cl H N O Pt S,True
4067533,TiH17C28N4ClOF2,Ti2 H34 C56 N8 Cl2 O2 F4,108,108,1219.4055,P-1,2,triclinic,7,C Cl F H N O Ti,True
4067559,PH31(C11O2)2,P2 H62 C44 O8,116,116,1059.7711,P-1,2,triclinic,4,C H O P,True
4067790,H28PtC29(NO)2,H56 Pt2 C58 N4 O4,124,124,1196.8955,P-1,2,triclinic,5,C H N O Pt,True
4067989,PH10C5N2F5,P4 H40 C20 N8 F20,92,92,848.5585,P2_1/c,14,monoclinic,5,C F H N P,True
4068327,TiH27C22N3,Ti2 H54 C44 N6,106,106,998.4477,P-1,2,triclinic,4,C H N Ti,True
4068719,NiPH18C19N4ClF6,Ni2 P2 H36 C38 N8 Cl2 F12,100,100,1065.3803,P-1,2,triclinic,7,C Cl F H N Ni P,True
4069024,P2H33PdC34Br,P4 H66 Pd2 C68 Br2,142,142,1480.9932,P-1,2,triclinic,5,Br C H P Pd,True
4069243,H3C4OF,H48 C64 O16 F16,144,144,1447.0454,Pbca,61,orthorhombic,4,C F H O,True
4069482,H16Pt(C3S)4,H64 Pt4 C48 S16,132,132,1482.7966,P2_1/c,14,monoclinic,4,C H Pt S,True
4069693,H19Pd2C15N5Cl4,H38 Pd4 C30 N10 Cl8,90,90,1085.7707,P-1,2,triclinic,5,C Cl H N Pd,True
4069755,BH31C27(NF3)2,B2 H62 C54 N4 F12,134,134,1294.9972,P-1,2,triclinic,5,B C F H N,True
4070043,SiH20(C5O2)2,Si4 H80 C40 O16,140,140,1336.4436,P2_1/c,14,monoclinic,4,C H O Si,True
4070678,CoH14C12ClO,Co4 H56 C48 Cl4 O4,116,116,1089.0142,P2_1/c,14,monoclinic,5,C Cl Co H O,True
4070702,Fe2PH22C27S2NO7,Fe4 P2 H44 C54 S4 N2 O14,124,124,1405.1144,P-1,2,triclinic,7,C Fe H N O P S,True
4070736,AlSi2H46C23NO,Al2 Si4 H92 C46 N2 O2,148,148,1350.0057,P2_1,4,monoclinic,6,Al C H N O Si,True
4070808,H30C21N4,H60 C42 N8,110,110,978.5364,P-1,2,triclinic,3,C H N,True
4070905,ZnPH31C31N4,Zn2 P2 H62 C62 N8,136,136,1364.2424,P-1,2,triclinic,5,C H N P Zn,True
4071114,MnH19C23O5,Mn2 H38 C46 O10,96,96,1007.2371,P-1,2,triclinic,4,C H Mn O,True
4071141,P2H33C30N,P4 H66 C60 N2,132,132,1300.4626,P-1,2,triclinic,4,C H N P,True
4071505,SnH20C18S2(O3F2)3,Sn2 H40 C36 S4 O18 F12,112,112,1204.0529,P-1,2,triclinic,6,C F H O S Sn,True
4071724,Fe(H8C7)2,Fe4 H64 C56,124,124,1121.8173,P2_1/c,14,monoclinic,3,C Fe H,True
4072174,B10H15C4NO,B40 H60 C16 N4 O4,124,124,1163.7868,P2_12_12_1,19,orthorhombic,5,B C H N O,True
4072305,NiPH27C28SO5,Ni2 P2 H54 C56 S2 O10,126,126,1250.1144,P-1,2,triclinic,6,C H Ni O P S,True
4072332,H37OsC29N3O4,H74 Os2 C58 N6 O8,148,148,1383.3499,P-1,2,triclinic,5,C H N O Os,True
4072360,H11C11N3O2,H44 C44 N12 O8,108,108,997.9922,P2_1/c,14,monoclinic,4,C H N O,True
4072455,PH33IrC21S2N,P2 H66 Ir2 C42 S4 N2,118,118,1166.0858,P-1,2,triclinic,6,C H Ir N P S,True
4072665,FeH19C25SN,Fe2 H38 C50 S2 N2,94,94,967.0356,P-1,2,triclinic,5,C Fe H N S,True
4072736,H30Os2C20Br4O,H60 Os4 C40 Br8 O2,114,114,1267.0652,P2_1/c,14,monoclinic,5,Br C H O Os,True
4073111,SnH43C22O,Sn2 H86 C44 O2,134,134,1156.9893,P-1,2,triclinic,4,C H O Sn,True
4073113,SnH12C10Cl3,Sn2 H24 C20 Cl6,52,52,620.953,P-1,2,triclinic,4,C Cl H Sn,True
4073297,H5PdC4S(OF)3,H30 Pd6 C24 S6 O18 F18,102,102,1225.8149,R-3,148,trigonal,6,C F H O Pd S,True
4073322,CrH15RuC21NO7,Cr2 H30 Ru2 C42 N2 O14,92,92,1007.4895,P-1,2,triclinic,6,C Cr H N O Ru,True
4073390,V2Sn(H8C9)4,V4 Sn2 H64 C72,142,142,1424.7221,P-1,2,triclinic,4,C H Sn V,True
4073550,MnH9C10(NO)2,Mn4 H36 C40 N8 O8,96,96,1059.1657,P2_1/c,14,monoclinic,5,C H Mn N O,True
4073696,H26PtC17SBr2N2Cl6O,H52 Pt2 C34 S2 Br4 N4 Cl12 O2,112,112,1440.8949,P2_1/m,11,monoclinic,8,Br C Cl H N O Pt S,True
4073750,H32AuC25S2N3(O2F3)2,H64 Au2 C50 S4 N6 O8 F12,146,146,1408.8652,P-1,2,triclinic,7,Au C F H N O S,True
4073813,FeH11C19O4F3,Fe2 H22 C38 O8 F6,76,76,851.3742,P-1,2,triclinic,5,C F Fe H O,True
4073964,MoP2H30(C4O)10,Mo1 P2 H30 C40 O10,83,83,908.3086,P-1,2,triclinic,5,C H Mo O P,True
4073999,SiH22(C6O)3,Si2 H44 C36 O6,88,88,864.5995,P-1,2,triclinic,4,C H O Si,True
4074003,SiH25C23ClO5,Si2 H50 C46 Cl2 O10,110,110,1089.3599,P-1,2,triclinic,5,C Cl H O Si,True
4074320,LiH28C19NO3,Li2 H56 C38 N2 O6,104,104,926.0709,P-1,2,triclinic,5,C H Li N O,True
4074507,P2H39IrC23O3,P4 H78 Ir2 C46 O6,136,136,1255.6086,P-1,2,triclinic,5,C H Ir O P,True
4074631,H22Ru2C29O5,H44 Ru4 C58 O10,116,116,1245.6105,P-1,2,triclinic,4,C H O Ru,True
4074671,TiSi2H30C19SN2,Ti2 Si4 H60 C38 S2 N4,110,110,1115.8865,P-1,2,triclinic,6,C H N S Si Ti,True
4074819,SiBP(H7C6)4,Si2 B2 P2 H56 C48,110,110,1106.9066,P2_1,4,monoclinic,5,B C H P Si,True
4074834,H21C19N(OF3)2,H42 C38 N2 O4 F12,98,98,969.2842,P-1,2,triclinic,5,C F H N O,True
4074843,BH15C11O3,B2 H30 C22 O6,60,60,539.3277,P-1,2,triclinic,4,B C H O,True
4075274,NiP3H32C13S(OF)3,Ni2 P6 H64 C26 S2 O6 F6,112,112,1095.2315,P-1,2,triclinic,7,C F H Ni O P S,True
4075285,TiH24C20NCl3,Ti2 H48 C40 N2 Cl6,98,98,1032.8085,P-1,2,triclinic,5,C Cl H N Ti,True
4075483,PH34IrC30SN2O,P2 H68 Ir2 C60 S2 N4 O2,140,140,1421.4677,P-1,2,triclinic,7,C H Ir N O P S,True
4075484,ZnH22C20(NF5)2,Zn2 H44 C40 N4 F20,110,110,1120.4407,P-1,2,triclinic,5,C F H N Zn,True
4075562,ZnH17C12NO,Zn2 H34 C24 N2 O2,64,64,600.5602,P-1,2,triclinic,5,C H N O Zn,True
4075590,H35WC29NO,H70 W2 C58 N2 O2,134,134,1284.3857,P-1,2,triclinic,5,C H N O W,True
4075721,FeH14(C8Se)2,Fe1 H14 C16 Se2,33,33,372.639,P1,1,triclinic,4,C Fe H Se,True
4075815,HfH32C24N2O,Hf2 H64 C48 N4 O2,120,120,1106.9771,P-1,2,triclinic,5,C H Hf N O,True
4075985,H17OsC10,H68 Os4 C40,112,112,1013.5417,P2/c,13,monoclinic,3,C H Os,True
4076140,PH38PtC26N3,P2 H76 Pt2 C52 N6,138,138,1232.5135,P-1,2,triclinic,5,C H N P Pt,True
4076182,AgH18C11N2Cl,Ag4 H72 C44 N8 Cl4,132,132,1362.3405,P4_12_12,92,tetragonal,5,Ag C Cl H N,True
4076568,Si2PH29C30S2O,Si4 P2 H58 C60 S4 O2,130,130,1469.1767,P-1,2,triclinic,6,C H O P S Si,True
4076684,GeTeH22C26O,Ge2 Te2 H44 C52 O2,102,102,1134.0455,P-1,2,triclinic,5,C Ge H O Te,True
4076774,SiH27Ru3(C9O2)3,Si2 H54 Ru6 C54 O12,128,128,1409.5404,P-1,2,triclinic,5,C H O Ru Si,True
4076972,SnH18C16(ClO)2,Sn3 H54 C48 Cl6 O6,117,117,1261.9219,P3_2,145,trigonal,5,C Cl H O Sn,True
4077151,B14H24OsC8,B28 H48 Os2 C16,94,94,846.4093,P-1,2,triclinic,4,B C H Os,True
4077655,AlSi2BiH38C17N2,Al2 Si4 Bi2 H76 C34 N4,122,122,1276.8022,P-1,2,triclinic,6,Al Bi C H N Si,True
4077732,TiH19C11NCl2O3,Ti4 H76 C44 N4 Cl8 O12,148,148,1462.3749,P2_1/c,14,monoclinic,6,C Cl H N O Ti,True
4077738,FeB2P2H38(C18O)2,Fe1 B2 P2 H38 C36 O2,81,81,819.7706,P1,1,triclinic,6,B C Fe H O P,True
4077767,Cr2PH13(C7O2)2,Cr8 P4 H52 C56 O16,136,136,1490.7324,Pccn,56,orthorhombic,5,C Cr H O P,True
4077773,ZrH37C24NCl,Zr2 H74 C48 N2 Cl2,128,128,1150.0346,P-1,2,triclinic,5,C Cl H N Zr,True
4077900,PH4WC6O5,P2 H8 W2 C12 O10,34,34,474.4073,P-1,2,triclinic,5,C H O P W,True
4078126,B10H16C9,B40 H64 C36,140,140,1347.3938,P2_12_12_1,19,orthorhombic,3,B C H,True
4078193,GaH16C16NCl2O3,Ga2 H32 C32 N2 Cl4 O6,78,78,835.099,P-1,2,triclinic,6,C Cl Ga H N O,True
4078298,H31RuC20NO2,H62 Ru2 C40 N2 O4,110,110,968.2014,P-1,2,triclinic,5,C H N O Ru,True
4078319,AgH16C13N2Cl,Ag2 H32 C26 N4 Cl2,66,66,676.3274,P-1,2,triclinic,5,Ag C Cl H N,True
4078324,H21PtC13SN2O4F3,H42 Pt2 C26 S2 N4 O8 F6,90,90,874.4075,P-1,2,triclinic,7,C F H N O Pt S,True
4078675,H11PtC10N2Cl,H44 Pt4 C40 N8 Cl4,100,100,1021.3355,P2_1/c,14,monoclinic,5,C Cl H N Pt,True
4078704,H21AuC21(BrN3)2,H42 Au2 C42 Br4 N12,102,102,1156.3638,P-1,2,triclinic,5,Au Br C H N,True
4079320,BPH27RuC22N7Cl2O3,B2 P2 H54 Ru2 C44 N14 Cl4 O6,128,128,1351.4324,P-1,2,triclinic,8,B C Cl H N O P Ru,True
4079347,ReH9C10NClO6,Re4 H36 C40 N4 Cl4 O24,112,112,1336.6342,P2_1/c,14,monoclinic,6,C Cl H N O Re,True
4079789,Si3(H11C4)2,Si12 H88 C32,132,132,1326.1134,P-1,2,triclinic,3,C H Si,True
4079814,GaH14C15NO2,Ga4 H56 C60 N4 O8,132,132,1369.4471,P2_12_12_1,19,orthorhombic,5,C Ga H N O,True
4080077,H15IrC18NOF4,H30 Ir2 C36 N2 O2 F8,80,80,804.0031,P-1,2,triclinic,6,C F H Ir N O,True
4080411,FeH23C19NO,Fe2 H46 C38 N2 O2,90,90,852.974,P-1,2,triclinic,5,C Fe H N O,True
4080421,BPH26C14O,B2 P2 H52 C28 O2,86,86,801.3015,P2_1,4,monoclinic,5,B C H O P,True
4080637,H25PdC24SN(Cl2O)2,H50 Pd2 C48 S2 N2 Cl8 O4,116,116,1316.252,P-1,2,triclinic,7,C Cl H N O Pd S,True
4080643,SiH16(C12Cl)2,Si2 H32 C48 Cl4,86,86,989.5785,P-1,2,triclinic,4,C Cl H Si,True
4080824,Mg2H30C12Br3N4Cl,Mg4 H60 C24 Br6 N8 Cl2,104,104,1082.5062,P-1,2,triclinic,6,Br C Cl H Mg N,True
4081062,PH29PtC33BrN,P2 H58 Pt2 C66 Br2 N2,132,132,1400.548,P-1,2,triclinic,6,Br C H N P Pt,True
4081189,TiH26C22N8(ClO2)2,Ti2 H52 C44 N16 Cl4 O8,126,126,1483.9081,P-1,2,triclinic,6,C Cl H N O Ti,True
4081240,Fe2PH9C14S2O7,Fe4 P2 H18 C28 S4 O14,70,70,897.3377,P-1,2,triclinic,6,C Fe H O P S,True
4081247,CrSiH16C19O3,Cr2 Si2 H32 C38 O6,80,80,913.3602,P-1,2,triclinic,5,C Cr H O Si,True
4081292,H20C26N8O,H40 C52 N16 O2,110,110,1084.0192,P-1,2,triclinic,4,C H N O,True
4081491,FeH15C17N2O3F,Fe2 H30 C34 N4 O6 F2,78,78,767.3624,P-1,2,triclinic,6,C F Fe H N O,True
4081493,FeH32(C11N)2,Fe2 H64 C44 N4,114,114,974.6656,P2_1/c,14,monoclinic,4,C Fe H N,True
4081561,FeH21C19N2(ClO2)3,Fe2 H42 C38 N4 Cl6 O12,104,104,1095.8339,P-1,2,triclinic,6,C Cl Fe H N O,True
4081834,H9RuC8ClO2,H36 Ru4 C32 Cl4 O8,84,84,887.2265,P2_1/c,14,monoclinic,5,C Cl H O Ru,True
4081850,BH30C18N,B2 H60 C36 N2,100,100,836.9864,P-1,2,triclinic,4,B C H N,True
4082075,TeH5RuC9BrO3,Te4 H20 Ru4 C36 Br4 O12,80,80,1217.939,P-1,2,triclinic,6,Br C H O Ru Te,True
4082105,H29(C8N)3,H58 C48 N6,112,112,1087.9149,P-1,2,triclinic,3,C H N,True
4082131,H8C10NO3F,H32 C40 N4 O12 F4,92,92,953.9377,P2_1/c,14,monoclinic,5,C F H N O,True
4082210,H3C5F2,H36 C60 F24,120,120,1280.1155,P2_12_12,18,orthorhombic,3,C F H,True
4082338,CrH15C17NO3,Cr4 H60 C68 N4 O12,148,148,1474.164,P2_1/c,14,monoclinic,5,C Cr H N O,True
4082340,CrH13C15NO2,Cr4 H52 C60 N4 O8,128,128,1244.2673,P2_1/c,14,monoclinic,5,C Cr H N O,True
4082354,FeH24C21N2Cl3,Fe2 H48 C42 N4 Cl6,102,102,1107.0433,P-1,2,triclinic,5,C Cl Fe H N,True
4082505,MnH11C10O3,Mn2 H22 C20 O6,50,50,504.7616,P2_1/m,11,monoclinic,4,C H Mn O,True
4082507,MnPH20(C6O)2,Mn4 P4 H80 C48 O8,144,144,1317.0819,Pnma,62,orthorhombic,5,C H Mn O P,True
4082642,H25RuC22NO2,H50 Ru2 C44 N2 O4,102,102,897.7142,P-1,2,triclinic,5,C H N O Ru,True
4082957,PH19C16S,P4 H76 C64 S4,148,148,1476.3371,P-1,2,triclinic,4,C H P S,True
4083198,AgMoH18C24SBr2N3O2,Ag2 Mo2 H36 C48 S2 Br4 N6 O4,104,104,1224.6366,P-1,2,triclinic,8,Ag Br C H Mo N O S,True
4083240,FePH21C23O7,Fe2 P2 H42 C46 O14,106,106,1087.0576,P-1,2,triclinic,5,C Fe H O P,True
4083507,NiH19C22Br2N3O,Ni2 H38 C44 Br4 N6 O2,96,96,1037.984,P-1,2,triclinic,6,Br C H N Ni O,True
4083582,H18PdC14(BrN)2,H18 Pd1 C14 Br2 N2,37,37,384.2664,P-1,2,triclinic,5,Br C H N Pd,True
4083714,P2H31PdC26N2ClO2,P4 H62 Pd2 C52 N4 Cl2 O4,130,130,1446.2364,P-1,2,triclinic,7,C Cl H N O P Pd,True
4084242,FeP2H33C34SNO,Fe2 P4 H66 C68 S2 N2 O2,146,146,1498.133,P-1,2,triclinic,7,C Fe H N O P S,True
4084928,P2H40Pt(C11F3)2,P4 H80 Pt2 C44 F12,142,142,1304.7146,P-1,2,triclinic,5,C F H P Pt,True
4085369,H39AuC27Br5N,H78 Au2 C54 Br10 N2,146,146,1496.6514,P-1,2,triclinic,5,Au Br C H N,True
4085431,SiBiH41C26(NCl)2,Si2 Bi2 H82 C52 N4 Cl4,146,146,1448.209,P-1,2,triclinic,6,Bi C Cl H N Si,True
4085523,Zr2B5H31C20,Zr4 B10 H62 C40,116,116,1090.0995,Pc,7,monoclinic,4,B C H Zr,True
4085947,KSiBH8(C4F3)2,K4 Si4 B4 H32 C32 F24,100,100,1136.1523,P-1,2,triclinic,6,B C F H K Si,True
4086458,PH30PdC32NO2,P2 H60 Pd2 C64 N2 O4,134,134,1282.2,P-1,2,triclinic,6,C H N O P Pd,True
4086609,P2H72Ru2PtC38,P2 H72 Ru2 Pt1 C38,115,115,1026.7949,P-1,2,triclinic,5,C H P Pt Ru,True
4086769,CoH16C11N5O2,Co4 H64 C44 N20 O8,140,140,1394.0062,Pna2_1,33,orthorhombic,5,C Co H N O,True
4086852,GaH17C19(NCl)3,Ga2 H34 C38 N6 Cl6,86,86,973.966,P-1,2,triclinic,5,C Cl Ga H N,True
4087602,BeH15C10Br,Be4 H60 C40 Br4,108,108,1046.6407,P-1,2,triclinic,4,Be Br C H,True
4087648,ThH41C30SeN,Th2 H82 C60 Se2 N2,148,148,1381.0347,P-1,2,triclinic,5,C H N Se Th,True
4087901,PH31C25O2,P2 H62 C50 O4,118,118,1147.219,P2_1,4,monoclinic,4,C H O P,True
4088029,FeH8(C5Cl)2,Fe4 H32 C40 Cl8,84,42,911.3306,C2/c,15,monoclinic,4,C Cl Fe H,True
4088182,P2H40RuC25O2,P4 H80 Ru2 C50 O4,140,140,1259.1205,P-1,2,triclinic,5,C H O P Ru,True
4088284,H12C15(NO)2,H24 C30 N4 O4,62,62,603.3848,P2_1,4,monoclinic,4,C H N O,True
4088416,Ni5H26(C9S4)2,Ni10 H52 C36 S16,114,114,1244.4947,P2_1/c,14,monoclinic,4,C H Ni S,True
4088505,SbH30RhC21(NF3)2,Sb2 H60 Rh2 C42 N4 F12,122,122,1206.7695,P-1,2,triclinic,6,C F H N Rh Sb,True
4088565,H12C14N,H48 C56 N4,108,108,984.9034,P2_1/c,14,monoclinic,3,C H N,True
4089327,H26PdC15N3ClO4,H52 Pd2 C30 N6 Cl2 O8,100,100,952.679,P-1,2,triclinic,6,C Cl H N O Pd,True
4089504,MoH14C17O2,Mo4 H56 C68 O8,136,136,1399.2712,P2_1/c,14,monoclinic,4,C H Mo O,True
4089505,MoH16(C9O)2,Mo4 H64 C72 O8,148,148,1479.6272,P2_1/c,14,monoclinic,4,C H Mo O,True
4089686,H26RuC22SNClO5,H52 Ru2 C44 S2 N2 Cl2 O10,114,114,1112.2104,P2_1,4,monoclinic,7,C Cl H N O Ru S,True
4089708,H18PdC16I2N4O,H36 Pd2 C32 I4 N8 O2,84,84,993.1622,P-1,2,triclinic,6,C H I N O Pd,True
4100266,ZrB10H33C22N3O,Zr2 B20 H66 C44 N6 O2,140,140,1357.1857,P-1,2,triclinic,6,B C H N O Zr,True
4100386,H16C12NOF3,H64 C48 N4 O4 F12,132,132,1223.6109,P2_1,4,monoclinic,5,C F H N O,True
4100409,H29C25N2ClO,H58 C50 N4 Cl2 O2,116,116,1102.4562,P2_1,4,monoclinic,5,C Cl H N O,True
4100580,H5C10SNF3,H20 C40 S4 N4 F12,80,40,893.4101,C2/m,12,monoclinic,5,C F H N S,True
4100614,H11C5N3O2,H44 C20 N12 O8,84,84,733.9894,P2_12_12_1,19,orthorhombic,4,C H N O,True
4100811,H13C16NO5,H52 C64 N4 O20,140,140,1383.8439,P2_1/c,14,monoclinic,4,C H N O,True
4100857,H19C22N3O,H38 C44 N6 O2,90,90,872.4364,P-1,2,triclinic,4,C H N O,True
4100940,H26C30N2O,H52 C60 N4 O2,118,118,1127.6992,P-1,2,triclinic,4,C H N O,True
4100960,H28C31O4,H56 C62 O8,126,126,1230.5874,P2_1,4,monoclinic,3,C H O,True
4100987,MnPH16C21O2,Mn2 P2 H32 C42 O4,82,82,893.4255,P-1,2,triclinic,5,C H Mn O P,True
4101255,H25C29N2ClO2,H50 C58 N4 Cl2 O4,118,118,1228.6677,P2_1,4,monoclinic,5,C Cl H N O,True
4101314,GaH12C16Se8(SCl)4,Ga2 H24 C32 Se16 S8 Cl8,90,90,1474.4598,P2_1/m,11,monoclinic,6,C Cl Ga H S Se,True
4101319,H14C15S4,H56 C60 S16,132,132,1469.9117,P-1,2,triclinic,3,C H S,True
4101329,CrH30C16S2NCl,Cr2 H60 C32 S4 N2 Cl2,102,102,965.4479,P-1,2,triclinic,6,C Cl Cr H N S,True
4101332,H7C7O2,H56 C56 O16,128,128,1157.1671,P-1,2,triclinic,3,C H O,True
4101379,H16C17BrNO2,H64 C68 Br4 N4 O8,148,148,1474.1612,P2_12_12_1,19,orthorhombic,5,Br C H N O,True
4101601,H10C13IN3,H40 C52 I4 N12,108,108,1179.6112,P2_1/c,14,monoclinic,4,C H I N,True
4101733,YP2H13C2O11,Y4 P8 H52 C8 O44,116,116,1100.3476,P2_1/c,14,monoclinic,5,C H O P Y,True
4102007,H18C21S2NO4F,H36 C42 S4 N2 O8 F2,94,94,993.4251,P-1,2,triclinic,6,C F H N O S,True
4102063,Cu2H3C8SO11,Cu8 H12 C32 S4 O44,100,100,1344.6492,P2_1/c,14,monoclinic,5,C Cu H O S,True
4102072,Cu2H3C8SO11,Cu8 H12 C32 S4 O44,100,100,1350.2774,P2_1/c,14,monoclinic,5,C Cu H O S,True
4102123,H42C33O7,H42 C33 O7,82,82,729.1174,P1,1,triclinic,3,C H O,True
4102147,H25PdC20Br2N3Cl2O,H50 Pd2 C40 Br4 N6 Cl4 O2,108,108,1227.2659,P-1,2,triclinic,7,Br C Cl H N O Pd,True
4102151,CoReH24C14N6(ClO)4,Co2 Re2 H48 C28 N12 Cl8 O8,108,108,1265.9726,P-1,2,triclinic,7,C Cl Co H N O Re,True
4102190,H4C6Se2S2N3,H16 C24 Se8 S8 N12,68,68,819.2116,P2_1/c,14,monoclinic,5,C H N S Se,True
4102297,H5C6Se,H40 C48 Se8,96,96,1102.3777,P2_12_12_1,19,orthorhombic,3,C H Se,True
4102365,CrH38C18N6(ClO)2,Cr2 H76 C36 N12 Cl4 O4,134,134,1213.4963,P-1,2,triclinic,6,C Cl Cr H N O,True
4102370,CoH48C38Br2(NO2)2,Co1 H48 C38 Br2 N2 O4,95,95,933.6263,P-1,2,triclinic,6,Br C Co H N O,True
4102542,H10IrC14ClF4,H40 Ir4 C56 Cl4 F16,120,120,1320.3255,P2_1,4,monoclinic,5,C Cl F H Ir,True
4102577,H40C29O6,H80 C58 O12,150,150,1314.4343,P2_1,4,monoclinic,3,C H O,True
4102609,Y4Mn(GaGe)6,Y8 Mn2 Ga12 Ge12,34,17,627.7717,Im-3m,229,cubic,4,Ga Ge Mn Y,False
4102714,B10H22C11O,B20 H44 C22 O2,88,88,797.3834,P2_1/m,11,monoclinic,4,B C H O,True
4102804,H19C11NO5,H38 C22 N2 O10,72,72,618.7519,P2_1,4,monoclinic,4,C H N O,True
4102894,AsS,As16 S16,32,32,803.7924,P2_1/c,14,monoclinic,2,As S,False
4102900,AsS,As16 S16,32,32,798.1227,P2_1/c,14,monoclinic,2,As S,False
4102914,AsS,As16 S16,32,32,799.3499,P2_1/c,14,monoclinic,2,As S,False
4102918,AsS,As16 S16,32,32,799.8969,P2_1/c,14,monoclinic,2,As S,False
4103001,HCN2,H8 C8 N16,32,32,332.3939,P2_1/c,14,monoclinic,3,C H N,True
4103153,KB6H2OF6,K4 B24 H8 O4 F24,64,64,735.7963,P2_1/c,14,monoclinic,5,B F H K O,False
4103199,FeH24C22N4O3,Fe2 H48 C44 N8 O6,108,108,1120.2696,P-1,2,triclinic,5,C Fe H N O,True
4103258,CeH11C17O9,Ce2 H22 C34 O18,76,76,836.7459,P2_1,4,monoclinic,4,C Ce H O,True
4103438,H9C13Br(OF3)2,H36 C52 Br4 O8 F24,124,124,1395.3332,P2_12_12_1,19,orthorhombic,5,Br C F H O,True
4103474,VH9C9O4,V4 H36 C36 O16,92,92,890.9001,P2_1/c,14,monoclinic,4,C H O V,True
4103493,TcH3C2(ClO)2,Tc2 H6 C4 Cl4 O4,20,20,275.4224,P-1,2,triclinic,5,C Cl H O Tc,True
4103524,H21C11N3O2,H84 C44 N12 O8,148,148,1272.4135,P2_1/c,14,monoclinic,4,C H N O,True
4103597,HCN5O3,H4 C4 N20 O12,40,20,448.6627,Cc,9,monoclinic,4,C H N O,True
4103675,H24C24Br3N,H48 C48 Br6 N2,104,104,1134.9529,P-1,2,triclinic,4,Br C H N,True
4103746,H13(C7O)2,H52 C56 O8,116,116,1139.5537,P2_12_12_1,19,orthorhombic,3,C H O,True
4103805,H4CN8,H8 C2 N16,26,26,264.5676,P2_1,4,monoclinic,3,C H N,True
4103811,CsCN7,Cs4 C4 N28,36,36,574.3765,P2_12_12_1,19,orthorhombic,3,C Cs N,True
4103814,CrH6(C3O)3,Cr2 H12 C18 O6,38,38,421.9117,P2_1/m,11,monoclinic,4,C Cr H O,True
4103869,H28(C8O3)3,H56 C48 O18,122,122,1113.1309,P-1,2,triclinic,3,C H O,True
4103870,H25(C11O4)2,H50 C44 O16,110,110,996.1764,P-1,2,triclinic,3,C H O,True
4103916,Gd5Si4,Gd20 Si16,36,36,853.7359,Pnma,62,orthorhombic,2,Gd Si,False
4103938,H14C15NClO2,H56 C60 N4 Cl4 O8,132,132,1334.024,P2_1/c,14,monoclinic,5,C Cl H N O,True
4103977,SiH36(C10O)2,Si2 H72 C40 O4,118,118,1047.1813,P-1,2,triclinic,4,C H O Si,True
4104381,SiH24C15(N2Cl)2,Si2 H48 C30 N8 Cl4,92,92,869.1193,P-1,2,triclinic,5,C Cl H N Si,True
4104408,H12Au(C3S2)6,H12 Au1 C18 S12,43,43,488.1427,P-1,2,triclinic,4,Au C H S,True
4104416,H14C12SO2,H28 C24 S2 O4,58,58,538.6135,P2_1,4,monoclinic,4,C H O S,True
4105040,Cu,Cu4,4,1,45.9562,Fm-3m,225,cubic,1,Cu,False
4105086,BH26C17NO2,B2 H52 C34 N2 O4,94,94,831.3876,P2_1,4,monoclinic,5,B C H N O,True
4105184,SrH4(C2O3)2,Sr4 H16 C16 O24,60,30,595.6108,C222_1,20,orthorhombic,4,C H O Sr,True
4105203,H28C24BrNO4,H56 C48 Br2 N2 O8,116,116,1125.8387,P2_1,4,monoclinic,5,Br C H N O,True
4105340,H5C7Se4N3Cl,H20 C28 Se16 N12 Cl4,80,80,937.6444,P-42_1m,113,tetragonal,5,C Cl H N Se,True
4105542,H39C24N2O9F,H78 C48 N4 O18 F2,150,150,1384.4009,P1,1,triclinic,5,C F H N O,True
4105757,H7C12IO2,H28 C48 I4 O8,88,88,1042.5555,P2_1/c,14,monoclinic,4,C H I O,True
4105887,H22C20S(NO)2,H44 C40 S2 N4 O4,94,94,902.5792,P-1,2,triclinic,5,C H N O S,True
4105915,KV2I3O13,K4 V8 I12 O52,76,38,1162.8107,Ima2,46,orthorhombic,4,I K O V,False
4106129,BH31C31S2,B2 H62 C62 S4,130,130,1332.6353,P-1,2,triclinic,4,B C H S,True
4106190,H17C18NCl2O5,H17 C18 N1 Cl2 O5,43,43,467.7496,P1,1,triclinic,5,C Cl H N O,True
4106356,H26C29IBrO6,H52 C58 I2 Br2 O12,126,126,1385.3881,P2_1,4,monoclinic,5,Br C H I O,True
4106450,ZnH13C5NO9,Zn4 H52 C20 N4 O36,116,116,1109.7252,P2_1/c,14,monoclinic,5,C H N O Zn,True
4106525,PH28C30N3(ClO)3,P2 H56 C60 N6 Cl6 O6,136,136,1487.3038,P-1,2,triclinic,6,C Cl H N O P,True
4106546,SrH11C11NO5,Sr3 H33 C33 N3 O15,87,87,961.3115,P3_1,144,trigonal,5,C H N O Sr,True
4106730,H29C31SN4O7F3,H58 C62 S2 N8 O14 F6,150,150,1487.7479,P2_1,4,monoclinic,6,C F H N O S,True
4106790,H5C5O,H40 C40 O8,88,88,788.7577,P2_12_12_1,19,orthorhombic,3,C H O,True
4106931,H21C11BrO3,H84 C44 Br4 O12,144,144,1222.6894,P2_1/c,14,monoclinic,4,Br C H O,True
4107009,H22C27N2O5,H44 C54 N4 O10,112,112,1109.7932,P2_1,4,monoclinic,4,C H N O,True
4107365,H8C9O2,H32 C36 O8,76,76,760.8906,P2_1/c,14,monoclinic,3,C H O,True
4107584,H6C7SO,H24 C28 S4 O4,60,60,621.1997,P-1,2,triclinic,4,C H O S,True
4107634,PH24C27S(O3F)3,P2 H48 C54 S2 O18 F6,130,130,1406.8498,P-1,2,triclinic,6,C F H O P S,True
4107643,H15C13SN2(O3F)3,H30 C26 S2 N4 O18 F6,86,86,914.6093,P-1,2,triclinic,6,C F H N O S,True
4107674,H7C9BrNF5,H28 C36 Br4 N4 F20,92,92,1082.8279,P2_1/c,14,monoclinic,5,Br C F H N,True
4107860,H5C8N,H40 C64 N8,112,112,1099.9381,P2_1/c,14,monoclinic,3,C H N,True
4107952,YH43C30,Y2 H86 C60,148,148,1268.0981,P-1,2,triclinic,3,C H Y,True
4108019,H9C8N3(O2F)2,H18 C16 N6 O8 F4,52,52,491.4992,P2_1,4,monoclinic,5,C F H N O,True
4108332,H31IrC28NCl3O4,H62 Ir2 C56 N2 Cl6 O8,136,136,1424.1573,P-1,2,triclinic,6,C Cl H Ir N O,True
4108420,H8C5O,H64 C40 O8,112,112,911.1301,P2_1,4,monoclinic,3,C H O,True
4108570,Fe3CuTeH20C17NO9,Fe6 Cu2 Te2 H40 C34 N2 O18,104,104,1208.1464,P-1,2,triclinic,7,C Cu Fe H N O Te,True
4108604,H5C7Se2S2BrN3,H20 C28 Se8 S8 Br4 N12,80,80,1070.018,P-42_1m,113,tetragonal,6,Br C H N S Se,True
4108652,H10C12NClO,H40 C48 N4 Cl4 O4,100,100,1019.5927,P2_12_12_1,19,orthorhombic,5,C Cl H N O,True
4108718,BH36C26IN2,B2 H72 C52 I2 N4,132,132,1268.5021,P-1,2,triclinic,5,B C H I N,True
4108786,BH18C25NO3,B2 H36 C50 N2 O6,96,96,978.4151,P-1,2,triclinic,5,B C H N O,True
4108927,H12RhC16NO7,H24 Rh2 C32 N2 O14,74,74,853.3537,P-1,2,triclinic,5,C H N O Rh,True
4108930,H12RhC16NO7,H24 Rh2 C32 N2 O14,74,74,834.328,P-1,2,triclinic,5,C H N O Rh,True
4108986,ZnH17C11,Zn4 H68 C44,116,116,1044.5809,P-1,2,triclinic,3,C H Zn,True
4109397,CuH12C7O11,Cu2 H24 C14 O22,62,62,526.3281,P-1,2,triclinic,4,C Cu H O,True
4109627,H5C6,H60 C72,132,132,1302.386,P2_1/c,14,monoclinic,2,C H,True
4109690,H10C14BrNO2,H40 C56 Br4 N4 O8,112,112,1223.9711,P2_1/c,14,monoclinic,5,Br C H N O,True
4109694,SiH34C21SO4,Si2 H68 C42 S2 O8,122,122,1136.8238,P2_1,4,monoclinic,5,C H O S Si,True
4109850,H6C12S4N2Cl2O,H12 C24 S8 N4 Cl4 O2,54,54,716.0216,P-1,2,triclinic,6,C Cl H N O S,True
4110017,H30C33NClO5,H60 C66 N2 Cl2 O10,140,140,1431.1646,P2_1,4,monoclinic,5,C Cl H N O,True
4110104,H5C9NClO2,H20 C36 N4 Cl4 O8,72,72,757.459,P2_1,4,monoclinic,5,C Cl H N O,True
4110105,H5C9BrNO2,H20 C36 Br4 N4 O8,72,72,803.17,P2_1/c,14,monoclinic,5,Br C H N O,True
4110140,H2C7INOF4,H8 C28 I4 N4 O4 F16,64,64,838.8313,P2_1/c,14,monoclinic,6,C F H I N O,True
4110332,H4C4SO,H32 C32 S8 O8,80,80,853.4231,P2_1/c,14,monoclinic,4,C H O S,True
4110413,H34C20SNClO6,H68 C40 S2 N2 Cl2 O12,126,126,1158.1197,P2_1,4,monoclinic,6,C Cl H N O S,True
4110514,H8C9,H64 C72,136,136,1342.1609,P-1,2,triclinic,2,C H,True
4110683,H3CN2O,H24 C8 N16 O8,56,56,478.2008,P2_1/c,14,monoclinic,4,C H N O,True
4110934,H13C12NO3,H26 C24 N2 O6,58,58,560.8545,P-1,2,triclinic,4,C H N O,True
4111002,PH37C19SN2,P2 H74 C38 S2 N4,120,120,1051.9044,P-1,2,triclinic,5,C H N P S,True
4111037,H28C20NO5,H56 C40 N2 O10,108,108,1017.016,P2_1,4,monoclinic,4,C H N O,True
4111046,H31C27NO8,H62 C54 N2 O16,134,134,1247.9203,P-1,2,triclinic,4,C H N O,True
4111051,P2H7C4S2NO6,P4 H14 C8 S4 N2 O12,44,44,469.7721,P-1,2,triclinic,6,C H N O P S,True
4111052,P2H9C4N3O7,P8 H36 C16 N12 O28,100,100,964.2664,P2_1/c,14,monoclinic,5,C H N O P,True
4111069,H12C8N4O3,H48 C32 N16 O12,108,108,1012.2518,P2_1,4,monoclinic,4,C H N O,True
4111528,H28C23N2O3,H56 C46 N4 O6,112,112,1020.3112,P2_1,4,monoclinic,4,C H N O,True
4111650,Si(H4C5)7,Si2 H56 C70,128,128,1339.7458,P-1,2,triclinic,3,C H Si,True
4111794,SiH41C26NO6,Si2 H82 C52 N2 O12,150,150,1390.7892,P2_1,4,monoclinic,5,C H N O Si,True
4111811,H29PdC17S3O8F3,H58 Pd2 C34 S6 O16 F6,122,122,1224.8814,P-1,2,triclinic,6,C F H O Pd S,True
4111861,H17C14S2NO3,H68 C56 S8 N4 O12,148,148,1483.8721,P2_12_12_1,19,orthorhombic,5,C H N O S,True
4112138,H20C21SNClO5,H40 C42 S2 N2 Cl2 O10,98,98,1030.4881,P-1,2,triclinic,6,C Cl H N O S,True
4112256,H2C2O,H32 C32 O16,80,80,809.2699,P2_1/c,14,monoclinic,3,C H O,True
4112263,H5C5ClO2,H40 C40 Cl8 O16,104,104,1152.2876,P2_1/c,14,monoclinic,4,C Cl H O,True
4112388,Li17(AgSn2)3,Li17 Ag3 Sn6,26,26,479.1302,P31m,157,trigonal,3,Ag Li Sn,False
4112846,H4C6S2N3,H32 C48 S16 N24,120,120,1440.1276,P-4,81,tetragonal,4,C H N S,True
4112921,SiH13RuC12NO3,Si2 H26 Ru2 C24 N2 O6,62,62,746.1966,P-1,2,triclinic,6,C H N O Ru Si,True
4112931,FeH20C10S2N3O,Fe4 H80 C40 S8 N12 O4,148,148,1314.9482,P2_1/c,14,monoclinic,6,C Fe H N O S,True
4112986,H10C12O,H40 C48 O4,92,92,934.8032,P2_12_12_1,19,orthorhombic,3,C H O,True
4112988,CrB6H32(C4O)2,Cr2 B12 H64 C16 O4,98,98,866.2181,P2_1/c,14,monoclinic,5,B C Cr H O,True
4113113,CeBe13,Ce8 Be104,112,28,1117.0944,Fm-3c,226,cubic,2,Be Ce,False
4113230,H25C15SNO,H50 C30 S2 N2 O2,86,86,757.63,P2_1,4,monoclinic,5,C H N O S,True
4113286,Cs2CrH12(SO7)2,Cs4 Cr2 H24 S4 O28,62,62,737.6989,P2_1/c,14,monoclinic,5,Cr Cs H O S,False
4113295,NiH10C14S2(NO)4,Ni2 H20 C28 S4 N8 O8,70,70,1015.752,P-1,2,triclinic,6,C H N Ni O S,True
4113361,H12C19N2,H48 C76 N8,132,132,1271.2701,P2_12_12_1,19,orthorhombic,3,C H N,True
4113793,ZnTeH10C3N2,Zn4 Te4 H40 C12 N8,68,68,722.7132,Pbcm,57,orthorhombic,5,C H N Te Zn,True
4113796,CdH4CSeN,Cd8 H32 C8 Se8 N8,64,64,806.1725,Pbca,61,orthorhombic,5,C Cd H N Se,True
4113880,H26C17O2,H52 C34 O4,90,90,752.7652,P2_1,4,monoclinic,3,C H O,True
4114137,H4C5(SeS)2,H16 C20 Se8 S8,52,52,1011.2016,P-1,2,triclinic,4,C H S Se,True
4114139,AlCuH4(CCl2)2,Al4 Cu4 H16 C8 Cl16,48,48,836.1534,Pnma,62,orthorhombic,5,Al C Cl Cu H,True
4114143,TiSiH34C20N3,Ti2 Si2 H68 C40 N6,118,118,1111.6116,P-1,2,triclinic,5,C H N Si Ti,True
4114184,H4C5S2N2O3,H8 C10 S4 N4 O6,32,32,364.0306,P-1,2,triclinic,5,C H N O S,True
4114263,H10C12O5,H40 C48 O20,108,108,1134.5807,P2_1/c,14,monoclinic,3,C H O,True
4114294,H30PdC12(NCl)2,H60 Pd2 C24 N4 Cl4,94,94,800.8484,P2_1/c,14,monoclinic,5,C Cl H N Pd,True
4114424,H16C11O3,H64 C44 O12,120,120,991.0496,P2_1/c,14,monoclinic,3,C H O,True
4114432,TiH10C12S(OF2)3,Ti4 H40 C48 S4 O12 F24,132,132,1428.2943,Pnma,62,orthorhombic,6,C F H O S Ti,True
4114441,H17C14NO,H68 C56 N4 O4,132,132,1156.7411,P2_1/c,14,monoclinic,4,C H N O,True
4114456,H4C6S(ClO)2,H16 C24 S4 Cl8 O8,60,60,807.4669,P2_1/c,14,monoclinic,5,C Cl H O S,True
4114493,H40C31(NO)2,H80 C62 N4 O4,150,150,1276.4558,P-1,2,triclinic,4,C H N O,True
4114527,B14P2H32Pd(C8Br)2,B28 P4 H64 Pd2 C32 Br4,134,134,1412.5855,P2_1/c,14,monoclinic,6,B Br C H P Pd,True
4114592,AsH20C20S12(O2F3)2,As1 H20 C20 S12 O4 F6,63,63,785.8532,P-1,2,triclinic,6,As C F H O S,True
4114895,H20C20BrNO3,H40 C40 Br2 N2 O6,90,90,953.5245,P2_1,4,monoclinic,5,Br C H N O,True
4114975,H6C5BrO2,H24 C20 Br4 O8,56,56,629.1207,P2_1/c,14,monoclinic,4,Br C H O,True
4114984,H8C10ClO2,H32 C40 Cl4 O8,84,84,886.5294,P2_1/c,14,monoclinic,4,C Cl H O,True
4115016,Dy4(B2O5)3,Dy16 B24 O60,100,50,962.5504,C2/c,15,monoclinic,3,B Dy O,False
4115180,MnH3C7O3,Mn2 H6 C14 O6,28,28,339.9398,P-1,2,triclinic,4,C H Mn O,True
4115230,YbH66C44S2N8(O5F2)3,Yb1 H66 C44 S2 N8 O15 F6,142,142,1348.4142,P1,1,triclinic,7,C F H N O S Yb,True
4115316,Ba3NaRu2O9,Ba6 Na2 Ru4 O18,30,30,432.1478,P6_3/mmc,194,hexagonal,4,Ba Na O Ru,False
4115369,TiH19C14ClO2,Ti4 H76 C56 Cl4 O8,148,148,1391.7354,P2_1/c,14,monoclinic,5,C Cl H O Ti,True
4115394,BC4OF9,B4 C16 O4 F36,60,60,779.5489,P2_1/c,14,monoclinic,4,B C F O,True
4115920,CrH17C21NCl3O10,Cr2 H34 C42 N2 Cl6 O20,106,106,1318.5827,P-1,2,triclinic,6,C Cl Cr H N O,True
4116000,SiH6C2NOF3,Si4 H24 C8 N4 O4 F12,56,56,589.2131,P2_1/c,14,monoclinic,6,C F H N O Si,True
4116176,PrH32C18(NO)11,Pr2 H64 C36 N22 O22,146,146,1410.5582,P-1,2,triclinic,5,C H N O Pr,True
4116270,H2C3,H48 C72,120,120,1163.6986,P2_12_12_1,19,orthorhombic,2,C H,True
4116287,H12C10SBrN4O3,H24 C20 S2 Br2 N8 O6,62,62,681.1176,P-1,2,triclinic,6,Br C H N O S,True
4116294,C4S3N5,C16 S12 N20,48,48,655.7436,P2_1/c,14,monoclinic,3,C N S,True
4116468,KH7C7O9,K4 H28 C28 O36,96,96,1015.3262,P2_1/c,14,monoclinic,4,C H K O,True
4116628,H23C24SNO5,H23 C24 S1 N1 O5,54,54,541.9292,P1,1,triclinic,5,C H N O S,True
4116629,H8C12SN2(OF)4,H16 C24 S2 N4 O8 F8,62,62,667.2918,P2_1/c,14,monoclinic,6,C F H N O S,True
4117019,ZnH60C60(NO4)4,Zn1 H60 C60 N4 O16,141,141,1387.2273,P-1,2,triclinic,5,C H N O Zn,True
4117046,AgH8C17SN2(OF)3,Ag2 H16 C34 S2 N4 O6 F6,70,70,871.1646,P-1,2,triclinic,7,Ag C F H N O S,True
4117082,H10C13(NO)4,H20 C26 N8 O8,62,62,649.627,P-1,2,triclinic,4,C H N O,True
4117093,H32(C9O2)3,H64 C54 O12,130,130,1264.0148,P-1,2,triclinic,3,C H O,True
4117100,C3F4,C12 F16,28,28,351.9645,Pbcn,60,orthorhombic,2,C F,True
4117128,H16C15NClO2,H64 C60 N4 Cl4 O8,140,140,1416.4127,P2_1/c,14,monoclinic,5,C Cl H N O,True
4117137,H16C15NClO2,H64 C60 N4 Cl4 O8,140,140,1451.348,P2_12_12_1,19,orthorhombic,5,C Cl H N O,True
4117157,H21C13N2,H42 C26 N4,72,72,594.9795,P-1,2,triclinic,3,C H N,True
4117380,H3C8S4N3ClO,H12 C32 S16 N12 Cl4 O4,80,80,1189.8787,Pna2_1,33,orthorhombic,6,C Cl H N O S,True
4117483,Ba3BiIr2O9,Ba12 Bi4 Ir8 O36,60,30,910.7035,C2/c,15,monoclinic,4,Ba Bi Ir O,False
4117484,Ba3BiIr2O9,Ba12 Bi4 Ir8 O36,60,30,902.5551,C2/c,15,monoclinic,4,Ba Bi Ir O,False
4117571,H16C15SN2O,H64 C60 S4 N8 O4,140,140,1376.9673,Pna2_1,33,orthorhombic,5,C H N O S,True
4117596,H18C19(NO)2,H36 C38 N4 O4,82,82,725.8133,P2_1,4,monoclinic,4,C H N O,True
4117623,KMnAg3(CN)6,K1 Mn1 Ag3 C6 N6,17,17,333.1005,P312,149,trigonal,5,Ag C K Mn N,True
4117641,H12C13S(NO)2,H48 C52 S4 N8 O8,120,120,1262.8743,P2_1/c,14,monoclinic,5,C H N O S,True
4117758,H17C16NO3,H34 C32 N2 O6,74,74,663.5746,P2_1,4,monoclinic,4,C H N O,True
4117897,H15C15ClO6,H30 C30 Cl2 O12,74,74,755.2599,P2_1,4,monoclinic,4,C Cl H O,True
4118099,H15C21Br(ClO3)2,H30 C42 Br2 Cl4 O12,90,90,1051.3465,P2_1,4,monoclinic,5,Br C Cl H O,True
4118116,H25C29NO4,H50 C58 N2 O8,118,118,1157.4137,P-1,2,triclinic,4,C H N O,True
4118149,LaB4ClO8,La4 B16 Cl4 O32,56,28,691.6026,Cc,9,monoclinic,4,B Cl La O,False
4118229,CoH30C24N5O,Co2 H60 C48 N10 O2,122,122,1056.0033,P-1,2,triclinic,5,C Co H N O,True
4118393,H18C19NClO2,H36 C38 N2 Cl2 O4,82,82,803.3704,P2_1,4,monoclinic,5,C Cl H N O,True
4118423,InH44C25I(NO)2,In2 H88 C50 I2 N4 O4,150,150,1342.7295,P-1,2,triclinic,6,C H I In N O,True
4118473,Fe2BP2H30C15S2NCl2(OF)4,Fe4 B2 P4 H60 C30 S4 N2 Cl4 O8 F8,126,126,1403.5223,P-1,2,triclinic,10,B C Cl F Fe H N O P S,True
4118597,H10C13,H40 C52,92,92,956.3021,P2_1,4,monoclinic,2,C H,True
4118624,P3(HC)14,P6 H28 C28,62,62,680.0723,P-1,2,triclinic,3,C H P,True
4118786,H13C12BrO2,H52 C48 Br4 O8,112,56,1138.1401,C2,5,monoclinic,4,Br C H O,True
4118863,H17C22NO2,H34 C44 N2 O4,84,84,831.2835,P-1,2,triclinic,4,C H N O,True
4118930,AlH18C9NCl3O,Al4 H72 C36 N4 Cl12 O4,132,132,1364.8466,Pnma,62,orthorhombic,6,Al C Cl H N O,True
4118936,Na3CoPCO7,Na6 Co2 P2 C2 O14,26,26,302.8009,P2_1/m,11,monoclinic,5,C Co Na O P,True
4119008,H17C14NO3,H68 C56 N4 O12,140,140,1330.927,P2_1,4,monoclinic,4,C H N O,True
4119071,B3H7N,B12 H28 N4,44,44,453.8119,P2_1/c,14,monoclinic,3,B H N,False
4119083,H27WC17(N3Cl5)2,H54 W2 C34 N12 Cl20,122,122,1481.1689,P-1,2,triclinic,5,C Cl H N W,True
4119192,PH19C13O4,P4 H76 C52 O16,148,148,1322.0832,P2_12_12_1,19,orthorhombic,4,C H O P,True
4119296,CrH10C13O3,Cr4 H40 C52 O12,108,108,1129.9365,P2_12_12_1,19,orthorhombic,4,C Cr H O,True
4119310,SiH16C11S,Si4 H64 C44 S4,116,116,1147.2976,P-1,2,triclinic,4,C H S Si,True
4119730,H11C8O3,H44 C32 O12,88,88,776.4649,P2_1,4,monoclinic,3,C H O,True
4119749,H19C16NO,H76 C64 N4 O4,148,148,1398.6318,P2_1,4,monoclinic,4,C H N O,True
4119753,H36C32N2O5,H72 C64 N4 O10,150,150,1429.9013,P2_1,4,monoclinic,4,C H N O,True
4120041,LiV2Ag(OF)4,Li2 V4 Ag2 O8 F8,24,24,276.2109,P2/c,13,monoclinic,5,Ag F Li O V,False
4120259,NbH10C10N3OF4,Nb4 H40 C40 N12 O4 F16,116,58,1198.7931,Cc,9,monoclinic,6,C F H N Nb O,True
4120328,B10H15C5F3,B40 H60 C20 F12,132,132,1268.5733,P-1,2,triclinic,4,B C F H,True
4120382,C6BrNF4,C48 Br8 N8 F32,96,48,1357.6917,C2/c,15,monoclinic,4,Br C F N,True
4120394,BH20C22Cl3,B2 H40 C44 Cl6,92,92,1054.1895,P-1,2,triclinic,4,B C Cl H,True
4120413,NiH56C28(NO)2,Ni1 H56 C28 N2 O2,89,89,719.3393,P1,1,triclinic,5,C H N Ni O,True
4120414,CoH56C28(NO)2,Co1 H56 C28 N2 O2,89,89,718.7893,P1,1,triclinic,5,C Co H N O,True
4120442,CuH16C30(N3O)2,Cu1 H16 C30 N6 O2,55,55,585.1061,P-1,2,triclinic,5,C Cu H N O,True
4120445,CuH16C30(N3O)2,Cu1 H16 C30 N6 O2,55,55,593.3979,P-1,2,triclinic,5,C Cu H N O,True
4120679,PH21(C3O)6,P1 H21 C18 O6,46,46,443.3673,P1,1,triclinic,4,C H O P,True
4120729,H27IrC30N3O2,H54 Ir2 C60 N6 O4,126,126,1220.0592,P-1,2,triclinic,5,C H Ir N O,True
4120730,H26IrC29N3O2,H52 Ir2 C58 N6 O4,122,122,1153.3691,P-1,2,triclinic,5,C H Ir N O,True
4120765,H21C29BrN4O3,H42 C58 Br2 N8 O6,116,116,1180.3039,P-1,2,triclinic,5,Br C H N O,True
4120803,SiH24C23(NO)2,Si2 H48 C46 N4 O4,104,104,1066.2495,P-1,2,triclinic,5,C H N O Si,True
4120816,H15C13SNO3,H60 C52 S4 N4 O12,132,132,1261.5803,P2_1/c,14,monoclinic,5,C H N O S,True
4120860,H12C11O5,H48 C44 O20,112,112,1090.352,P2_1/c,14,monoclinic,3,C H O,True
4120892,H19C18NO2,H38 C36 N2 O4,80,80,725.6724,P2_1,4,monoclinic,4,C H N O,True
4120893,H16C17NClO,H64 C68 N4 Cl4 O4,144,144,1481.359,P2_12_12_1,19,orthorhombic,5,C Cl H N O,True
4121257,Li(C3N2)2,Li2 C12 N8,22,22,333.351,P2/c,13,monoclinic,3,C Li N,True
4121326,SiB10H30C19F5,Si2 B20 H60 C38 F10,130,130,1279.1175,P-1,2,triclinic,5,B C F H Si,True
4121403,H27IrC23NCl5O2,H54 Ir2 C46 N2 Cl10 O4,118,118,1279.1373,P-1,2,triclinic,6,C Cl H Ir N O,True
4121413,Hg2Te4Xe3(O2F13)2,Hg4 Te8 Xe6 O8 F52,78,78,1345.7816,P2_1/c,14,monoclinic,5,F Hg O Te Xe,False
4121569,H12C12IOF,H48 C48 I4 O4 F4,108,108,1124.4198,P2_12_12_1,19,orthorhombic,5,C F H I O,True
4121667,H15C13O4F,H60 C52 O16 F4,132,132,1225.5665,P2_12_12_1,19,orthorhombic,4,C F H O,True
4122131,H17C19NO2,H34 C38 N2 O4,78,78,750.3105,P2_1,4,monoclinic,4,C H N O,True
4122316,H10C10NO,H40 C40 N4 O4,88,88,871.7892,P2_1,4,monoclinic,4,C H N O,True
4122416,H2C3N2O3,H16 C24 N16 O24,80,80,886.5907,P2_1/c,14,monoclinic,4,C H N O,True
4122431,H19C28IO,H38 C56 I2 O2,98,98,1062.0532,P-1,2,triclinic,4,C H I O,True
4122543,H3C5(ClO)2,H24 C40 Cl16 O16,96,96,1201.6898,P2_1/c,14,monoclinic,4,C Cl H O,True
4122569,PH17AuC21Br,P2 H34 Au2 C42 Br2,82,82,951.0506,P-1,2,triclinic,5,Au Br C H P,True
4123009,Ba(FeAs)2,Ba4 Fe8 As8,20,5,405.5676,I4/mmm,139,tetragonal,3,As Ba Fe,False
4123074,BH21C23N3ClO5,B2 H42 C46 N6 Cl2 O10,108,108,1113.8544,P-1,2,triclinic,6,B C Cl H N O,True
4123085,PH14C14SeN3,P4 H56 C56 Se4 N12,132,132,1404.4794,P2_1/c,14,monoclinic,5,C H N P Se,True
4123199,H16RhC10N2(ClO)3,H32 Rh2 C20 N4 Cl6 O6,70,70,786.311,P-1,2,triclinic,6,C Cl H N O Rh,True
4123294,H22C21NCl(O2F)2,H44 C42 N2 Cl2 O8 F4,102,102,1027.5433,P2_1,4,monoclinic,6,C Cl F H N O,True
4123425,H24C30N2O,H48 C60 N4 O2,114,114,1153.676,P-1,2,triclinic,4,C H N O,True
4123426,H25C29NO,H50 C58 N2 O2,112,112,1135.8489,P-1,2,triclinic,4,C H N O,True
4123476,H26C25,H52 C50,102,102,948.859,P-1,2,triclinic,2,C H,True
4123576,H14C20BrO3F13,H28 C40 Br2 O6 F26,102,102,1137.3795,P1,1,triclinic,5,Br C F H O,True
4123589,H12C12N2O5,H24 C24 N4 O10,62,62,602.8004,P-1,2,triclinic,4,C H N O,True
4123791,H9C13INOF7,H36 C52 I4 N4 O4 F28,128,128,1444.8243,P2_1/c,14,monoclinic,6,C F H I N O,True
4123973,Nb12O29,Nb24 O58,82,41,1144.9878,C2/m,12,monoclinic,2,Nb O,False
4124021,SrGaGeH,Sr1 Ga1 Ge1 H1,4,4,78.5441,P3m1,156,trigonal,4,Ga Ge H Sr,False
4124024,BaGaGeH,Ba1 Ga1 Ge1 H1,4,4,87.3673,P3m1,156,trigonal,4,Ba Ga Ge H,False
4124160,B10H20C16NF,B20 H40 C32 N2 F2,96,96,934.9852,P-1,2,triclinic,5,B C F H N,True
4124272,H7C3N9O2,H28 C12 N36 O8,84,84,783.3038,P2_1/c,14,monoclinic,4,C H N O,True
4124312,Os2C6SO6,Os8 C24 S4 O24,60,60,1034.6571,P-1,2,triclinic,4,C O Os S,True
4124606,H20C14SO3,H40 C28 S2 O6,76,76,718.3854,P2_1,4,monoclinic,4,C H O S,True
4124640,SbH2(NF2)3,Sb2 H4 N6 F12,24,24,293.8476,Pmc2_1,26,orthorhombic,4,F H N Sb,False
4124641,SN,S4 N4,8,8,136.9655,P2_1/c,14,monoclinic,2,N S,False
4124655,ThC2,Th4 C8,12,6,176.2329,C2/c,15,monoclinic,2,C Th,True
4124665,Nb3Os,Nb6 Os2,8,8,134.2964,Pm-3n,223,cubic,2,Nb Os,False
4124707,PICl6,P2 I2 Cl12,16,16,487.0464,P-42_1m,113,tetragonal,3,Cl I P,False
4125105,BH12C11N2F5,B4 H48 C44 N8 F20,124,124,1244.1332,P-1,2,triclinic,5,B C F H N,True
4125169,PH21C30SN2,P2 H42 C60 S2 N4,110,110,1165.8074,P-1,2,triclinic,5,C H N P S,True
4125309,H14C13O3,H56 C52 O12,120,120,1103.4252,P2_1/c,14,monoclinic,3,C H O,True
4125529,BH11C14N2(OF)2,B4 H44 C56 N8 O8 F8,128,128,1406.4433,P2_1/c,14,monoclinic,6,B C F H N O,True
4125544,BH16(C5O)2,B4 H64 C40 O8,116,116,1039.1621,P2_1/c,14,monoclinic,4,B C H O,True
4125701,H8C13BrClO2,H32 C52 Br4 Cl4 O8,100,100,1180.0399,P2_1/c,14,monoclinic,5,Br C Cl H O,True
4125704,H10C14INO4,H40 C56 I4 N4 O16,120,120,1375.5412,P2_12_12_1,19,orthorhombic,5,C H I N O,True
4125711,H9C14ClO3,H36 C56 Cl4 O12,108,108,1165.6095,P2_1/c,14,monoclinic,4,C Cl H O,True
4125820,BH12C14N2ClO2,B4 H48 C56 N8 Cl4 O8,128,64,1398.6887,C2/m,12,monoclinic,6,B C Cl H N O,True
4126037,H23C16NO3,H46 C32 N2 O6,86,86,714.1483,P-1,2,triclinic,4,C H N O,True
4126114,H6C8NO2,H24 C32 N4 O8,68,68,646.3855,P1,1,triclinic,4,C H N O,True
4126204,H15C13INOF,H60 C52 I4 N4 O4 F4,128,128,1348.3324,P2_1/c,14,monoclinic,6,C F H I N O,True
4126247,CuH19C27N3OF11,Cu2 H38 C54 N6 O2 F22,124,124,1324.5039,P-1,2,triclinic,6,C Cu F H N O,True
4126249,H12C11N2O5,H24 C22 N4 O10,60,60,592.0027,P2_1,4,monoclinic,4,C H N O,True
4126419,H17C22BrO2,H34 C44 Br2 O4,84,84,889.2142,P-1,2,triclinic,4,Br C H O,True
4126429,C3N5O4,C24 N40 O32,96,96,1123.862,Pca2_1,29,orthorhombic,3,C N O,True
4126472,H13C8NO3,H52 C32 N4 O12,100,100,869.2079,P2_1,4,monoclinic,4,C H N O,True
4126484,ReH12C18SN2O10F3,Re2 H24 C36 S2 N4 O20 F6,94,94,1124.1842,P-1,2,triclinic,7,C F H N O Re S,True
4126552,Cs3EuSi4(O5F)2,Cs6 Eu2 Si8 O20 F4,40,40,712.2382,P-1,2,triclinic,5,Cs Eu F O Si,False
4126630,H27C32SNO4,H54 C64 S2 N2 O8,130,130,1289.3017,P-1,2,triclinic,5,C H N O S,True
4127033,H19C20NO5,H38 C40 N2 O10,90,90,877.2175,P2_1,4,monoclinic,4,C H N O,True
4127050,H20C20SN2O,H40 C40 S2 N4 O2,88,88,869.227,P2_1,4,monoclinic,5,C H N O S,True
4127055,H18C13NCl,H72 C52 N4 Cl4,132,132,1283.1884,P2_1,4,monoclinic,4,C Cl H N,True
4127084,RbNaMgP2O7,Rb4 Na4 Mg4 P8 O28,48,24,751.6622,Cmc2_1,36,orthorhombic,5,Mg Na O P Rb,False
4127089,H7C7O,H56 C56 O8,120,120,1081.9968,P4_1,76,tetragonal,3,C H O,True
4127107,H13C15NO2,H26 C30 N2 O4,62,62,608.9463,P-1,2,triclinic,4,C H N O,True
4127143,H16C16NClO2,H64 C64 N4 Cl4 O8,144,144,1458.6835,P2_1/c,14,monoclinic,5,C Cl H N O,True
4127325,BH15AuC12Br2N2O3F4,B2 H30 Au2 C24 Br4 N4 O6 F8,80,80,1095.8759,P2_1,4,monoclinic,8,Au B Br C F H N O,True
4127670,H8C13N3O5F,H32 C52 N12 O20 F4,120,120,1213.0783,P2_1/c,14,monoclinic,5,C F H N O,True
4127676,H14C13O2,H56 C52 O8,116,116,1030.8291,P2_1,4,monoclinic,3,C H O,True
4127920,H14C19BrN2(O2F)3,H28 C38 Br2 N4 O12 F6,90,90,988.8739,P2_1,4,monoclinic,6,Br C F H N O,True
4128123,H9C15(SN)2,H36 C60 S8 N8,112,112,1267.1435,P2_1/c,14,monoclinic,4,C H N S,True
4128152,H33C22SNO6,H66 C44 S2 N2 O12,126,126,1187.2779,P2_1,4,monoclinic,5,C H N O S,True
4128226,H18C16N2O3,H36 C32 N4 O6,78,78,727.1835,P2_1,4,monoclinic,4,C H N O,True
4128320,ZnH26C30N2O5,Zn2 H52 C60 N4 O10,128,128,1312.6577,P-1,2,triclinic,5,C H N O Zn,True
4128358,Rb2HC3(NO)3,Rb8 H4 C12 N12 O12,48,24,652.636,Cmcm,63,orthorhombic,5,C H N O Rb,True
4128401,H13C12NO3,H52 C48 N4 O12,116,116,1070.8823,P2_1,4,monoclinic,4,C H N O,True
4128710,H22C16S(NO2)2,H44 C32 S2 N4 O8,90,90,834.019,P-1,2,triclinic,5,C H N O S,True
4128713,H7C8S2N2(OF)3,H28 C32 S8 N8 O12 F12,100,100,1197.0996,P2_1/c,14,monoclinic,6,C F H N O S,True
4128724,H16C15(NO)2,H64 C60 N8 O8,140,140,1306.1782,P2_1/c,14,monoclinic,4,C H N O,True
4128853,H27C25N5O2,H54 C50 N10 O4,118,118,1124.7888,P-1,2,triclinic,4,C H N O,True
4128952,H8C11IBrO3,H32 C44 I4 Br4 O12,96,96,1136.0126,P2_1/c,14,monoclinic,5,Br C H I O,True
4128969,CoH26C23N5,Co2 H52 C46 N10,110,110,1023.779,P-1,2,triclinic,4,C Co H N,True
4129037,CuNiH6C10(SN)4,Cu2 Ni2 H12 C20 S8 N8,52,52,751.5858,P4_2/mmc,131,tetragonal,6,C Cu H N Ni S,True
4129178,H27C24SNO6,H54 C48 S2 N2 O12,118,118,1116.0566,P1,1,triclinic,5,C H N O S,True
4129333,BH17C20NO2F,B2 H34 C40 N2 O4 F2,84,84,836.5909,P-1,2,triclinic,6,B C F H N O,True
4129341,BH15C19NO2F,B2 H30 C38 N2 O4 F2,78,78,775.6695,P-1,2,triclinic,6,B C F H N O,True
4129642,H16PtC7N6Cl2O,H32 Pt2 C14 N12 Cl4 O2,66,66,652.9594,P-1,2,triclinic,6,C Cl H N O Pt,True
4129792,H22C21O,H44 C42 O2,88,88,819.9554,P-1,2,triclinic,3,C H O,True
4129966,H8C9N3O,H32 C36 N12 O4,84,84,784.7526,P2_1/c,14,monoclinic,4,C H N O,True
4130131,FeH20C20S2N10(O3F2)3,Fe2 H40 C40 S4 N20 O18 F12,136,136,1412.3791,P-1,2,triclinic,7,C F Fe H N O S,True
4130199,SbH16C28(S2F3)2,Sb2 H32 C56 S8 F12,110,110,1273.2948,P-42_1c,114,tetragonal,5,C F H S Sb,True
4130209,B10PH40Ir(C9S)2,B20 P2 H80 Ir2 C36 S4,144,144,1389.0759,P-1,2,triclinic,6,B C H Ir P S,True
4130251,SiBH16C25O2F15,Si2 B2 H32 C50 O4 F30,120,120,1368.9769,P-1,2,triclinic,6,B C F H O Si,True
4130255,H17C13SNO4,H34 C26 S2 N2 O8,72,72,693.6048,P2_1,4,monoclinic,5,C H N O S,True
4130314,H4C5OF,H16 C20 O4 F4,44,44,428.5938,P1,1,triclinic,4,C F H O,True
4130406,H18C17O2,H72 C68 O8,148,148,1377.0185,P-1,2,triclinic,3,C H O,True
4130600,H5C7NCl2O,H20 C28 N4 Cl8 O4,64,64,758.6669,P2_1/c,14,monoclinic,5,C Cl H N O,True
4130601,H14C18NO2,H56 C72 N4 O8,140,140,1422.0615,P-1,2,triclinic,4,C H N O,True
4130684,H13C20N(ClO2)2,H26 C40 N2 Cl4 O8,80,80,869.199,P2_1,4,monoclinic,5,C Cl H N O,True
4130809,B10H19C6NO,B40 H76 C24 N4 O4,148,148,1358.9186,P2_1/c,14,monoclinic,5,B C H N O,True
4130852,H15C14N2ClO3,H30 C28 N4 Cl2 O6,70,70,698.5174,P-1,2,triclinic,5,C Cl H N O,True
4130999,H22C26F5,H44 C52 F10,106,106,1114.662,P-1,2,triclinic,3,C F H,True
4131087,H19C11NO4,H76 C44 N4 O16,140,140,1260.4767,P4_3,78,tetragonal,4,C H N O,True
4131337,H20C24N2O3,H40 C48 N4 O6,98,98,966.1583,P2_12_12,18,orthorhombic,4,C H N O,True
4131687,H7C10O,H28 C40 O4,72,72,724.4291,P2_1/c,14,monoclinic,3,C H O,True
4131718,H27C21NO2,H54 C42 N2 O4,102,102,843.8329,P2_1,4,monoclinic,4,C H N O,True
4131888,H15AuC24NF3,H30 Au2 C48 N2 F6,88,88,949.553,P-1,2,triclinic,5,Au C F H N,True
4131944,H26C23N2O7,H52 C46 N4 O14,116,116,1009.7413,P-1,2,triclinic,4,C H N O,True
4131971,H13C13S(NO3)2,H26 C26 S2 N4 O12,70,70,713.1157,P-1,2,triclinic,5,C H N O S,True
4132018,H16C13O3,H64 C52 O12,128,128,1161.0933,P2_12_12,18,orthorhombic,3,C H O,True
4132081,H12C12NClO2,H24 C24 N2 Cl2 O4,56,56,538.649,P-1,2,triclinic,5,C Cl H N O,True
4132126,B10H13C9IO,B20 H26 C18 I2 O2,68,68,760.348,P2_1,4,monoclinic,5,B C H I O,True
4132161,H14(C4O)3,H56 C48 O12,116,58,1014.3709,Cc,9,monoclinic,3,C H O,True
4132221,H7C7NO2,H56 C56 N8 O16,136,136,1290.0232,P2_1/c,14,monoclinic,4,C H N O,True
4132255,H25C21IO2,H50 C42 I2 O4,98,98,926.7673,P2_1,4,monoclinic,4,C H I O,True
4132329,ZnH34C50N6O,Zn1 H34 C50 N6 O1,92,92,1146.187,P1,1,triclinic,5,C H N O Zn,True
4132359,H15C15BrO4,H30 C30 Br2 O8,70,70,728.3872,P2_1,4,monoclinic,4,Br C H O,True
4132402,H19C20N3O4,H38 C40 N6 O8,92,92,901.2724,P-1,2,triclinic,4,C H N O,True
4133207,H12C15N2,H24 C30 N4,58,58,559.6537,P2_12_12,18,orthorhombic,3,C H N,True
4133291,Mn2H8W(C7N6)2,Mn4 H16 W2 C28 N24,74,74,995.8484,P-1,2,triclinic,5,C H Mn N W,True
4133309,H15C12NO3,H60 C48 N4 O12,124,124,1114.7368,P2_12_12_1,19,orthorhombic,4,C H N O,True
4133423,SiH37C25BrNClO4,Si2 H74 C50 Br2 N2 Cl2 O8,140,140,1362.5825,P-1,2,triclinic,7,Br C Cl H N O Si,True
4133842,KCeH68C28(NO)24,K1 Ce1 H68 C28 N24 O24,146,146,1255.7449,P-1,2,triclinic,6,C Ce H K N O,True
4133914,BH24C21NO3,B2 H48 C42 N2 O6,100,100,924.2002,P-1,2,triclinic,5,B C H N O,True
4133971,FeH10(C8F3)2,Fe2 H20 C32 F12,66,66,721.1675,P-1,2,triclinic,4,C F Fe H,True
4134468,H9C11SCl,H18 C22 S2 Cl2,44,44,490.8269,P2_1,4,monoclinic,4,C Cl H S,True
4134469,H13C15Cl,H52 C60 Cl4,116,58,1153.1313,Cc,9,monoclinic,3,C Cl H,True
4134530,In8Ir2Se,In32 Ir8 Se4,44,44,999.7602,P4_2/mnm,136,tetragonal,3,In Ir Se,False
4134703,H11C15NCl2O,H44 C60 N4 Cl8 O4,120,120,1330.2548,P2_1/c,14,monoclinic,5,C Cl H N O,True
4134763,B5H11C8SN,B20 H44 C32 S4 N4,104,104,1056.9518,P2_1/c,14,monoclinic,5,B C H N S,True
4134814,H16Pb2C7Br7N3,H32 Pb4 C14 Br14 N6,70,70,1134.6614,Pc,7,monoclinic,5,Br C H N Pb,True
4134932,H3C6NCl2O,H12 C24 N4 Cl8 O4,52,52,665.0729,P2_1/c,14,monoclinic,5,C Cl H N O,True
4134985,CuH11C13(NF3)2,Cu4 H44 C52 N8 F24,132,132,1448.6592,P2_1/c,14,monoclinic,5,C Cu F H N,True
4135061,GeH25C29NO2,Ge2 H50 C58 N2 O4,116,116,1182.6975,P-1,2,triclinic,5,C Ge H N O,True
4135088,H3C4NO,H36 C48 N12 O12,108,108,1129.4163,P-1,2,triclinic,4,C H N O,True
4135138,H20C18N2O,H40 C36 N4 O2,82,82,707.0923,P2_1,4,monoclinic,4,C H N O,True
4135139,H18C15(NO)2,H36 C30 N4 O4,74,74,632.6365,P2_1,4,monoclinic,4,C H N O,True
4135206,H15C18BrN4(OF)2,H30 C36 Br2 N8 O4 F4,84,84,881.6787,P2_1,4,monoclinic,6,Br C F H N O,True
4135330,H22C16BrNO2,H44 C32 Br2 N2 O4,84,84,819.2045,P2_1,4,monoclinic,5,Br C H N O,True
4135356,FeH24C20(NCl)2,Fe2 H48 C40 N4 Cl4,98,98,1002.5437,P4_2,77,tetragonal,5,C Cl Fe H N,True
4135453,H11C13N3,H22 C26 N6,54,54,557.9543,P-1,2,triclinic,3,C H N,True
4135514,PH16PbC5Br4N,P2 H32 Pb2 C10 Br8 N2,56,56,741.5066,P2_1,4,monoclinic,6,Br C H N P Pb,True
4135608,H2CNO2,H16 C8 N8 O16,48,48,475.9942,P-1,2,triclinic,4,C H N O,True
4300041,FePH21AuC29F5,Fe2 P2 H42 Au2 C58 F10,116,116,1252.0752,P-1,2,triclinic,6,Au C F Fe H P,True
4300229,H7CSN6O2F5,H14 C2 S2 N12 O4 F10,44,44,444.9486,P-1,2,triclinic,6,C F H N O S,True
4300230,H7CN7O4,H14 C2 N14 O8,38,38,364.541,Pc,7,monoclinic,4,C H N O,True
4300439,CoPH21C22(NO)4,Co2 P2 H42 C44 N8 O8,106,106,1104.4607,P-1,2,triclinic,6,C Co H N O P,True
4300502,ZnH22C13S(N3O)2,Zn2 H44 C26 S2 N12 O4,90,90,837.7261,P-1,2,triclinic,6,C H N O S Zn,True
4300591,Sr2SnSe3F2,Sr8 Sn4 Se12 F8,32,32,725.3922,Pnma,62,orthorhombic,4,F Se Sn Sr,False
4300659,H12C8IN3,H24 C16 I2 N6,48,48,545.4024,P-1,2,triclinic,4,C H I N,True
4300711,Co3H8C12(N4O3)2,Co6 H16 C24 N16 O12,74,74,845.1198,P2_1/c,14,monoclinic,5,C Co H N O,True
4300747,NiB2H32(C7O9)2,Ni1 B2 H32 C14 O18,67,67,596.6559,P-1,2,triclinic,5,B C H Ni O,True
4300774,ZnPH8C7N2O3,Zn4 P4 H32 C28 N8 O12,88,88,933.9445,P2_1/c,14,monoclinic,6,C H N O P Zn,True
4301397,Na2FeH25C10N7O9,Na4 Fe2 H50 C20 N14 O18,108,108,1108.9785,P2_1,4,monoclinic,6,C Fe H N Na O,True
4301512,FeSn4H24C8(Se5N)2,Fe2 Sn8 H48 C16 Se20 N4,98,49,1497.4382,I-4,82,tetragonal,6,C Fe H N Se Sn,True
4301583,H12WC10(S2O)2,H24 W2 C20 S8 O4,58,58,722.0055,P-1,2,triclinic,5,C H O S W,True
4301673,P2H30C22Cl2O,P4 H60 C44 Cl4 O2,114,114,1079.4815,P-1,2,triclinic,5,C Cl H O P,True
4302072,Pr2H25C24N3O17,Pr4 H50 C48 N6 O34,142,142,1426.432,P-1,2,triclinic,5,C H N O Pr,True
4302609,Eu2H22Pt3C42(N9O4)2,Eu2 H22 Pt3 C42 N18 O8,95,95,1272.3574,P-1,2,triclinic,6,C Eu H N O Pt,True
4302644,K3TlAu5,K12 Tl4 Au20,36,18,929.4502,Imma,74,orthorhombic,3,Au K Tl,False
4302794,Na2Mn(SO4)2,Na8 Mn4 S8 O32,52,26,660.4463,C2/c,15,monoclinic,4,Mn Na O S,False
4303016,K2Na2Sm4Ta2O13,K8 Na8 Sm16 Ta8 O52,92,46,1381.5072,C2/c,15,monoclinic,5,K Na O Sm Ta,False
4303064,H9C6N13,H36 C24 N52,112,112,1248.7917,P2_1/c,14,monoclinic,3,C H N,True
4303462,H12Au(C3S2)6,H12 Au1 C18 S12,43,43,546.7399,P-1,2,triclinic,4,Au C H S,True
4303533,BH9C25NF15,B2 H18 C50 N2 F30,102,102,1183.1046,P-1,2,triclinic,5,B C F H N,True
4303852,InPH6C6NO5,In4 P4 H24 C24 N4 O20,80,80,986.3918,P2_1/c,14,monoclinic,6,C H In N O P,True
4304178,CsSmCdTe3,Cs4 Sm4 Cd4 Te12,24,12,908.8877,Cmcm,63,orthorhombic,4,Cd Cs Sm Te,False
4304502,K(SnAu)3,K2 Sn6 Au6,14,14,330.9593,Pmmn,59,orthorhombic,3,Au K Sn,False
4304512,FeH34C28(N2O3)2,Fe2 H68 C56 N8 O12,146,146,1357.433,P2_1,4,monoclinic,5,C Fe H N O,True
4304513,CoH34C28(N2O3)2,Co2 H68 C56 N8 O12,146,146,1348.8566,P2_1,4,monoclinic,5,C Co H N O,True
4304689,H14IrC14NO3,H56 Ir4 C56 N4 O12,132,132,1444.0153,P-1,2,triclinic,5,C H Ir N O,True
4304876,PH16AuC6(N2F3)2,P4 H64 Au4 C24 N16 F24,136,136,1354.3855,Pnma,62,orthorhombic,6,Au C F H N P,True
4305056,NpP2H2CO8,Np4 P8 H8 C4 O32,56,56,738.2193,Pna2_1,33,orthorhombic,5,C H Np O P,True
4305058,U2P2H2CO14,U8 P8 H8 C4 O56,84,84,1275.0449,P2_1/c,14,monoclinic,5,C H O P U,True
4305172,P2H30PtC20(SN5)2,P2 H30 Pt1 C20 S2 N10,65,65,619.8013,P-1,2,triclinic,6,C H N P Pt S,True
4305210,ZnH28C34N2(OF)4,Zn2 H56 C68 N4 O8 F8,146,146,1490.4755,P2/c,13,monoclinic,6,C F H N O Zn,True
4305254,NiH18C10(N2O3)2,Ni2 H36 C20 N8 O12,78,78,749.5228,P2_1/c,14,monoclinic,5,C H N Ni O,True
4305436,CsUAgS3,Cs4 U4 Ag4 S12,24,12,653.0065,Cmcm,63,orthorhombic,4,Ag Cs S U,False
4305458,MoH4C(NO2)2,Mo6 H24 C6 N12 O24,72,72,723.1405,P2/c,13,monoclinic,5,C H Mo N O,True
4305462,UH18C17(N5O4)2,U2 H36 C34 N20 O16,108,108,1161.0931,P-1,2,triclinic,5,C H N O U,True
4305589,CoH6(C2N7)2,Co2 H12 C8 N28,50,50,522.5296,P-1,2,triclinic,4,C Co H N,True
4305673,Fe2H22C21S2N2O5,Fe4 H44 C42 S4 N4 O10,108,108,1166.6008,P-1,2,triclinic,6,C Fe H N O S,True
4305771,NaH16(C3N)4,Na4 H64 C48 N16,132,66,1282.3502,C2/c,15,monoclinic,4,C H N Na,True
4305979,H32RhC20S3N3Cl2O,H64 Rh2 C40 S6 N6 Cl4 O2,124,124,1248.1811,P-1,2,triclinic,7,C Cl H N O Rh S,True
4306090,K9Eu3Si12(O16F)2,K9 Eu3 Si12 O32 F2,58,58,888.3872,P-1,2,triclinic,5,Eu F K O Si,False
4306134,Co3H46(C10O13)2,Co3 H46 C20 O26,95,95,847.5267,P-1,2,triclinic,4,C Co H O,True
4306292,NiP2H40(C13N)2,Ni2 P4 H80 C52 N4,142,142,1310.3713,P-1,2,triclinic,5,C H N Ni P,True
4306343,PH22RuC21S(NF2)3,P2 H44 Ru2 C42 S2 N6 F12,110,110,1152.0598,P-1,2,triclinic,7,C F H N P Ru S,True
4306354,B5H10C5SO2,B20 H40 C20 S4 O8,92,92,962.7868,P-1,2,triclinic,5,B C H O S,True
4306569,EuH24C24N4Cl3O4,Eu2 H48 C48 N8 Cl6 O8,120,120,1271.4921,P-1,2,triclinic,6,C Cl Eu H N O,True
4306570,GdH24C24N4Cl3O4,Gd2 H48 C48 N8 Cl6 O8,120,120,1269.4706,P-1,2,triclinic,6,C Cl Gd H N O,True
4306676,FeH10(C2O)4,Fe2 H20 C16 O8,46,46,432.1035,P-1,2,triclinic,4,C Fe H O,True
4307397,MnH8(C3N2)4,Mn4 H32 C48 N32,116,116,1318.2279,P-1,2,triclinic,4,C H Mn N,True
4307508,CoH38C28IN3,Co2 H76 C56 I2 N6,142,142,1377.6256,P-1,2,triclinic,5,C Co H I N,True
4307549,NiCN2,Ni2 C2 N4,8,8,79.8426,P6_3/mmc,194,hexagonal,3,C N Ni,True
4307562,VH8C10N2F3,V2 H16 C20 N4 F6,48,24,462.5465,I222,23,orthorhombic,5,C F H N V,True
4307997,HgH13C9Cl,Hg2 H26 C18 Cl2,48,48,482.1743,P-1,2,triclinic,4,C Cl H Hg,True
4308056,PH21C23(S2O)2,P2 H42 C46 S8 O4,102,102,1129.3284,P2_1,4,monoclinic,5,C H O P S,True
4308289,Ag6Mo4H8C8(N4O5)3,Ag12 Mo8 H16 C16 N24 O30,106,106,1355.992,P-1,2,triclinic,6,Ag C H Mo N O,True
4308465,ZnPH17C14N4O5,Zn2 P2 H34 C28 N8 O10,84,84,808.791,P-1,2,triclinic,6,C H N O P Zn,True
4308468,NaSn2,Na16 Sn32,48,24,1387.8346,C2/m,12,monoclinic,2,Na Sn,False
4308566,CeH6C6SNO8,Ce2 H12 C12 S2 N2 O16,46,46,491.525,P-1,2,triclinic,6,C Ce H N O S,True
4308659,VAgHgO4,V4 Ag4 Hg4 O16,28,14,393.2507,C2,5,monoclinic,4,Ag Hg O V,False
4308739,CdB2XeF10,Cd4 B8 Xe4 F40,56,56,799.0416,P2_1/c,14,monoclinic,4,B Cd F Xe,False
4308888,AgPH8C10(N2F3)2,Ag4 P4 H32 C40 N16 F24,120,120,1404.2748,P2_1/c,14,monoclinic,6,Ag C F H N P,True
4309096,AgH10C16N4ClO6,Ag2 H20 C32 N8 Cl2 O12,76,76,884.8966,P-1,2,triclinic,6,Ag C Cl H N O,True
4309527,Cu3H30C18N6O7,Cu6 H60 C36 N12 O14,128,128,1253.3338,P-1,2,triclinic,5,C Cu H N O,True
4309676,ZnTe(H2N)4,Zn4 Te4 H32 N16,56,56,603.7161,P2_1,4,monoclinic,4,H N Te Zn,False
4309772,MnH11C19N3Cl2,Mn2 H22 C38 N6 Cl4,72,72,834.1696,P-1,2,triclinic,5,C Cl H Mn N,True
4309807,ZnSi2H39C25N3O2,Zn2 Si4 H78 C50 N6 O4,144,144,1424.2992,P-1,2,triclinic,6,C H N O Si Zn,True
4309929,H5C8N2ClO,H20 C32 N8 Cl4 O4,68,68,834.7533,P2_1/c,14,monoclinic,5,C Cl H N O,True
4309978,H11C15S2,H44 C60 S8,112,112,1226.2185,P-1,2,triclinic,3,C H S,True
4310030,Fe,Fe12,12,1,726.0225,P4/mmm,123,tetragonal,1,Fe,False
4310088,H10C11N3,H40 C44 N12,96,96,930.7883,P2_1/c,14,monoclinic,3,C H N,True
4310121,H14(C6N)3,H56 C72 N12,140,140,1381.2328,P2_1/c,14,monoclinic,3,C H N,True
4310159,CuH24C30N3O5,Cu2 H48 C60 N6 O10,126,126,1320.395,P-1,2,triclinic,5,C Cu H N O,True
4310196,MnH6C10S2O3,Mn4 H24 C40 S8 O12,88,88,1150.0682,P-1,2,triclinic,5,C H Mn O S,True
4310204,CuPH18C22BrN,Cu2 P2 H36 C44 Br2 N2,88,88,946.7183,P-1,2,triclinic,6,Br C Cu H N P,True
4310244,MnCo2H17(C10O3)3,Mn2 Co4 H34 C60 O18,118,118,1355.0839,P-1,2,triclinic,5,C Co H Mn O,True
4310245,H5C5S3N,H20 C20 S12 N4,56,56,693.9397,P-1,2,triclinic,4,C H N S,True
4310348,Cu3H22C48N6(ClO2)6,Cu3 H22 C48 N6 Cl6 O12,97,97,1142.2684,P-1,2,triclinic,6,C Cl Cu H N O,True
4310493,H8C9N3O,H32 C36 N12 O4,84,84,808.8294,P-1,2,triclinic,4,C H N O,True
4310581,NiH26(C11O7)2,Ni2 H52 C44 O28,126,126,1244.7618,P2_1/c,14,monoclinic,4,C H Ni O,True
4310704,PH12C8(NF2)3,P2 H24 C16 N6 F12,60,60,597.1466,P-1,2,triclinic,5,C F H N P,True
4310736,PdSe2,Pd4 Se8,12,12,259.4249,Pbca,61,orthorhombic,2,Pd Se,False
4310756,B7H16C5N,B28 H64 C20 N4,116,116,1093.3598,P-1,2,triclinic,4,B C H N,True
4310759,ReH14C13BrN2O3,Re2 H28 C26 Br2 N4 O6,68,68,772.9185,P-1,2,triclinic,6,Br C H N O Re,True
4310851,UH18C10(N4O7)2,U1 H18 C10 N8 O14,51,51,534.4333,P-1,2,triclinic,5,C H N O U,True
4310900,MnH26C24N7Cl2O5,Mn2 H52 C48 N14 Cl4 O10,130,130,1381.3926,P2_1,4,monoclinic,6,C Cl H Mn N O,True
4311040,MnH7C2N(ClO)2,Mn8 H56 C16 N8 Cl16 O16,120,60,1389.669,C2/c,15,monoclinic,6,C Cl H Mn N O,True
4311061,CdH24C24(N6Cl)2,Cd2 H48 C48 N24 Cl4,126,126,1420.0224,P2_1/c,14,monoclinic,5,C Cd Cl H N,True
4311117,AgB11H16C7N4,Ag2 B22 H32 C14 N8,78,78,817.7057,P-1,2,triclinic,5,Ag B C H N,True
4311265,BH20Pb(C2N)8,B2 H40 Pb2 C32 N16,92,92,995.3301,P-4n2,118,tetragonal,5,B C H N Pb,True
4311319,Ba7Al13,Ba7 Al13,20,20,556.4483,P-3m1,164,trigonal,2,Al Ba,False
4311323,Sr4Mg3Al5,Sr8 Mg6 Al10,24,24,669.7487,P6_3/mmc,194,hexagonal,3,Al Mg Sr,False
4311508,ZnH6C7N4O5,Zn4 H24 C28 N16 O20,92,92,903.263,P2_1/c,14,monoclinic,5,C H N O Zn,True
4311511,ZnH19C17(N5O2)3,Zn2 H38 C34 N30 O12,116,116,1113.9611,P-1,2,triclinic,5,C H N O Zn,True
4311526,CuReH7C5(NO4)2,Cu4 Re4 H28 C20 N8 O32,96,96,1079.4412,P2_1/c,14,monoclinic,6,C Cu H N O Re,True
4311607,H7(C3N2)2,H56 C48 N32,136,136,1296.8062,P2_1/c,14,monoclinic,3,C H N,True
4311686,Ba2Bi3,Ba4 Bi6,10,5,384.265,Immm,71,orthorhombic,2,Ba Bi,False
4311689,BiH14C7S2NO2,Bi2 H28 C14 S4 N2 O4,54,54,580.3646,P2_1,4,monoclinic,6,Bi C H N O S,True
4311763,CuH20C6S2(NO)4,Cu4 H80 C24 S8 N16 O16,148,148,1309.2088,P2_1/c,14,monoclinic,6,C Cu H N O S,True
4311828,P2H12C12O7,P8 H48 C48 O28,132,132,1319.6044,Pbcn,60,orthorhombic,4,C H O P,True
4311864,UH4(BrO2)2,U4 H16 Br8 O16,44,44,650.4696,P2_1/c,14,monoclinic,4,Br H O U,False
4312320,H11AuC7IN,H44 Au4 C28 I4 N4,84,84,965.4606,P2_1/c,14,monoclinic,5,Au C H I N,True
4312340,H14OsC17NCl,H56 Os4 C68 N4 Cl4,136,136,1395.4326,P-1,2,triclinic,5,C Cl H N Os,True
4312349,Fe2CuH26C38N4(OF3)4,Fe2 Cu1 H26 C38 N4 O4 F12,87,87,975.6534,P-1,2,triclinic,7,C Cu F Fe H N O,True
4312385,CsH13C14(NO2)2,Cs4 H52 C56 N8 O16,136,136,1479.626,P2_1/c,14,monoclinic,5,C Cs H N O,True
4312439,EuH17C20S2N4(O4F3)2,Eu2 H34 C40 S4 N8 O16 F12,116,116,1314.9725,P-1,2,triclinic,7,C Eu F H N O S,True
4312457,H11RhC19N3O4,H22 Rh2 C38 N6 O8,76,76,976.9121,P-1,2,triclinic,5,C H N O Rh,True
4312533,NiH30C20(NO)10,Ni2 H60 C40 N20 O20,142,142,1332.047,P2_1/c,14,monoclinic,5,C H N Ni O,True
4312537,H15C12N4O,H60 C48 N16 O4,128,128,1212.2741,P-1,2,triclinic,4,C H N O,True
4312538,MnH17C22N4O5F12,Mn2 H34 C44 N8 O10 F24,122,122,1387.7994,P-1,2,triclinic,6,C F H Mn N O,True
4312540,CoH17C22N4O5F12,Co2 H34 C44 N8 O10 F24,122,122,1378.2918,P-1,2,triclinic,6,C Co F H N O,True
4312669,CuH29C24N3O,Cu2 H58 C48 N6 O2,116,116,1092.0762,P-1,2,triclinic,5,C Cu H N O,True
4312755,SrSn4,Sr4 Sn16,20,10,566.3845,Cmcm,63,orthorhombic,2,Sn Sr,False
4312829,PH18Au(C4I)2,P4 H72 Au4 C32 I8,120,120,1406.2114,P-1,2,triclinic,5,Au C H I P,True
4312948,CuH11C14(NO)7,Cu2 H22 C28 N14 O14,80,80,859.968,P-1,2,triclinic,5,C Cu H N O,True
4313206,Al,Al4,4,1,66.3303,Fm-3m,225,cubic,1,Al,False
4313210,Al,Al4,4,1,66.4227,Fm-3m,225,cubic,1,Al,False
4313388,CuH4C3S(NCl)2,Cu4 H16 C12 S4 N8 Cl8,52,52,681.1543,P2_1/c,14,monoclinic,6,C Cl Cu H N S,True
4313429,CuH3C4(IN)2,Cu4 H12 C16 I8 N8,48,48,812.4501,P2_12_12_1,19,orthorhombic,5,C Cu H I N,True
4313436,NaCuAsO4,Na8 Cu8 As8 O32,56,56,675.4176,P2_1/c,14,monoclinic,4,As Cu Na O,False
4313499,LiH20C9SN3O2,Li2 H40 C18 S2 N6 O4,72,72,678.393,P-1,2,triclinic,6,C H Li N O S,True
4313578,P4H20Ru2C4N3O16,P8 H40 Ru4 C8 N6 O32,98,98,931.5234,P2_1/c,14,monoclinic,6,C H N O P Ru,True
4313777,NpAgSeO5,Np4 Ag4 Se4 O20,32,32,469.5203,P-1,2,triclinic,4,Ag Np O Se,False
4313794,CsDyCdSe3,Cs4 Dy4 Cd4 Se12,24,12,744.0798,Cmcm,63,orthorhombic,4,Cd Cs Dy Se,False
4313803,CsGdHgSe3,Cs4 Gd4 Hg4 Se12,24,12,734.0344,Cmcm,63,orthorhombic,4,Cs Gd Hg Se,False
4313817,SnH33C18Cl,Sn2 H66 C36 Cl2,106,106,988.7936,P2_1/m,11,monoclinic,4,C Cl H Sn,True
4313848,Ba2MnSi2ClO7,Ba4 Mn2 Si4 Cl2 O14,26,26,389.7994,P4bm,100,tetragonal,5,Ba Cl Mn O Si,False
4314604,GeP2H16(C3I)2,Ge2 P4 H32 C12 I4,54,54,667.5281,P-1,2,triclinic,5,C Ge H I P,True
4314908,CuH16C32S8N6(OF2)6,Cu1 H16 C32 S8 N6 O6 F12,81,81,1021.1833,P-1,2,triclinic,7,C Cu F H N O S,True
4314997,H17PtC26N5,H34 Pt2 C52 N10,98,98,1025.0304,P-1,2,triclinic,4,C H N Pt,True
4315144,LaAl2BRu2,La1 Al2 B1 Ru2,6,6,100.3653,P4/mmm,123,tetragonal,4,Al B La Ru,False
4315445,ZnH12C12(NO4)2,Zn2 H24 C24 N4 O16,70,70,691.9782,P2_1/c,14,monoclinic,5,C H N O Zn,True
4315554,FeH16C15S2O,Fe4 H64 C60 S8 O4,140,140,1433.6434,P2_1/c,14,monoclinic,5,C Fe H O S,True
4315773,RePH15C9N3(OF2)3,Re2 P2 H30 C18 N6 O6 F12,76,76,760.5657,P2_1,4,monoclinic,7,C F H N O P Re,True
4316070,GaH11C6N2O7,Ga4 H44 C24 N8 O28,108,108,1097.8749,P2_1/c,14,monoclinic,5,C Ga H N O,True
4316093,CuH12(C3S2)6,Cu1 H12 C18 S12,43,43,554.7792,P-1,2,triclinic,4,C Cu H S,True
4316138,Tl3V5O14,Tl3 V5 O14,22,22,336.3415,P31m,157,trigonal,3,O Tl V,False
4316149,PH20RuC24N6ClF6,P2 H40 Ru2 C48 N12 Cl2 F12,118,118,1469.0417,P-1,2,triclinic,7,C Cl F H N P Ru,True
4316187,U2Ag(GeO6)2,U8 Ag4 Ge8 O48,68,34,1076.1131,Ama2,40,orthorhombic,4,Ag Ge O U,False
4316307,TeH11C16I3,Te2 H22 C32 I6,62,62,877.0671,P-1,2,triclinic,4,C H I Te,True
4316551,MnH5C5N9O,Mn4 H20 C20 N36 O4,84,84,911.2695,P2_1/c,14,monoclinic,5,C H Mn N O,True
4316630,BiH10C8S2Cl3,Bi4 H40 C32 S8 Cl12,96,96,1338.1574,P2_1/c,14,monoclinic,5,Bi C Cl H S,True
4316770,PH8C8NO4,P4 H32 C32 N4 O16,88,88,873.0735,Pca2_1,29,orthorhombic,5,C H N O P,True
4316849,Cu5Se4(ClO6)2,Cu10 Se8 Cl4 O24,46,46,684.66,P2_1/c,14,monoclinic,4,Cl Cu O Se,False
4316904,AgH2C3N3O2,Ag4 H8 C12 N12 O8,44,44,508.6154,P2_1/c,14,monoclinic,5,Ag C H N O,True
4316948,CdH15C6N3Cl2,Cd4 H60 C24 N12 Cl8,108,108,1080.3437,P2_1/c,14,monoclinic,5,C Cd Cl H N,True
4317275,H9PtC16N2ClF2,H36 Pt4 C64 N8 Cl4 F8,124,124,1389.1438,P2_1/c,14,monoclinic,6,C Cl F H N Pt,True
4317370,SrV2TeO8,Sr8 V16 Te8 O64,96,96,1426.4835,P-1,2,triclinic,4,O Sr Te V,False
4317559,FeH36(C12N)2,Fe2 H72 C48 N4,126,126,1051.7441,P2_1/c,14,monoclinic,4,C Fe H N,True
4317676,CsYbZnSe3,Cs4 Yb4 Zn4 Se12,24,12,696.9541,Cmcm,63,orthorhombic,4,Cs Se Yb Zn,False
4317727,NaRuC9(NO)4,Na4 Ru4 C36 N16 O16,76,76,1344.0904,P2_1/c,14,monoclinic,5,C N Na O Ru,True
4317773,HgH24(C14N)2,Hg2 H48 C56 N4,110,110,1101.1972,P2_1/c,14,monoclinic,4,C H Hg N,True
4317796,BH10AuC9(N3Cl)2,B4 H40 Au4 C36 N24 Cl8,116,116,1393.9396,P2_1/c,14,monoclinic,6,Au B C Cl H N,True
4317929,Zn2PH14C7NO11,Zn8 P4 H56 C28 N4 O44,144,144,1458.0339,P2_1/c,14,monoclinic,6,C H N O P Zn,True
4318004,Tb4Mo4O11,Tb16 Mo16 O44,76,76,969.7389,Pbam,55,orthorhombic,3,Mo O Tb,False
4318007,Tm4Mo4O11,Tm16 Mo16 O44,76,76,936.3302,Pbam,55,orthorhombic,3,Mo O Tm,False
4318140,AgH27C24S3ClO4,Ag2 H54 C48 S6 Cl2 O8,120,120,1319.6102,P-1,2,triclinic,6,Ag C Cl H O S,True
4318167,ZrBH10C16O2F5,Zr2 B2 H20 C32 O4 F10,70,70,755.3458,P-1,2,triclinic,6,B C F H O Zr,True
4318203,ZnH64C48(N9O4)2,Zn1 H64 C48 N18 O8,139,139,1300.5794,P-1,2,triclinic,5,C H N O Zn,True
4318244,H12RuC4S2N(ClO)3,H48 Ru4 C16 S8 N4 Cl12 O12,104,104,1307.0515,P2_1/c,14,monoclinic,7,C Cl H N O Ru S,True
4318270,FeBH31C25S(NF)4,Fe2 B2 H62 C50 S2 N8 F8,134,134,1339.3709,P-1,2,triclinic,7,B C F Fe H N S,True
4318271,FeBH31C25S(NF)4,Fe2 B2 H62 C50 S2 N8 F8,134,134,1302.0125,P-1,2,triclinic,7,B C F Fe H N S,True
4318422,CuH14C6(NO3)4,Cu1 H14 C6 N4 O12,37,37,334.9912,P-1,2,triclinic,5,C Cu H N O,True
4318440,H19C6SN3OF2,H76 C24 S4 N12 O4 F8,128,128,1060.935,P2_1/c,14,monoclinic,6,C F H N O S,True
4318447,TeH14C4S2(NCl)2,Te2 H28 C8 S4 N4 Cl4,50,50,613.7662,P-1,2,triclinic,6,C Cl H N S Te,True
4318479,ZnH14C6N2(ClO)2,Zn2 H28 C12 N4 Cl4 O4,54,54,601.7138,P-1,2,triclinic,6,C Cl H N O Zn,True
4318538,BH12C6NO3,B4 H48 C24 N4 O12,92,92,712.3734,Pca2_1,29,orthorhombic,5,B C H N O,True
4318566,CrH16C32(IN2)4,Cr1 H16 C32 I4 N8,61,61,788.6971,P-1,2,triclinic,5,C Cr H I N,True
4318634,Cu2H12C7N5,Cu8 H48 C28 N20,104,104,1145.0959,Pna2_1,33,orthorhombic,4,C Cu H N,True
4318658,FeH16C18Br2(N2Cl)2,Fe2 H32 C36 Br4 N8 Cl4,86,86,1027.712,P2_1,4,monoclinic,6,Br C Cl Fe H N,True
4318670,ZrB3H41C20,Zr2 B6 H82 C40,130,130,1098.1162,P-1,2,triclinic,4,B C H Zr,True
4318787,Cu2Mo4H18C23N6O13,Cu4 Mo8 H36 C46 N12 O26,132,132,1476.1986,P-1,2,triclinic,6,C Cu H Mo N O,True
4318788,FeP(H2O3)2,Fe4 P4 H16 O24,48,48,449.1107,P2_1/c,14,monoclinic,4,Fe H O P,False
4319185,GaH19C7N2,Ga4 H76 C28 N8,116,116,1029.5609,P2_1/c,14,monoclinic,4,C Ga H N,True
4319422,BH7C9N10,B2 H14 C18 N20,54,54,599.6154,P-1,2,triclinic,4,B C H N,True
4319552,AgPH8C10S(NF3)2,Ag4 P4 H32 C40 S4 N8 F24,116,116,1401.4094,P2_1/c,14,monoclinic,7,Ag C F H N P S,True
4319674,VP2H13C15N3O8,V2 P4 H26 C30 N6 O16,84,84,898.2248,P2,3,monoclinic,6,C H N O P V,True
4319705,NiH32C8N4Cl2O5,Ni2 H64 C16 N8 Cl4 O10,104,104,941.3688,P-1,2,triclinic,6,C Cl H N Ni O,True
4319916,CuH16C16S4N4(OF)6,Cu2 H32 C32 S8 N8 O12 F12,106,106,1269.3975,P-1,2,triclinic,7,C Cu F H N O S,True
4319920,NiP4H56C56S4(NO)2,Ni1 P4 H56 C56 S4 N2 O2,125,125,1368.4671,P-1,2,triclinic,7,C H N Ni O P S,True
4319985,NaMoH39C15S4(NO2)2,Na2 Mo2 H78 C30 S8 N4 O8,132,132,1258.4285,P-1,2,triclinic,7,C H Mo N Na O S,True
4320110,CuH22C14S2N6O7,Cu2 H44 C28 S4 N12 O14,104,104,1015.5093,P-1,2,triclinic,6,C Cu H N O S,True
4320297,EuB2H44(C5N2)6,Eu1 B2 H44 C30 N12,89,89,902.4866,R-3,148,trigonal,5,B C Eu H N,True
4320480,P2H42PdC38N4(ClO2)2,P2 H42 Pd1 C38 N4 Cl2 O4,93,93,982.5154,P-1,2,triclinic,7,C Cl H N O P Pd,True
4320566,SmCrH22C12(N4O3)2,Sm2 Cr2 H44 C24 N16 O12,100,100,1144.7538,P-1,2,triclinic,6,C Cr H N O Sm,True
4320860,MnH18C28(N4O)2,Mn2 H36 C56 N16 O4,114,114,1293.2076,P2_1/c,14,monoclinic,5,C H Mn N O,True
4320865,K2Re3C2Se5N2,K8 Re12 C8 Se20 N8,56,56,1319.5575,P2_1/c,14,monoclinic,5,C K N Re Se,True
4320874,Sn4P3H6C2NO12,Sn16 P12 H24 C8 N4 O48,112,112,1455.4639,P2_1/c,14,monoclinic,6,C H N O P Sn,True
4321154,ErTeAs,Er4 Te4 As4,12,12,291.1858,Pnma,62,orthorhombic,3,As Er Te,False
4321233,VSiH34C19S2NO2,V2 Si2 H68 C38 S4 N2 O4,120,120,1248.3513,P-1,2,triclinic,7,C H N O S Si V,True
4321511,CuH2C2BrN,Cu4 H8 C8 Br4 N4,28,28,296.9325,P2/c,13,monoclinic,5,Br C Cu H N,True
4321545,CuH24C32(NO4)2,Cu2 H48 C64 N4 O16,134,134,1329.342,P2_1/c,14,monoclinic,5,C Cu H N O,True
4321583,H11C14,H44 C56,100,100,1024.3817,P-1,2,triclinic,2,C H,True
4321661,MgB2H30(C9N)2,Mg2 B4 H60 C36 N4,106,106,997.2028,P2_1/c,14,monoclinic,5,B C H Mg N,True
4321692,Gd4B3C4,Gd4 B3 C4,11,11,156.9628,P-1,2,triclinic,3,B C Gd,True
4321769,RbTeH7(C4O)2,Rb4 Te4 H28 C32 O8,76,76,1014.9109,P2_1/c,14,monoclinic,5,C H O Rb Te,True
4321807,BH11(C2N)2,B8 H88 C32 N16,144,144,1342.7118,P-1,2,triclinic,4,B C H N,True
4321811,SbH4C2ClOF6,Sb4 H16 C8 Cl4 O4 F24,60,60,788.0514,P2_1/c,14,monoclinic,6,C Cl F H O Sb,True
4321851,P(CF3)2,P2 C4 F12,18,18,258.0917,P-1,2,triclinic,3,C F P,True
4321930,ZnH11C21S2NOF10,Zn2 H22 C42 S4 N2 O2 F20,94,94,1144.8432,P2_1,4,monoclinic,7,C F H N O S Zn,True
4321979,H10PtC12(SN)2,H40 Pt4 C48 S8 N8,108,54,1235.0002,C2/c,15,monoclinic,5,C H N Pt S,True
4321993,ZnH14C19N11(ClO3)2,Zn2 H28 C38 N22 Cl4 O12,106,106,1216.7305,P-1,2,triclinic,6,C Cl H N O Zn,True
4322175,ZnPH22C29S2N2Cl3O,Zn2 P2 H44 C58 S4 N4 Cl6 O2,122,122,1480.4434,P-1,2,triclinic,8,C Cl H N O P S Zn,True
4322187,BHN4,B12 H12 N48,72,72,853.8177,P-1,2,triclinic,3,B H N,False
4322466,ReBH20C17N6(ClO)2,Re2 B2 H40 C34 N12 Cl4 O4,98,98,1080.8901,P-1,2,triclinic,7,B C Cl H N O Re,True
4322506,Na2Te4WO12,Na8 Te16 W4 O48,76,38,1093.9493,C2/c,15,monoclinic,4,Na O Te W,False
4322530,TiH39(C5N)5,Ti2 H78 C50 N10,140,140,1345.1565,P-1,2,triclinic,4,C H N Ti,True
4322540,LaP3H8O7,La2 P6 H16 O14,38,38,452.2563,P-1,2,triclinic,4,H La O P,False
4322574,CdH26C18N4O9,Cd2 H52 C36 N8 O18,116,116,1167.6253,P-1,2,triclinic,5,C Cd H N O,True
4322713,AlCuCl4,Al4 Cu4 Cl16,24,24,601.3616,Pna2_1,33,orthorhombic,3,Al Cl Cu,False
4322892,CuH16C4N2(Cl2O)2,Cu4 H64 C16 N8 Cl16 O8,116,58,1255.6175,C2/c,15,monoclinic,6,C Cl Cu H N O,True
4323021,SiH22C9N2,Si4 H88 C36 N8,136,136,1161.8153,P2_1/c,14,monoclinic,4,C H N Si,True
4323027,H14PtC6(NCl2)2,H28 Pt2 C12 N4 Cl8,54,54,577.5327,P-1,2,triclinic,5,C Cl H N Pt,True
4323183,CuH10C18S2N2(Cl2F)4,Cu1 H10 C18 S2 N2 Cl8 F4,45,45,666.2999,P-1,2,triclinic,7,C Cl Cu F H N S,True
4323364,H23OsC31S4N,H46 Os2 C62 S8 N2,120,120,1351.934,P-1,2,triclinic,5,C H N Os S,True
4323562,B2H36C25(NO3)2,B4 H72 C50 N4 O12,142,142,1350.9554,P-1,2,triclinic,5,B C H N O,True
4323565,K2Ge5H80C40N4O13,K2 Ge5 H80 C40 N4 O13,144,144,1405.3726,P1,1,triclinic,6,C Ge H K N O,True
4323729,H18PtC7(IN)2,H72 Pt4 C28 I8 N8,120,120,1321.1047,P2_1/c,14,monoclinic,5,C H I N Pt,True
4323826,CuH19C18N4ClO6,Cu2 H38 C36 N8 Cl2 O12,98,98,998.7191,P-1,2,triclinic,6,C Cl Cu H N O,True
4323865,Re2P3H63C25NCl6,Re2 P3 H63 C25 N1 Cl6,100,100,978.5186,P1,1,triclinic,6,C Cl H N P Re,True
4324123,P2H17C14SN3O5,P4 H34 C28 S2 N6 O10,84,84,877.8027,P-1,2,triclinic,6,C H N O P S,True
4324134,Hf(TlSe)4,Hf5 Tl20 Se20,45,45,1287.6329,P-1,2,triclinic,3,Hf Se Tl,False
4324284,DyHSO5,Dy8 H8 S8 O40,64,64,709.2874,P2_1/c,14,monoclinic,4,Dy H O S,False
4324313,CuH15C14(NO2)3,Cu2 H30 C28 N6 O12,78,78,771.5337,P-1,2,triclinic,5,C Cu H N O,True
4324665,H18PdC21S7N2,H36 Pd2 C42 S14 N4,98,98,1208.4125,P-1,2,triclinic,5,C H N Pd S,True
4324696,PH23PdC18N9Cl3O,P2 H46 Pd2 C36 N18 Cl6 O2,112,112,1172.2708,P-1,2,triclinic,7,C Cl H N O P Pd,True
4324739,CuH22C22NO4,Cu2 H44 C44 N2 O8,100,100,1100.3673,P-1,2,triclinic,5,C Cu H N O,True
4324969,B10H21C4ClO2,B20 H42 C8 Cl2 O4,76,76,698.2834,P-1,2,triclinic,5,B C Cl H O,True
4324970,B10H16CO,B40 H64 C4 O4,112,112,997.8814,P2_1/c,14,monoclinic,4,B C H O,True
4325015,H16C18S8I,H16 C18 S8 I1,43,43,549.4888,P-1,2,triclinic,4,C H I S,True
4325182,UP2H6(C3O5)2,U4 P8 H24 C24 O40,100,100,1277.7369,P2_1/c,14,monoclinic,5,C H O P U,True
4325249,H7C10SN3OF3,H28 C40 S4 N12 O4 F12,100,100,1077.4568,P-1,2,triclinic,6,C F H N O S,True
4325472,NiPH9C8(NF2)4,Ni4 P4 H36 C32 N16 F32,124,62,1232.4061,C2/c,15,monoclinic,6,C F H N Ni P,True
4325722,CuBH28C24N5(O3F2)2,Cu2 B2 H56 C48 N10 O12 F8,138,138,1425.5884,P-1,2,triclinic,7,B C Cu F H N O,True
4326074,RbZn4As3,Rb1 Zn4 As3,8,8,180.183,P4/mmm,123,tetragonal,3,As Rb Zn,False
4326189,SrCuTe2O7,Sr4 Cu4 Te8 O28,44,44,585.2986,Pbcm,57,orthorhombic,4,Cu O Sr Te,False
4326355,H6C7NClO2,H24 C28 N4 Cl4 O8,68,68,729.4498,P2_1/c,14,monoclinic,5,C Cl H N O,True
4326426,MnH11C5NO6,Mn4 H44 C20 N4 O24,96,48,911.6339,Cc,9,monoclinic,5,C H Mn N O,True
4326437,H16C17N2,H64 C68 N8,140,140,1352.837,P2_1/c,14,monoclinic,3,C H N,True
4326521,TiH32C24N2Cl4O3,Ti2 H64 C48 N4 Cl8 O6,132,132,1360.037,P-1,2,triclinic,6,C Cl H N O Ti,True
4326667,Sc2O3,Sc32 O48,80,40,956.982,Ia-3,206,cubic,2,O Sc,False
4326718,Ca(MgBi)2,Ca1 Mg2 Bi2,5,5,147.8449,P-3m1,164,trigonal,3,Bi Ca Mg,False
4326745,FePH3(CO2)2,Fe2 P2 H6 C4 O8,22,22,267.8556,Pmn2_1,31,orthorhombic,5,C Fe H O P,True
4326944,RbTh2F9,Rb4 Th8 F36,48,48,755.6163,Pnma,62,orthorhombic,3,F Rb Th,False
4327180,Bi2I4O13,Bi8 I16 O52,76,76,1186.7819,P2_12_12_1,19,orthorhombic,3,Bi I O,False
4327470,H11PtC16N2Cl,H44 Pt4 C64 N8 Cl4,124,124,1352.1626,P2_1/c,14,monoclinic,5,C Cl H N Pt,True
4327679,H25RuC16S2N3(O4F3)2,H50 Ru2 C32 S4 N6 O16 F12,122,122,1256.6367,P2_1,4,monoclinic,7,C F H N O Ru S,True
4327730,Mo7H20C6N2O23,Mo14 H40 C12 N4 O46,116,116,1212.5347,P2/c,13,monoclinic,5,C H Mo N O,True
4327888,Sr2V2Se3O13,Sr8 V8 Se12 O52,80,80,1208.8292,P2_1/c,14,monoclinic,4,O Se Sr V,False
4327999,Cu2NiH26C22(N2O)4,Cu4 Ni2 H52 C44 N16 O8,126,126,1316.8079,P2_1/c,14,monoclinic,6,C Cu H N Ni O,True
4328320,HoH11C14N2O11,Ho2 H22 C28 N4 O22,78,78,793.2428,P-1,2,triclinic,5,C H Ho N O,True
4328448,BaZnTe2O7,Ba4 Zn4 Te8 O28,44,22,621.3424,Ama2,40,orthorhombic,4,Ba O Te Zn,False
4328450,PH12C22S2BrCl3F5,P2 H24 C44 S4 Br2 Cl6 F10,92,92,1243.6035,P-1,2,triclinic,7,Br C Cl F H P S,True
4328480,Eu3(GaP2)2,Eu12 Ga8 P16,36,18,864.1068,C2/c,15,monoclinic,3,Eu Ga P,False
4328548,Li2La2Ge3,Li8 La8 Ge12,28,14,603.3568,Cmcm,63,orthorhombic,3,Ge La Li,False
4328616,Cu2H60C54N6Cl2O5,Cu2 H60 C54 N6 Cl2 O5,129,129,1290.8564,P-1,2,triclinic,6,C Cl Cu H N O,True
4328636,CoH11C11NO5,Co2 H22 C22 N2 O10,58,58,595.8664,Pc,7,monoclinic,5,C Co H N O,True
4328709,UH22C16(N2O3)2,U2 H44 C32 N8 O12,98,98,946.3618,P2_1/c,14,monoclinic,5,C H N O U,True
4328752,TcH28C17Br(NO)4,Tc2 H56 C34 Br2 N8 O8,110,110,992.9234,P-1,2,triclinic,6,Br C H N O Tc,True
4328839,ZrSi2H36C20O,Zr2 Si4 H72 C40 O2,120,120,1107.5839,P2_1/m,11,monoclinic,5,C H O Si Zr,True
4328980,Na2MgSn,Na4 Mg2 Sn2,8,8,222.8327,P6_3/mmc,194,hexagonal,3,Mg Na Sn,False
4329042,Ag2B2H30C25N10(OF4)2,Ag2 B2 H30 C25 N10 O2 F8,79,79,783.3449,P1,1,triclinic,7,Ag B C F H N O,True
4329224,Li2In2GeS6,Li8 In8 Ge4 S24,44,22,980.7328,Cc,9,monoclinic,4,Ge In Li S,False
4329225,Li2In2SiSe6,Li8 In8 Si4 Se24,44,22,1102.9505,Cc,9,monoclinic,4,In Li Se Si,False
4329226,Li2In2GeSe6,Li8 In8 Ge4 Se24,44,22,1130.1156,Cc,9,monoclinic,4,Ge In Li Se,False
4329245,H36C27N2,H72 C54 N4,130,130,1275.4667,P-1,2,triclinic,3,C H N,True
4329318,MnH24C19N7O4,Mn2 H48 C38 N14 O8,110,110,1180.3097,P-1,2,triclinic,5,C H Mn N O,True
4329416,ErH8WC8(N2O)4,Er2 H16 W2 C16 N16 O8,60,60,850.8017,P4/nmm,129,tetragonal,6,C Er H N O W,True
4329530,CeP2H2CO6,Ce4 P8 H8 C4 O24,48,24,587.4071,C2/m,12,monoclinic,5,C Ce H O P,True
4329714,CsGa2Au3,Cs4 Ga8 Au12,24,24,542.0295,Pnma,62,orthorhombic,3,Au Cs Ga,False
4329748,PuB7IO14,Pu4 B28 I4 O56,92,92,1354.8758,P2_1/c,14,monoclinic,4,B I O Pu,False
4329801,ThTeO,Th2 Te2 O2,6,6,127.6311,P4/nmm,129,tetragonal,3,O Te Th,False
4329862,BH9C8SNF5,B2 H18 C16 S2 N2 F10,50,50,527.3796,P-1,2,triclinic,6,B C F H N S,True
4329938,HgH22C10(BrN)2,Hg4 H88 C40 Br8 N8,148,148,1478.4629,P2_12_12_1,19,orthorhombic,5,Br C H Hg N,True
4329951,H15C21S2N5(OF)6,H30 C42 S4 N10 O12 F12,110,110,1187.3006,P-1,2,triclinic,6,C F H N O S,True
4329959,K2ZnSn3S8,K4 Zn2 Sn6 S16,28,28,807.5323,P-1,2,triclinic,4,K S Sn Zn,False
4329980,H6RhC6I(NO)2,H24 Rh4 C24 I4 N8 O8,72,72,961.8804,P2_1/c,14,monoclinic,6,C H I N O Rh,True
4330033,Co2BiB(PO5)2,Co4 Bi2 B2 P4 O20,32,32,349.3875,P2_1/m,11,monoclinic,5,B Bi Co O P,False
4330271,K2Zn5As4,K8 Zn20 As16,44,22,949.2183,Cmcm,63,orthorhombic,3,As K Zn,False
4330549,H26IrC32N4Cl,H52 Ir2 C64 N8 Cl2,128,128,1322.0637,P-1,2,triclinic,5,C Cl H Ir N,True
4330761,ZnH8(C3O2)2,Zn2 H16 C12 O8,38,38,360.4985,P-1,2,triclinic,4,C H O Zn,True
4330894,Ba2YInTe5,Ba8 Y4 In4 Te20,36,18,1277.7657,Cmc2_1,36,orthorhombic,4,Ba In Te Y,False
4330899,Ba2YGaTe5,Ba8 Y4 Ga4 Te20,36,18,1250.4281,Cmc2_1,36,orthorhombic,4,Ba Ga Te Y,False
4330969,NaCrH27C15NO6,Na2 Cr2 H54 C30 N2 O12,102,102,901.0961,P2_1,4,monoclinic,6,C Cr H N Na O,True
4331346,CoH7C3NO7,Co4 H28 C12 N4 O28,76,76,775.8644,P2_12_12_1,19,orthorhombic,5,C Co H N O,True
4331350,LaH3CSO7,La4 H12 C4 S4 O28,52,52,579.0525,P4_3,78,tetragonal,5,C H La O S,True
4331421,Ba2Tl7Au,Ba8 Tl28 Au4,40,40,1189.1336,Pnma,62,orthorhombic,3,Au Ba Tl,False
4331430,PrB2Ru3,Pr1 B2 Ru3,6,6,79.9065,P6/mmm,191,hexagonal,3,B Pr Ru,False
4331460,CsSnPS3,Cs2 Sn2 P2 S6,12,12,765.8905,P1,1,triclinic,4,Cs P S Sn,False
4331487,K2Ge2PbS6,K8 Ge8 Pb4 S24,44,22,1185.1404,C2/c,15,monoclinic,4,Ge K Pb S,False
4331655,Li2HfF6,Li2 Hf1 F6,9,9,99.5539,P-31m,162,trigonal,3,F Hf Li,False
4331682,H10Pd(C3S2)2,H40 Pd4 C24 S16,84,84,1055.9921,P4/n,85,tetragonal,4,C H Pd S,True
4331711,TeAsH3NF11,Te6 As6 H18 N6 F66,102,102,1214.4659,P2_1/m,11,monoclinic,5,As F H N Te,False
4331712,TeAsHXeNF11,Te2 As2 H2 Xe2 N2 F22,32,32,472.1825,P-1,2,triclinic,6,As F H N Te Xe,False
4331993,BaH26C16S2N2O15,Ba2 H52 C32 S4 N4 O30,124,124,1249.6615,P-1,2,triclinic,6,Ba C H N O S,True
4332139,H22PdC19S3(ClO)2,H44 Pd2 C38 S6 Cl4 O4,98,98,1066.9797,P-1,2,triclinic,6,C Cl H O Pd S,True
4332400,LiH8C7N4ClO4,Li4 H32 C28 N16 Cl4 O16,100,100,1090.5565,P4_1,76,tetragonal,6,C Cl H Li N O,True
4332474,Li2P7(H3N)9,Li4 P14 H54 N18,90,90,1023.805,P-1,2,triclinic,4,H Li N P,False
4332766,Os2O3F7,Os8 O12 F28,48,48,650.6244,P2_1/c,14,monoclinic,3,F O Os,False
4332804,TaH8C6(NO5)2,Ta4 H32 C24 N8 O40,108,54,1385.9016,C2,5,monoclinic,5,C H N O Ta,True
4332825,Sm3Ge5,Sm6 Ge10,16,16,352.5157,P-62c,190,hexagonal,2,Ge Sm,False
4332854,Ge3BH4NO8,Ge6 B2 H8 N2 O16,34,34,354.4445,P-1,2,triclinic,5,B Ge H N O,False
4332888,Nb3H20C5Cl7O5,Nb6 H40 C10 Cl14 O10,80,80,996.9057,P-1,2,triclinic,5,C Cl H Nb O,True
4332965,ZnH28C28(N3O4)2,Zn2 H56 C56 N12 O16,142,142,1452.1505,Pc,7,monoclinic,5,C H N O Zn,True
4333228,ReH30C18SN5O6,Re2 H60 C36 S2 N10 O12,122,122,1157.1941,P2_1,4,monoclinic,6,C H N O Re S,True
4333239,H9C8N7,H36 C32 N28,96,96,970.0072,P-1,2,triclinic,3,C H N,True
4333317,Ce(In2Au)2,Ce4 In16 Au8,28,28,637.7988,Pnma,62,orthorhombic,3,Au Ce In,False
4333383,UPH7C2N(OF)3,U4 P4 H28 C8 N4 O12 F12,72,72,716.9487,P2_1/c,14,monoclinic,7,C F H N O P U,True
4333559,EuH10C13N11O9,Eu2 H20 C26 N22 O18,88,88,1024.1584,P-1,2,triclinic,5,C Eu H N O,True
4333562,EuH28C21N11O10,Eu2 H56 C42 N22 O20,142,142,1426.0201,P-1,2,triclinic,5,C Eu H N O,True
4333572,P2H26AuC27I,P4 H52 Au2 C54 I2,114,114,1233.7391,P-1,2,triclinic,5,Au C H I P,True
4333608,CsU2(PO4)4,Cs4 U8 P16 O64,92,46,1339.0749,C2/c,15,monoclinic,4,Cs O P U,False
4333649,BiH18C18N2Cl5,Bi2 H36 C36 N4 Cl10,88,88,1036.7124,P-1,2,triclinic,5,Bi C Cl H N,True
4333726,K2Mn3V2CO11,K4 Mn6 V4 C2 O22,38,38,524.9651,P6_3/m,176,hexagonal,5,C K Mn O V,True
4333754,CaV4(PdO4)3,Ca2 V8 Pd6 O24,40,20,405.745,Im-3,204,cubic,4,Ca O Pd V,False
4333876,PrB7IO15,Pr4 B28 I4 O60,96,96,1376.194,P2_1/c,14,monoclinic,4,B I O Pr,False
4333948,Yb(Ga2Cu)4,Yb6 Ga48 Cu24,78,39,1157.906,I4/mmm,139,tetragonal,3,Cu Ga Yb,False
4334270,ZnH21C25SN2O7,Zn2 H42 C50 S2 N4 O14,114,114,1325.5951,P-1,2,triclinic,6,C H N O S Zn,True
4334437,PuTeSO7,Pu4 Te4 S4 O28,40,40,526.0735,P2_1/c,14,monoclinic,4,O Pu S Te,False
4334494,H6PtC6(NCl)2,H24 Pt4 C24 N8 Cl8,68,68,844.3932,P2_1/c,14,monoclinic,5,C Cl H N Pt,True
4334623,H3C9S4N3Cl2,H12 C36 S16 N12 Cl8,84,84,1306.6591,P2_1/c,14,monoclinic,5,C Cl H N S,True
4334805,H18PtC8S2(NCl)2,H36 Pt2 C16 S4 N4 Cl4,66,66,755.3335,P-1,2,triclinic,6,C Cl H N Pt S,True
4334869,AgH11C11N3ClO4,Ag4 H44 C44 N12 Cl4 O16,124,124,1411.4888,P2_1/c,14,monoclinic,6,Ag C Cl H N O,True
4334899,FeH16C26S2(N5O)2,Fe2 H32 C52 S4 N20 O4,114,114,1313.2372,P2_1/c,14,monoclinic,6,C Fe H N O S,True
4334981,PH15C7NF5,P4 H60 C28 N4 F20,116,116,1029.4825,Pnma,62,orthorhombic,5,C F H N P,True
4335101,H14RuC15N5Cl7O,H28 Ru2 C30 N10 Cl14 O2,86,86,1124.4312,P-1,2,triclinic,6,C Cl H N O Ru,True
4335157,ReH12C4NO4,Re4 H48 C16 N4 O16,88,88,845.5751,Pbcm,57,orthorhombic,5,C H N O Re,True
4335265,RbC2N7O6,Rb2 C4 N14 O12,32,32,423.7763,P-1,2,triclinic,4,C N O Rb,True
4335455,P2H25C30Se2F,P4 H50 C60 Se4 F2,120,120,1347.6647,P-1,2,triclinic,5,C F H P Se,True
4335668,Pr2Zn5Pb,Pr8 Zn20 Pb4,32,16,677.3529,Cmcm,63,orthorhombic,3,Pb Pr Zn,False
4335787,H16AuC9N5,H64 Au4 C36 N20,124,124,1196.2489,Pnma,62,orthorhombic,4,Au C H N,True
4335849,H14C12SI(N3O)2,H28 C24 S2 I2 N12 O4,72,72,790.6494,P-1,2,triclinic,6,C H I N O S,True
4335880,NaH10C15NO5,Na4 H40 C60 N4 O20,128,128,1273.1306,P2_12_12_1,19,orthorhombic,5,C H N Na O,True
4336052,K4Ba2B14H16O33,K8 Ba4 B28 H32 O66,138,138,1416.3172,P-1,2,triclinic,5,B Ba H K O,False
4336057,CrH6C6(SN2)2,Cr4 H24 C24 S8 N16,76,76,1057.3259,P2_12_12_1,19,orthorhombic,5,C Cr H N S,True
4336064,FeH4C14(SN3)2,Fe1 H4 C14 S2 N6,27,27,372.365,P-1,2,triclinic,5,C Fe H N S,True
4336093,SiH8C10S2(NCl)2,Si2 H16 C20 S4 N4 Cl4,50,50,644.5606,P-1,2,triclinic,6,C Cl H N S Si,True
4336100,CuH8C11S2N3,Cu4 H32 C44 S8 N12,100,100,1211.8972,P-1,2,triclinic,5,C Cu H N S,True
4336278,ScV(SeO4)2,Sc4 V4 Se8 O32,48,48,643.9916,P2_1/c,14,monoclinic,4,O Sc Se V,False
4336280,ScV(TeO4)2,Sc4 V4 Te8 O32,48,48,671.071,P2_1/c,14,monoclinic,4,O Sc Te V,False
4336310,Ba3GaS4Cl,Ba12 Ga4 S16 Cl4,36,36,987.7197,Pnma,62,orthorhombic,4,Ba Cl Ga S,False
4336344,CsAu(IO3)4,Cs2 Au2 I8 O24,36,36,613.2781,P-1,2,triclinic,4,Au Cs I O,False
4336391,VO2,V2 O4,6,6,60.291,P4_2/mnm,136,tetragonal,2,O V,False
4336471,ZrP4H22C8(NO9)2,Zr2 P8 H44 C16 N4 O36,110,110,1077.2721,P2_1/c,14,monoclinic,6,C H N O P Zr,True
4336697,EuAl2O4,Eu4 Al8 O16,28,28,383.6415,P2_1,4,monoclinic,3,Al Eu O,False
4336781,Ho2CuTe2(SO7)2,Ho2 Cu1 Te2 S2 O14,21,21,277.5823,P-1,2,triclinic,5,Cu Ho O S Te,False
4336861,CoH17PtC13S4NO4,Co2 H34 Pt2 C26 S8 N2 O8,82,82,950.8294,P-1,2,triclinic,7,C Co H N O Pt S,True
4336911,NdFe4(CuO4)3,Nd2 Fe8 Cu6 O24,40,20,402.351,Im-3,204,cubic,4,Cu Fe Nd O,False
4336914,GdFe4(CuO4)3,Gd2 Fe8 Cu6 O24,40,20,400.5502,Im-3,204,cubic,4,Cu Fe Gd O,False
4336917,HoFe4(CuO4)3,Ho2 Fe8 Cu6 O24,40,20,388.3938,Im-3,204,cubic,4,Cu Fe Ho O,False
4336929,DyFe4(CuO4)3,Dy2 Fe8 Cu6 O24,40,20,391.3253,Im-3,204,cubic,4,Cu Dy Fe O,False
4337150,H21RuC22N2Cl3O,H42 Ru2 C44 N4 Cl6 O2,100,100,1085.7115,P-1,2,triclinic,6,C Cl H N O Ru,True
4337313,EuAl4Si2Ir,Eu1 Al4 Si2 Ir1,8,8,145.4487,P4/mmm,123,tetragonal,4,Al Eu Ir Si,False
4337391,AlCuPH39C17S2,Al2 Cu2 P2 H78 C34 S4,122,122,1164.1071,P-1,2,triclinic,6,Al C Cu H P S,True
4337447,FeH16Pt(C11N4)2,Fe2 H32 Pt2 C44 N16,96,96,1050.8558,P2_1/c,14,monoclinic,5,C Fe H N Pt,True
4337647,CuH22C22Cl2O7,Cu2 H44 C44 Cl4 O14,108,108,1092.5095,P-1,2,triclinic,5,C Cl Cu H O,True
4337994,AlSiPH26C11O3,Al2 Si2 P2 H52 C22 O6,86,86,829.7627,P-1,2,triclinic,6,Al C H O P Si,True
4338004,MgC20(NF14)2,Mg1 C20 N2 F28,51,51,604.5895,P-1,2,triclinic,4,C F Mg N,True
4338049,BaB4(SbO6)2,Ba4 B16 Sb8 O48,76,38,894.3788,C2/c,15,monoclinic,4,B Ba O Sb,False
4338194,RbY(SeO3)2,Rb4 Y4 Se8 O24,40,40,693.27,Pnma,62,orthorhombic,4,O Rb Se Y,False
4338241,SbPH15(C6Cl)3,Sb2 P2 H30 C36 Cl6,76,76,937.7936,P-1,2,triclinic,5,C Cl H P Sb,True
4338272,CuH20C15N5O3,Cu2 H40 C30 N10 O6,88,88,877.4629,P1,1,triclinic,5,C Cu H N O,True
4338386,LiH4C6NO2,Li4 H16 C24 N4 O8,56,56,720.2949,Pna2_1,33,orthorhombic,5,C H Li N O,True
4338444,Li3B11O18,Li12 B44 O72,128,128,1311.4085,P2_1/c,14,monoclinic,3,B Li O,False
4338514,RbUF5,Rb8 U8 F40,56,56,920.1208,P2_1/c,14,monoclinic,3,F Rb U,False
4338729,Nd2Co2SiC,Nd4 Co4 Si2 C2,12,6,215.8259,Immm,71,orthorhombic,4,C Co Nd Si,True
4339013,AsH10C12S2Cl,As4 H40 C48 S8 Cl4,104,104,1320.8525,P2_1/c,14,monoclinic,5,As C Cl H S,True
4339035,AgH12C12(NO)5,Ag2 H24 C24 N10 O10,70,70,695.9106,P-1,2,triclinic,5,Ag C H N O,True
4339059,Cu2H6C3(BrN3)2,Cu4 H12 C6 Br4 N12,38,38,469.55,P2_1/m,11,monoclinic,5,Br C Cu H N,True
4339238,UH6C16(BrO5)2,U2 H12 C32 Br4 O20,70,70,895.7397,P2_1/c,14,monoclinic,5,Br C H O U,True
4339292,Co(HN2)4,Co8 H32 N64,104,52,1057.0615,C222_1,20,orthorhombic,3,Co H N,False
4339558,CuBiH20C8I5N,Cu2 Bi2 H40 C16 I10 N2,72,72,1029.75,P-1,2,triclinic,6,Bi C Cu H I N,True
4339559,Cu2BiH12C8I5N4,Cu4 Bi2 H24 C16 I10 N8,64,64,1139.4338,P-1,2,triclinic,6,Bi C Cu H I N,True
4339716,PH12C10(NF2)3,P4 H48 C40 N12 F24,128,128,1273.6481,P-1,2,triclinic,5,C F H N P,True
4339753,VOF3,V4 O4 F12,20,20,260.3952,P2_1/c,14,monoclinic,3,F O V,False
4339900,TiH24C10(NO3)4,Ti2 H48 C20 N8 O24,102,102,872.1366,P-1,2,triclinic,5,C H N O Ti,True
4339903,K2UCu3S5,K8 U4 Cu12 S20,44,22,951.7779,Cmcm,63,orthorhombic,4,Cu K S U,False
4339915,GaAsH9(CI)3,Ga2 As2 H18 C6 I6,34,34,597.6959,P2_1/m,11,monoclinic,5,As C Ga H I,True
4339986,CoBi6(SO8)2,Co2 Bi12 S4 O32,50,25,713.0459,C2,5,monoclinic,4,Bi Co O S,False
4340038,CsDy2Ag3Te5,Cs4 Dy8 Ag12 Te20,44,22,1360.603,Cmcm,63,orthorhombic,4,Ag Cs Dy Te,False
4340040,CsEr2Ag3Te5,Cs4 Er8 Ag12 Te20,44,22,1352.827,Cmcm,63,orthorhombic,4,Ag Cs Er Te,False
4340298,CuH22C24S2(N2O5)2,Cu1 H22 C24 S2 N4 O10,63,63,641.5436,P-1,2,triclinic,6,C Cu H N O S,True
4340349,Ba2U(PO5)2,Ba4 U2 P4 O20,30,15,460.6355,C2/m,12,monoclinic,4,Ba O P U,False
4340456,NaVH14C18N3O11,Na2 V2 H28 C36 N6 O22,96,96,1035.4946,P-1,2,triclinic,6,C H N Na O V,True
4340493,H27PbC27N5(ClO4)2,H54 Pb2 C54 N10 Cl4 O16,140,140,1405.518,P2_1,4,monoclinic,6,C Cl H N O Pb,True
4340546,B2P2H37C26N,B4 P4 H74 C52 N2,136,136,1283.5762,P-1,2,triclinic,5,B C H N P,True
4340605,P2H34C27S2,P4 H68 C54 S4,130,130,1273.1907,P-1,2,triclinic,4,C H P S,True
4340629,CuH7C11N3O2,Cu4 H28 C44 N12 O8,96,96,1033.6016,P2_1/c,14,monoclinic,5,C Cu H N O,True
4340646,VPb2Se2ClO8,V2 Pb4 Se4 Cl2 O16,28,28,440.9003,P2_1,4,monoclinic,5,Cl O Pb Se V,False
4340918,CuH17C16SN5O7,Cu2 H34 C32 S2 N10 O14,94,94,993.1803,P-1,2,triclinic,6,C Cu H N O S,True
4341019,UPCl7O,U4 P4 Cl28 O4,40,40,1113.5625,P2_1/c,14,monoclinic,4,Cl O P U,False
4341102,TlAg(CN)2,Tl8 Ag8 C16 N16,48,48,980.5121,P2_1/c,14,monoclinic,4,Ag C N Tl,True
4341219,H4C2N2O3,H16 C8 N8 O12,44,44,414.522,Pnma,62,orthorhombic,4,C H N O,True
4341271,UP2H46C52N2(Cl2O)2,U1 P2 H46 C52 N2 Cl4 O2,109,109,1228.5747,P-1,2,triclinic,7,C Cl H N O P U,True
4341512,FeMo2P3H19C26N3O4F5,Fe2 Mo4 P6 H38 C52 N6 O8 F10,126,126,1468.407,P-1,2,triclinic,8,C F Fe H Mo N O P,True
4341641,CoH14C10(NO2)4,Co1 H14 C10 N4 O8,37,37,350.9769,P-1,2,triclinic,5,C Co H N O,True
4342215,MoH10C2N2(OF2)2,Mo2 H20 C4 N4 O4 F8,42,42,384.1631,P-1,2,triclinic,6,C F H Mo N O,True
4342331,V6H50Pd2C36N6O23,V6 H50 Pd2 C36 N6 O23,123,123,1362.9083,P-1,2,triclinic,6,C H N O Pd V,True
4342363,CdH7C3NO6,Cd4 H28 C12 N4 O24,72,72,720.9336,Pna2_1,33,orthorhombic,5,C Cd H N O,True
4342365,CuP2H32C24BrN2,Cu2 P4 H64 C48 Br2 N4,124,124,1233.5317,P-1,2,triclinic,6,Br C Cu H N P,True
4342412,CuH15C17SNO11,Cu2 H30 C34 S2 N2 O22,92,92,943.1003,P-1,2,triclinic,6,C Cu H N O S,True
4342566,MoH32C23SN4O5F3,Mo2 H64 C46 S2 N8 O10 F6,138,138,1360.822,P-1,2,triclinic,7,C F H Mo N O S,True
4342620,FeH16C4(NCl2)2,Fe4 H64 C16 N8 Cl16,108,108,1122.4883,Pbca,61,orthorhombic,5,C Cl Fe H N,True
4342651,H14C16NClO,H56 C64 N4 Cl4 O4,132,132,1306.6982,P2_12_12_1,19,orthorhombic,5,C Cl H N O,True
4342845,CuH6C7N5,Cu2 H12 C14 N10,38,38,405.2307,P2_1,4,monoclinic,4,C Cu H N,True
4342920,RbSc(SeO3)2,Rb2 Sc2 Se4 O12,20,20,331.3779,P6_3mc,186,hexagonal,4,O Rb Sc Se,False
4343096,K2NaAl3F12,K8 Na4 Al12 F48,72,72,931.8893,Pnma,62,orthorhombic,4,Al F K Na,False
4343190,H20PtC19N4Cl4O5,H40 Pt2 C38 N8 Cl8 O10,106,106,1152.6979,P-1,2,triclinic,6,C Cl H N O Pt,True
4343258,Co3H20(C11O7)2,Co6 H40 C44 O28,118,118,1118.1932,P2_1/c,14,monoclinic,4,C Co H O,True
4343357,PH22AuC14(N2F3)2,P2 H44 Au2 C28 N8 F12,96,96,952.9578,P-1,2,triclinic,6,Au C F H N P,True
4343409,U2H15C18NO16,U4 H30 C36 N2 O32,104,104,1146.0066,P-1,2,triclinic,5,C H N O U,True
4343455,FeH12C18(N2F3)2,Fe2 H24 C36 N8 F12,82,82,848.6541,P-1,2,triclinic,5,C F Fe H N,True
4343461,MoH24C20(SN2)2,Mo2 H48 C40 S4 N8,102,102,1000.4487,P-1,2,triclinic,5,C H Mo N S,True
4343709,Sb2XeF14,Sb4 Xe2 F28,34,34,534.9274,P-1,2,triclinic,3,F Sb Xe,False
4343793,In2O3,In12 O18,30,10,378.3275,R-3c,167,trigonal,2,In O,False
4343851,SrSiN2,Sr4 Si4 N8,16,16,221.0149,P2_1/c,14,monoclinic,3,N Si Sr,False
4343904,NaRuO2,Na3 Ru3 O6,12,4,130.1311,R-3m,166,trigonal,3,Na O Ru,False
4343907,K2CuH12(SO7)2,K4 Cu2 H24 S4 O28,62,62,648.0249,P2_1/c,14,monoclinic,5,Cu H K O S,False
4343933,Na10YbSn12,Na20 Yb2 Sn24,46,23,1396.2154,I-43m,217,cubic,3,Na Sn Yb,False
4343944,CsHCO2,Cs4 H4 C4 O8,20,20,361.5201,Pbcm,57,orthorhombic,4,C Cs H O,True
4343949,Al4P5HN2O21,Al8 P10 H2 N4 O42,66,66,893.2657,P2_1,4,monoclinic,5,Al H N O P,False
4344005,La2B5H7(C2O7)2,La8 B20 H28 C16 O56,128,64,1438.1182,Cc,9,monoclinic,5,B C H La O,True
4344105,Ca5(GePd)6,Ca10 Ge12 Pd12,34,17,676.0039,Im-3m,229,cubic,3,Ca Ge Pd,False
4344124,Sr4Bi3,Sr16 Bi12,28,14,1030.6071,I-43d,220,cubic,2,Bi Sr,False
4344170,Lu6Sb2Mo,Lu6 Sb2 Mo1,9,9,232.4555,P-62m,189,hexagonal,3,Lu Mo Sb,False
4344244,TeWNCl4F5,Te2 W2 N2 Cl8 F10,24,24,500.5645,P-1,2,triclinic,5,Cl F N Te W,False
4344288,Al2RhC4Cl7O4,Al4 Rh2 C8 Cl14 O8,36,36,856.6641,P-1,2,triclinic,5,Al C Cl O Rh,True
4344372,Si3Ir,Si6 Ir2,8,8,108.567,P6_3mc,186,hexagonal,2,Ir Si,False
4344487,Cs2NaYCl6,Cs8 Na4 Y4 Cl24,40,10,1238.6948,Fm-3m,225,cubic,4,Cl Cs Na Y,False
4344493,YSi2,Y1 Si2,3,3,52.5931,P6/mmm,191,hexagonal,2,Si Y,False
4344558,Sr2PNO3,Sr8 P4 N4 O12,28,28,390.75,Pnma,62,orthorhombic,4,N O P Sr,False
4344582,K2Cu5TeS3O19,K4 Cu10 Te2 S6 O38,60,60,795.9381,P2_1/m,11,monoclinic,5,Cu K O S Te,False
4344708,FeH7C12NO5,Fe4 H28 C48 N4 O20,104,104,1166.5536,P2_1/c,14,monoclinic,5,C Fe H N O,True
4344750,SrTiCu4P4O17,Sr2 Ti2 Cu8 P8 O34,54,54,634.9611,P42_12,90,tetragonal,5,Cu O P Sr Ti,False
4344852,CuMo4H18C14N10O13,Cu1 Mo4 H18 C14 N10 O13,60,60,625.7175,P-1,2,triclinic,6,C Cu H Mo N O,True
4344926,ThI4,Th4 I16,20,20,818.5787,P2_1/c,14,monoclinic,2,I Th,False
4345181,ReH17PtC13N2O3,Re2 H34 Pt2 C26 N4 O6,74,74,756.352,P-1,2,triclinic,6,C H N O Pt Re,True
4345304,TiH12C8ClO2,Ti4 H48 C32 Cl4 O8,96,96,941.6439,P2_1/c,14,monoclinic,5,C Cl H O Ti,True
4345573,ReH11C14N2ClO4,Re2 H22 C28 N4 Cl2 O8,66,66,761.4056,P-1,2,triclinic,6,C Cl H N O Re,True
4345661,H19C8NO2,H76 C32 N4 O8,120,120,952.8532,P2_1/c,14,monoclinic,4,C H N O,True
4345762,WI2,W12 I24,36,36,1298.9137,P2_1/c,14,monoclinic,2,I W,False
4345844,Ba(AuS)2,Ba4 Au8 S8,20,10,522.0825,I4_1/amd,141,tetragonal,3,Au Ba S,False
4345904,UH46C44(N4O)2,U1 H46 C44 N8 O2,101,101,970.7664,P-1,2,triclinic,5,C H N O U,True
4346287,CuPH19C23IN,Cu2 P2 H38 C46 I2 N2,92,92,1025.6054,P-1,2,triclinic,6,C Cu H I N P,True
4346374,H12PtC18(NO2)2,H48 Pt4 C72 N8 O16,148,148,1477.2722,P2_1/c,14,monoclinic,5,C H N O Pt,True
4346982,H33PtC34S8N6O,H33 Pt1 C34 S8 N6 O1,83,83,957.2191,P1,1,triclinic,6,C H N O Pt S,True
4347000,Cu3H6C4(NCl3)2,Cu6 H12 C8 N4 Cl12,42,42,652.7743,P2_1/c,14,monoclinic,5,C Cl Cu H N,True
4347275,Mn3CrH21C15(N4O3)3,Mn6 Cr2 H42 C30 N24 O18,122,122,1313.458,P6_3,173,hexagonal,6,C Cr H Mn N O,True
4347296,H14PtC8(N2O)2,H56 Pt4 C32 N16 O8,116,116,1224.092,P2_12_12_1,19,orthorhombic,5,C H N O Pt,True
4347559,CeH16C20N4(OF3)4,Ce2 H32 C40 N8 O8 F24,114,114,1335.7871,Pc,7,monoclinic,6,C Ce F H N O,True
4347569,FeSi2H22C11SBrN2,Fe2 Si4 H44 C22 S2 Br2 N4,80,80,880.7651,P-1,2,triclinic,7,Br C Fe H N S Si,True
4347573,FeH8C12SBr2N5,Fe2 H16 C24 S2 Br4 N10,58,58,733.6412,P-1,2,triclinic,6,Br C Fe H N S,True
4347612,ZnH32C38(NO)2,Zn2 H64 C76 N4 O4,150,150,1485.8338,P1,1,triclinic,5,C H N O Zn,True
4347668,FeNiH6C12(N4Cl)2,Fe2 Ni2 H12 C24 N16 Cl4,60,30,763.0651,C2/m,12,monoclinic,6,C Cl Fe H N Ni,True
4347934,CuH9C10IN,Cu2 H18 C20 I2 N2,44,44,459.1512,P-1,2,triclinic,5,C Cu H I N,True
4348081,TbH9C4(NO4)2,Tb4 H36 C16 N8 O32,96,96,925.3558,Pca2_1,29,orthorhombic,5,C H N O Tb,True
4348256,CoH12CN11O4,Co2 H24 C2 N22 O8,58,58,502.7893,P-1,2,triclinic,5,C Co H N O,True
4348259,CoH21C7(N4O)4,Co2 H42 C14 N32 O8,98,98,899.19,P-1,2,triclinic,5,C Co H N O,True
4348269,DyH6C9N3O7,Dy2 H12 C18 N6 O14,52,52,550.3265,P-1,2,triclinic,5,C Dy H N O,True
4348304,CuH11C10N3O7,Cu4 H44 C40 N12 O28,128,128,1252.0108,P2_1/c,14,monoclinic,5,C Cu H N O,True
4348311,CuH16C23S(N3O2)2,Cu2 H32 C46 S2 N12 O8,102,102,1040.8756,P-1,2,triclinic,6,C Cu H N O S,True
4348336,H14Pb2C8O9,H56 Pb8 C32 O36,132,132,1387.256,Pna2_1,33,orthorhombic,4,C H O Pb,True
4348356,UH18C29Br2N3ClO6,U2 H36 C58 Br4 N6 Cl2 O12,120,120,1469.1875,P-1,2,triclinic,7,Br C Cl H N O U,True
4349286,NiC5(S2N)2,Ni2 C10 S8 N4,24,24,513.6368,P-1,2,triclinic,4,C N Ni S,True
4349319,DyCoH23C18(NO2)5,Dy2 Co2 H46 C36 N10 O20,116,116,1171.7186,P-1,2,triclinic,6,C Co Dy H N O,True
4349530,NiP2H48C46S4(NO)4,Ni1 P2 H48 C46 S4 N4 O4,109,109,1083.3935,P-1,2,triclinic,7,C H N Ni O P S,True
4349537,KCoH6C14(NO4)2,K4 Co4 H24 C56 N8 O32,128,64,1357.8078,I4_1/a,88,tetragonal,6,C Co H K N O,True
4349617,MnH28C36N4(ClO3)2,Mn1 H28 C36 N4 Cl2 O6,77,77,765.482,P-1,2,triclinic,6,C Cl H Mn N O,True
4349620,H6C9NO,H24 C36 N4 O4,68,68,657.6426,P-1,2,triclinic,4,C H N O,True
4349697,H11WC12NCl4OF6,H22 W2 C24 N2 Cl8 O2 F12,72,72,912.7354,P-1,2,triclinic,7,C Cl F H N O W,True
4349705,Li6Zn3(BO3)4,Li12 Zn6 B8 O24,50,50,501.7853,P-1,2,triclinic,4,B Li O Zn,False
4349782,CsZn4BP2O11,Cs2 Zn8 B2 P4 O22,38,38,560.1358,P2_1/m,11,monoclinic,5,B Cs O P Zn,False
4349805,H14PbC6I3N,H56 Pb4 C24 I12 N4,100,100,1404.0107,P2_1/c,14,monoclinic,5,C H I N Pb,True
4349849,CaSiBHO5,Ca4 Si4 B4 H4 O20,36,36,278.0276,P2_1/c,14,monoclinic,5,B Ca H O Si,False
4349852,CaSiBHO5,Ca4 Si4 B4 H4 O20,36,36,284.5256,P2_1/c,14,monoclinic,5,B Ca H O Si,False
4350069,Cu3H40C40(N5O6)2,Cu3 H40 C40 N10 O12,105,105,1039.6103,P-1,2,triclinic,5,C Cu H N O,True
4350194,H28C27BrN7O9,H56 C54 Br2 N14 O18,144,144,1389.2048,P-1,2,triclinic,5,Br C H N O,True
4350242,Co2SiB2H40C62N12(O3F7)2,Co2 Si1 B2 H40 C62 N12 O6 F14,139,139,1498.3062,P-1,2,triclinic,8,B C Co F H N O Si,True
4350350,ReH11C10Br(NO)3,Re2 H22 C20 Br2 N6 O6,58,58,671.2104,P-1,2,triclinic,6,Br C H N O Re,True
4350363,FeH16C14(SN)6,Fe2 H32 C28 S12 N12,86,86,1069.1209,P-1,2,triclinic,5,C Fe H N S,True
4350449,SrH15C9O10,Sr2 H30 C18 O20,70,70,692.7067,P-1,2,triclinic,4,C H O Sr,True
4350528,Cu3H8C8N12O3F2,Cu6 H16 C16 N24 O6 F4,72,72,914.0685,Pmn2_1,31,orthorhombic,6,C Cu F H N O,True
4350590,SbP2H28C12Se2NF6,Sb2 P4 H56 C24 Se4 N2 F12,104,104,1080.925,P-1,2,triclinic,7,C F H N P Sb Se,True
4350751,P2H39PdC22ClO2,P4 H78 Pd2 C44 Cl2 O4,134,134,1260.5516,P-1,2,triclinic,6,C Cl H O P Pd,True
4500007,H20C19N2O3,H40 C38 N4 O6,88,88,834.9094,P-1,2,triclinic,4,C H N O,True
4500097,H4C3NO,H64 C48 N16 O16,144,144,1325.8785,P2_1/c,14,monoclinic,4,C H N O,True
4500114,H9C8(NO)3,H36 C32 N12 O12,92,92,883.137,P2_1/c,14,monoclinic,4,C H N O,True
4500151,CaH8(CO)8,Ca2 H16 C16 O16,50,50,490.902,P-1,2,triclinic,4,C Ca H O,True
4500160,H11C12NO4,H44 C48 N4 O16,112,112,1069.6651,P2_1/c,14,monoclinic,4,C H N O,True
4500230,H10PdC13S(NCl)2,H20 Pd2 C26 S2 N4 Cl4,58,58,674.0756,P-1,2,triclinic,6,C Cl H N Pd S,True
4500288,ZnH12C15(NO)4,Zn4 H48 C60 N16 O16,144,144,1470.1938,P2_1/c,14,monoclinic,5,C H N O Zn,True
4500402,H18C11NO2,H72 C44 N4 O8,128,128,1101.2556,P2_1/c,14,monoclinic,4,C H N O,True
4500436,SrH12C14O5,Sr4 H48 C56 O20,128,128,1310.7329,P2_1,4,monoclinic,4,C H O Sr,True
4500444,BaH16C14(ClO4)2,Ba2 H32 C28 Cl4 O16,82,82,907.4591,P-1,2,triclinic,5,Ba C Cl H O,True
4500477,CoH28C16(NO)10,Co2 H56 C32 N20 O20,130,130,1167.757,P2_1/c,14,monoclinic,5,C Co H N O,True
4500484,LaH5C5S2NO9,La2 H10 C10 S4 N2 O18,46,46,523.4847,P-1,2,triclinic,6,C H La N O S,True
4500496,H10C14N3O3F5,H40 C56 N12 O12 F20,140,140,1454.1033,Pna2_1,33,orthorhombic,5,C F H N O,True
4500511,NaZn3H17(CO)19,Na1 Zn3 H17 C19 O19,59,59,600.7678,P1,1,triclinic,5,C H Na O Zn,True
4500722,H12C6NO2,H48 C24 N4 O8,84,84,773.4357,P2_1/c,14,monoclinic,4,C H N O,True
4500823,H20C19SN5O4,H40 C38 S2 N10 O8,98,98,997.0589,P-1,2,triclinic,5,C H N O S,True
4500892,Na2CdH8(SO6)2,Na4 Cd2 H16 S4 O24,50,50,522.0433,P2_1/c,14,monoclinic,5,Cd H Na O S,False
4500899,VH18C17SN3O4,V2 H36 C34 S2 N6 O8,88,88,900.3897,P-1,2,triclinic,6,C H N O S V,True
4500907,Rb5Li6(BO2)11,Rb10 Li12 B22 O44,88,44,1085.7591,C2,5,monoclinic,4,B Li O Rb,False
4500950,H14C13(NO)4,H28 C26 N8 O8,70,70,686.5191,P-1,2,triclinic,4,C H N O,True
4501066,H9C11N5O8,H36 C44 N20 O32,132,66,1331.1615,Cc,9,monoclinic,4,C H N O,True
4501136,H3C6Cl3O,H24 C48 Cl24 O8,104,104,1448.7691,P-1,2,triclinic,4,C Cl H O,True
4501263,CeH10C2(ClO)3,Ce2 H20 C4 Cl6 O6,38,38,458.1477,P-1,2,triclinic,5,C Ce Cl H O,True
4501337,CdH22C24Br2(N2O3)2,Cd2 H44 C48 Br4 N8 O12,118,118,1338.917,P-1,2,triclinic,6,Br C Cd H N O,True
4501439,H15C15SN3O,H30 C30 S2 N6 O2,70,70,706.008,P-1,2,triclinic,5,C H N O S,True
4501475,NdH15C14(NO5)2,Nd2 H30 C28 N4 O20,84,84,805.8614,P-1,2,triclinic,5,C H N Nd O,True
4501492,Zn2H20C23N6(ClO3)2,Zn4 H40 C46 N12 Cl4 O12,118,118,1271.7982,P-1,2,triclinic,6,C Cl H N O Zn,True
4501515,Co3H46C52(N4O3)4,Co3 H46 C52 N16 O12,129,129,1253.4619,P-1,2,triclinic,5,C Co H N O,True
4501538,LaH19C17O12,La2 H38 C34 O24,98,98,977.3481,P-1,2,triclinic,4,C H La O,True
4501540,LaH18C20NO11,La2 H36 C40 N2 O22,102,102,991.1542,P-1,2,triclinic,5,C H La N O,True
4501584,Cu2H16C29N2O9F8,Cu4 H32 C58 N4 O18 F16,132,132,1455.6799,P-1,2,triclinic,6,C Cu F H N O,True
4501702,HC,H24 C24,48,48,484.7534,Pbca,61,orthorhombic,2,C H,True
4501731,H9(C5O)2,H36 C40 O8,84,84,807.1197,P2_1/c,14,monoclinic,3,C H O,True
4501762,H5C5N3O,H20 C20 N12 O4,56,56,540.3543,P2_1/c,14,monoclinic,4,C H N O,True
4501870,H21C10SN3,H42 C20 S2 N6,70,70,589.0529,P-1,2,triclinic,4,C H N S,True
4501890,CdH6(C3O)4,Cd4 H24 C48 O16,92,92,984.6677,P2_1/c,14,monoclinic,4,C Cd H O,True
4502007,H8C12SO2,H32 C48 S4 O8,92,46,976.3307,C2/c,15,monoclinic,4,C H O S,True
4502057,H16C19N2O3,H32 C38 N4 O6,80,80,797.1866,P-1,2,triclinic,4,C H N O,True
4502068,CuH12C12N8(ClO4)2,Cu2 H24 C24 N16 Cl4 O16,86,43,926.0469,C2/m,12,monoclinic,6,C Cl Cu H N O,True
4502125,CoH17C17(NO4)2,Co2 H34 C34 N4 O16,90,90,897.3358,P-1,2,triclinic,5,C Co H N O,True
4502127,H26C14N5ClO7,H26 C14 N5 Cl1 O7,53,53,507.5107,P1,1,triclinic,5,C Cl H N O,True
4502229,LiCd(C13O4)2,Li1 Cd1 C26 O8,36,36,630.7957,P-4m2,115,tetragonal,4,C Cd Li O,True
4502272,Co2H12C20NO8,Co4 H24 C40 N2 O16,86,86,918.0752,P-1,2,triclinic,5,C Co H N O,True
4502343,CoH14C20N5ClO5,Co2 H28 C40 N10 Cl2 O10,92,92,979.7174,P-1,2,triclinic,6,C Cl Co H N O,True
4502360,H26C5(N2O3)2,H52 C10 N8 O12,82,82,687.2614,P2_1,4,monoclinic,4,C H N O,True
4502370,ZnB4H14C3N2O9,Zn4 B16 H56 C12 N8 O36,132,132,1098.8184,P2_1/c,14,monoclinic,6,B C H N O Zn,True
4502434,AgH12C16(NO)2,Ag4 H48 C64 N8 O8,132,132,1304.1843,P2_1/c,14,monoclinic,5,Ag C H N O,True
4502439,H4PbC2SO3F,H32 Pb8 C16 S8 O24 F8,96,48,1064.5446,C2/c,15,monoclinic,6,C F H O Pb S,True
4502463,H39C35N3O8,H39 C35 N3 O8,85,85,825.7563,P1,1,triclinic,4,C H N O,True
4502490,ZnH3C2SN3O4,Zn4 H12 C8 S4 N12 O16,56,56,603.2693,P-1,2,triclinic,6,C H N O S Zn,True
4502899,AgH6C8NO2,Ag4 H24 C32 N4 O8,72,72,737.7708,P2_1/c,14,monoclinic,5,Ag C H N O,True
4502944,H16C13(NO)2,H64 C52 N8 O8,132,132,1206.233,P2_1/c,14,monoclinic,4,C H N O,True
4503074,H28(C7O)3,H56 C42 O6,104,104,913.3784,P2_1,4,monoclinic,3,C H O,True
4503090,Cd3H12C16(NO8)2,Cd3 H12 C16 N2 O16,49,49,507.2334,P-1,2,triclinic,5,C Cd H N O,True
4503129,H5C2N2O,H20 C8 N8 O4,40,40,350.786,P-1,2,triclinic,4,C H N O,True
4503323,H3C5(SN)2,H12 C20 S8 N8,48,48,596.5831,P2_1,4,monoclinic,4,C H N S,True
4503395,FeH28C18Se2(N7O)2,Fe1 H28 C18 Se2 N14 O2,65,65,688.5846,P-1,2,triclinic,6,C Fe H N O Se,True
4503410,GdH5(C3O5)2,Gd4 H20 C24 O40,88,88,1186.7473,P2_1/c,14,monoclinic,4,C Gd H O,True
4503413,DyH31C18N5O13,Dy2 H62 C36 N10 O26,136,136,1204.2737,P-1,2,triclinic,5,C Dy H N O,True
4503438,ZnH16C18(N2O3)3,Zn2 H32 C36 N12 O18,100,100,1018.4428,P-1,2,triclinic,5,C H N O Zn,True
4503511,UH34C18(N2O5)2,U2 H68 C36 N8 O20,134,134,1315.9278,P2_1/c,14,monoclinic,5,C H N O U,True
4503538,H4C4O,H64 C64 O16,144,144,1370.4694,P2_12_12_1,19,orthorhombic,3,C H O,True
4503555,K3In(IO3)6,K3 In1 I6 O18,28,28,469.3694,P-1,2,triclinic,4,I In K O,False
4503561,Cd3H38(C11O14)2,Cd3 H38 C22 O28,91,91,890.4033,P-1,2,triclinic,4,C Cd H O,True
4503618,TbH9C12NO7,Tb4 H36 C48 N4 O28,120,120,1169.9591,P2_1/c,14,monoclinic,5,C H N O Tb,True
4503629,H21C29SN4O4F3,H42 C58 S2 N8 O8 F6,124,124,1324.0679,P-1,2,triclinic,6,C F H N O S,True
4503671,H8C9N3O,H32 C36 N12 O4,84,84,771.862,P-1,2,triclinic,4,C H N O,True
4503733,H14C13N2O3,H56 C52 N8 O12,128,128,1188.2593,P2_1/c,14,monoclinic,4,C H N O,True
4503752,Cu2H5C2S(NO)5,Cu8 H20 C8 S4 N20 O20,80,80,775.5614,P2_1/c,14,monoclinic,6,C Cu H N O S,True
4503807,H4C7O2,H32 C56 O16,104,104,1019.5046,P2_1/c,14,monoclinic,3,C H O,True
4503828,H11C12NO3,H22 C24 N2 O6,54,54,514.1923,Pc,7,monoclinic,4,C H N O,True
4503837,H19C10NO4,H76 C40 N4 O16,136,136,1193.6104,P2_1/c,14,monoclinic,4,C H N O,True
4503928,H4C8BrOF3,H16 C32 Br4 O4 F12,68,68,868.3138,P2_1/c,14,monoclinic,5,Br C F H O,True
4503979,AgH21C18N5ClO6,Ag2 H42 C36 N10 Cl2 O12,104,104,1090.4713,P1,1,triclinic,6,Ag C Cl H N O,True
4504076,H26PbC12(SO7)2,H52 Pb2 C24 S4 O28,110,110,1070.8174,P-1,2,triclinic,5,C H O Pb S,True
4504084,H5C3NO,H20 C12 N4 O4,40,40,325.5341,P-1,2,triclinic,4,C H N O,True
4504097,H5C7N,H10 C14 N2,26,26,278.8068,Pc,7,monoclinic,3,C H N,True
4504248,H10C13I(NO)3,H40 C52 I4 N12 O12,120,120,1350.3822,P2_1/c,14,monoclinic,5,C H I N O,True
4504258,H15C15SN3(O2F)2,H30 C30 S2 N6 O8 F4,80,80,815.2929,P-1,2,triclinic,6,C F H N O S,True
4504280,NiH16C14S(NO4)2,Ni2 H32 C28 S2 N4 O16,84,84,832.4192,P-1,2,triclinic,6,C H N Ni O S,True
4504285,Ba(BO2)2,Ba6 B12 O24,42,42,575.2172,R3c,161,trigonal,3,B Ba O,False
4504329,Zn2H24C26N2O13,Zn4 H48 C52 N4 O26,134,134,1365.5605,P2/c,13,monoclinic,5,C H N O Zn,True
4504590,H6C2N5Cl,H24 C8 N20 Cl4,56,56,572.7645,P2_12_12_1,19,orthorhombic,4,C Cl H N,True
4504637,NiH7C9NO6,Ni4 H28 C36 N4 O24,96,96,1227.3258,P2_1/c,14,monoclinic,5,C H N Ni O,True
4504646,H17C12N2O3,H34 C24 N4 O6,68,68,587.8246,P-1,2,triclinic,4,C H N O,True
4504834,H27C18NO2,H54 C36 N2 O4,96,96,923.5181,P-1,2,triclinic,4,C H N O,True
4504851,MnH8C10(N4O)2,Mn1 H8 C10 N8 O2,29,29,332.7464,P-1,2,triclinic,5,C H Mn N O,True
4504882,Zn2H6C14N2O13,Zn4 H12 C28 N4 O26,74,74,897.8927,P-1,2,triclinic,5,C H N O Zn,True
4504910,H14C13(NO)2,H56 C52 N8 O8,124,124,1157.383,P2_1/c,14,monoclinic,4,C H N O,True
4504920,CoH11C6NO8,Co4 H44 C24 N4 O32,108,108,938.9171,P2_1/c,14,monoclinic,5,C Co H N O,True
4505311,H6C6NO,H24 C24 N4 O4,56,56,522.4559,P-1,2,triclinic,4,C H N O,True
4505326,H4C4N2O3,H16 C16 N8 O12,52,52,527.1248,P2_1/c,14,monoclinic,4,C H N O,True
4505332,AgHC3NO2,Ag8 H8 C24 N8 O16,64,64,705.673,P4_3,78,tetragonal,5,Ag C H N O,True
4505377,Cu2As2O7,Cu8 As8 O28,44,22,545.4007,C2/c,15,monoclinic,3,As Cu O,False
4505429,H17C17(NO)3,H34 C34 N6 O6,80,80,808.5346,P-1,2,triclinic,4,C H N O,True
4505468,ZnH28C24(NO)6,Zn2 H56 C48 N12 O12,130,130,1220.173,P-1,2,triclinic,5,C H N O Zn,True
4505539,H3C11(SBr)2,H12 C44 S8 Br8,72,72,1044.1303,P2_1/c,14,monoclinic,4,Br C H S,True
4505647,H16C13O2,H64 C52 O8,124,62,1159.6405,C2,5,monoclinic,3,C H O,True
4505746,H11C30(SF8)2,H22 C60 S4 F32,118,118,1368.1727,P-1,2,triclinic,4,C F H S,True
4505820,H5C5NO3,H20 C20 N4 O12,56,56,495.8523,P-1,2,triclinic,4,C H N O,True
4505889,H25C23NO5,H50 C46 N2 O10,108,108,1068.3836,P-1,2,triclinic,4,C H N O,True
4505890,H17C9N5,H68 C36 N20,124,124,1095.1083,P2_1/c,14,monoclinic,3,C H N,True
4505914,H13C6NO2,H52 C24 N4 O8,88,88,737.5682,P2_1/c,14,monoclinic,4,C H N O,True
4505915,H23C19NO5,H46 C38 N2 O10,96,96,915.6978,P-1,2,triclinic,4,C H N O,True
4506042,ZnH46C42(N2O5)2,Zn1 H46 C42 N4 O10,103,103,972.1791,P-1,2,triclinic,5,C H N O Zn,True
4506048,H4C4SN2O,H16 C16 S4 N8 O4,48,48,520.5178,P2_1/c,14,monoclinic,5,C H N O S,True
4506050,H6C5SN2O,H24 C20 S4 N8 O4,60,60,600.7821,P2_1/c,14,monoclinic,5,C H N O S,True
4506072,H27C21N3O5,H54 C42 N6 O10,112,112,995.7427,P-1,2,triclinic,4,C H N O,True
4506185,H10C18SNO3F5,H20 C36 S2 N2 O6 F10,76,76,806.3835,P2_1,4,monoclinic,6,C F H N O S,True
4506232,H16C23SNO4,H32 C46 S2 N2 O8,90,90,946.5615,P-1,2,triclinic,5,C H N O S,True
4506280,EuH8C7O10,Eu4 H32 C28 O40,104,104,1041.3458,P2_1/c,14,monoclinic,4,C Eu H O,True
4506281,GdH8C7O10,Gd4 H32 C28 O40,104,104,1029.8157,P2_1/c,14,monoclinic,4,C Gd H O,True
4506325,CdH9C13NO5,Cd4 H36 C52 N4 O20,116,116,1254.505,P2_1/c,14,monoclinic,5,C Cd H N O,True
4506438,ZnH6C12(NO3)2,Zn3 H18 C36 N6 O18,81,81,1012.0313,P3_221,154,trigonal,5,C H N O Zn,True
4506441,MnH6C12(NO3)2,Mn4 H24 C48 N8 O24,108,108,1186.8113,P2_12_12_1,19,orthorhombic,5,C H Mn N O,True
4506450,Dy2CoH28C40(N3O5)4,Dy2 Co1 H28 C40 N12 O20,103,103,1096.1614,P-1,2,triclinic,6,C Co Dy H N O,True
4506500,CoH24C33(NO3)2,Co2 H48 C66 N4 O12,132,132,1326.506,P-1,2,triclinic,5,C Co H N O,True
4506630,H13C22N4ClO,H26 C44 N8 Cl2 O2,82,82,890.1506,P-1,2,triclinic,5,C Cl H N O,True
4506718,H22C17N2O5,H44 C34 N4 O10,92,92,856.3031,P-1,2,triclinic,4,C H N O,True
4506748,H8C13N2(ClO2)2,H32 C52 N8 Cl8 O16,116,116,1273.8329,P2_1/c,14,monoclinic,5,C Cl H N O,True
4506750,H15C20N3(ClO3)2,H30 C40 N6 Cl4 O12,92,92,1007.0016,P-1,2,triclinic,5,C Cl H N O,True
4506808,H12C12N2O3,H48 C48 N8 O12,116,116,1085.2761,P2_1/c,14,monoclinic,4,C H N O,True
4506820,AgH14C12S2NO2,Ag4 H56 C48 S8 N4 O8,128,128,1357.4678,P-1,2,triclinic,6,Ag C H N O S,True
4506832,H3C6Se2S2N3F,H12 C24 Se8 S8 N12 F4,68,68,723.315,P2_1/c,14,monoclinic,6,C F H N S Se,True
4506871,H16C21Cl2O,H32 C42 Cl4 O2,80,80,870.7064,P-1,2,triclinic,4,C Cl H O,True
4506893,H9C13NF2,H36 C52 N4 F8,100,100,1029.6474,P2_1,4,monoclinic,4,C F H N,True
4506909,H26C29(NO3)2,H52 C58 N4 O12,126,126,1214.2105,P-1,2,triclinic,4,C H N O,True
4506932,CuH30C22(NO)8,Cu2 H60 C44 N16 O16,138,138,1297.2964,P-1,2,triclinic,5,C Cu H N O,True
4506938,CuP3H28C22(NO6)2,Cu2 P6 H56 C44 N4 O24,136,136,1363.0933,P-1,2,triclinic,6,C Cu H N O P,True
4506959,As2O3,As8 O12,20,20,324.9925,P2_1/c,14,monoclinic,2,As O,False
4507008,H11C9BrNO2,H44 C36 Br4 N4 O8,96,96,1015.9648,P2_1/c,14,monoclinic,5,Br C H N O,True
4507009,H11C9NClO2,H44 C36 N4 Cl4 O8,96,96,999.7176,P2_1/c,14,monoclinic,5,C Cl H N O,True
4507049,H10C12N2O7,H40 C48 N8 O28,124,124,1243.0368,P2_1/c,14,monoclinic,4,C H N O,True
4507241,H6C7N2,H48 C56 N16,120,120,1025.9569,Pbca,61,orthorhombic,3,C H N,True
4507311,H6C7O5,H24 C28 O20,72,72,695.7159,P-1,2,triclinic,3,C H O,True
4507456,ZnH18C24(NO6)2,Zn2 H36 C48 N4 O24,114,114,1265.7501,P-1,2,triclinic,5,C H N O Zn,True
4507464,H14C10(NO)3,H56 C40 N12 O12,120,120,1085.7697,P-1,2,triclinic,4,C H N O,True
4507569,H11C8SNO6,H44 C32 S4 N4 O24,108,108,1040.9345,P2_1/c,14,monoclinic,5,C H N O S,True
4507626,H31C19N4O6F,H62 C38 N8 O12 F2,122,122,1062.2477,P-1,2,triclinic,5,C F H N O,True
4507661,AgH26C25SN3O4,Ag2 H52 C50 S2 N6 O8,120,120,1244.6871,P-1,2,triclinic,6,Ag C H N O S,True
4507722,H8C7(NO)3,H32 C28 N12 O12,84,84,839.1304,P2_1/c,14,monoclinic,4,C H N O,True
4507947,Ba4NaB10Cl(O9F)2,Ba8 Na2 B20 Cl2 O36 F4,72,72,880.7892,P2_1/c,14,monoclinic,6,B Ba Cl F Na O,False
4507991,HCO2,H4 C4 O8,16,16,157.0198,P2_1/c,14,monoclinic,3,C H O,True
4508000,H3(CO)2,H12 C8 O8,28,28,242.8229,P2_1/c,14,monoclinic,3,C H O,True
4508026,H7(C2O)2,H28 C16 O8,52,52,453.1311,P2_1/c,14,monoclinic,3,C H O,True
4508103,MgH10(C3O4)2,Mg6 H60 C36 O48,150,75,1376.6181,C2,5,monoclinic,4,C H Mg O,True
4508174,H10C12SBrN3O4,H40 C48 S4 Br4 N12 O16,124,124,1385.3113,P2_1/c,14,monoclinic,6,Br C H N O S,True
4508213,PH13C8SO4,P4 H52 C32 S4 O16,108,108,1070.7294,P2_1/c,14,monoclinic,5,C H O P S,True
4508290,H14C5I(N2O)3,H56 C20 I4 N24 O12,116,116,1236.7447,P2_1/c,14,monoclinic,5,C H I N O,True
4508390,H11C10(NO2)3,H22 C20 N6 O12,60,60,628.9806,P-1,2,triclinic,4,C H N O,True
4508433,H4C6NF,H16 C24 N4 F4,48,48,493.9453,P2_1/c,14,monoclinic,4,C F H N,True
4508449,SmH13C9O7,Sm4 H52 C36 O28,120,120,1146.2882,P-1,2,triclinic,4,C H O Sm,True
4508467,H12C13N2O3,H48 C52 N8 O12,120,120,1201.8635,P2_12_12_1,19,orthorhombic,4,C H N O,True
4508482,NaH6RhC5NO7,Na4 H24 Rh4 C20 N4 O28,84,84,1091.0519,P2_1/c,14,monoclinic,6,C H N Na O Rh,True
4508651,Cu2H17C12NO13,Cu4 H34 C24 N2 O26,90,90,820.9136,P-1,2,triclinic,5,C Cu H N O,True
4508709,H5C5N2Cl,H20 C20 N8 Cl4,52,52,600.2751,P2_1/c,14,monoclinic,4,C Cl H N,True
4508718,H5C5BrN2,H40 C40 Br8 N16,104,104,1180.4873,P2_1,4,monoclinic,4,Br C H N,True
4508798,CuH32C34Br2N8(Cl3O5)2,Cu1 H32 C34 Br2 N8 Cl6 O10,93,93,1182.3834,P-1,2,triclinic,7,Br C Cl Cu H N O,True
4508851,H16PdC14(SCl)2,H16 Pd1 C14 S2 Cl2,35,35,399.3289,P-1,2,triclinic,5,C Cl H Pd S,True
4508895,H18C12SO2,H36 C24 S2 O4,66,66,612.9634,P2_1,4,monoclinic,4,C H O S,True
4508900,H18C12SO2,H72 C48 S4 O8,132,66,1252.488,C2,5,monoclinic,4,C H O S,True
4508949,H15C9I3N2,H60 C36 I12 N8,116,116,1475.0754,P2_1/c,14,monoclinic,4,C H I N,True
4509056,H9C14N2F,H36 C56 N8 F4,104,104,1103.8025,P2_1/c,14,monoclinic,4,C F H N,True
4509083,H14C14NO,H56 C56 N4 O4,120,120,1089.1414,P-1,2,triclinic,4,C H N O,True
4509088,CoCuH20C14(NO3)4,Co1 Cu1 H20 C14 N4 O12,52,52,482.2494,P-1,2,triclinic,6,C Co Cu H N O,True
4509146,ZnH18C11SN4O5,Zn2 H36 C22 S2 N8 O10,80,80,754.2978,P-1,2,triclinic,6,C H N O S Zn,True
4509149,H12C13NO2,H24 C26 N2 O4,56,56,528.3702,P-1,2,triclinic,4,C H N O,True
4509151,H10C12NO,H40 C48 N4 O4,96,96,922.5847,P2_1/c,14,monoclinic,4,C H N O,True
4509154,H13C16NO,H52 C64 N4 O4,124,124,1254.0207,P2_1/c,14,monoclinic,4,C H N O,True
4509161,H14C17(NO)2,H56 C68 N8 O8,140,140,1399.8594,P-1,2,triclinic,4,C H N O,True
4509378,H11C14SN2ClO4,H22 C28 S2 N4 Cl2 O8,66,66,723.7708,P-1,2,triclinic,6,C Cl H N O S,True
4509480,NdH2C7O6,Nd4 H8 C28 O24,64,64,772.4128,Pnma,62,orthorhombic,4,C H Nd O,True
4509496,H13C11(NO)2,H52 C44 N8 O8,112,112,990.923,P2_1/c,14,monoclinic,4,C H N O,True
4509508,ZrH8C6(N2F3)2,Zr4 H32 C24 N16 F24,100,100,1019.7326,P2_1/c,14,monoclinic,5,C F H N Zr,True
4509626,Gd2H14C16O19,Gd4 H28 C32 O38,102,102,1136.1428,P2/c,13,monoclinic,4,C Gd H O,True
4509681,H14C14BrN2,H56 C56 Br4 N8,124,124,1269.4492,P2_1/c,14,monoclinic,4,Br C H N,True
4509850,H11C14O4F,H44 C56 O16 F4,120,120,1209.099,P2_1/c,14,monoclinic,4,C F H O,True
4509875,CoH60C48N20(ClO3)2,Co1 H60 C48 N20 Cl2 O6,137,137,1357.5457,P-3,147,trigonal,6,C Cl Co H N O,True
4509945,H5C9IBr2NO2,H10 C18 I2 Br4 N2 O4,40,40,593.7974,P-1,2,triclinic,6,Br C H I N O,True
4509955,H3C12SNF9,H12 C48 S4 N4 F36,104,104,1246.8684,P-1,2,triclinic,5,C F H N S,True
4509961,H16C15(NO)2,H64 C60 N8 O8,140,140,1357.8237,P-1,2,triclinic,4,C H N O,True
4510016,H20C13S(N3O4)2,H40 C26 S2 N12 O16,96,96,904.183,P-1,2,triclinic,5,C H N O S,True
4510106,H18C13(NO2)2,H36 C26 N4 O8,74,74,702.4581,P-1,2,triclinic,4,C H N O,True
4510203,H24C17(NO2)2,H48 C34 N4 O8,94,94,862.0143,P-1,2,triclinic,4,C H N O,True
4510207,H13C12SeN3,H52 C48 Se4 N12,116,116,1146.2284,P2_12_12_1,19,orthorhombic,4,C H N Se,True
4510208,H13C12SN3,H52 C48 S4 N12,116,116,1166.0943,P2_12_12_1,19,orthorhombic,4,C H N S,True
4510314,H9C4NO2,H72 C32 N8 O16,128,128,1058.7612,P2_1/c,14,monoclinic,4,C H N O,True
4510318,H9C4NO2,H72 C32 N8 O16,128,128,1038.8853,P2_1/c,14,monoclinic,4,C H N O,True
4510360,FeH23C20S2N2(OF2)3,Fe2 H46 C40 S4 N4 O6 F12,114,114,1192.9063,P-1,2,triclinic,7,C F Fe H N O S,True
4510363,H12C10N6O,H48 C40 N24 O4,116,58,1208.6088,C2/c,15,monoclinic,4,C H N O,True
4510416,H21C17NO2,H42 C34 N2 O4,82,82,784.5791,P2_1,4,monoclinic,4,C H N O,True
4510461,H25C24SNO5,H50 C48 S2 N2 O10,112,112,1117.0701,P-1,2,triclinic,5,C H N O S,True
4510581,U2H24C22(NO6)3,U4 H48 C44 N6 O36,138,138,1489.0605,P-1,2,triclinic,5,C H N O U,True
4510653,H7C4N5Cl,H14 C8 N10 Cl2,34,34,327.3532,P-1,2,triclinic,4,C Cl H N,True
4510692,H13C6N2ClO4,H52 C24 N8 Cl4 O16,104,104,912.5551,Pna2_1,33,orthorhombic,5,C Cl H N O,True
4510723,Hg3H22C16(N5Cl3)2,Hg6 H44 C32 N20 Cl12,114,114,1355.0815,P2_1/c,14,monoclinic,5,C Cl H Hg N,True
4510879,H8C5NO3,H64 C40 N8 O24,136,136,1249.5805,P2_1/c,14,monoclinic,4,C H N O,True
4510912,H26C33(NO)2,H52 C66 N4 O4,126,126,1267.2058,P-1,2,triclinic,4,C H N O,True
4510916,H24C31(N2O)2,H48 C62 N8 O4,122,122,1218.6203,P-1,2,triclinic,4,C H N O,True
4510943,H5C7F3,H40 C56 F24,120,120,1317.506,Pbca,61,orthorhombic,3,C F H,True
4510948,Ca3P2H32(C2O13)2,Ca3 P2 H32 C4 O26,67,67,598.5119,P-1,2,triclinic,5,C Ca H O P,True
4510991,H19(C4O3)4,H38 C32 O24,94,94,900.6867,P-1,2,triclinic,3,C H O,True
4511020,H10C10O3,H20 C20 O6,46,46,438.0051,P-1,2,triclinic,3,C H O,True
4511219,H9C14NOF4,H36 C56 N4 O4 F16,116,116,1223.6607,Pna2_1,33,orthorhombic,5,C F H N O,True
4511239,H31C23NClO6F,H62 C46 N2 Cl2 O12 F2,126,126,1175.4637,P-1,2,triclinic,6,C Cl F H N O,True
4511329,H9C10N3O2,H18 C20 N6 O4,48,48,477.5049,P2_1,4,monoclinic,4,C H N O,True
4511447,PrRhO3,Pr4 Rh4 O12,20,20,242.6371,Pnma,62,orthorhombic,3,O Pr Rh,False
4511510,CdH9C12N5Cl2,Cd2 H18 C24 N10 Cl4,58,58,688.1862,P-1,2,triclinic,5,C Cd Cl H N,True
4511568,H11C13N3O4,H44 C52 N12 O16,124,124,1291.5246,P2_1/c,14,monoclinic,4,C H N O,True
4511620,H24C19O9,H48 C38 O18,104,104,975.4694,P-1,2,triclinic,3,C H O,True
4511701,CdH11C8NCl2O,Cd4 H44 C32 N4 Cl8 O4,96,96,1093.394,P2_1/c,14,monoclinic,6,C Cd Cl H N O,True
4511723,H14C7Cl2O3,H28 C14 Cl4 O6,52,52,542.0542,Pmn2_1,31,orthorhombic,4,C Cl H O,True
4511791,CuH6C14SN5(ClO)2,Cu2 H12 C28 S2 N10 Cl4 O4,62,62,860.8335,P-1,2,triclinic,7,C Cl Cu H N O S,True
4511824,H7C6N3O3F,H14 C12 N6 O6 F2,40,40,368.6401,P-1,2,triclinic,5,C F H N O,True
4511862,Ag2H11C7N3O5,Ag4 H22 C14 N6 O10,56,56,518.2144,P2_1,4,monoclinic,5,Ag C H N O,True
4511895,H14C14N4O5,H56 C56 N16 O20,148,148,1409.2437,P-1,2,triclinic,4,C H N O,True
4511964,H9C4N3O2,H36 C16 N12 O8,72,72,618.1636,P2_1/c,14,monoclinic,4,C H N O,True
4512021,H15C14N3O5,H30 C28 N6 O10,74,74,715.7245,P-1,2,triclinic,4,C H N O,True
4512107,LiH4SNO4,Li8 H32 S8 N8 O32,88,88,858.0025,Pca2_1,29,orthorhombic,5,H Li N O S,False
4512180,BH6C6O2F,B4 H24 C24 O8 F4,64,64,623.1943,P2_1/c,14,monoclinic,5,B C F H O,True
4512184,BH4C6O2F3,B4 H16 C24 O8 F12,64,64,646.231,P2_1/c,14,monoclinic,5,B C F H O,True
4512321,PH10C10Br(NF3)2,P2 H20 C20 Br2 N4 F12,60,60,712.4519,P2_1/c,14,monoclinic,6,Br C F H N P,True
4512322,PH10C10Br(NF3)2,P2 H20 C20 Br2 N4 F12,60,60,685.0702,P2_1/c,14,monoclinic,6,Br C F H N P,True
4512325,H10C11SBrN2(OF)3,H20 C22 S2 Br2 N4 O6 F6,62,62,750.1807,P-1,2,triclinic,7,Br C F H N O S,True
4512359,H9C8SN2O3,H36 C32 S4 N8 O12,92,92,913.2157,P-1,2,triclinic,5,C H N O S,True
4512370,H9C8SN2O3,H36 C32 S4 N8 O12,92,92,920.4137,P-1,2,triclinic,5,C H N O S,True
4512381,UH30C16N4(Cl2O)2,U1 H30 C16 N4 Cl4 O2,57,57,634.814,P-1,2,triclinic,6,C Cl H N O U,True
4512439,SnH34C30N10(ClO)4,Sn1 H34 C30 N10 Cl4 O4,83,83,863.3092,P-1,2,triclinic,6,C Cl H N O Sn,True
4512458,NiH25C15SN3(ClO4)2,Ni2 H50 C30 S2 N6 Cl4 O16,110,110,1022.7582,P-1,2,triclinic,7,C Cl H N Ni O S,True
4512490,FeH24C25SN5O4F3,Fe2 H48 C50 S2 N10 O8 F6,126,126,1264.0645,P1,1,triclinic,7,C F Fe H N O S,True
4512558,H10C11N4O3,H20 C22 N8 O6,56,56,545.9687,P-1,2,triclinic,4,C H N O,True
4512642,LuH9C5(NO4)2,Lu4 H36 C20 N8 O32,100,50,1008.9824,C222_1,20,orthorhombic,5,C H Lu N O,True
4512770,H5C13NF4,H20 C52 N4 F16,92,92,1045.8528,P2_1/c,14,monoclinic,4,C F H N,True
4512829,H2C3(IN)2,H16 C24 I16 N16,72,72,1340.9882,P4_12_12,92,tetragonal,4,C H I N,True
4512838,H8C9BrNO4,H32 C36 Br4 N4 O16,92,92,987.3787,P-1,2,triclinic,5,Br C H N O,True
4512854,H27C31SN2O4F3,H54 C62 S2 N4 O8 F6,136,136,1470.5598,P-1,2,triclinic,6,C F H N O S,True
4512915,Rb2Th(Si2O5)3,Rb8 Th4 Si24 O60,96,96,1484.3849,P-1,2,triclinic,4,O Rb Si Th,False
4513057,H12C15(N2O)2,H24 C30 N8 O4,66,66,664.4835,Pc,7,monoclinic,4,C H N O,True
4513082,LiH12C9NO3,Li4 H48 C36 N4 O12,104,104,1044.7186,P2_1/c,14,monoclinic,5,C H Li N O,True
4513106,H7C8N2O,H28 C32 N8 O4,72,72,738.4223,P-1,2,triclinic,4,C H N O,True
4513277,As2O3,As8 O12,20,20,328.7721,P2_1/c,14,monoclinic,2,As O,False
4513280,As2O3,As8 O12,20,20,305.4269,P2_1/c,14,monoclinic,2,As O,False
4513281,As2O3,As16 O24,40,40,596.0982,P2_1/c,14,monoclinic,2,As O,False
4513328,ZnH22C28NO6,Zn2 H44 C56 N2 O12,116,116,1186.2121,P-1,2,triclinic,5,C H N O Zn,True
4513350,H19C23BrN2O,H38 C46 Br2 N4 O2,92,92,984.8988,P-1,2,triclinic,5,Br C H N O,True
4513401,H13C15(NO)3,H52 C60 N12 O12,136,136,1399.3504,P2_12_12_1,19,orthorhombic,4,C H N O,True
4513403,H16C16N2O,H64 C64 N8 O4,140,140,1366.8628,P2_12_12_1,19,orthorhombic,4,C H N O,True
4513418,H18C19S(N2O)4,H36 C38 S2 N16 O8,100,100,991.566,P-1,2,triclinic,5,C H N O S,True
4513471,H22C20N10O7,H44 C40 N20 O14,118,118,1175.243,P2/c,13,monoclinic,4,C H N O,True
4513575,As2O3,As32 O48,80,20,1028.038,Fd-3m,227,cubic,2,As O,False
4513746,H9C10NO,H36 C40 N4 O4,84,84,784.7472,P2_1,4,monoclinic,4,C H N O,True
4513805,H11C11NO,H44 C44 N4 O4,96,96,957.1293,P2_1/c,14,monoclinic,4,C H N O,True
4513808,H17C14SNO3,H68 C56 S4 N4 O12,144,144,1384.6563,P-1,2,triclinic,5,C H N O S,True
4513901,H22C25S(NO3)2,H44 C50 S2 N4 O12,112,112,1127.2669,P-1,2,triclinic,5,C H N O S,True
4513942,SbH32AuC22(N2F3)2,Sb2 H64 Au2 C44 N8 F12,132,132,1407.0617,P2_1/c,14,monoclinic,6,Au C F H N Sb,True
4513986,NiB2H24(C2N)8,Ni2 B4 H48 C32 N16,102,102,941.5375,P2_1/c,14,monoclinic,5,B C H N Ni,True
4514096,H10C12O5,H40 C48 O20,108,108,1099.7432,P2_12_12_1,19,orthorhombic,3,C H O,True
4514123,H26PtC25S(NF)2,H52 Pt2 C50 S2 N4 F4,114,114,1295.5163,P-1,2,triclinic,6,C F H N Pt S,True
4514168,H10C7O4,H40 C28 O16,84,84,723.2551,P2_1/c,14,monoclinic,3,C H O,True
4514219,MgH25C18ClO3F4,Mg2 H50 C36 Cl2 O6 F8,104,104,1015.0144,P2_1,4,monoclinic,6,C Cl F H Mg O,True
4514369,H15C16ClO2,H60 C64 Cl4 O8,136,136,1340.6775,P2_12_12_1,19,orthorhombic,4,C Cl H O,True
4514542,H22C22N2O5,H44 C44 N4 O10,102,102,936.6809,P-1,2,triclinic,4,C H N O,True
4514736,SiH37C22N3O4,Si2 H74 C44 N6 O8,134,134,1296.7576,P2_1,4,monoclinic,5,C H N O Si,True
4514802,BH36C30(NO)3,B2 H72 C60 N6 O6,146,146,1390.9298,P2_1,4,monoclinic,5,B C H N O,True
4514807,H24RhC21SCl,H48 Rh2 C42 S2 Cl2,96,96,946.8747,P2_1,4,monoclinic,5,C Cl H Rh S,True
4514853,H16C12O5,H32 C24 O10,66,66,591.2539,P2_1,4,monoclinic,3,C H O,True
4515253,H12C18SN2O5,H24 C36 S2 N4 O10,76,76,760.3041,P-1,2,triclinic,5,C H N O S,True
4515700,NiPH41C25O4,Ni2 P2 H82 C50 O8,144,144,1240.6945,P-1,2,triclinic,5,C H Ni O P,True
4515714,AlH14C27(NF4)4,Al2 H28 C54 N8 F32,124,124,1339.8983,P-1,2,triclinic,5,Al C F H N,True
4515781,H10WC13NCl4F3,H20 W2 C26 N2 Cl8 F6,64,64,815.795,P-1,2,triclinic,6,C Cl F H N W,True
4515937,H15Pt2C5I3,H30 Pt4 C10 I6,50,50,627.862,P-1,2,triclinic,4,C H I Pt,True
4515976,H23C32NO4,H46 C64 N2 O8,120,120,1250.9829,P-1,2,triclinic,4,C H N O,True
4516093,H15C11N2O,H30 C22 N4 O2,58,58,508.5951,P-1,2,triclinic,4,C H N O,True
4516145,H16C17SIBrO3,H32 C34 S2 I2 Br2 O6,78,78,888.9598,P-1,2,triclinic,6,Br C H I O S,True
4516154,H31C26SN3O4,H62 C52 S2 N6 O8,130,130,1254.2843,P-1,2,triclinic,5,C H N O S,True
4516225,NaH11C4(N6O)3,Na4 H44 C16 N72 O12,148,148,1450.8613,P2_12_12_1,19,orthorhombic,5,C H N Na O,True
4516261,H2CN2,H24 C12 N24,60,60,533.4557,P2_1/c,14,monoclinic,3,C H N,True
4516335,H13C7BrN2,H52 C28 Br4 N8,92,92,948.664,P2_1/c,14,monoclinic,4,Br C H N,True
4516409,H26C39N2O3,H52 C78 N4 O6,140,140,1369.1563,P-1,2,triclinic,4,C H N O,True
4516452,AgH12C16SN2ClO4,Ag2 H24 C32 S2 N4 Cl2 O8,74,74,843.4807,P-1,2,triclinic,7,Ag C Cl H N O S,True
4516501,KH2C3O2,K4 H8 C12 O8,32,32,425.4333,P2_1/c,14,monoclinic,4,C H K O,True
4516776,CoP2H40C25NO,Co2 P4 H80 C50 N2 O2,140,140,1278.2217,P-1,2,triclinic,6,C Co H N O P,True
4516946,H17C14SN5,H68 C56 S4 N20,148,148,1406.721,P2_1/c,14,monoclinic,4,C H N S,True
4516955,H17C16NO2,H34 C32 N2 O4,72,72,659.3204,P-1,2,triclinic,4,C H N O,True
4517021,H13C17NO2,H26 C34 N2 O4,66,66,658.8682,P-1,2,triclinic,4,C H N O,True
4517030,H26C19SN2O3,H52 C38 S2 N4 O6,102,102,993.6667,P-1,2,triclinic,5,C H N O S,True
4517190,BH22IrC14N2(OF2)2,B2 H44 Ir2 C28 N4 O4 F8,92,92,914.7905,P2_1,4,monoclinic,7,B C F H Ir N O,True
4517463,H16C15(NO)2,H32 C30 N4 O4,70,70,632.9866,P2_1,4,monoclinic,4,C H N O,True
4517505,H4AuC5N3Cl2O,H8 Au2 C10 N6 Cl4 O2,32,32,413.0608,P-1,2,triclinic,6,Au C Cl H N O,True
4517545,In2Se3,In12 Se18,30,30,852.1234,P6_5,170,hexagonal,2,In Se,False
4517579,H11C16N2ClO3,H44 C64 N8 Cl4 O12,132,132,1414.1838,P2_1/c,14,monoclinic,5,C Cl H N O,True
4517641,H16C19BrNO2,H32 C38 Br2 N2 O4,78,78,797.6284,P2_1,4,monoclinic,5,Br C H N O,True
4517670,ZnH22C28(NO4)2,Zn2 H44 C56 N4 O16,122,122,1287.1145,P-1,2,triclinic,5,C H N O Zn,True
4517675,H6C3N10O3,H6 C3 N10 O3,22,22,209.6197,P1,1,triclinic,4,C H N O,True
4517807,H7C11S,H28 C44 S4,76,76,809.6654,P2_1/c,14,monoclinic,3,C H S,True
4517829,H13C15NO,H26 C30 N2 O2,60,60,583.5037,P2_1,4,monoclinic,4,C H N O,True
4517909,Zn4B6SO12,Zn8 B12 S2 O24,46,23,445.1317,I-43m,217,cubic,4,B O S Zn,False
4517913,Zn4B6SO12,Zn8 B12 S2 O24,46,23,445.2489,I-43m,217,cubic,4,B O S Zn,False
4517948,Zn4B6SeO12,Zn8 B12 Se2 O24,46,23,453.1335,I-43m,217,cubic,4,B O Se Zn,False
4517991,H12C14NOF,H48 C56 N4 O4 F4,116,116,1160.2945,P2_1/c,14,monoclinic,5,C F H N O,True
4518183,H15C9ClO2,H60 C36 Cl4 O8,108,108,1002.3132,P2_12_12_1,19,orthorhombic,4,C Cl H O,True
4518218,PH15Pd(CN)6,P4 H60 Pd4 C24 N24,116,116,1121.2763,P2_1/c,14,monoclinic,5,C H N P Pd,True
4518289,H28C19O2,H56 C38 O4,98,98,811.4137,P-1,2,triclinic,3,C H O,True
4518326,H11C14,H44 C56,100,100,947.5031,P2_1/c,14,monoclinic,2,C H,True
4518658,BaCu(Si2O5)2,Ba4 Cu4 Si16 O40,64,64,894.4417,P4/ncc,130,tetragonal,4,Ba Cu O Si,False
4519102,H8C10BrNO3,H32 C40 Br4 N4 O12,92,92,1028.8286,Pnma,62,orthorhombic,5,Br C H N O,True
4519224,H10C9N2O3,H40 C36 N8 O12,96,96,931.1782,P2_1/c,14,monoclinic,4,C H N O,True
4519322,KC3N5O4,K4 C12 N20 O16,52,52,657.1634,P2_1/c,14,monoclinic,4,C K N O,True
4519344,H16C13NClO2,H32 C26 N2 Cl2 O4,66,66,612.354,P2_1,4,monoclinic,5,C Cl H N O,True
4519448,H7C6NCl,H28 C24 N4 Cl4,60,60,618.3871,Pnnm,58,orthorhombic,4,C Cl H N,True
5000083,H30C19O2,H60 C38 O4,102,102,828.5048,P2_1,4,monoclinic,3,C H O,True
5000085,CaCO3,Ca4 C4 O12,20,20,226.9064,Pnma,62,orthorhombic,3,C4+ Ca2+ O2-,False
5000117,KH3(CO)3,K4 H12 C12 O12,40,40,514.5636,P2_1/c,14,monoclinic,4,C H K O,True
5000337,FeP2H42(C9Cl)2,Fe2 P4 H84 C36 Cl4,130,130,1233.8615,P2_12_12,18,orthorhombic,5,C Cl Fe H P,True
5900028,H8C3N,H64 C24 N8,96,96,769.6418,Pbca,61,orthorhombic,3,C H N,True
5910003,WS2,W2 S4,6,6,109.4699,P6_3/mmc,194,hexagonal,2,S W,False
5910006,ZrS2,Zr1 S2,3,3,66.7575,P-3m1,164,trigonal,2,S Zr,False
5910010,CoS2,Co4 S8,12,12,179.4061,Pa-3,205,cubic,2,Co S,False
5910056,BiF3,Bi4 F12,16,16,200.2016,P-43m,215,cubic,2,Bi F,False
5910066,CaSn3,Ca1 Sn3,4,4,105.9581,Pm-3m,221,cubic,2,Ca Sn,False
5910091,TiC,Ti4 C4,8,2,78.9536,Fm-3m,225,cubic,2,C Ti,True
5910099,ZrCl4,Zr8 Cl32,40,40,1099.1048,Pa-3,205,cubic,2,Cl Zr,False
5910139,KCO3,K1 C1 O3,5,5,64.4812,Pm-3m,221,cubic,3,C K O,True
5910267,RbSb4F13,Rb2 Sb8 F26,36,18,609.2645,I4/m,87,tetragonal,3,F Rb Sb,False
5910319,TlSb4F13,Tl2 Sb8 F26,36,18,611.4677,I4/m,87,tetragonal,3,F Sb Tl,False
5910329,BaMnO4,Ba4 Mn4 O16,24,24,362.3053,Pnma,62,orthorhombic,3,Ba Mn O,False
5910332,Na2BeF4,Na8 Be4 F16,28,28,349.7976,Pnma,62,orthorhombic,3,Be F Na,False
6000414,K2CoH12(SO7)2,K4 Co2 H24 S4 O28,62,62,658.0679,P2_1/c,14,monoclinic,5,Co H K O S,False
6000428,K2LiAlF6,K12 Li6 Al6 F36,60,20,753.4783,R-3m,166,trigonal,4,Al F K Li,False
6000515,Rb2Zn2P3(HO4)3,Rb8 Zn8 P12 H12 O48,88,88,1206.9778,P2_1/c,14,monoclinic,5,H O P Rb Zn,False
7000021,H24PdC16N2ClO5,H48 Pd2 C32 N4 Cl2 O10,98,98,999.1932,P-1,2,triclinic,6,C Cl H N O Pd,True
7000022,H17PdC12N2Cl3,H34 Pd2 C24 N4 Cl6,70,70,770.2699,P-1,2,triclinic,5,C Cl H N Pd,True
7000099,GaH8CN,Ga8 H64 C8 N8,88,44,885.9381,C2/c,15,monoclinic,4,C Ga H N,True
7000100,GaH14C4N,Ga4 H56 C16 N4,80,80,781.9617,Pnma,62,orthorhombic,4,C Ga H N,True
7000124,MoPH18C19N3(OF2)3,Mo2 P2 H36 C38 N6 O6 F12,102,102,1064.85,P-1,2,triclinic,7,C F H Mo N O P,True
7000217,MnH17C8N4O5,Mn2 H34 C16 N8 O10,70,70,721.016,P-1,2,triclinic,5,C H Mn N O,True
7000361,P2H32PtC24,P4 H64 Pt2 C48,118,118,1169.9304,P2_1/c,14,monoclinic,4,C H P Pt,True
7000469,NiH26C16(BrN)2,Ni2 H52 C32 Br4 N4,94,94,934.7129,P-1,2,triclinic,5,Br C H N Ni,True
7000553,BH16C13N2,B4 H64 C52 N8,128,128,1149.6376,P2_1/c,14,monoclinic,4,B C H N,True
7000610,MnH24C26S2(N3O)2,Mn1 H24 C26 S2 N6 O2,61,61,693.9731,P-1,2,triclinic,6,C H Mn N O S,True
7000761,AgBH8C6(NF)4,Ag2 B2 H16 C12 N8 F8,48,48,545.0261,P-1,2,triclinic,6,Ag B C F H N,True
7000781,H32PdC18N4(ClO)2,H64 Pd2 C36 N8 Cl4 O4,118,118,1115.2187,P2_1/c,14,monoclinic,6,C Cl H N O Pd,True
7000923,AgH12C7S3N5,Ag2 H24 C14 S6 N10,56,56,580.5247,P-1,2,triclinic,5,Ag C H N S,True
7001102,H4C7NO4,H32 C56 N8 O32,128,64,1306.6063,Aea2,41,orthorhombic,4,C H N O,True
7001128,CuH16C10N4O3,Cu4 H64 C40 N16 O12,136,136,1337.8686,P2_1/c,14,monoclinic,5,C Cu H N O,True
7001184,YbH2C2SNO9,Yb4 H8 C8 S4 N4 O36,64,64,750.8596,P2_1/c,14,monoclinic,6,C H N O S Yb,True
7001191,MnH5Os3C17SN2O13,Mn2 H10 Os6 C34 S2 N4 O26,84,84,1229.4224,P-1,2,triclinic,7,C H Mn N O Os S,True
7001226,Re2P2H34C38Cl8O3,Re2 P2 H34 C38 Cl8 O3,87,87,1060.3004,P-1,2,triclinic,6,C Cl H O P Re,True
7001249,FeH10C17NOF5,Fe2 H20 C34 N2 O2 F10,70,70,734.6651,P2_1,4,monoclinic,6,C F Fe H N O,True
7001367,FeH23C26Cl,Fe2 H46 C52 Cl2,102,102,1019.7261,P-1,2,triclinic,4,C Cl Fe H,True
7001420,TiH36(C12N)2,Ti2 H72 C48 N4,126,126,1118.6073,P-1,2,triclinic,4,C H N Ti,True
7001473,H52PtC30S2Br2(N4O)2,H52 Pt1 C30 S2 Br2 N8 O2,97,97,1434.6713,P-1,2,triclinic,7,Br C H N O Pt S,True
7001474,H29PtC25N3O2,H58 Pt2 C50 N6 O4,120,120,1143.4392,P-1,2,triclinic,5,C H N O Pt,True
7001523,Cu3H24C18N8O7,Cu6 H48 C36 N16 O14,120,120,1282.0184,P-1,2,triclinic,5,C Cu H N O,True
7001532,Ga2Te2MoO10,Ga8 Te8 Mo4 O40,60,60,803.1544,Pnma,62,orthorhombic,4,Ga Mo O Te,False
7001570,BiH16C20S2Br3,Bi2 H32 C40 S4 Br6,84,84,1068.379,P-1,2,triclinic,5,Bi Br C H S,True
7001948,VH14C4N2Cl2O,V4 H56 C16 N8 Cl8 O4,96,48,982.1932,C2/c,15,monoclinic,6,C Cl H N O V,True
7002093,BH31PdC27N4OF4,B2 H62 Pd2 C54 N8 O2 F8,138,138,1398.9368,P-1,2,triclinic,7,B C F H N O Pd,True
7002103,H14IrC9N2ClO2,H56 Ir4 C36 N8 Cl4 O8,116,116,1308.5659,P2_1/c,14,monoclinic,6,C Cl H Ir N O,True
7002209,FeB7H12C6NO3,Fe4 B28 H48 C24 N4 O12,120,120,1220.0423,P2_1/c,14,monoclinic,6,B C Fe H N O,True
7002212,H25AuC20(NCl2)2,H50 Au2 C40 N4 Cl8,104,104,1111.4366,P-1,2,triclinic,5,Au C Cl H N,True
7002374,SiH23(C3N)3,Si2 H46 C18 N6,72,72,634.9407,P-1,2,triclinic,4,C H N Si,True
7002833,AgH25C22N2O5,Ag2 H50 C44 N4 O10,110,110,986.3868,P2_1/m,11,monoclinic,5,Ag C H N O,True
7002934,CsPH24C13O2,Cs2 P2 H48 C26 O4,82,82,788.8661,P-1,2,triclinic,5,C Cs H O P,True
7002997,ZnH9C17NCl2O3,Zn2 H18 C34 N2 Cl4 O6,66,66,753.487,P-1,2,triclinic,6,C Cl H N O Zn,True
7003243,HgH24C27N4Cl2O3,Hg2 H48 C54 N8 Cl4 O6,122,122,1338.7289,P-1,2,triclinic,6,C Cl H Hg N O,True
7003430,NiH28C15N2(ClO2)2,Ni2 H56 C30 N4 Cl4 O8,104,104,952.3795,P-1,2,triclinic,6,C Cl H N Ni O,True
7003629,Co3P3H34C31O6,Co3 P3 H34 C31 O6,77,77,859.2662,P1,1,triclinic,5,C Co H O P,True
7003728,AgH10C11SN6(OF)3,Ag2 H20 C22 S2 N12 O6 F6,70,70,752.3045,P-1,2,triclinic,7,Ag C F H N O S,True
7003750,FePH27C29N2O3,Fe2 P2 H54 C58 N4 O6,126,126,1242.6161,P2_1,4,monoclinic,6,C Fe H N O P,True
7003802,H11C6SeN2Cl,H44 C24 Se4 N8 Cl4,84,84,858.4038,P2_1/c,14,monoclinic,5,C Cl H N Se,True
7003822,NiP2H30(C11N)3,Ni2 P4 H60 C66 N6,138,138,1444.9017,P-1,2,triclinic,5,C H N Ni P,True
7004110,CoH18C18(N2O3)2,Co2 H36 C36 N8 O12,94,94,933.8543,P2_1,4,monoclinic,5,C Co H N O,True
7004183,H5C5N2O,H20 C20 N8 O4,52,52,503.7251,P-1,2,triclinic,4,C H N O,True
7004335,FeH4C3O5,Fe4 H16 C12 O20,52,52,541.4541,Pc,7,monoclinic,4,C Fe H O,True
7004491,AgH33C30N3Cl,Ag2 H66 C60 N6 Cl2,136,136,1346.9204,P-1,2,triclinic,5,Ag C Cl H N,True
7004518,BH21C25N3Cl2F15,B2 H42 C50 N6 Cl4 F30,134,134,1450.718,P-1,2,triclinic,6,B C Cl F H N,True
7004555,Sb(HC)12,Sb4 H48 C48,100,100,1048.9392,P-1,2,triclinic,3,C H Sb,True
7004671,GaH11C5SeCl3,Ga2 H22 C10 Se2 Cl6,42,42,534.7659,P-1,2,triclinic,5,C Cl Ga H Se,True
7004774,H32PdC27(IN2)2,H64 Pd2 C54 I4 N8,132,132,1408.3286,P-1,2,triclinic,5,C H I N Pd,True
7004800,H22PtC19N4,H44 Pt2 C38 N8,92,92,873.7359,P-1,2,triclinic,4,C H N Pt,True
7004804,NiTe2P4H56C24(SN)2,Ni1 Te2 P4 H56 C24 S2 N2,91,91,885.7119,P-1,2,triclinic,7,C H N Ni P S Te,True
7004805,NiTe2P4H56C24(SeN)2,Ni1 Te2 P4 H56 C24 Se2 N2,91,91,911.0822,P-1,2,triclinic,7,C H N Ni P Se Te,True
7004847,CoH3Au2(CN)8,Co4 H12 Au8 C32 N32,88,44,1408.7997,C2/m,12,monoclinic,5,Au C Co H N,True
7004849,CuH3Au2(CN)8,Cu4 H12 Au8 C32 N32,88,44,1389.2418,C2/m,12,monoclinic,5,Au C Cu H N,True
7004937,CuH38C28N3Cl,Cu2 H76 C56 N6 Cl2,142,142,1364.898,P-1,2,triclinic,5,C Cl Cu H N,True
7005038,ReH6C8(BrN)4,Re4 H24 C32 Br16 N16,92,92,1404.4574,P2_12_12_1,19,orthorhombic,5,Br C H N Re,True
7005219,H13C18N3O,H26 C36 N6 O2,70,70,693.1235,P-1,2,triclinic,4,C H N O,True
7005290,MnH6(CO)6,Mn6 H36 C36 O36,114,114,1289.0542,P2_1/c,14,monoclinic,4,C H Mn O,True
7005412,CuAgH12C12N3O7,Cu2 Ag2 H24 C24 N6 O14,72,72,772.7114,P-1,2,triclinic,6,Ag C Cu H N O,True
7005421,AgH10C5SIN2,Ag6 H60 C30 S6 I6 N12,120,120,1395.5143,P-1,2,triclinic,6,Ag C H I N S,True
7005426,VH7C5NO2F3,V2 H14 C10 N2 O4 F6,38,38,362.8907,P-1,2,triclinic,6,C F H N O V,True
7005492,H17C12SeIN2,H68 C48 Se4 I4 N8,132,132,1396.4248,P2_1/c,14,monoclinic,5,C H I N Se,True
7005509,FeH23C22NO,Fe2 H46 C44 N2 O2,96,96,927.3002,P2_1,4,monoclinic,5,C Fe H N O,True
7005539,NaCuH34C16N4ClO11,Na2 Cu2 H68 C32 N8 Cl2 O22,136,136,1128.9036,P-1,2,triclinic,7,C Cl Cu H N Na O,True
7005611,P3H12C6N4Cl3O2,P12 H48 C24 N16 Cl12 O8,120,120,1370.5047,P2_1/c,14,monoclinic,6,C Cl H N O P,True
7005618,H16C13(N2O)2,H32 C26 N8 O4,70,70,639.2555,P2_12_12,18,orthorhombic,4,C H N O,True
7005647,ZnH6C8(NO)6,Zn4 H24 C32 N24 O24,108,108,1206.7521,P2_1/c,14,monoclinic,5,C H N O Zn,True
7005654,CuH3C4IN2,Cu8 H24 C32 I8 N16,88,88,1231.7358,P4_32_12,96,tetragonal,5,C Cu H I N,True
7005717,FeH7C9IO4,Fe4 H28 C36 I4 O16,88,88,1103.5693,P2_1/c,14,monoclinic,5,C Fe H I O,True
7005755,B9H16C7N,B36 H64 C28 N4,132,66,1206.9301,Cc,9,monoclinic,4,B C H N,True
7005806,NiP2H38(C9Br)2,Ni2 P4 H76 C36 Br4,122,122,1143.7562,P2_1/c,14,monoclinic,5,Br C H Ni P,True
7005810,H10PtC11N2ClF,H40 Pt4 C44 N8 Cl4 F4,104,104,1092.3598,Pna2_1,33,orthorhombic,6,C Cl F H N Pt,True
7005896,P2H18RhC7ClO7,P4 H36 Rh2 C14 Cl2 O14,72,72,722.5063,P1,1,triclinic,6,C Cl H O P Rh,True
7005968,H29(C5N)3,H58 C30 N6,94,94,757.4906,P-1,2,triclinic,3,C H N,True
7006220,CoP2H26C16(NO)2,Co2 P4 H52 C32 N4 O4,98,98,955.3269,P2_1/c,14,monoclinic,6,C Co H N O P,True
7006395,ZnH10C14O5,Zn4 H40 C56 O20,120,120,1298.9018,P2_1/c,14,monoclinic,4,C H O Zn,True
7006470,Fe3Cu4H42C54(IN3)4,Fe3 Cu4 H42 C54 I4 N12,119,119,1353.0728,P-1,2,triclinic,6,C Cu Fe H I N,True
7006553,H12PbC6(N2O3)3,H24 Pb2 C12 N12 O18,68,68,675.9391,P-1,2,triclinic,5,C H N O Pb,True
7006679,Cd3H46C48(NO4)4,Cd3 H46 C48 N4 O16,117,117,1205.698,P-1,2,triclinic,5,C Cd H N O,True
7006935,H16C10S(NO)2,H64 C40 S4 N8 O8,124,124,1160.1574,P2_1/c,14,monoclinic,5,C H N O S,True
7007054,AgH6C8(NO)3,Ag4 H24 C32 N12 O12,84,84,871.8161,Pnma,62,orthorhombic,5,Ag C H N O,True
7007103,SiB5(H7C3)2,Si4 B20 H56 C24,104,52,1081.8412,C2/m,12,monoclinic,4,B C H Si,True
7007374,NiH16C18S4(NO4)2,Ni2 H32 C36 S8 N4 O16,98,98,1062.4983,P2_1/c,14,monoclinic,6,C H N Ni O S,True
7007376,NiH14C16S4(N2O3)2,Ni1 H14 C16 S4 N4 O6,45,45,494.3137,P-1,2,triclinic,6,C H N Ni O S,True
7007556,FeH12C15ClO3,Fe4 H48 C60 Cl4 O12,128,128,1416.4942,P-1,2,triclinic,5,C Cl Fe H O,True
7007731,H12C14N3,H48 C56 N12,116,116,1138.6676,P2_1/c,14,monoclinic,3,C H N,True
7007847,Hg3H10(C8F3)4,Hg6 H20 C64 F24,114,114,1392.2846,P2_1/m,11,monoclinic,4,C F H Hg,True
7007924,H33C23N3O4,H66 C46 N6 O8,126,126,1160.2855,P-1,2,triclinic,4,C H N O,True
7007929,VCuP2H15C17N3O9F,V2 Cu2 P4 H30 C34 N6 O18 F2,98,98,1020.5112,P-1,2,triclinic,8,C Cu F H N O P V,True
7008042,H16C10N2ClO6,H64 C40 N8 Cl4 O24,140,140,1331.2466,P-1,2,triclinic,5,C Cl H N O,True
7008161,P2H46PdC34(ClO)6,P2 H46 Pd1 C34 Cl6 O6,95,95,978.1183,P-1,2,triclinic,6,C Cl H O P Pd,True
7008287,B10H34RuC24,B20 H68 Ru2 C48,138,138,1241.6004,Pc,7,monoclinic,4,B C H Ru,True
7008300,MnSeO3,Mn8 Se8 O24,40,40,590.4285,P2_1/c,14,monoclinic,3,Mn O Se,False
7008406,Si2PH37C23O2,Si4 P2 H74 C46 O4,130,130,1242.5712,P-1,2,triclinic,5,C H O P Si,True
7008412,ZnPH6C3NO3,Zn4 P4 H24 C12 N4 O12,60,60,556.4188,P2_1/c,14,monoclinic,6,C H N O P Zn,True
7008440,H7C8N3,H28 C32 N12,72,72,707.2376,Pna2_1,33,orthorhombic,3,C H N,True
7008521,Re2H25C24(NO3)4,Re4 H50 C48 N8 O24,134,134,1418.5123,P2_1,4,monoclinic,5,C H N O Re,True
7008607,MnH12C12(N5O)2,Mn2 H24 C24 N20 O4,74,74,770.7075,P2_1/c,14,monoclinic,5,C H Mn N O,True
7008638,Eu2CoH24(C10O11)2,Eu4 Co2 H48 C40 O44,138,138,1473.8885,P-1,2,triclinic,5,C Co Eu H O,True
7008681,CuH38C28N2O3,Cu2 H76 C56 N4 O6,144,144,1279.1665,P-1,2,triclinic,5,C Cu H N O,True
7008796,AgH12C10N7O3,Ag2 H24 C20 N14 O6,66,66,672.617,P-1,2,triclinic,5,Ag C H N O,True
7008811,H3C4S4NO4,H12 C16 S16 N4 O16,64,64,836.0631,P2_1/c,14,monoclinic,5,C H N O S,True
7008932,NdH11C15(N3O5)2,Nd2 H22 C30 N12 O20,86,86,994.1867,P-1,2,triclinic,5,C H N Nd O,True
7009007,Sr4MoN4O,Sr32 Mo8 N32 O8,80,80,1378.094,P2_1/m,11,monoclinic,4,Mo N O Sr,False
7009015,CdH16C10S2(N2O5)2,Cd2 H32 C20 S4 N8 O20,86,86,895.9423,P2_1/c,14,monoclinic,6,C Cd H N O S,True
7009024,SiH30C20Br2(N5Cl)2,Si2 H60 C40 Br4 N20 Cl4,130,130,1425.6607,P2_1/c,14,monoclinic,6,Br C Cl H N Si,True
7009141,CdH50C36(N2O3)2,Cd1 H50 C36 N4 O6,97,97,908.5681,P-1,2,triclinic,5,C Cd H N O,True
7009280,CrH5C5Cl2,Cr8 H40 C40 Cl16,104,104,1332.7492,Pbca,61,orthorhombic,4,C Cl Cr H,True
7009405,Cs2Zn5P6(HO2)14,Cs2 Zn5 P6 H14 O28,55,55,673.5902,P-1,2,triclinic,5,Cs H O P Zn,False
7009541,InP2(H9C5)3,In2 P4 H54 C30,90,90,856.8908,P-1,2,triclinic,4,C H In P,True
7009859,Ti2H2CSe4Cl16O5,Ti4 H4 C2 Se8 Cl32 O10,60,60,1439.442,P2/c,13,monoclinic,6,C Cl H O Se Ti,True
7009985,AgH11C16N4O3,Ag2 H22 C32 N8 O6,70,70,814.5832,P-1,2,triclinic,5,Ag C H N O,True
7009997,ZnH10C10(Br2N)2,Zn4 H40 C40 Br16 N8,108,108,1492.2878,P2_1/c,14,monoclinic,5,Br C H N Zn,True
7010001,HgH10C10(NCl2)2,Hg4 H40 C40 N8 Cl16,108,108,1402.5967,P2_1/c,14,monoclinic,5,C Cl H Hg N,True
7010213,SbH19(C8N)2,Sb2 H38 C32 N4,76,76,736.8977,P-1,2,triclinic,4,C H N Sb,True
7010268,AgH39C29N3Cl,Ag2 H78 C58 N6 Cl2,146,146,1417.8271,P-1,2,triclinic,5,Ag C Cl H N,True
7010297,TbH25C23O9,Tb2 H50 C46 O18,116,116,1168.6135,P-1,2,triclinic,4,C H O Tb,True
7010311,CoH20C8Br2(NO)4,Co2 H40 C16 Br4 N8 O8,78,78,844.9693,P2_1/c,14,monoclinic,6,Br C Co H N O,True
7010353,CuH16C8S4Br,Cu2 H32 C16 S8 Br2,60,30,629.2793,I4,79,tetragonal,5,Br C Cu H S,True
7010358,AgB11MoH11C9I(Br2O)3,Ag2 B22 Mo2 H22 C18 I2 Br12 O6,86,86,1338.6958,P-1,2,triclinic,8,Ag B Br C H I Mo O,True
7010655,CuH26C32(N4O)2,Cu2 H52 C64 N16 O4,138,138,1395.1106,P-1,2,triclinic,5,C Cu H N O,True
7011107,H25IrC29SN4Cl(OF)3,H50 Ir2 C58 S2 N8 Cl2 O6 F6,134,134,1396.4674,P-1,2,triclinic,8,C Cl F H Ir N O S,True
7011164,H14PtC6N2(Cl2O)2,H28 Pt2 C12 N4 Cl8 O4,58,58,634.759,P2_1/c,14,monoclinic,6,C Cl H N O Pt,True
7011293,AgPH22C13N5F6,Ag2 P2 H44 C26 N10 F12,96,96,899.9988,P-1,2,triclinic,6,Ag C F H N P,True
7011408,Cu2H12C12S(IN)2,Cu4 H24 C24 S2 I4 N4,62,62,763.5502,P-1,2,triclinic,6,C Cu H I N S,True
7011562,H13PbC12N3O4,H52 Pb4 C48 N12 O16,132,132,1313.9337,P-1,2,triclinic,5,C H N O Pb,True
7011569,MoH10C16N2O5,Mo4 H40 C64 N8 O20,136,136,1496.9507,P2_1/c,14,monoclinic,5,C H Mo N O,True
7011642,Re2H18(C2O)3,Re6 H54 C18 O9,87,87,890.203,P-1,2,triclinic,4,C H O Re,True
7012070,CrB2H64(C9N2)4,Cr1 B2 H64 C36 N8,111,111,1004.7816,P-1,2,triclinic,5,B C Cr H N,True
7012215,H13PtC7N3Cl2O,H26 Pt2 C14 N6 Cl4 O2,54,54,565.7454,P-1,2,triclinic,6,C Cl H N O Pt,True
7012235,U2H24C6S3N2O19,U4 H48 C12 S6 N4 O38,112,112,1112.7735,P-1,2,triclinic,6,C H N O S U,True
7012303,NbH15C10(SO)2,Nb4 H60 C40 S8 O8,120,120,1221.7697,P-1,2,triclinic,5,C H Nb O S,True
7012314,B10H14C7BrN,B40 H56 C28 Br4 N4,132,132,1359.1443,P2_1/c,14,monoclinic,5,B Br C H N,True
7012363,ScH36C16N3O19,Sc2 H72 C32 N6 O38,150,150,1364.6486,P2_12_12,18,orthorhombic,5,C H N O Sc,True
7012469,ZnH4(CO)4,Zn4 H16 C16 O16,52,26,522.3842,C2/c,15,monoclinic,4,C H O Zn,True
7012548,H16WC14O3,H64 W4 C56 O12,136,136,1357.0401,P2_1/c,14,monoclinic,4,C H O W,True
7012620,CoSiH13C9I3O,Co2 Si2 H26 C18 I6 O2,56,56,804.0499,P-1,2,triclinic,6,C Co H I O Si,True
7012678,ZnH14C22S2(N2F3)2,Zn2 H28 C44 S4 N8 F12,98,98,1321.0081,P-1,2,triclinic,6,C F H N S Zn,True
7012785,CeH13C15(N4O5)2,Ce2 H26 C30 N16 O20,94,94,1055.8976,P-1,2,triclinic,5,C Ce H N O,True
7012788,GdH13C15N8O15,Gd2 H26 C30 N16 O30,104,104,1256.3937,P-1,2,triclinic,5,C Gd H N O,True
7012834,H12PtC5N5ClO3,H48 Pt4 C20 N20 Cl4 O12,108,108,1132.5129,P2_1/c,14,monoclinic,6,C Cl H N O Pt,True
7013408,CuH18C10(SN3)2,Cu2 H36 C20 S4 N12,74,74,718.5932,P-1,2,triclinic,5,C Cu H N S,True
7013507,H3AuC3(NCl)2,H24 Au8 C24 N16 Cl16,88,88,1312.9634,P2_1/c,14,monoclinic,5,Au C Cl H N,True
7013523,H12PdC12N2(ClO)2,H48 Pd4 C48 N8 Cl8 O8,124,124,1354.2571,P2_1/c,14,monoclinic,6,C Cl H N O Pd,True
7013574,PH21RuC28N6OF6,P2 H42 Ru2 C56 N12 O2 F12,128,128,1347.962,P-1,2,triclinic,7,C F H N O P Ru,True
7013640,MnH10C8N4(ClO)2,Mn4 H40 C32 N16 Cl8 O8,108,54,1222.623,C2/c,15,monoclinic,6,C Cl H Mn N O,True
7013821,MnH6C5(NO3)2,Mn4 H24 C20 N8 O24,80,80,787.9513,P2_1/c,14,monoclinic,5,C H Mn N O,True
7014154,H38PtC38N10(ClO4)2,H38 Pt1 C38 N10 Cl2 O8,97,97,1016.1137,P-1,2,triclinic,6,C Cl H N O Pt,True
7014176,H18C12S(N3F5)2,H36 C24 S2 N12 F20,94,94,954.802,P2_1/m,11,monoclinic,5,C F H N S,True
7014196,CoPH15(C7O2)3,Co2 P2 H30 C42 O12,88,88,997.7007,P-1,2,triclinic,5,C Co H O P,True
7014436,Co3H34C36(N12O)2,Co3 H34 C36 N24 O2,99,99,1070.2,P-1,2,triclinic,5,C Co H N O,True
7014494,AgH15C21SN3(OF)3,Ag2 H30 C42 S2 N6 O6 F6,94,94,1032.4062,P-1,2,triclinic,7,Ag C F H N O S,True
7014584,H4C10S2NO2,H16 C40 S8 N4 O8,76,76,921.1287,P2_1/c,14,monoclinic,5,C H N O S,True
7014585,CuH6C8SN4Cl2O,Cu4 H24 C32 S4 N16 Cl8 O4,92,92,1098.7899,P2_1/c,14,monoclinic,7,C Cl Cu H N O S,True
7014649,CoH13C17(SeN)2,Co2 H26 C34 Se4 N4,70,70,775.4429,P-1,2,triclinic,5,C Co H N Se,True
7014687,H18C23N6O,H36 C46 N12 O2,96,96,939.6423,P-1,2,triclinic,4,C H N O,True
7014791,PH26PdC27S3N2ClO,P2 H52 Pd2 C54 S6 N4 Cl2 O2,124,124,1345.0868,P-1,2,triclinic,8,C Cl H N O P Pd S,True
7014985,Cr(H8C7)2,Cr4 H64 C56,124,124,1174.865,P-1,2,triclinic,3,C Cr H,True
7015011,MoPH21(C11O3)2,Mo2 P2 H42 C44 O12,102,102,1120.027,P-1,2,triclinic,5,C H Mo O P,True
7015130,NaH2C3S(ClO2)2,Na4 H8 C12 S4 Cl8 O16,52,52,692.4711,P2_1/c,14,monoclinic,6,C Cl H Na O S,True
7015151,CuPH24C26S2N3Cl,Cu2 P2 H48 C52 S4 N6 Cl2,116,116,1324.2289,P-1,2,triclinic,7,C Cl Cu H N P S,True
7015156,NiH24C18(S2N3)2,Ni2 H48 C36 S8 N12,106,53,1096.9863,C2,5,monoclinic,5,C H N Ni S,True
7015165,H6C7N2,H48 C56 N16,120,120,1170.9013,P2_1/c,14,monoclinic,3,C H N,True
7015195,ZnH18C19S2N4O7F6,Zn2 H36 C38 S4 N8 O14 F12,114,114,1226.1432,P-1,2,triclinic,7,C F H N O S Zn,True
7015236,NiP2H44C28S4(NO)4,Ni1 P2 H44 C28 S4 N4 O4,87,87,883.6057,P-1,2,triclinic,7,C H N Ni O P S,True
7015353,TiSiH39(C9N)3,Ti2 Si2 H78 C54 N6,142,142,1294.9446,P-1,2,triclinic,5,C H N Si Ti,True
7015533,CuH7C7N7Cl2,Cu2 H14 C14 N14 Cl4,48,48,595.1474,P-1,2,triclinic,5,C Cl Cu H N,True
7015538,NiH19C19(S2N3)2,Ni2 H38 C38 S8 N12,98,98,1260.2587,P2_1/m,11,monoclinic,5,C H N Ni S,True
7015601,VH14C2N2(OF2)2,V2 H28 C4 N4 O4 F8,50,50,413.27,P-1,2,triclinic,6,C F H N O V,True
7015644,ZrH39C28N2Cl,Zr2 H78 C56 N4 Cl2,142,142,1358.6897,P-1,2,triclinic,5,C Cl H N Zr,True
7015660,FePH22C27N,Fe2 P2 H44 C54 N2,104,104,1065.4743,P-1,2,triclinic,5,C Fe H N P,True
7015753,DyH25C29(N2O3)3,Dy2 H50 C58 N12 O18,140,140,1387.5464,P2/c,13,monoclinic,5,C Dy H N O,True
7016079,H10WC16SO6,H20 W2 C32 S2 O12,68,68,881.6788,P2_1/m,11,monoclinic,5,C H O S W,True
7016112,CoH56C48N24(ClO6)2,Co1 H56 C48 N24 Cl2 O12,143,143,1430.0017,P-1,2,triclinic,6,C Cl Co H N O,True
7016120,B10H30Ru(C11S)2,B20 H60 Ru2 C44 S4,130,130,1357.8527,P-1,2,triclinic,5,B C H Ru S,True
7016319,TaSiH25C17NCl3,Ta2 Si2 H50 C34 N2 Cl6,96,96,1001.3881,P-1,2,triclinic,6,C Cl H N Si Ta,True
7016444,H27C20S2N3,H54 C40 S4 N6,104,104,978.0835,P-1,2,triclinic,4,C H N S,True
7017283,CuH20C22(IO2)2,Cu2 H40 C44 I4 O8,98,98,1112.3821,P2_1/c,14,monoclinic,5,C Cu H I O,True
7017527,LiSiH33(C7N3)2,Li2 Si2 H66 C28 N12,110,110,912.2968,P-1,2,triclinic,5,C H Li N Si,True
7017768,H15AuC7(NO)4,H60 Au4 C28 N16 O16,124,124,1170.1771,P2_1/c,14,monoclinic,5,Au C H N O,True
7017881,FeH68C54Se2N16(ClO)2,Fe1 H68 C54 Se2 N16 Cl2 O2,145,145,1444.1466,P-1,2,triclinic,7,C Cl Fe H N O Se,True
7017985,BH9C18(NF5)2,B2 H18 C36 N4 F20,80,80,843.3449,P-1,2,triclinic,5,B C F H N,True
7018111,H4C6Cl,H16 C24 Cl4,44,44,472.8333,P-1,2,triclinic,3,C Cl H,True
7018117,ZnH16C12(N3O5)2,Zn2 H32 C24 N12 O20,90,90,908.2286,P2_1/c,14,monoclinic,5,C H N O Zn,True
7018162,Cu3H24C8(N3O5)2,Cu6 H48 C16 N12 O20,102,102,902.0648,P2_1/c,14,monoclinic,5,C Cu H N O,True
7018248,NiH40C17S2I2(NO)4,Ni2 H80 C34 S4 I4 N8 O8,140,140,1466.8919,P-1,2,triclinic,7,C H I N Ni O S,True
7018343,YbH32C16(IO2)2,Yb2 H64 C32 I4 O8,110,110,1108.1986,P-1,2,triclinic,5,C H I O Yb,True
7018450,CdH12C15(NO)4,Cd2 H24 C30 N8 O8,72,72,754.6287,P-1,2,triclinic,5,C Cd H N O,True
7018539,RbC4N5,Rb4 C16 N20,40,40,672.3083,P2_1/c,14,monoclinic,3,C N Rb,True
7018842,H4C3N3O2,H16 C12 N12 O8,48,48,439.8102,P-1,2,triclinic,4,C H N O,True
7019105,H18C20SN4O5,H36 C40 S2 N8 O10,96,96,948.5764,P-1,2,triclinic,5,C H N O S,True
7019488,H34C25(SN)2,H68 C50 S4 N4,126,126,1153.6407,P-1,2,triclinic,4,C H N S,True
7019497,TeH11C17N,Te4 H44 C68 N4,120,120,1353.3163,P2_1/c,14,monoclinic,4,C H N Te,True
7019636,GaCuPH41C22S3O,Ga2 Cu2 P2 H82 C44 S6 O2,140,140,1378.5748,P-1,2,triclinic,7,C Cu Ga H O P S,True
7019733,CuH14C11N2O5,Cu4 H56 C44 N8 O20,132,132,1231.6112,P-1,2,triclinic,5,C Cu H N O,True
7019805,K2SrVB5O12,K4 Sr2 V2 B10 O24,42,42,544.9629,P2_1,4,monoclinic,5,B K O Sr V,False
7019820,H2C(N3O)2,H8 C4 N24 O8,44,44,482.5879,Pna2_1,33,orthorhombic,4,C H N O,True
7019827,H9C9N,H36 C36 N4,76,76,750.8849,P2_1/c,14,monoclinic,3,C H N,True
7019838,CuH31C28SN5ClO4,Cu2 H62 C56 S2 N10 Cl2 O8,142,142,1383.3418,P-1,2,triclinic,7,C Cl Cu H N O S,True
7020205,TePH9C3OF4,Te4 P4 H36 C12 O4 F16,76,76,872.6197,P2_12_12_1,19,orthorhombic,6,C F H O P Te,True
7020324,P2H29RuC14S3N7(OF6)2,P4 H58 Ru2 C28 S6 N14 O4 F24,140,140,1417.8994,P-1,2,triclinic,8,C F H N O P Ru S,True
7020327,DyH27C21N6O11,Dy2 H54 C42 N12 O22,132,132,1355.672,P-1,2,triclinic,5,C Dy H N O,True
7020474,Cu2Mo4H10C20N6O23,Cu2 Mo4 H10 C20 N6 O23,65,65,750.4915,P-1,2,triclinic,6,C Cu H Mo N O,True
7020535,H11C11N3O,H44 C44 N12 O4,104,104,1019.6352,P2_12_12_1,19,orthorhombic,4,C H N O,True
7020672,H8RhC13N2Cl2O,H32 Rh4 C52 N8 Cl8 O4,108,108,1344.0957,P-1,2,triclinic,6,C Cl H N O Rh,True
7021642,H23RhC25(N2O)2,H46 Rh2 C50 N8 O4,110,110,1178.6084,P-1,2,triclinic,5,C H N O Rh,True
7021713,TeH22C24(Br3N)2,Te2 H44 C48 Br12 N4,110,110,1395.0281,P-1,2,triclinic,5,Br C H N Te,True
7021759,PH13C10NClO5,P4 H52 C40 N4 Cl4 O20,124,124,1247.979,P2_1/c,14,monoclinic,6,C Cl H N O P,True
7021800,ZnH14C17N2O7,Zn2 H28 C34 N4 O14,82,82,1078.6843,P-1,2,triclinic,5,C H N O Zn,True
7022029,AgH24C18N3O11,Ag2 H48 C36 N6 O22,114,114,1082.3709,P-1,2,triclinic,5,Ag C H N O,True
7022087,Rb3Mn3P3O10F7,Rb12 Mn12 P12 O40 F28,104,52,1484.6016,Cc,9,monoclinic,5,F Mn O P Rb,False
7022151,H14AuC16S4I3N2,H28 Au2 C32 S8 I6 N4,80,80,1150.3063,P2_1/m,11,monoclinic,6,Au C H I N S,True
7022282,H13C12N3O5,H52 C48 N12 O20,132,132,1292.6564,Pna2_1,33,orthorhombic,4,C H N O,True
7022311,HgH12C13(BrN)2,Hg4 H48 C52 Br8 N8,120,120,1404.9405,P2_1,4,monoclinic,5,Br C H Hg N,True
7022376,NiH58C60(NO)12,Ni1 H58 C60 N12 O12,143,143,1356.5039,P-1,2,triclinic,5,C H N Ni O,True
7022780,HoZnH16C26N2ClO11,Ho2 Zn2 H32 C52 N4 Cl2 O22,116,116,1393.7713,P-1,2,triclinic,7,C Cl H Ho N O Zn,True
7022782,PrZnH16C26N2ClO11,Pr2 Zn2 H32 C52 N4 Cl2 O22,116,116,1340.9684,P-1,2,triclinic,7,C Cl H N O Pr Zn,True
7023154,AlH6ClO4,Al4 H24 Cl4 O16,48,24,494.5352,C2/c,15,monoclinic,4,Al Cl H O,False
7023206,SrLiC3(NO)3,Sr8 Li8 C24 N24 O24,88,44,962.4083,C2/c,15,monoclinic,5,C Li N O Sr,True
7023291,AlH34C21N3O,Al2 H68 C42 N6 O2,120,120,1097.8144,P-1,2,triclinic,5,Al C H N O,True
7023668,CuH22C31N5Cl2O5,Cu2 H44 C62 N10 Cl4 O10,132,132,1467.0576,P-1,2,triclinic,6,C Cl Cu H N O,True
7023694,Mo2H10C3Cl4O5,Mo8 H40 C12 Cl16 O20,96,96,1352.9689,P2_12_12_1,19,orthorhombic,5,C Cl H Mo O,True
7023799,SnP2H14(C2O3)2,Sn2 P4 H28 C8 O12,54,54,552.3071,P2_1/c,14,monoclinic,5,C H O P Sn,True
7024287,Ba2Cd2As3,Ba8 Cd8 As12,28,14,798.0442,C2/m,12,monoclinic,3,As Ba Cd,False
7024299,H21PdC13N2Cl2F,H42 Pd2 C26 N4 Cl4 F2,80,80,782.9693,P-1,2,triclinic,6,C Cl F H N Pd,True
7024322,H10C10N2O,H40 C40 N8 O4,92,92,878.8932,P2_1/c,14,monoclinic,4,C H N O,True
7024341,H6Pt(C2S3)2,H12 Pt2 C8 S12,34,34,506.6846,P2_1/c,14,monoclinic,4,C H Pt S,True
7024374,CoH10C12(NO3)2,Co4 H40 C48 N8 O24,124,124,1231.6836,P2_1/c,14,monoclinic,5,C Co H N O,True
7024429,CuB2H52C34N4(OF2)4,Cu1 B2 H52 C34 N4 O4 F8,105,105,935.0118,P-1,2,triclinic,7,B C Cu F H N O,True
7024455,KZnH38Ru(C7N)3,K2 Zn2 H76 Ru2 C42 N6,130,130,1196.6072,P-1,2,triclinic,6,C H K N Ru Zn,True
7024546,CuBH9C10N2OF4,Cu4 B4 H36 C40 N8 O4 F16,112,56,1056.8915,C2/m,12,monoclinic,7,B C Cu F H N O,True
7024935,CuH16C12N4(ClO)2,Cu1 H16 C12 N4 Cl2 O2,37,37,372.091,P-1,2,triclinic,6,C Cl Cu H N O,True
7025067,CoH8C9(NO)2,Co4 H32 C36 N8 O8,88,88,912.1237,P2_1/c,14,monoclinic,5,C Co H N O,True
7025332,B5H14C4NO11,B10 H28 C8 N2 O22,70,70,638.9866,P-1,2,triclinic,5,B C H N O,True
7025451,CoH7C4N3O7,Co4 H28 C16 N12 O28,88,88,849.0514,P2_1/c,14,monoclinic,5,C Co H N O,True
7025468,H13PdC13SI(NO)2,H52 Pd4 C52 S4 I4 N8 O8,132,132,1484.8239,P2_1/c,14,monoclinic,7,C H I N O Pd S,True
7025476,BPH20C26ClF15,B2 P2 H40 C52 Cl2 F30,128,128,1387.0048,P-1,2,triclinic,6,B C Cl F H P,True
7025596,Li2UH76C48(N2O3)2,Li2 U1 H76 C48 N4 O6,137,137,1220.0422,P-1,2,triclinic,6,C H Li N O U,True
7025603,Cu2Mo3H12C7N6O11,Cu4 Mo6 H24 C14 N12 O22,82,82,855.9509,P-1,2,triclinic,6,C Cu H Mo N O,True
7025608,BPH19(C4F)3,B4 P4 H76 C48 F12,144,144,1354.2962,P2_1/c,14,monoclinic,5,B C F H P,True
7025811,CuH29C14N4ClO10,Cu2 H58 C28 N8 Cl2 O20,118,118,1120.709,P-1,2,triclinic,6,C Cl Cu H N O,True
7025820,PH18PdC32BrOF10,P2 H36 Pd2 C64 Br2 O2 F20,128,128,1489.9919,P-1,2,triclinic,7,Br C F H O P Pd,True
7025932,SmFeSb3,Sm8 Fe8 Sb24,40,40,932.2289,Pbcm,57,orthorhombic,3,Fe Sb Sm,False
7026064,RePH14C20N4(OF2)3,Re2 P2 H28 C40 N8 O6 F12,98,98,1139.7443,P-1,2,triclinic,7,C F H N O P Re,True
7026095,ZnH10C6(NCl)4,Zn4 H40 C24 N16 Cl16,100,100,1250.9023,P2_1/c,14,monoclinic,5,C Cl H N Zn,True
7026305,Yb2H17C11NO19,Yb4 H34 C22 N2 O38,100,100,1036.7356,P-1,2,triclinic,5,C H N O Yb,True
7026394,H10C9BrNO,H40 C36 Br4 N4 O4,88,88,919.223,P2_1/c,14,monoclinic,5,Br C H N O,True
7026685,BaCdSbF,Ba2 Cd2 Sb2 F2,8,8,204.2388,P4/nmm,129,tetragonal,4,Ba Cd F Sb,False
7026723,H29Pb2C14I6(NO)3,H58 Pb4 C28 I12 N6 O6,114,114,1491.9072,P-1,2,triclinic,6,C H I N O Pb,True
7026739,ZrH27C26SNCl2,Zr2 H54 C52 S2 N2 Cl4,116,116,1184.7465,P-1,2,triclinic,6,C Cl H N S Zr,True
7026761,Fe2H13C18S2N3O5,Fe4 H26 C36 S4 N6 O10,86,86,1080.6094,P-1,2,triclinic,6,C Fe H N O S,True
7026868,TlCrP2H17C18N2(ClF2)3,Tl2 Cr2 P4 H34 C36 N4 Cl6 F12,100,100,1201.6991,P-1,2,triclinic,8,C Cl Cr F H N P Tl,True
7027184,H12PdC5(NCl)2,H48 Pd4 C20 N8 Cl8,88,88,891.3955,P2_12_12_1,19,orthorhombic,5,C Cl H N Pd,True
7027211,H28PdC22S2Br2(N2O)2,H28 Pd1 C22 S2 Br2 N4 O2,61,61,662.7208,P-1,2,triclinic,7,Br C H N O Pd S,True
7027223,PH23AuC23SCl2(OF)3,P2 H46 Au2 C46 S2 Cl4 O6 F6,114,114,1271.1447,P-1,2,triclinic,8,Au C Cl F H O P S,True
7027471,H6C5S5I2,H24 C20 S20 I8,72,72,1193.6932,P2_1/c,14,monoclinic,4,C H I S,True
7027530,H10C4SeBr2(NCl)2,H40 C16 Se4 Br8 N8 Cl8,84,84,1150.4695,P2_1/c,14,monoclinic,6,Br C Cl H N Se,True
7028078,CuSi2H28C12N,Cu2 Si4 H56 C24 N2,88,88,848.5386,P-1,2,triclinic,5,C Cu H N Si,True
7028177,ZnH24C14S2(NO2)6,Zn1 H24 C14 S2 N6 O12,59,59,545.9343,P-1,2,triclinic,6,C H N O S Zn,True
7028211,V2H7C7N2O2F5,V8 H28 C28 N8 O8 F20,100,100,1030.6056,Pc,7,monoclinic,6,C F H N O V,True
7028216,KV2H5C3N2(OF3)2,K2 V4 H10 C6 N4 O4 F12,42,42,501.1292,P222_1,17,orthorhombic,7,C F H K N O V,True
7028237,Rb3Cu3H6C9O20,Rb6 Cu6 H12 C18 O40,82,82,1114.0172,P-1,2,triclinic,5,C Cu H O Rb,True
7028366,FePH26PtC26SNCl2O,Fe2 P2 H52 Pt2 C52 S2 N2 Cl4 O2,120,120,1285.8946,P-1,2,triclinic,9,C Cl Fe H N O P Pt S,True
7028425,PH10C7N2F9,P4 H40 C28 N8 F36,116,116,1136.6792,P-1,2,triclinic,5,C F H N P,True
7028607,CuH9C10SBrN,Cu2 H18 C20 S2 Br2 N2,46,46,550.6178,P-1,2,triclinic,6,Br C Cu H N S,True
7028682,H5C2SIN4,H10 C4 S2 I2 N8,26,26,328.6448,P-1,2,triclinic,5,C H I N S,True
7028864,H14PtC16Br2N2(OF3)2,H28 Pt2 C32 Br4 N4 O4 F12,86,86,983.1003,P-1,2,triclinic,7,Br C F H N O Pt,True
7028907,PH16C15N,P4 H64 C60 N4,132,132,1286.088,Pba2,32,orthorhombic,4,C H N P,True
7029132,Mn2NiH52C52S4Br4(N3O)4,Mn2 Ni1 H52 C52 S4 Br4 N12 O4,131,131,1495.4386,P-1,2,triclinic,8,Br C H Mn N Ni O S,True
7029264,SnH14(C9N)2,Sn4 H56 C72 N8,140,70,1404.4579,Cmc2_1,36,orthorhombic,4,C H N Sn,True
7029316,B10H29IrC18S2(NO)2,B20 H58 Ir2 C36 S4 N4 O4,128,128,1308.1982,P-1,2,triclinic,7,B C H Ir N O S,True
7029370,H6C9(S2I)2,H24 C36 S16 I8,84,84,1355.3038,P2_1/c,14,monoclinic,4,C H I S,True
7029425,H18PdC14N3Cl3O4,H36 Pd2 C28 N6 Cl6 O8,86,86,961.5896,P2_1,4,monoclinic,6,C Cl H N O Pd,True
7029473,CuH14C15I(N3O)2,Cu2 H28 C30 I2 N12 O4,78,78,876.5121,P-1,2,triclinic,6,C Cu H I N O,True
7029651,ReH16C16N3O7,Re2 H32 C32 N6 O14,86,86,958.6857,P-1,2,triclinic,5,C H N O Re,True
7029656,H23PdC13S2N3(OF)6,H46 Pd2 C26 S4 N6 O12 F12,108,108,1108.6443,P-1,2,triclinic,7,C F H N O Pd S,True
7029904,AgH19C18(NO2)2,Ag2 H38 C36 N4 O8,88,88,850.7347,P-1,2,triclinic,5,Ag C H N O,True
7030406,BiH19C12S(NO2)2,Bi2 H38 C24 S2 N4 O8,78,78,837.235,Pc,7,monoclinic,6,Bi C H N O S,True
7030839,FeBH10(C5O)2,Fe4 B4 H40 C40 O8,96,96,858.6846,P2_1/c,14,monoclinic,5,B C Fe H O,True
7031039,ZnH11C13S4Cl3O2,Zn2 H22 C26 S8 Cl6 O4,68,68,921.3342,P-1,2,triclinic,6,C Cl H O S Zn,True
7031193,H26PdC30(IN3)2,H26 Pd1 C30 I2 N6,65,65,747.5697,P-1,2,triclinic,5,C H I N Pd,True
7031395,BaZr(IO3)6,Ba2 Zr2 I12 O36,52,52,864.8614,P-1,2,triclinic,4,Ba I O Zr,False
7031602,NiH18C26SN4O5,Ni2 H36 C52 S2 N8 O10,110,110,1436.0297,P-1,2,triclinic,6,C H N Ni O S,True
7031677,H7Pb2C9S8N8O,H14 Pb4 C18 S16 N16 O2,70,70,1059.4278,P2_1,4,monoclinic,6,C H N O Pb S,True
7031827,Co3H32C16S2(N3O8)2,Co3 H32 C16 S2 N6 O16,75,75,641.9955,P-1,2,triclinic,6,C Co H N O S,True
7032086,FeH19C8(N2Cl)2,Fe2 H38 C16 N8 Cl4,68,68,620.841,P-1,2,triclinic,5,C Cl Fe H N,True
7032631,NaFeH22C10(NO6)2,Na2 Fe2 H44 C20 N4 O24,96,96,918.0707,P-1,2,triclinic,6,C Fe H N Na O,True
7032859,H19PtC9N3Cl2O5,H38 Pt2 C18 N6 Cl4 O10,78,78,758.6373,P-1,2,triclinic,6,C Cl H N O Pt,True
7032882,PH25Ru(C13F3)2,P2 H50 Ru2 C52 F12,118,118,1148.3925,P-1,2,triclinic,5,C F H P Ru,True
7032904,FeH15C24NO4,Fe2 H30 C48 N2 O8,90,90,1027.3572,P-1,2,triclinic,5,C Fe H N O,True
7033184,CuH12C12(N2O3)2,Cu4 H48 C48 N16 O24,140,140,1481.1181,P2_1/c,14,monoclinic,5,C Cu H N O,True
7033466,FePH24C25SNO,Fe2 P2 H48 C50 S2 N2 O2,108,108,1075.7594,P-1,2,triclinic,7,C Fe H N O P S,True
7033482,ZnH14C14N2Cl2O,Zn2 H28 C28 N4 Cl4 O2,68,68,768.0379,P-1,2,triclinic,6,C Cl H N O Zn,True
7033636,H8C4N3O2,H64 C32 N24 O16,136,136,1256.1713,P2_1/c,14,monoclinic,4,C H N O,True
7033653,Fe2PH22C31SNO4,Fe4 P2 H44 C62 S2 N2 O8,124,124,1376.816,P-1,2,triclinic,7,C Fe H N O P S,True
7033666,P2H23Au2C31N(ClO)2,P4 H46 Au4 C62 N2 Cl4 O4,126,126,1486.1766,P2_1,4,monoclinic,7,Au C Cl H N O P,True
7033808,CdH24C10S2(N2Cl)2,Cd1 H24 C10 S2 N4 Cl2,43,43,464.7647,P-1,2,triclinic,6,C Cd Cl H N S,True
7033882,CuH14C20N3ClO,Cu2 H28 C40 N6 Cl2 O2,80,80,858.1943,P-1,2,triclinic,6,C Cl Cu H N O,True
7033950,H6AuC11N(ClF)2,H24 Au4 C44 N4 Cl8 F8,92,92,1166.7697,P2_1/c,14,monoclinic,6,Au C Cl F H N,True
7034485,FeH8(C2O)8,Fe4 H32 C64 O32,132,132,1389.3153,Pbcn,60,orthorhombic,4,C Fe H O,True
7034486,NiH8(C2O)8,Ni4 H32 C64 O32,132,132,1350.6413,Pbcn,60,orthorhombic,4,C H Ni O,True
7035134,TiH25C21N3O4,Ti2 H50 C42 N6 O8,108,108,1064.7732,P-1,2,triclinic,5,C H N O Ti,True
7035142,CdH16C10(S2N3)2,Cd1 H16 C10 S4 N6,37,37,455.9733,P-1,2,triclinic,5,C Cd H N S,True
7035190,Mn3H50C30(NO9)2,Mn3 H50 C30 N2 O18,103,103,969.7299,P-1,2,triclinic,5,C H Mn N O,True
7035500,H30C26N6Cl2O3,H60 C52 N12 Cl4 O6,134,134,1306.665,P-1,2,triclinic,5,C Cl H N O,True
7035907,H15IrC13OF4,H60 Ir4 C52 O4 F16,136,136,1407.6206,P-1,2,triclinic,5,C F H Ir O,True
7036172,NiH16C17S2N6(OF)6,Ni2 H32 C34 S4 N12 O12 F12,108,108,1166.5545,P-1,2,triclinic,7,C F H N Ni O S,True
7036349,PH18C13NO,P4 H72 C52 N4 O4,136,136,1261.5403,Pna2_1,33,orthorhombic,5,C H N O P,True
7036369,BH11C13NO3F,B4 H44 C52 N4 O12 F4,120,120,1236.354,P2_1/c,14,monoclinic,6,B C F H N O,True
7036373,H20PdC21(IN2)2,H40 Pd2 C42 I4 N8,96,96,1117.6245,P-1,2,triclinic,5,C H I N Pd,True
7036549,ReH10C15BrN4O3,Re2 H20 C30 Br2 N8 O6,68,68,801.8615,P-1,2,triclinic,6,Br C H N O Re,True
7036595,DyNiH19C16N5O11,Dy2 Ni2 H38 C32 N10 O22,106,106,1146.9944,P-1,2,triclinic,6,C Dy H N Ni O,True
7036792,ReH12C12N4ClO3,Re4 H48 C48 N16 Cl4 O12,132,132,1479.9621,P2_1/c,14,monoclinic,6,C Cl H N O Re,True
7036825,CdH9C4(NO2)3,Cd6 H54 C24 N18 O36,138,46,1441.7806,R-3c,167,trigonal,5,C Cd H N O,True
7036977,H12C7SIN,H24 C14 S2 I2 N2,44,44,481.9612,P-1,2,triclinic,5,C H I N S,True
7037107,H8C8N3,H32 C32 N12,76,76,678.6779,P2_1/c,14,monoclinic,3,C H N,True
7037252,Cs6U6As12O55,Cs6 U6 As12 O55,79,79,1330.2541,P1,1,triclinic,4,As Cs O U,False
7037259,CrH20PdC22NO3,Cr2 H40 Pd2 C44 N2 O6,96,96,1131.3356,P-1,2,triclinic,6,C Cr H N O Pd,True
7037288,VH27C26N4ClO9,V2 H54 C52 N8 Cl2 O18,136,136,1381.8031,P-1,2,triclinic,6,C Cl H N O V,True
7037302,BH10C15NF2,B4 H40 C60 N4 F8,116,116,1157.2088,P2_1/c,14,monoclinic,5,B C F H N,True
7037448,P2H54Pd3C36(N2Cl5)2,P2 H54 Pd3 C36 N4 Cl10,109,109,1245.6043,P-1,2,triclinic,6,C Cl H N P Pd,True
7037573,BH20C12NO3,B4 H80 C48 N4 O12,148,148,1222.1718,P2_1/c,14,monoclinic,5,B C H N O,True
7037793,TbH26C30(NO4)2,Tb2 H52 C60 N4 O16,134,134,1482.2052,P-1,2,triclinic,5,C H N O Tb,True
7037904,LaH13C15N(Cl3O5)2,La2 H26 C30 N2 Cl12 O20,92,92,1138.2931,P-1,2,triclinic,6,C Cl H La N O,True
7038066,HgH36C26Se2(NO)2,Hg2 H72 C52 Se4 N4 O4,138,138,1412.8256,P2_1/c,14,monoclinic,6,C H Hg N O Se,True
7038072,SnS2,Sn1 S2,3,3,57.23,P-3m1,164,trigonal,2,S Sn,False
7038076,SnS2,Sn1 S2,3,3,55.2299,P-3m1,164,trigonal,2,S Sn,False
7038082,SnS2,Sn1 S2,3,3,58.374,P-3m1,164,trigonal,2,S Sn,False
7038358,SmH7C8O9,Sm4 H28 C32 O36,100,100,1012.1986,P2_1/c,14,monoclinic,4,C H O Sm,True
7038524,PH25PtAuC22N7F6,P2 H50 Pt2 Au2 C44 N14 F12,126,126,1315.3317,P-1,2,triclinic,7,Au C F H N P Pt,True
7038594,H10C11NClO,H40 C44 N4 Cl4 O4,96,96,982.1947,P2_1/c,14,monoclinic,5,C Cl H N O,True
7038634,H9C9O2,H36 C36 O8,80,80,742.5214,P2_1/c,14,monoclinic,3,C H O,True
7038712,CuH6C12I(NO)2,Cu4 H24 C48 I4 N8 O8,96,96,1256.9871,P2_1/c,14,monoclinic,6,C Cu H I N O,True
7038848,Na2In2GeSe6,Na8 In8 Ge4 Se24,44,22,1246.4248,Cc,9,monoclinic,4,Ge In Na Se,False
7038866,SnH4C5SNClO,Sn2 H8 C10 S2 N2 Cl2 O2,28,28,388.6172,P-1,2,triclinic,7,C Cl H N O S Sn,True
7038893,CoH6C6N8O3,Co4 H24 C24 N32 O12,96,96,1039.0698,P2_1/c,14,monoclinic,5,C Co H N O,True
7038895,NiH6C6N8O3,Ni4 H24 C24 N32 O12,96,96,1045.762,P2_1/c,14,monoclinic,5,C H N Ni O,True
7039127,TiH10C10SN2(OF)4,Ti2 H20 C20 S2 N4 O8 F8,64,64,683.5644,P-1,2,triclinic,7,C F H N O S Ti,True
7039217,FeH24C16(NO)2,Fe2 H48 C32 N4 O4,90,90,818.0625,P-1,2,triclinic,5,C Fe H N O,True
7039298,Ta7Fe3B8,Ta7 Fe3 B8,18,18,195.4834,P6/mmm,191,hexagonal,3,B Fe Ta,False
7039314,GePH31(C11N)2,Ge2 P2 H62 C44 N4,114,114,1123.5007,P-1,2,triclinic,5,C Ge H N P,True
7039468,B9H17RuC17O3,B18 H34 Ru2 C34 O6,94,94,986.6507,P-1,2,triclinic,5,B C H O Ru,True
7039470,SnH20(C4N)6,Sn2 H40 C48 N12,102,102,1083.6675,P2_1,4,monoclinic,4,C H N Sn,True
7039848,BaCe2In2Se7,Ba2 Ce4 In4 Se14,24,24,653.1255,Pbam,55,orthorhombic,4,Ba Ce In Se,False
7040107,CdB14H30C12(N3O13)2,Cd1 B14 H30 C12 N6 O26,89,89,867.7027,P-1,2,triclinic,6,B C Cd H N O,True
7040150,FeH33C32N3,Fe2 H66 C64 N6,138,138,1367.4937,P-1,2,triclinic,4,C Fe H N,True
7040209,P2H39RhC21NClO2,P4 H78 Rh2 C42 N2 Cl2 O4,134,134,1266.5793,P-1,2,triclinic,7,C Cl H N O P Rh,True
7040256,H5C8I2N7O4,H20 C32 I8 N28 O16,104,104,1339.5864,P2_1/c,14,monoclinic,5,C H I N O,True
7040402,BH42(C7N)3,B2 H84 C42 N6,134,134,1081.9093,P-1,2,triclinic,4,B C H N,True
7040527,H24C10(N6O7)3,H48 C20 N36 O42,146,146,1399.3321,P-1,2,triclinic,4,C H N O,True
7040551,MoH19C19S2NO2,Mo2 H38 C38 S4 N2 O4,88,88,944.5161,P-1,2,triclinic,6,C H Mo N O S,True
7040590,PH35RuC21N2Cl2O3,P2 H70 Ru2 C42 N4 Cl4 O6,130,130,1247.1152,P-1,2,triclinic,7,C Cl H N O P Ru,True
7040794,CuH6(C2O3)2,Cu2 H12 C8 O12,34,34,327.7211,P2_1/c,14,monoclinic,4,C Cu H O,True
7040795,CuH6(C2O3)2,Cu2 H12 C8 O12,34,34,324.7185,P2_1/c,14,monoclinic,4,C Cu H O,True
7040957,H16C5N16,H32 C10 N32,74,74,658.0069,P2_1,4,monoclinic,3,C H N,True
7041111,H3CN5O,H6 C2 N10 O2,20,20,175.4427,P-1,2,triclinic,4,C H N O,True
7041197,H22PtC18(NO)4,H44 Pt2 C36 N8 O8,98,98,943.7859,P2_1/c,14,monoclinic,5,C H N O Pt,True
7041206,HoH15C9NO11,Ho4 H60 C36 N4 O44,148,148,1319.9882,P2_1/c,14,monoclinic,5,C H Ho N O,True
7041213,H14C17N2,H56 C68 N8,132,132,1301.4411,P-1,2,triclinic,3,C H N,True
7041275,PH31AuC30ClO,P2 H62 Au2 C60 Cl2 O2,130,130,1327.4684,P-1,2,triclinic,6,Au C Cl H O P,True
7041328,GdH4C4O7,Gd2 H8 C8 O14,32,32,324.6447,P-1,2,triclinic,4,C Gd H O,True
7041497,H11C12N3O,H44 C48 N12 O4,108,108,1064.6555,P-1,2,triclinic,4,C H N O,True
7041516,FeB2H20C28(NF)4,Fe2 B4 H40 C56 N8 F8,118,118,1163.7662,P-1,2,triclinic,6,B C F Fe H N,True
7041565,ZnH16C22(NCl)2,Zn2 H32 C44 N4 Cl4,86,86,966.438,P-1,2,triclinic,5,C Cl H N Zn,True
7041595,PH25AuC28ClO4,P2 H50 Au2 C56 Cl2 O8,120,120,1282.6197,P2_1,4,monoclinic,6,Au C Cl H O P,True
7041700,TbBH28C26N10Cl2O3,Tb2 B2 H56 C52 N20 Cl4 O6,142,142,1492.4268,P-1,2,triclinic,7,B C Cl H N O Tb,True
7041983,H7(C6N)2,H28 C48 N8,84,84,890.2207,P2_1/c,14,monoclinic,3,C H N,True
7042368,SiH16C9N,Si2 H32 C18 N2,54,54,511.2912,P-1,2,triclinic,4,C H N Si,True
7042954,SiH38C25SN2,Si2 H76 C50 S2 N4,134,134,1241.6225,P-1,2,triclinic,5,C H N S Si,True
7042991,PH8C8(SO)2,P4 H32 C32 S8 O8,84,84,974.2222,P2_1/c,14,monoclinic,5,C H O P S,True
7043044,CuH12C10N3O3F,Cu2 H24 C20 N6 O6 F2,60,60,645.5009,P2_1,4,monoclinic,6,C Cu F H N O,True
7043466,ZnH17C16NO,Zn2 H34 C32 N2 O2,72,72,697.2984,P-1,2,triclinic,5,C H N O Zn,True
7043559,NiH18C16(N4O)2,Ni2 H36 C32 N16 O4,90,90,881.5835,P-1,2,triclinic,5,C H N Ni O,True
7043672,FePH18Au2C23NCl2,Fe2 P2 H36 Au4 C46 N2 Cl4,96,96,1135.3392,P-1,2,triclinic,7,Au C Cl Fe H N P,True
7043690,TcH21C17BrCl,Tc2 H42 C34 Br2 Cl2,82,82,799.4893,P-1,2,triclinic,5,Br C Cl H Tc,True
7043780,BPH36C33(NO)2,B2 P2 H72 C66 N4 O4,150,150,1480.6657,P-1,2,triclinic,6,B C H N O P,True
7043790,CuPH13C12N2(OF3)2,Cu4 P4 H52 C48 N8 O8 F24,148,148,1499.0872,Pbcn,60,orthorhombic,7,C Cu F H N O P,True
7043854,AgH3(CN2)2,Ag8 H24 C16 N32,80,40,846.8449,C2/c,15,monoclinic,4,Ag C H N,True
7044166,Yb6Ga4S15,Yb12 Ga8 S30,50,25,1105.8881,C2/m,12,monoclinic,3,Ga S Yb,False
7044278,H18Ru(C8S)2,H72 Ru4 C64 S8,148,148,1489.2723,P2_1/c,14,monoclinic,4,C H Ru S,True
7044642,NiPH20C13BrO,Ni4 P4 H80 C52 Br4 O4,148,148,1496.972,P2_1/c,14,monoclinic,6,Br C H Ni O P,True
7044717,TaH24C21N(Cl2O)2,Ta2 H48 C42 N2 Cl8 O4,106,106,1199.9848,P-1,2,triclinic,6,C Cl H N O Ta,True
7044729,FeH25C25N8ClO3,Fe2 H50 C50 N16 Cl2 O6,126,126,1329.5181,P-1,2,triclinic,6,C Cl Fe H N O,True
7044992,GeH45C28Br,Ge2 H90 C56 Br2,150,150,1306.3839,P-1,2,triclinic,4,Br C Ge H,True
7045086,FeReH14C19NO3,Fe2 Re2 H28 C38 N2 O6,78,78,827.3193,P-1,2,triclinic,6,C Fe H N O Re,True
7045247,NbH25C21(N2O5)3,Nb2 H50 C42 N12 O30,136,136,1367.2906,P-1,2,triclinic,5,C H N Nb O,True
7045543,Cu3H4C8IN8,Cu12 H16 C32 I4 N32,96,48,1148.3193,C2/m,12,monoclinic,5,C Cu H I N,True
7045755,CoH36C16S10N2(O7F6)2,Co1 H36 C16 S10 N2 O14 F12,91,91,1056.0863,P-1,2,triclinic,7,C Co F H N O S,True
7045783,ZrP4C6(NO6)2,Zr1 P4 C6 N2 O12,25,25,452.6496,P-1,2,triclinic,5,C N O P Zr,True
7046037,VH15C24N3(OF3)3,V2 H30 C48 N6 O6 F18,110,110,1277.0332,P-1,2,triclinic,6,C F H N O V,True
7046194,H17C13N3,H68 C52 N12,132,132,1206.6224,P2_1/c,14,monoclinic,3,C H N,True
7046305,H17C9N2Cl,H68 C36 N8 Cl4,116,116,1020.0976,Pna2_1,33,orthorhombic,4,C Cl H N,True
7046694,ZnH28C18S4(NO2)2,Zn2 H56 C36 S8 N4 O8,114,114,1168.5777,P-1,2,triclinic,6,C H N O S Zn,True
7046929,SrH2C6N2O9,Sr2 H4 C12 N4 O18,40,40,577.2447,P1,1,triclinic,5,C H N O Sr,True
7046933,BaH2C6N2O9,Ba4 H8 C24 N8 O36,80,40,1247.4599,C2,5,monoclinic,5,Ba C H N O,True
7047268,CuH34C50(NO)6,Cu1 H34 C50 N6 O6,97,97,1008.9267,P-1,2,triclinic,5,C Cu H N O,True
7047580,Cd3B40P4H48C8(ClO7)2,Cd3 B40 P4 H48 C8 Cl2 O14,119,119,1257.4063,P-1,2,triclinic,7,B C Cd Cl H O P,True
7048056,AsH5C7NF5,As4 H20 C28 N4 F20,76,38,894.3027,C2/c,15,monoclinic,5,As C F H N,True
7048174,Na3Ca4Te(PO5)3,Na6 Ca8 Te2 P6 O30,52,52,685.5013,P6_3,173,hexagonal,5,Ca Na O P Te,False
7048476,H8AuC12N2Cl3,H32 Au4 C48 N8 Cl12,104,52,1296.7502,Cmcm,63,orthorhombic,5,Au C Cl H N,True
7048682,ZnFeP2H10(C5O2)2,Zn4 Fe4 P8 H40 C40 O16,112,112,1271.1176,P4_122,91,tetragonal,6,C Fe H O P Zn,True
7048995,H9AuC12NCl4OF3,H18 Au2 C24 N2 Cl8 O2 F6,62,62,809.6311,P-1,2,triclinic,7,Au C Cl F H N O,True
7049012,AlH17C12NClO,Al4 H68 C48 N4 Cl4 O4,132,132,1275.1885,P2/c,13,monoclinic,6,Al C Cl H N O,True
7049085,H32PtC38S2N8(O4F3)2,H32 Pt1 C38 S2 N8 O8 F6,95,95,998.9956,P-1,2,triclinic,7,C F H N O Pt S,True
7049295,CuH17C13N2ClO3,Cu4 H68 C52 N8 Cl4 O12,148,148,1494.9395,P2_1/c,14,monoclinic,6,C Cl Cu H N O,True
7049300,CuH38C31N2O3,Cu2 H76 C62 N4 O6,150,150,1409.689,P-1,2,triclinic,5,C Cu H N O,True
7049401,SnPH18C24Cl3O,Sn2 P2 H36 C48 Cl6 O2,96,96,1112.7879,P-1,2,triclinic,6,C Cl H O P Sn,True
7049702,H8PbC6Br2(NO)2,H32 Pb4 C24 Br8 N8 O8,84,84,1129.7423,P2_1/c,14,monoclinic,6,Br C H N O Pb,True
7049713,Cd3H64C54(N4O9)2,Cd3 H64 C54 N8 O18,147,147,1429.0406,P-1,2,triclinic,5,C Cd H N O,True
7050082,H7C3NO2,H28 C12 N4 O8,52,52,431.2116,P2_12_12_1,19,orthorhombic,4,C H N O,True
7050089,AgH10C12N5O3,Ag4 H40 C48 N20 O12,124,124,1351.4888,P2_1/c,14,monoclinic,5,Ag C H N O,True
7050156,AgH8C12N5O4,Ag2 H16 C24 N10 O8,60,60,660.578,P-1,2,triclinic,5,Ag C H N O,True
7050159,CdH16C24I2(N4O)2,Cd2 H32 C48 I4 N16 O4,106,106,1310.0829,P2_1/c,14,monoclinic,6,C Cd H I N O,True
7050288,PH14C8SF3,P2 H28 C16 S2 F6,54,54,550.1069,P-1,2,triclinic,5,C F H P S,True
7050319,H22C6N3Cl3O2,H44 C12 N6 Cl6 O4,72,72,654.0961,P-1,2,triclinic,5,C Cl H N O,True
7050532,FeCuH14C24N2(OF3)4,Fe2 Cu2 H28 C48 N4 O8 F24,116,116,1381.6785,P-1,2,triclinic,7,C Cu F Fe H N O,True
7050546,H6C5NO,H48 C40 N8 O8,104,104,937.2711,P2_1/c,14,monoclinic,4,C H N O,True
7050604,H9C8NO4,H36 C32 N4 O16,88,88,840.2945,P2_1/c,14,monoclinic,4,C H N O,True
7050605,H17C12NO4,H68 C48 N4 O16,136,136,1237.1395,P2_1/c,14,monoclinic,4,C H N O,True
7050610,As2H42Pt(C12Cl)2,As2 H42 Pt1 C24 Cl2,71,71,701.0112,P-1,2,triclinic,5,As C Cl H Pt,True
7050622,BH33C23N2O3,B2 H66 C46 N4 O6,124,124,1090.6635,P-1,2,triclinic,5,B C H N O,True
7050646,TlBH14(C8N3)2,Tl2 B2 H28 C32 N12,76,76,812.0956,P2_1,4,monoclinic,5,B C H N Tl,True
7050698,PH25PdC25S2NCl(OF)3,P2 H50 Pd2 C50 S4 N2 Cl2 O6 F6,124,124,1400.7406,P-1,2,triclinic,9,C Cl F H N O P Pd S,True
7050890,UH21C13N3O11,U2 H42 C26 N6 O22,98,98,999.374,P-1,2,triclinic,5,C H N O U,True
7050919,H11C12NO,H44 C48 N4 O4,100,100,1034.9077,P-1,2,triclinic,4,C H N O,True
7050959,H7(C2O)2,H28 C16 O8,52,52,420.2199,P2_1/c,14,monoclinic,3,C H O,True
7051048,H10C11,H40 C44,84,84,723.0034,P-1,2,triclinic,2,C H,True
7051056,H20C17N6O7,H40 C34 N12 O14,100,100,940.0191,P-1,2,triclinic,4,C H N O,True
7051150,AgH26C24SN2O5F3,Ag2 H52 C48 S2 N4 O10 F6,124,124,1251.6987,P2_1,4,monoclinic,7,Ag C F H N O S,True
7051322,HC,H48 C48,96,96,898.9374,P2_1/c,14,monoclinic,2,C H,True
7051382,CrH23(C7O2)4,Cr2 H46 C56 O16,120,120,1186.1228,P-1,2,triclinic,4,C Cr H O,True
7051437,H17C15NO3,H34 C30 N2 O6,72,72,613.9914,P-1,2,triclinic,4,C H N O,True
7051496,H5C5Br2N,H10 C10 Br4 N2,26,26,342.5225,P2_1/m,11,monoclinic,4,Br C H N,True
7051511,H11C6S(NO2)3,H44 C24 S4 N12 O24,108,108,1032.7304,P2_1/c,14,monoclinic,5,C H N O S,True
7051512,H10C7SN3O5F3,H40 C28 S4 N12 O20 F12,116,116,1207.9882,P2_1/c,14,monoclinic,6,C F H N O S,True
7051604,HCN5O2,H4 C4 N20 O8,36,36,402.4354,P2_1,4,monoclinic,4,C H N O,True
7051677,H4CN4O,H16 C4 N16 O4,40,40,357.1948,P-1,2,triclinic,4,C H N O,True
7051843,H5C5NO,H40 C40 N8 O8,96,96,904.3525,P2_1/c,14,monoclinic,4,C H N O,True
7052093,H18C21O,H36 C42 O2,80,80,774.4153,P-1,2,triclinic,3,C H O,True
7052194,H27C28S2N3O4,H54 C56 S4 N6 O8,128,128,1310.4157,P-1,2,triclinic,5,C H N O S,True
7052336,NiH44(C15N4)2,Ni1 H44 C30 N8,83,83,790.0666,P-1,2,triclinic,4,C H N Ni,True
7052364,H17C20(NO)5,H34 C40 N10 O10,94,94,928.9121,P-1,2,triclinic,4,C H N O,True
7052623,H7(C3N)2,H70 C60 N20,150,150,1377.816,P-1,2,triclinic,3,C H N,True
7052650,H10C7BrN3,H40 C28 Br4 N12,84,84,893.2033,P2_1/c,14,monoclinic,4,Br C H N,True
7052700,P2H39IrC22IO2,P4 H78 Ir2 C44 I2 O4,134,134,1281.8736,P-1,2,triclinic,6,C H I Ir O P,True
7052781,PH14C19N,P2 H28 C38 N2,70,70,747.4535,P-1,2,triclinic,4,C H N P,True
7052838,H11C11N5O7,H22 C22 N10 O14,68,68,689.5083,P-1,2,triclinic,4,C H N O,True
7052914,CuH14C13(NO3)2,Cu2 H28 C26 N4 O12,72,72,711.7467,P-1,2,triclinic,5,C Cu H N O,True
7053051,H11C11(NO)3,H44 C44 N12 O12,112,112,1139.2679,P2_1/c,14,monoclinic,4,C H N O,True
7053137,FeH14C18N2O,Fe4 H56 C72 N8 O4,144,144,1432.0489,P2_1/c,14,monoclinic,5,C Fe H N O,True
7053183,H4C9(N4O5)2,H16 C36 N32 O40,124,124,1449.672,P2_12_12_1,19,orthorhombic,4,C H N O,True
7053289,H3C3S2O2F3,H12 C12 S8 O8 F12,52,52,723.0658,P-1,2,triclinic,5,C F H O S,True
7053292,H18C19(NO2)2,H36 C38 N4 O8,86,86,823.9089,P-1,2,triclinic,4,C H N O,True
7053345,FePH29PtC31NClO,Fe2 P2 H58 Pt2 C62 N2 Cl2 O2,132,132,1400.7147,P-1,2,triclinic,8,C Cl Fe H N O P Pt,True
7053399,H15C11IN2,H60 C44 I4 N8,116,116,1193.4957,P2_1/c,14,monoclinic,4,C H I N,True
7053402,H16C8N2ClO2,H64 C32 N8 Cl4 O8,116,116,1039.4216,P2_1/c,14,monoclinic,5,C Cl H N O,True
7053479,CuH50C44S2(N2O)4,Cu1 H50 C44 S2 N8 O4,109,109,1085.4325,P-1,2,triclinic,6,C Cu H N O S,True
7053637,H9C9N5O3,H36 C36 N20 O12,104,104,1027.1667,P2_1/c,14,monoclinic,4,C H N O,True
7053742,H7C9S2N3(O2F3)2,H28 C36 S8 N12 O16 F24,124,124,1435.736,P2_1/c,14,monoclinic,6,C F H N O S,True
7053882,BH15C19SN4(OF)2,B2 H30 C38 S2 N8 O4 F4,88,88,925.9622,P-1,2,triclinic,7,B C F H N O S,True
7054000,CuH44C32N8(ClO6)2,Cu1 H44 C32 N8 Cl2 O12,99,99,893.3982,P-1,2,triclinic,6,C Cl Cu H N O,True
7054104,H12C13(N2O3)2,H48 C52 N16 O24,140,140,1431.762,P-1,2,triclinic,4,C H N O,True
7054304,CuH10C7S2N2Cl,Cu4 H40 C28 S8 N8 Cl4,92,92,1054.3294,P-1,2,triclinic,6,C Cl Cu H N S,True
7054470,MoH12C15(NO3)2,Mo2 H24 C30 N4 O12,72,72,740.7864,P-1,2,triclinic,5,C H Mo N O,True
7054499,H19C17I3N3O3F,H38 C34 I6 N6 O6 F2,92,92,1036.5021,P-1,2,triclinic,6,C F H I N O,True
7054523,V2H30C21N8O11,V4 H60 C42 N16 O22,144,144,1333.0339,P-1,2,triclinic,5,C H N O V,True
7054534,H30C17SN2O,H60 C34 S2 N4 O2,102,102,910.3046,P-1,2,triclinic,5,C H N O S,True
7054571,H17C12(SO)2,H34 C24 S4 O4,66,66,657.737,P-1,2,triclinic,4,C H O S,True
7054605,H24C25N4O3,H48 C50 N8 O6,112,112,1132.6388,P-1,2,triclinic,4,C H N O,True
7054953,NiP2H33C19BrO2,Ni2 P4 H66 C38 Br2 O4,116,116,1129.4555,P-1,2,triclinic,6,Br C H Ni O P,True
7054987,PH21C13N4OF6,P2 H42 C26 N8 O2 F12,92,92,869.9503,P-1,2,triclinic,6,C F H N O P,True
7055028,H24C16(SeCl2)3,H48 C32 Se6 Cl12,98,98,1084.7183,P2_1/c,14,monoclinic,4,C Cl H Se,True
7055094,Mg5Si2(O4F)2,Mg10 Si4 O16 F4,34,34,350.0157,P2_1/c,14,monoclinic,4,F Mg O Si,False
7055186,AgH9C14SN2O5F3,Ag2 H18 C28 S2 N4 O10 F6,70,70,795.1098,P-1,2,triclinic,7,Ag C F H N O S,True
7055216,H8C10N3ClO2,H16 C20 N6 Cl2 O4,48,48,541.9449,P-1,2,triclinic,5,C Cl H N O,True
7055262,ZnP2H20C24(NO3)2,Zn2 P4 H40 C48 N4 O12,110,110,1212.385,P-1,2,triclinic,6,C H N O P Zn,True
7055271,H10AuC6(NCl)2,H40 Au4 C24 N8 Cl8,84,84,971.9368,Pnnm,58,orthorhombic,5,Au C Cl H N,True
7055288,FeH20C26(SN7)2,Fe2 H40 C52 S4 N28,126,126,1392.6596,P2_1/c,14,monoclinic,5,C Fe H N S,True
7055377,ZnH16C21S(N2O)3,Zn2 H32 C42 S2 N12 O6,96,96,1015.7105,P-1,2,triclinic,6,C H N O S Zn,True
7055522,CuH10C11(SN2)2,Cu4 H40 C44 S8 N16,112,112,1257.7172,P2_1/c,14,monoclinic,5,C Cu H N S,True
7055610,NdH6C16(NO7)2,Nd2 H12 C32 N4 O28,78,78,1046.0719,P-1,2,triclinic,5,C H N Nd O,True
7055747,VH20C22(N2O)3,V2 H40 C44 N12 O6,104,104,1034.6074,P-1,2,triclinic,5,C H N O V,True
7055792,TiH26C26N2(ClO)4,Ti2 H52 C52 N4 Cl8 O8,126,126,1364.0687,P-1,2,triclinic,6,C Cl H N O Ti,True
7055892,ZnH13C16NO7,Zn2 H26 C32 N2 O14,76,76,750.362,P-1,2,triclinic,5,C H N O Zn,True
7056105,H10C15F,H40 C60 F4,104,104,1056.8113,P-1,2,triclinic,3,C F H,True
7056164,H11C17N7,H44 C68 N28,140,70,1408.3575,C2/c,15,monoclinic,3,C H N,True
7056175,PH23RhC20N2ClF6,P2 H46 Rh2 C40 N4 Cl2 F12,108,108,1107.1938,Pmn2_1,31,orthorhombic,7,C Cl F H N P Rh,True
7056260,H12C11(NO)4,H48 C44 N16 O16,124,124,1218.3985,Pna2_1,33,orthorhombic,4,C H N O,True
7056473,H16C25N4,H32 C50 N8,90,90,939.5566,P-1,2,triclinic,3,C H N,True
7056530,H18C20N4O5,H36 C40 N8 O10,94,94,979.1075,P-1,2,triclinic,4,C H N O,True
7056539,H7C15N2F5,H28 C60 N8 F20,116,116,1292.6558,P2_12_12_1,19,orthorhombic,4,C F H N,True
7056800,PH18PtC25NO2F3,P2 H36 Pt2 C50 N2 O4 F6,102,102,1372.9515,P-1,2,triclinic,7,C F H N O P Pt,True
7056864,CuH10C7N8,Cu4 H40 C28 N32,104,104,1006.8149,P2_1/c,14,monoclinic,4,C Cu H N,True
7057069,H10C11N3O6F,H40 C44 N12 O24 F4,124,124,1132.7983,P2_1/c,14,monoclinic,5,C F H N O,True
7057105,H5C7(SeN)2,H20 C28 Se8 N8,64,64,834.5452,P2_1/c,14,monoclinic,4,C H N Se,True
7057189,Cu2H8C10I2(NF)3,Cu8 H32 C40 I8 N12 F12,112,112,1464.1961,P2_1/c,14,monoclinic,6,C Cu F H I N,True
7057194,Cu2H13C15I2N3,Cu4 H26 C30 I4 N6,70,70,835.8451,P-1,2,triclinic,5,C Cu H I N,True
7057197,H26C26N4O,H52 C52 N8 O2,114,114,1038.7323,P-1,2,triclinic,4,C H N O,True
7057233,CuH21C20N3ClO8,Cu2 H42 C40 N6 Cl2 O16,108,108,1198.9424,P-1,2,triclinic,6,C Cl Cu H N O,True
7057279,CoH19C20N2Cl3O2,Co2 H38 C40 N4 Cl6 O4,94,94,1033.3307,P-1,2,triclinic,6,C Cl Co H N O,True
7057318,CdH14C16(N4O3)2,Cd2 H28 C32 N16 O12,90,90,897.4601,P2_1/c,14,monoclinic,5,C Cd H N O,True
7057441,RbLiMo3O10,Rb4 Li4 Mo12 O40,60,60,875.138,Pnma,62,orthorhombic,4,Li Mo O Rb,False
7057457,H9C4S2ClO5,H18 C8 S4 Cl2 O10,42,42,482.7431,P2_1,4,monoclinic,5,C Cl H O S,True
7057460,BH4C6SeN2F3,B2 H8 C12 Se2 N4 F6,34,34,401.1154,P-1,2,triclinic,6,B C F H N Se,True
7057461,BH4C6SeN2Cl3,B4 H16 C24 Se4 N8 Cl12,68,34,981.2338,C2/m,12,monoclinic,6,B C Cl H N Se,True
7057462,BH4C6SeBr3N2,B4 H16 C24 Se4 Br12 N8,68,68,1035.0804,P2_1/c,14,monoclinic,6,B Br C H N Se,True
7057478,FeCuPH26C27NClO,Fe2 Cu2 P2 H52 C54 N2 Cl2 O2,118,118,1197.9442,P-1,2,triclinic,8,C Cl Cu Fe H N O P,True
7057501,PH35C14(NO)4,P2 H70 C28 N8 O8,116,116,940.1194,P-1,2,triclinic,5,C H N O P,True
7057536,Re3H20C17Se4N7O2,Re6 H40 C34 Se8 N14 O4,106,106,1242.7301,P-1,2,triclinic,6,C H N O Re Se,True
7057614,PH11C4BrNF6,P4 H44 C16 Br4 N4 F24,96,96,1041.562,P2_1/c,14,monoclinic,6,Br C F H N P,True
7057730,H6C7N2,H48 C56 N16,120,120,1250.2042,P2_1/c,14,monoclinic,3,C H N,True
7057803,FeH20C26(SeN7)2,Fe2 H40 C52 Se4 N28,126,126,1448.9984,P2_1/c,14,monoclinic,5,C Fe H N Se,True
7057808,FeH20C26(SeN7)2,Fe2 H40 C52 Se4 N28,126,126,1372.405,P2_1/c,14,monoclinic,5,C Fe H N Se,True
7057830,NiH12C8S(NO2)2,Ni2 H24 C16 S2 N4 O8,56,56,501.6067,Pmc2_1,26,orthorhombic,6,C H N Ni O S,True
7057865,Fe4MoH20C16(NO5)4,Fe8 Mo2 H40 C32 N8 O40,130,65,1318.2096,I-42m,121,tetragonal,6,C Fe H Mo N O,True
7057868,CuH3C18(NF4)4,Cu2 H6 C36 N8 F32,84,84,1091.116,P-1,2,triclinic,5,C Cu F H N,True
7058146,TeH12C10Br6N2(Cl2O)2,Te2 H24 C20 Br12 N4 Cl8 O4,74,74,1192.141,P2_1/c,14,monoclinic,7,Br C Cl H N O Te,True
7058182,CdH9C13NO5,Cd4 H36 C52 N4 O20,116,116,1208.9313,P2_1/c,14,monoclinic,5,C Cd H N O,True
7058227,MoH16C17N4O5,Mo2 H32 C34 N8 O10,86,86,901.2626,P-1,2,triclinic,5,C H Mo N O,True
7058231,H10C5(N5O3)2,H40 C20 N40 O24,124,62,1170.5864,C2/c,15,monoclinic,4,C H N O,True
7058451,H14C16N2O3,H28 C32 N4 O6,70,70,684.5517,P-1,2,triclinic,4,C H N O,True
7058496,H18Pd(C9N4)2,H18 Pd1 C18 N8,45,45,436.9498,P-1,2,triclinic,4,C H N Pd,True
7058589,SiH41C29NO,Si2 H82 C58 N2 O2,146,146,1335.5944,P-1,2,triclinic,5,C H N O Si,True
7058636,CoH22C12(N2O3)4,Co1 H22 C12 N8 O12,55,55,473.2189,P-1,2,triclinic,5,C Co H N O,True
7058674,H10C16SeO2,H40 C64 Se4 O8,116,116,1250.9585,P2_1/c,14,monoclinic,4,C H O Se,True
7058718,H12C17SN,H48 C68 S4 N4,124,124,1306.4798,P-1,2,triclinic,4,C H N S,True
7058806,P2H22C18S3O4,P4 H44 C36 S6 O8,98,98,1017.8803,P-1,2,triclinic,5,C H O P S,True
7059015,H13C11SeBrO2,H52 C44 Se4 Br4 O8,112,56,1218.6987,Cc,9,monoclinic,5,Br C H O Se,True
7059225,H16C21SNClO3,H32 C42 S2 N2 Cl2 O6,86,86,973.2172,P-1,2,triclinic,6,C Cl H N O S,True
7059255,H27C24N2ClO7,H54 C48 N4 Cl2 O14,122,122,1144.2304,P2_1,4,monoclinic,5,C Cl H N O,True
7059271,H32C20N10O3,H64 C40 N20 O6,130,130,1207.2042,P2/c,13,monoclinic,4,C H N O,True
7059303,H11C12Br(NO)2,H44 C48 Br4 N8 O8,112,112,1142.9998,P2_1/c,14,monoclinic,5,Br C H N O,True
7059416,H6C7NO,H48 C56 N8 O8,120,120,1138.78,P2_1/c,14,monoclinic,4,C H N O,True
7059539,MoH13C10(NO3)2,Mo4 H52 C40 N8 O24,128,128,1261.906,P-1,2,triclinic,5,C H Mo N O,True
7059549,Eu2H18C33(N3O7)2,Eu2 H18 C33 N6 O14,73,73,1198.5218,P1,1,triclinic,5,C Eu H N O,True
7059813,H10C9O2,H40 C36 O8,84,84,773.2202,P2_1,4,monoclinic,3,C H O,True
7059873,H16C18NClO2,H32 C36 N2 Cl2 O4,76,76,745.5551,P-1,2,triclinic,5,C Cl H N O,True
7059954,FeH10C12NOF3,Fe4 H40 C48 N4 O4 F12,112,112,1097.4627,P2_1/c,14,monoclinic,6,C F Fe H N O,True
7060054,DyH24C21(NO2)3,Dy2 H48 C42 N6 O12,110,110,1116.8125,P-1,2,triclinic,5,C Dy H N O,True
7060126,HgH5(C3N4)2,Hg2 H10 C12 N16,40,40,502.1036,P-1,2,triclinic,4,C H Hg N,True
7060304,CsH4C4N4O5,Cs6 H24 C24 N24 O30,108,108,1319.4844,P-1,2,triclinic,5,C Cs H N O,True
7060323,SnH26C31N2,Sn2 H52 C62 N4,120,120,1254.9787,P-1,2,triclinic,4,C H N Sn,True
7060375,Fe2SnPH19C12(SO4)2,Fe4 Sn2 P2 H38 C24 S4 O16,90,90,1082.9463,P-1,2,triclinic,7,C Fe H O P S Sn,True
7060430,H25C33BrN2,H50 C66 Br2 N4,122,122,1241.202,P-1,2,triclinic,4,Br C H N,True
7060536,LaH3C8SO11,La4 H12 C32 S4 O44,96,96,1286.2512,Pna2_1,33,orthorhombic,5,C H La O S,True
7060544,H2C18NOF10,H4 C36 N2 O2 F20,64,64,771.2821,P-1,2,triclinic,5,C F H N O,True
7060572,CuH9C14(N3O2)3,Cu2 H18 C28 N18 O12,78,78,828.6446,P-1,2,triclinic,5,C Cu H N O,True
7060587,HC2N3Cl2,H6 C12 N18 Cl12,48,48,733.6124,P-62c,190,hexagonal,4,C Cl H N,True
7060611,H5C5SeS2N,H40 C40 Se8 S16 N8,112,112,1419.5559,P2_1/c,14,monoclinic,5,C H N S Se,True
7060621,CuH20C12(N5O3)2,Cu2 H40 C24 N20 O12,98,98,900.4923,P2_1/c,14,monoclinic,5,C Cu H N O,True
7060639,CuH10(C3N5)2,Cu4 H40 C24 N40,108,108,1069.2133,P-1,2,triclinic,4,C Cu H N,True
7060702,H13C4N13O2,H52 C16 N52 O8,128,128,1115.6617,P2_1/c,14,monoclinic,4,C H N O,True
7060731,H11C12S4NO2,H22 C24 S8 N2 O4,60,60,678.5608,P-1,2,triclinic,5,C H N O S,True
7060737,ZnH18C14(N2O3)2,Zn2 H36 C28 N8 O12,86,86,831.6038,P2_1/c,14,monoclinic,5,C H N O Zn,True
7060747,NaH2C3N4O5,Na4 H8 C12 N16 O20,60,60,663.9004,P-1,2,triclinic,5,C H N Na O,True
7060790,CoH11C11SeBr2N3,Co4 H44 C44 Se4 Br8 N12,116,116,1443.8654,P2_1/c,14,monoclinic,6,Br C Co H N Se,True
7060869,H8C10S2BrN,H32 C40 S8 Br4 N4,88,88,1123.7345,P2_1/c,14,monoclinic,5,Br C H N S,True
7060959,BiH39C39(I3N)3,Bi1 H39 C39 I9 N3,91,91,1199.4158,P1,1,triclinic,5,Bi C H I N,True
7060967,CuH22C14N2O7,Cu2 H44 C28 N4 O14,92,92,785.346,P2_1,4,monoclinic,5,C Cu H N O,True
7060982,H6C13N3Cl3O2,H24 C52 N12 Cl12 O8,108,108,1404.3993,P2_1/c,14,monoclinic,5,C Cl H N O,True
7061093,H18C29S2BrN3,H36 C58 S4 Br2 N6,106,106,1191.7482,P-1,2,triclinic,5,Br C H N S,True
7061102,PH34PdC27N4Cl3,P2 H68 Pd2 C54 N8 Cl6,140,140,1479.9443,P-1,2,triclinic,6,C Cl H N P Pd,True
7061185,H14C14N2O5,H28 C28 N4 O10,70,70,660.0302,P-1,2,triclinic,4,C H N O,True
7061220,C8SNF5,C32 S4 N4 F20,60,60,754.009,P2_1/c,14,monoclinic,4,C F N S,True
7061271,Fe2H42C42N10Cl4O11,Fe2 H42 C42 N10 Cl4 O11,111,111,1170.2883,P-1,2,triclinic,6,C Cl Fe H N O,True
7061335,CuH12C20(NO2)2,Cu2 H24 C40 N4 O8,78,78,802.1953,P2_1/c,14,monoclinic,5,C Cu H N O,True
7061338,CuH21C23N3O5,Cu2 H42 C46 N6 O10,106,106,1047.2818,P-1,2,triclinic,5,C Cu H N O,True
7061343,CuH16C14N2O3,Cu4 H64 C56 N8 O12,144,144,1327.0129,P2_1/c,14,monoclinic,5,C Cu H N O,True
7061425,H10C11NCl2O3,H20 C22 N2 Cl4 O6,54,54,577.0676,P-1,2,triclinic,5,C Cl H N O,True
7061507,CuH23C17N4ClO6,Cu2 H46 C34 N8 Cl2 O12,104,104,970.5819,P-1,2,triclinic,6,C Cl Cu H N O,True
7061518,FeB2H14(C2N3)6,Fe2 B4 H28 C24 N36,94,94,1063.4631,P2_1/c,14,monoclinic,5,B C Fe H N,True
7061534,CdH18C27N4O7,Cd2 H36 C54 N8 O14,114,114,1154.3927,P-1,2,triclinic,5,C Cd H N O,True
7062020,NaScTe2,Na3 Sc3 Te6,12,4,347.8175,R-3m,166,trigonal,3,Na Sc Te,False
7062068,EuPH35(C7O2)4,Eu2 P2 H70 C56 O16,146,146,1488.1762,P-1,2,triclinic,5,C Eu H O P,True
7062139,H6C12NO2F7,H12 C24 N2 O4 F14,56,56,616.2037,P-1,2,triclinic,5,C F H N O,True
7062352,ZnH48C36N8(ClO7)2,Zn1 H48 C36 N8 Cl2 O14,109,109,1069.7644,P-1,2,triclinic,6,C Cl H N O Zn,True
7062379,SrZn2(BO2)6,Sr2 Zn4 B12 O24,42,42,417.8871,P-1,2,triclinic,4,B O Sr Zn,False
7062382,H21C21SNO3,H42 C42 S2 N2 O6,94,94,916.5653,P-1,2,triclinic,5,C H N O S,True
7062389,H5C7N,H40 C56 N8,104,104,1047.3684,Pca2_1,29,orthorhombic,3,C H N,True
7062441,FeNiH16C28(N6O)2,Fe1 Ni1 H16 C28 N12 O2,60,60,679.5023,P-1,2,triclinic,6,C Fe H N Ni O,True
7062818,CuH18C24S2N5ClO4,Cu2 H36 C48 S4 N10 Cl2 O8,110,110,1243.4698,P-1,2,triclinic,7,C Cl Cu H N O S,True
7062897,H19C23BrNClO2,H38 C46 Br2 N2 Cl2 O4,94,94,971.883,P2_1,4,monoclinic,6,Br C Cl H N O,True
7063003,CuH16C23N3ClO2,Cu2 H32 C46 N6 Cl2 O4,92,92,938.4858,P-1,2,triclinic,6,C Cl Cu H N O,True
7063059,H2C5BrN,H16 C40 Br8 N8,72,72,1064.2905,P-1,2,triclinic,4,Br C H N,True
7063185,H13C16NO,H26 C32 N2 O2,62,62,612.9189,P-1,2,triclinic,4,C H N O,True
7063529,H4C5N2O,H16 C20 N8 O4,48,48,508.694,P-1,2,triclinic,4,C H N O,True
7063677,FeH14PtC16(N3O)2,Fe2 H28 Pt2 C32 N12 O4,80,80,900.0847,P2_1,4,monoclinic,6,C Fe H N O Pt,True
7063678,FeNiH14C16(N3O)2,Fe2 Ni2 H28 C32 N12 O4,80,80,850.9164,P2_1,4,monoclinic,6,C Fe H N Ni O,True
7063810,CuH14(C7N5)2,Cu2 H28 C28 N20,78,78,790.2322,P-1,2,triclinic,4,C Cu H N,True
7063930,CoH12C10N4(ClO)2,Co2 H24 C20 N8 Cl4 O4,62,62,659.3972,P2_1/c,14,monoclinic,6,C Cl Co H N O,True
7063972,H12C14N2O3,H48 C56 N8 O12,124,124,1195.8394,P2_1/c,14,monoclinic,4,C H N O,True
7064020,H7C2N6F,H28 C8 N24 F4,64,64,627.9867,P2_12_12_1,19,orthorhombic,4,C F H N,True
7064070,BH15C14N4OF2,B4 H60 C56 N16 O4 F8,148,148,1416.7411,P2_1/c,14,monoclinic,6,B C F H N O,True
7064134,FeH25C34SN,Fe2 H50 C68 S2 N2,124,124,1268.8174,P-1,2,triclinic,5,C Fe H N S,True
7064321,H32C24SBrN2O2F3,H64 C48 S2 Br2 N4 O4 F6,130,130,1279.1331,P1,1,triclinic,7,Br C F H N O S,True
7064399,H10C13N4,H40 C52 N16,108,108,1145.7554,P2_1,4,monoclinic,3,C H N,True
7100023,H20RhC11NCl,H80 Rh4 C44 N4 Cl4,136,136,1180.9856,P2/c,13,monoclinic,5,C Cl H N Rh,True
7100046,AgH23C8N2O5,Ag2 H46 C16 N4 O10,78,78,686.3935,P-1,2,triclinic,5,Ag C H N O,True
7100123,B10H31IrC18S2NCl2,B20 H62 Ir2 C36 S4 N2 Cl4,130,130,1452.5177,P-1,2,triclinic,7,B C Cl H Ir N S,True
7100189,SnH16C14(NO)4,Sn2 H32 C28 N8 O8,78,78,827.8735,P-1,2,triclinic,5,C H N O Sn,True
7100369,H28C31(NO6)2,H56 C62 N4 O24,146,146,1488.3825,P-1,2,triclinic,4,C H N O,True
7100391,H7C4NO,H56 C32 N8 O8,104,104,998.9148,Pbca,61,orthorhombic,4,C H N O,True
7100429,H4C6N3ClO4,H16 C24 N12 Cl4 O16,72,72,823.7864,P-1,2,triclinic,5,C Cl H N O,True
7100487,H11C13NO3,H44 C52 N4 O12,112,112,1105.4464,P2_1/c,14,monoclinic,4,C H N O,True
7100578,H19C28(ClO3)3,H38 C56 Cl6 O18,118,118,1328.0258,P-1,2,triclinic,4,C Cl H O,True
7100647,H13C12NO3,H26 C24 N2 O6,58,58,562.0228,P-1,2,triclinic,4,C H N O,True
7100738,NaUH5(CO2)6,Na4 U4 H20 C24 O48,100,100,1331.0989,P2_12_12_1,19,orthorhombic,5,C H Na O U,True
7100766,C15BrCl6,C60 Br4 Cl24,88,88,1464.75,P-1,2,triclinic,3,Br C Cl,True
7100848,CuH8C12N5,Cu4 H32 C48 N20,104,104,1194.9257,P2_1/c,14,monoclinic,4,C Cu H N,True
7100856,BH27C34(N2F)2,B2 H54 C68 N8 F4,136,136,1289.017,P-1,2,triclinic,5,B C F H N,True
7100920,H16C17N2O,H64 C68 N8 O4,144,144,1459.8022,P2_12_12_1,19,orthorhombic,4,C H N O,True
7100921,H14C16SN2O,H28 C32 S2 N4 O2,68,68,721.4639,P2_1,4,monoclinic,5,C H N O S,True
7101071,H6C3SNO4,H24 C12 S4 N4 O16,60,60,577.1876,P-1,2,triclinic,5,C H N O S,True
7101092,P2H28(C4Se)3,P4 H56 C24 Se6,90,90,900.8117,P-1,2,triclinic,4,C H P Se,True
7101110,RePH22C31N2O5,Re2 P2 H44 C62 N4 O10,124,124,1364.9588,P-1,2,triclinic,6,C H N O P Re,True
7101212,GaH11C6Se(NCl2)2,Ga4 H44 C24 Se4 N8 Cl16,100,100,1383.0791,P2_1/c,14,monoclinic,6,C Cl Ga H N Se,True
7101626,PH29PdC25SNO7F3,P2 H58 Pd2 C50 S2 N2 O14 F6,136,136,1410.0541,P-1,2,triclinic,8,C F H N O P Pd S,True
7101844,Sn(H9C5)2,Sn4 H72 C40,116,116,1101.1757,P-1,2,triclinic,3,C H Sn,True
7101939,NiH2C4SN2O5,Ni4 H8 C16 S4 N8 O20,60,60,666.4756,P2_1,4,monoclinic,6,C H N Ni O S,True
7102053,AgH10C10SN4ClO4,Ag2 H20 C20 S2 N8 Cl2 O8,62,62,689.6631,P2_12_12,18,orthorhombic,7,Ag C Cl H N O S,True
7102056,H18C7N10,H72 C28 N40,140,140,1227.2232,P2_1/c,14,monoclinic,3,C H N,True
7102084,H6C7Se4N3,H24 C28 Se16 N12,80,80,1035.916,P2_1/c,14,monoclinic,4,C H N Se,True
7102312,H7C7NO2,H28 C28 N4 O8,68,68,649.2821,P2_1/c,14,monoclinic,4,C H N O,True
7102351,Cs5P5Se12,Cs10 P10 Se24,44,44,1472.2383,P-4,81,tetragonal,3,Cs P Se,False
7102508,H5C3O,H80 C48 O16,144,144,1333.2261,P2_12_12_1,19,orthorhombic,3,C H O,True
7102561,SiH29C14N3,Si2 H58 C28 N6,94,94,843.6628,P-1,2,triclinic,4,C H N Si,True
7102655,H10C10O7,H20 C20 O14,54,54,526.2431,P-1,2,triclinic,3,C H O,True
7102702,H4C4INF2,H16 C16 I4 N4 F8,48,48,637.4748,P2_1/c,14,monoclinic,5,C F H I N,True
7102944,H12C15N2O,H48 C60 N8 O4,120,120,1180.8346,P-1,2,triclinic,4,C H N O,True
7103570,H36C31NO2F5,H72 C62 N2 O4 F10,150,150,1367.4201,P-1,2,triclinic,5,C F H N O,True
7103676,FeCu2H8(C3N2)4,Fe1 Cu2 H8 C12 N8,31,31,373.8056,P-1,2,triclinic,5,C Cu Fe H N,True
7103691,H28C25(NO2)2,H56 C50 N4 O8,118,118,1153.8999,P-1,2,triclinic,4,C H N O,True
7103814,H5C5Se2SIO2,H10 C10 Se4 S2 I2 O4,32,32,490.8971,P-1,2,triclinic,6,C H I O S Se,True
7103919,H20C14O5,H40 C28 O10,78,78,672.4985,P2_1,4,monoclinic,3,C H O,True
7103921,H6C4NO2,H24 C16 N4 O8,52,52,505.7586,P-1,2,triclinic,4,C H N O,True
7103991,FeAsO4,Fe12 As12 O48,72,36,946.3328,Imma,74,orthorhombic,3,As Fe O,False
7104053,NbBH33C22N6Cl,Nb2 B2 H66 C44 N12 Cl2,128,128,1214.7825,P-1,2,triclinic,6,B C Cl H N Nb,True
7104252,PH42PtC28IO2,P2 H84 Pt2 C56 I2 O4,150,150,1432.4869,P2_1,4,monoclinic,6,C H I O P Pt,True
7104307,H29C17NO4,H58 C34 N2 O8,102,102,845.8025,P-1,2,triclinic,4,C H N O,True
7104409,H3CO3,H12 C4 O12,28,28,206.399,P2_1/c,14,monoclinic,3,C H O,True
7104493,H19C17NO2,H38 C34 N2 O4,78,78,742.3744,P-1,2,triclinic,4,C H N O,True
7104579,H13C11N2Cl,H52 C44 N8 Cl4,108,108,1108.2851,P2_12_12,18,orthorhombic,4,C Cl H N,True
7104708,H11C13O,H44 C52 O4,100,100,1014.0359,P-1,2,triclinic,3,C H O,True
7104764,AsH6C5SCl2O,As4 H24 C20 S4 Cl8 O4,64,64,854.5207,P2_1/c,14,monoclinic,6,As C Cl H O S,True
7105119,H12C5(NO)8,H24 C10 N16 O16,66,33,589.8324,I-4,82,tetragonal,4,C H N O,True
7105157,P2H34PtC12N4(ClO)2,P2 H34 Pt1 C12 N4 Cl2 O2,57,57,554.2522,P-1,2,triclinic,7,C Cl H N O P Pt,True
7105650,H10C7S(NO)2,H40 C28 S4 N8 O8,88,88,836.0013,P2_1/c,14,monoclinic,5,C H N O S,True
7105663,H28C25S2(NO6)2,H28 C25 S2 N2 O12,69,69,691.5668,P1,1,triclinic,5,C H N O S,True
7106338,ReH8C12(NCl2)2,Re4 H32 C48 N8 Cl16,108,108,1414.9964,P2_1/c,14,monoclinic,5,C Cl H N Re,True
7106426,MnH32C23N6Cl2O9,Mn2 H64 C46 N12 Cl4 O18,146,146,1365.202,P2_1,4,monoclinic,6,C Cl H Mn N O,True
7106573,MnC6IN4O,Mn4 C24 I4 N16 O4,52,52,969.158,Pnma,62,orthorhombic,5,C I Mn N O,True
7106776,H18C22BrN,H36 C44 Br2 N2,84,84,896.1296,P-1,2,triclinic,4,Br C H N,True
7106822,H20C16N2O7,H40 C32 N4 O14,90,90,845.5272,P2_1,4,monoclinic,4,C H N O,True
7107129,H11C17O2,H44 C68 O8,120,120,1233.446,P2_1/c,14,monoclinic,3,C H O,True
7107188,CoH11C5SNO7,Co2 H22 C10 S2 N2 O14,52,52,491.0301,P2_1,4,monoclinic,6,C Co H N O S,True
7107392,H11C17BrO,H44 C68 Br4 O4,120,120,1276.7953,P2_1/c,14,monoclinic,4,Br C H O,True
7107624,SiBH18C15NO,Si4 B4 H72 C60 N4 O4,148,148,1463.4873,P2_1/c,14,monoclinic,6,B C H N O Si,True
7107627,SiH32C19N2O,Si2 H64 C38 N4 O2,110,110,946.3505,P-1,2,triclinic,5,C H N O Si,True
7107649,CuPH36C42(N2F3)2,Cu1 P1 H36 C42 N4 F6,90,90,896.3279,P-1,2,triclinic,6,C Cu F H N P,True
7107795,H13C13BrN2O5,H26 C26 Br2 N4 O10,68,68,717.2308,P2_1,4,monoclinic,5,Br C H N O,True
7107796,H8C11Br(NO)3,H16 C22 Br2 N6 O6,52,52,584.8945,P2_1,4,monoclinic,5,Br C H N O,True
7107850,H32C25NO11,H64 C50 N2 O22,138,138,1218.9222,P2_1,4,monoclinic,4,C H N O,True
7107888,H6C7BrNO,H24 C28 Br4 N4 O4,64,64,751.8715,P2_1/c,14,monoclinic,5,Br C H N O,True
7107962,H31C41N,H62 C82 N2,146,146,1465.5273,P-1,2,triclinic,3,C H N,True
7107986,H17C18SNO3,H34 C36 S2 N2 O6,80,80,787.4007,Pc,7,monoclinic,5,C H N O S,True
7108188,H30C18O5,H60 C36 O10,106,106,932.848,P-1,2,triclinic,3,C H O,True
7108375,H16C12S(NO2)2,H64 C48 S4 N8 O16,140,140,1269.6569,P2_12_12_1,19,orthorhombic,5,C H N O S,True
7108483,H11C11N4ClO2,H44 C44 N16 Cl4 O8,116,116,1182.2755,P2/c,13,monoclinic,5,C Cl H N O,True
7108585,H3C3NO,H36 C36 N12 O12,96,96,937.738,Pna2_1,33,orthorhombic,4,C H N O,True
7108668,H14C12SNClO2,H56 C48 S4 N4 Cl4 O8,124,124,1277.2957,P2_1/c,14,monoclinic,6,C Cl H N O S,True
7108670,H12C11O5,H48 C44 O20,112,112,1073.4784,Pca2_1,29,orthorhombic,3,C H O,True
7108865,H9C13S3N4,H18 C26 S6 N8,58,58,653.9782,P-1,2,triclinic,4,C H N S,True
7108932,H30C19S(N2O3)2,H60 C38 S2 N8 O12,120,120,1112.3153,P-1,2,triclinic,5,C H N O S,True
7108979,UP2H40C48(N2O5)2,U1 P2 H40 C48 N4 O10,105,105,1130.864,P-1,2,triclinic,6,C H N O P U,True
7109024,H2C6Br2NCl3O,H8 C24 Br8 N4 Cl12 O4,60,60,1062.8789,P2_1/c,14,monoclinic,6,Br C Cl H N O,True
7109082,H25C20NO6,H50 C40 N2 O12,104,104,983.4182,P2_1,4,monoclinic,4,C H N O,True
7109171,H27C21Br2NO,H54 C42 Br4 N2 O2,104,104,1022.583,P-1,2,triclinic,5,Br C H N O,True
7109189,SiH13C14,Si2 H26 C28,56,56,617.3642,P-1,2,triclinic,3,C H Si,True
7109248,Ag2HgO2,Ag8 Hg4 O8,20,20,320.9971,P4_32_12,96,tetragonal,3,Ag Hg O,False
7109342,CuB2H31C23N5(OF2)4,Cu2 B4 H62 C46 N10 O8 F16,148,148,1415.702,P2_1,4,monoclinic,7,B C Cu F H N O,True
7109634,H21C12SNO3F2,H42 C24 S2 N2 O6 F4,80,80,756.3345,P2_1,4,monoclinic,6,C F H N O S,True
7109658,H13C16BrO2,H52 C64 Br4 O8,128,128,1343.3974,P2_12_12_1,19,orthorhombic,4,Br C H O,True
7109723,H8C8NO2,H32 C32 N4 O8,76,76,759.8926,P-1,2,triclinic,4,C H N O,True
7109838,H13C8IN2O3,H52 C32 I4 N8 O12,108,108,1157.965,P2_1/c,14,monoclinic,5,C H I N O,True
7109896,H10C12NOF,H40 C48 N4 O4 F4,100,100,1055.5767,P-1,2,triclinic,5,C F H N O,True
7109952,H21C32N3,H42 C64 N6,112,112,1152.1722,P-1,2,triclinic,3,C H N,True
7110301,H8C5N2O3,H64 C40 N16 O24,144,144,1356.2152,Pca2_1,29,orthorhombic,4,C H N O,True
7110427,InP(H2C)18,In2 P2 H72 C36,112,112,965.7873,P-1,2,triclinic,4,C H In P,True
7110438,H17C18NO,H68 C72 N4 O4,148,148,1384.4569,P2_12_12_1,19,orthorhombic,4,C H N O,True
7110727,ZnH10C10(NCl2)2,Zn4 H40 C40 N8 Cl16,108,108,1359.8732,P2_1/c,14,monoclinic,5,C Cl H N Zn,True
7110862,H17C14NO3,H34 C28 N2 O6,70,70,639.4404,P2_1,4,monoclinic,4,C H N O,True
7110923,H2C4S3,H16 C32 S24,72,72,1112.4752,P2_1/c,14,monoclinic,3,C H S,True
7111004,Al2H24C9N2,Al4 H48 C18 N4,74,74,670.4172,P2/c,13,monoclinic,4,Al C H N,True
7111019,AlP2H2O9,Al3 P6 H6 O27,42,42,469.4204,P-1,2,triclinic,4,Al H O P,False
7111151,Si2MoH37C26N3,Si4 Mo2 H74 C52 N6,138,138,1316.6778,P-1,2,triclinic,5,C H Mo N Si,True
7111220,H8C8S2O,H16 C16 S4 O2,38,38,412.089,P2_1,4,monoclinic,4,C H O S,True
7111231,Zn6P5H22C8(NO8)3,Zn12 P10 H44 C16 N6 O48,136,136,1478.2683,P-1,2,triclinic,6,C H N O P Zn,True
7111361,H7C6SN,H14 C12 S2 N2,30,30,313.1532,Pc,7,monoclinic,4,C H N S,True
7111480,H20C27(N3O7)2,H40 C54 N12 O28,134,134,1401.0235,P2_1,4,monoclinic,4,C H N O,True
7111595,FeH25C31N2F5,Fe2 H50 C62 N4 F10,128,128,1246.7554,P-1,2,triclinic,5,C F Fe H N,True
7111695,B10PH30C26N3,B20 P2 H60 C52 N6,140,140,1397.904,P-1,2,triclinic,5,B C H N P,True
7111787,NiH40(C15N)2,Ni2 H80 C60 N4,146,146,1298.2769,P-1,2,triclinic,4,C H N Ni,True
7111792,H13C11O2,H26 C22 O4,52,52,493.7338,P-1,2,triclinic,3,C H O,True
7111798,H9C13N2(OF)3,H18 C26 N4 O6 F6,60,60,621.336,P-1,2,triclinic,5,C F H N O,True
7111854,FeH28C38(SeN7)2,Fe1 H28 C38 Se2 N14,83,83,910.5606,P-1,2,triclinic,5,C Fe H N Se,True
7111890,H34C23N2O5,H68 C46 N4 O10,128,128,1161.6937,P2_1,4,monoclinic,4,C H N O,True
7112124,H13C18NCl2O3,H26 C36 N2 Cl4 O6,74,74,826.0335,P-1,2,triclinic,5,C Cl H N O,True
7112158,SiH29C22O3,Si2 H58 C44 O6,110,110,995.7716,P-1,2,triclinic,4,C H O Si,True
7112234,H15C7NO5,H60 C28 N4 O20,112,112,986.1506,P2_1/c,14,monoclinic,4,C H N O,True
7112341,H12C11NO3,H48 C44 N4 O12,108,108,993.0954,P2_1/c,14,monoclinic,4,C H N O,True
7112561,KH28C18NO2,K2 H56 C36 N2 O4,100,100,919.4934,P1,1,triclinic,5,C H K N O,True
7112617,H22C25SO5,H44 C50 S2 O10,106,106,1081.0388,P2_1,4,monoclinic,4,C H O S,True
7112723,H24C29S(NO)2,H48 C58 S2 N4 O4,116,116,1168.2289,P-1,2,triclinic,5,C H N O S,True
7112746,H8C8O,H32 C32 O4,68,68,628.7301,Pc,7,monoclinic,3,C H O,True
7112833,H25C21NO2,H50 C42 N2 O4,98,98,912.0717,P-1,2,triclinic,4,C H N O,True
7112884,NaH8C4BrN2O5,Na4 H32 C16 Br4 N8 O20,84,84,902.0023,Pnma,62,orthorhombic,6,Br C H N Na O,True
7112966,H19C13IO,H76 C52 I4 O4,136,136,1330.6805,Pnma,62,orthorhombic,4,C H I O,True
7113078,H13C14BrO3,H52 C56 Br4 O12,124,124,1390.7232,P2_12_12_1,19,orthorhombic,4,Br C H O,True
7113385,PH33C25SeN2,P2 H66 C50 Se2 N4,124,124,1190.2389,P-1,2,triclinic,5,C H N P Se,True
7113531,H16C19SNO7,H32 C38 S2 N2 O14,88,88,894.3166,P-1,2,triclinic,5,C H N O S,True
7113670,H31(C13N)2,H62 C52 N4,118,118,1077.7018,P-1,2,triclinic,3,C H N,True
7113953,ZnH11C10N4O5,Zn4 H44 C40 N16 O20,124,124,1276.4437,P2_1/c,14,monoclinic,5,C H N O Zn,True
7114129,H18RhC6S3ClO3,H72 Rh4 C24 S12 Cl4 O12,128,128,1310.4482,P2_1/c,14,monoclinic,6,C Cl H O Rh S,True
7114156,H8C10O,H48 C60 O6,114,114,1126.9791,P-1,2,triclinic,3,C H O,True
7114252,Li2PH36C16N3O2,Li4 P2 H72 C32 N6 O4,120,120,1051.2914,P-1,2,triclinic,6,C H Li N O P,True
7114473,H15C10IO3,H60 C40 I4 O12,116,116,1133.8369,P2_12_12_1,19,orthorhombic,4,C H I O,True
7114502,H25C19NO4,H50 C38 N2 O8,98,98,931.5025,P-1,2,triclinic,4,C H N O,True
7114550,MnH4(CN2)4,Mn4 H16 C16 N32,68,34,821.2331,C2/m,12,monoclinic,4,C H Mn N,True
7114862,H32C23N2O3,H64 C46 N4 O6,120,120,1087.6726,P-1,2,triclinic,4,C H N O,True
7114913,H10OsC10(NCl3)2,H40 Os4 C40 N8 Cl24,116,58,1472.3635,Ibam,72,orthorhombic,5,C Cl H N Os,True
7115249,FeH32(C11N)2,Fe2 H64 C44 N4,114,114,962.0772,P-1,2,triclinic,4,C Fe H N,True
7115381,Ag2H13C12N5O4,Ag8 H52 C48 N20 O16,144,144,1420.0682,P2_1/c,14,monoclinic,5,Ag C H N O,True
7115553,H6C10NF3,H24 C40 N4 F12,80,80,841.2767,P2_12_12_1,19,orthorhombic,4,C F H N,True
7115732,H24C18NO4,H48 C36 N2 O8,94,94,895.6675,Pc,7,monoclinic,4,C H N O,True
7115816,P2H22AuC18SN4ClO2,P4 H44 Au2 C36 S2 N8 Cl2 O4,102,102,1065.4184,P-1,2,triclinic,8,Au C Cl H N O P S,True
7115966,FeH17C17N,Fe4 H68 C68 N4,144,144,1370.6471,P2_1,4,monoclinic,4,C Fe H N,True
7116122,H20C27N4(ClO2)2,H40 C54 N8 Cl4 O8,114,114,1255.9506,P-1,2,triclinic,5,C Cl H N O,True
7116199,CuBH10(C3N2)3,Cu4 B4 H40 C36 N24,108,108,1145.1376,P-1,2,triclinic,5,B C Cu H N,True
7116252,H4C8I2N2OF8,H8 C16 I4 N4 O2 F16,50,50,701.7231,P-1,2,triclinic,6,C F H I N O,True
7116291,H16C16S2NO2,H32 C32 S4 N2 O4,74,74,756.8314,P-1,2,triclinic,5,C H N O S,True
7116293,H12C14S2NO2,H24 C28 S4 N2 O4,62,62,703.9756,P-1,2,triclinic,5,C H N O S,True
7116419,BH13C11(NCl)2,B4 H52 C44 N8 Cl8,116,116,1194.498,P2_1/c,14,monoclinic,5,B C Cl H N,True
7116452,H16C15O4,H32 C30 O8,70,70,688.1096,P-1,2,triclinic,3,C H O,True
7116476,H35IrC25N3Cl,H70 Ir2 C50 N6 Cl2,130,130,1182.9363,P-1,2,triclinic,5,C Cl H Ir N,True
7116632,H2C4N,H16 C32 N8,56,56,595.7344,P2_1/c,14,monoclinic,3,C H N,True
7116636,HC4NCl,H4 C16 N4 Cl4,28,28,360.7981,P-1,2,triclinic,4,C Cl H N,True
7116652,H23C20S2NO6,H46 C40 S4 N2 O12,104,104,1019.1693,P2_1,4,monoclinic,5,C H N O S,True
7116737,KBH5(C2N)3,K4 B4 H20 C24 N12,64,64,879.8004,P-1,2,triclinic,5,B C H K N,True
7116786,H13C13NO,H52 C52 N4 O4,112,112,1062.5596,P2_12_12_1,19,orthorhombic,4,C H N O,True
7116812,H14C13N2O7,H56 C52 N8 O28,144,144,1347.0016,P2_12_12_1,19,orthorhombic,4,C H N O,True
7116817,H31C24NO7,H62 C48 N2 O14,126,126,1169.4551,P2_1,4,monoclinic,4,C H N O,True
7116967,H5C9O,H40 C72 O8,120,120,1151.8757,P2_12_12_1,19,orthorhombic,3,C H O,True
7117035,PH12C10SN4(OF)3,P2 H24 C20 S2 N8 O6 F6,68,68,720.5907,P-1,2,triclinic,7,C F H N O P S,True
7117133,H16PtC20SNCl3OF2,H32 Pt2 C40 S2 N2 Cl6 O2 F4,90,90,1049.4927,P2_1,4,monoclinic,8,C Cl F H N O Pt S,True
7117185,H9C11N2(OF)3,H18 C22 N4 O6 F6,56,56,601.3756,P-1,2,triclinic,5,C F H N O,True
7117225,H6C9NO,H48 C72 N8 O8,136,136,1326.6802,P2_1/c,14,monoclinic,4,C H N O,True
7117259,H3C3Br,H18 C18 Br6,42,42,500.7315,P-1,2,triclinic,3,Br C H,True
7117321,H17C14(NO)3,H68 C56 N12 O12,148,148,1336.4613,P-1,2,triclinic,4,C H N O,True
7117463,H18C11N2O,H72 C44 N8 O4,128,128,1253.5957,P2_12_12_1,19,orthorhombic,4,C H N O,True
7117611,H9C12N(O2F3)2,H36 C48 N4 O16 F24,128,128,1405.3194,P2_1/c,14,monoclinic,5,C F H N O,True
7117637,H19C21N2F3,H38 C42 N4 F6,90,90,930.8857,P-1,2,triclinic,4,C F H N,True
7117678,H27C27SNO5,H54 C54 S2 N2 O10,122,122,1167.7275,P-1,2,triclinic,5,C H N O S,True
7117718,H18C13(SO)2,H72 C52 S8 O8,140,140,1289.3281,P2_12_12_1,19,orthorhombic,4,C H O S,True
7117888,Fe7H30C18(NO20)2,Fe7 H30 C18 N2 O40,97,97,1025.904,P-1,2,triclinic,5,C Fe H N O,True
7117952,H12C12SN2O5,H48 C48 S4 N8 O20,128,128,1332.7614,P2_1/c,14,monoclinic,5,C H N O S,True
7118026,H14C21S2Cl2O,H14 C21 S2 Cl2 O1,40,40,466.6877,P1,1,triclinic,5,C Cl H O S,True
7118095,H10C10S,H40 C40 S4,84,84,790.0356,P-1,2,triclinic,3,C H S,True
7118247,H24C27N2O3,H48 C54 N4 O6,112,112,1037.2789,P-1,2,triclinic,4,C H N O,True
7118251,H29C27N2ClO3,H58 C54 N4 Cl2 O6,124,124,1173.7887,P-1,2,triclinic,5,C Cl H N O,True
7118340,H29C31BrN2O5,H58 C62 Br2 N4 O10,136,136,1436.7644,P2_1,4,monoclinic,5,Br C H N O,True
7118498,H15C15NO,H60 C60 N4 O4,128,128,1249.1466,P2_1/c,14,monoclinic,4,C H N O,True
7118514,H15PtC23N2ClF4,H30 Pt2 C46 N4 Cl2 F8,92,92,1012.6918,P-1,2,triclinic,6,C Cl F H N Pt,True
7118656,H17C16SNO7,H34 C32 S2 N2 O14,84,84,809.35,P2_1,4,monoclinic,5,C H N O S,True
7118902,H22PtC14I6(N2Cl)2,H22 Pt1 C14 I6 N4 Cl2,49,49,717.2545,P-1,2,triclinic,6,C Cl H I N Pt,True
7118907,H22PtC12I6(N2Cl)2,H22 Pt1 C12 I6 N4 Cl2,47,47,683.1826,P-1,2,triclinic,6,C Cl H I N Pt,True
7118948,H12C19NClO2,H48 C76 N4 Cl4 O8,140,140,1495.8114,P2_1/c,14,monoclinic,5,C Cl H N O,True
7118971,H9C12SN2O2F5,H36 C48 S4 N8 O8 F20,124,124,1335.5214,P2_1/c,14,monoclinic,6,C F H N O S,True
7119322,H14C15SNClO2,H56 C60 S4 N4 Cl4 O8,136,136,1470.5941,Pca2_1,29,orthorhombic,6,C Cl H N O S,True
7119359,H6C9NCl2O3,H12 C18 N2 Cl4 O6,42,42,483.2635,P-1,2,triclinic,5,C Cl H N O,True
7119421,ZnH14C16(NO2)2,Zn2 H28 C32 N4 O8,74,74,774.7698,P-1,2,triclinic,5,C H N O Zn,True
7119422,ZnH14C16(NO2)2,Zn2 H28 C32 N4 O8,74,74,775.4632,P-1,2,triclinic,5,C H N O Zn,True
7119486,H8C9O,H48 C54 O6,108,108,981.2614,P-1,2,triclinic,3,C H O,True
7119509,H23C25SN2(OF)3,H46 C50 S2 N4 O6 F6,114,114,1236.8041,P-1,2,triclinic,6,C F H N O S,True
7119573,AgH13C16N5Cl,Ag2 H26 C32 N10 Cl2,72,72,812.6817,P-1,2,triclinic,5,Ag C Cl H N,True
7119704,H15C17NCl2O3,H30 C34 N2 Cl4 O6,76,76,843.2905,P-1,2,triclinic,5,C Cl H N O,True
7119907,H17C16NO2,H34 C32 N2 O4,72,72,661.4606,P2_1,4,monoclinic,4,C H N O,True
7119932,H28C31N3O4F3,H56 C62 N6 O8 F6,138,138,1368.0765,P2_1,4,monoclinic,5,C F H N O,True
7120075,H12C11(NO)2,H48 C44 N8 O8,108,108,1037.3056,P-1,2,triclinic,4,C H N O,True
7120112,CdH30C50(N2O5)2,Cd1 H30 C50 N4 O10,95,95,1136.6902,P-1,2,triclinic,5,C Cd H N O,True
7120201,H18C12O5,H72 C48 O20,140,140,1174.1412,P-1,2,triclinic,3,C H O,True
7120216,H12C11SO,H48 C44 S4 O4,100,100,993.8154,P2_12_12_1,19,orthorhombic,4,C H O S,True
7120346,H21C25SNO2,H42 C50 S2 N2 O4,100,100,979.1729,Pc,7,monoclinic,5,C H N O S,True
7120443,H17C9N3Cl2,H68 C36 N12 Cl8,124,124,1251.5863,P2_12_12_1,19,orthorhombic,4,C Cl H N,True
7120545,H14C18N2O3,H56 C72 N8 O12,148,148,1487.0746,P2_1/c,14,monoclinic,4,C H N O,True
7120568,H5(C3S)2,H20 C24 S8,52,52,607.2928,P2_1/c,14,monoclinic,3,C H S,True
7120700,NiBi,Ni4 Bi4,8,4,119.7799,Cmcm,63,orthorhombic,2,Bi Ni,False
7120711,H15C11,H60 C44,104,104,808.7074,P2_1/c,14,monoclinic,2,C H,True
7120806,H20C22NClO2,H40 C44 N2 Cl2 O4,92,92,889.3658,P-1,2,triclinic,5,C Cl H N O,True
7120810,H10C13N4,H40 C52 N16,108,108,1159.7489,P2_1/c,14,monoclinic,3,C H N,True
7121054,CuH18C21SN4ClO,Cu2 H36 C42 S2 N8 Cl2 O2,94,94,1005.1251,P-1,2,triclinic,7,C Cl Cu H N O S,True
7121168,SiH18C11(N2O)3,Si2 H36 C22 N12 O6,78,78,756.6085,P-1,2,triclinic,5,C H N O Si,True
7121248,H5C5O,H40 C40 O8,88,88,821.625,P-1,2,triclinic,3,C H O,True
7121273,H12C12N2O,H48 C48 N8 O4,108,108,990.2637,P2_1/c,14,monoclinic,4,C H N O,True
7121387,H25PdC28SN3O2,H50 Pd2 C56 S2 N6 O4,120,120,1191.513,P-1,2,triclinic,6,C H N O Pd S,True
7121427,H16C8N4O9,H32 C16 N8 O18,74,74,643.2357,P-1,2,triclinic,4,C H N O,True
7121487,H12AuC9SN4O3F5,H48 Au4 C36 S4 N16 O12 F20,140,140,1494.4255,P2_1/c,14,monoclinic,7,Au C F H N O S,True
7121617,H25C24SNO3,H50 C48 S2 N2 O6,108,108,1083.255,P1,1,triclinic,5,C H N O S,True
7121738,H6C7N2,H24 C28 N8,60,60,607.0209,P2_1/c,14,monoclinic,3,C H N,True
7121762,H13C17OF3,H52 C68 O4 F12,136,136,1291.529,P2_1/c,14,monoclinic,4,C F H O,True
7121798,B5PbO8F,B40 Pb8 O64 F8,120,120,1345.9325,Pbca,61,orthorhombic,4,B F O Pb,False
7121878,H8C7NClO3,H32 C28 N4 Cl4 O12,80,80,822.9295,P-1,2,triclinic,5,C Cl H N O,True
7121890,H13C7Br3N2,H52 C28 Br12 N8,100,100,1126.8753,P2_1/c,14,monoclinic,4,Br C H N,True
7121951,H8C10NOF3,H32 C40 N4 O4 F12,92,92,993.9403,P2_1/c,14,monoclinic,5,C F H N O,True
7122043,H20C24N2O,H40 C48 N4 O2,94,94,930.2841,P-1,2,triclinic,4,C H N O,True
7122047,H5C4N6ClO6,H20 C16 N24 Cl4 O24,88,88,964.963,P2_1/c,14,monoclinic,5,C Cl H N O,True
7122074,H13C17NO3,H52 C68 N4 O12,136,68,1356.6385,Cc,9,monoclinic,4,C H N O,True
7122083,H11C7NClO3F5,H44 C28 N4 Cl4 O12 F20,112,112,1103.1949,P2_1/c,14,monoclinic,6,C Cl F H N O,True
7122093,PH22C16I(NF3)2,P2 H44 C32 I2 N4 F12,96,96,1014.1579,P-1,2,triclinic,6,C F H I N P,True
7122148,H7C7O,H56 C56 O8,120,120,1185.2988,P2_12_12_1,19,orthorhombic,3,C H O,True
7122157,H8C9O,H64 C72 O8,144,144,1441.749,P2_12_12_1,19,orthorhombic,3,C H O,True
7122165,H7C7O,H56 C56 O8,120,120,1225.0128,P2_12_12_1,19,orthorhombic,3,C H O,True
7122257,P2H28C29O2,P4 H56 C58 O4,122,122,1221.9947,P-1,2,triclinic,4,C H O P,True
7122584,H15C18NO3,H60 C72 N4 O12,148,148,1492.0074,P2_12_12_1,19,orthorhombic,4,C H N O,True
7122595,PH7C6S2NCl,P2 H14 C12 S4 N2 Cl2,36,36,463.7173,P-1,2,triclinic,6,C Cl H N P S,True
7122735,PH20C25SNF6,P2 H40 C50 S2 N2 F12,108,108,1136.3958,P-1,2,triclinic,6,C F H N P S,True
7122769,Si2H38C30SO2,Si4 H76 C60 S2 O4,146,146,1426.4809,P-1,2,triclinic,5,C H O S Si,True
7122963,P2H46C21(SN)2,P4 H92 C42 S4 N4,146,146,1318.8042,P2_1,4,monoclinic,5,C H N P S,True
7123005,H15C26N2(OF)6,H30 C52 N4 O12 F12,110,110,1249.1957,P-1,2,triclinic,5,C F H N O,True
7123066,H11C13SNO2,H44 C52 S4 N4 O8,112,112,1195.9858,P2_1/c,14,monoclinic,5,C H N O S,True
7123116,H18C22BrNO3,H36 C44 Br2 N2 O6,90,90,968.6596,P2_1,4,monoclinic,5,Br C H N O,True
7123144,SiH39C21SNO4,Si2 H78 C42 S2 N2 O8,134,134,1226.8569,P2_1,4,monoclinic,6,C H N O S Si,True
7123183,H31C32N3O2,H62 C64 N6 O4,136,136,1283.1956,P-1,2,triclinic,4,C H N O,True
7123258,H26C35S(N2O)2,H52 C70 S2 N8 O4,136,136,1384.8667,P-1,2,triclinic,5,C H N O S,True
7123396,H17C19NO3,H34 C38 N2 O6,80,80,775.3939,P2_1,4,monoclinic,4,C H N O,True
7123578,H23C25ClO5,H46 C50 Cl2 O10,108,108,1119.2807,P-1,2,triclinic,4,C Cl H O,True
7123845,H9C13N3O2,H36 C52 N12 O8,108,108,1130.1185,P2_1/c,14,monoclinic,4,C H N O,True
7124124,PH31C37O2,P2 H62 C74 O4,142,142,1481.4196,P-1,2,triclinic,4,C H O P,True
7124441,H12C19O3,H48 C76 O12,136,136,1355.6023,P2_1/c,14,monoclinic,3,C H O,True
7124561,H14C15(N2O)2,H28 C30 N8 O4,70,70,687.5115,P-1,2,triclinic,4,C H N O,True
7124855,H16AuC15N2F5,H32 Au2 C30 N4 F10,78,78,801.051,P-1,2,triclinic,5,Au C F H N,True
7124863,B10H22C13O2,B20 H44 C26 O4,94,94,918.5764,P-1,2,triclinic,4,B C H O,True
7124928,H20C29O2,H40 C58 O4,102,102,1015.6492,P-1,2,triclinic,3,C H O,True
7124957,GaCuH16C8N4(O2F3)2,Ga2 Cu2 H32 C16 N8 O8 F12,80,80,777.5867,P4/nbm,125,tetragonal,7,C Cu F Ga H N O,True
7124978,HgH25C25N2ClO3,Hg2 H50 C50 N4 Cl2 O6,114,114,1166.8654,P-1,2,triclinic,6,C Cl H Hg N O,True
7125030,B5H9C3O,B20 H36 C12 O4,72,72,667.2498,P-1,2,triclinic,4,B C H O,True
7125078,H16C14N2O3F,H64 C56 N8 O12 F4,144,144,1377.0481,P-1,2,triclinic,5,C F H N O,True
7125202,H11C12S(NO)3,H22 C24 S2 N6 O6,60,60,595.9572,P-1,2,triclinic,5,C H N O S,True
7125206,H31C24SN5O4,H62 C48 S2 N10 O8,130,130,1267.7861,P2_1,4,monoclinic,5,C H N O S,True
7125208,H29C24SN4ClO5,H58 C48 S2 N8 Cl2 O10,128,128,1272.6553,P2_1,4,monoclinic,6,C Cl H N O S,True
7125215,H14C12N2O7,H28 C24 N4 O14,70,70,625.4165,P1,1,triclinic,4,C H N O,True
7125247,H17C16SNO2,H34 C32 S2 N2 O4,74,74,719.818,P2_1,4,monoclinic,5,C H N O S,True
7125745,H14C13SeN4,H28 C26 Se2 N8,64,64,645.9228,P-1,2,triclinic,4,C H N Se,True
7125788,SiH44(C9O4)3,Si1 H44 C27 O12,84,84,771.1033,P1,1,triclinic,4,C H O Si,True
7125827,H26C24NClO2,H52 C48 N2 Cl2 O4,108,108,1000.0332,P-1,2,triclinic,5,C Cl H N O,True
7125983,H35C24N5Cl2O3,H70 C48 N10 Cl4 O6,138,138,1331.3109,P-1,2,triclinic,5,C Cl H N O,True
7126007,H13C12N3O5,H52 C48 N12 O20,132,132,1245.5601,P2_1,4,monoclinic,4,C H N O,True
7126035,AgBiH36C12(I3N)4,Ag1 Bi1 H36 C12 I12 N4,66,66,981.8165,P-1,2,triclinic,6,Ag Bi C H I N,True
7126051,Ba3In(ClF2)3,Ba6 In2 Cl6 F12,26,26,527.2296,P6_3/m,176,hexagonal,4,Ba Cl F In,False
7126067,H10C14SNCl,H40 C56 S4 N4 Cl4,108,108,1213.3511,P2_1/c,14,monoclinic,5,C Cl H N S,True
7126145,H8C14BrNO,H32 C56 Br4 N4 O4,100,100,1127.0658,Pca2_1,29,orthorhombic,5,Br C H N O,True
7126201,FeH13C16BrN4O3,Fe2 H26 C32 Br2 N8 O6,76,76,872.107,P-1,2,triclinic,6,Br C Fe H N O,True
7126312,H8C11N3,H32 C44 N12,88,88,892.6442,P2_1/c,14,monoclinic,3,C H N,True
7126450,BH16C23SNF10,B2 H32 C46 S2 N2 F20,104,104,1071.7599,P2_1,4,monoclinic,6,B C F H N S,True
7126511,AsH11C16N2O,As2 H22 C32 N4 O2,62,62,663.5897,P-1,2,triclinic,5,As C H N O,True
7126539,B10H17C9N,B40 H68 C36 N4,148,148,1482.1957,P-1,2,triclinic,4,B C H N,True
7126615,H9C6N3O2,H36 C24 N12 O8,80,80,744.5751,P2_12_12_1,19,orthorhombic,4,C H N O,True
7126623,BH25C21NO3F,B2 H50 C42 N2 O6 F2,104,104,1013.9593,P-1,2,triclinic,6,B C F H N O,True
7126710,H12C16O3,H48 C64 O12,124,124,1237.8921,P-1,2,triclinic,3,C H O,True
7126770,H13C18SeSO3F2,H26 C36 Se2 S2 O6 F4,76,76,868.4971,P-1,2,triclinic,6,C F H O S Se,True
7126858,CuH2C5N3O,Cu4 H8 C20 N12 O4,48,48,522.2086,Pbcm,57,orthorhombic,5,C Cu H N O,True
7126912,H16C19NClO4,H32 C38 N2 Cl2 O8,82,82,842.0935,P-1,2,triclinic,5,C Cl H N O,True
7127256,H9C16NOF4,H36 C64 N4 O4 F16,124,124,1346.1071,P2_1/c,14,monoclinic,5,C F H N O,True
7127335,H18C16BrNO4,H36 C32 Br2 N2 O8,80,80,886.4064,P2_1,4,monoclinic,5,Br C H N O,True
7127339,H23C29SNO,H46 C58 S2 N2 O2,110,110,1130.4681,P2_1,4,monoclinic,5,C H N O S,True
7127371,ZnBH39C24BrN5,Zn2 B2 H78 C48 Br2 N10,142,142,1320.4126,P-1,2,triclinic,6,B Br C H N Zn,True
7127529,H3Pb(C2O)4,H12 Pb4 C32 O16,64,32,723.5548,C2/m,12,monoclinic,4,C H O Pb,True
7127537,H21C29SNO2,H42 C58 S2 N2 O4,108,108,1072.4264,P-1,2,triclinic,5,C H N O S,True
7127591,BH17C17N2ClO2F,B3 H51 C51 N6 Cl3 O6 F3,123,123,1221.4213,P3_2,145,trigonal,7,B C Cl F H N O,True
7127795,H14C15SO2,H28 C30 S2 O4,64,64,621.6878,P2_1,4,monoclinic,4,C H O S,True
7127832,H22C29S2NClO2,H44 C58 S4 N2 Cl2 O4,114,114,1279.517,P2_1,4,monoclinic,6,C Cl H N O S,True
7127874,B10H17C8SN,B40 H68 C32 S4 N4,148,148,1462.1522,P2_1/c,14,monoclinic,5,B C H N S,True
7128151,H12C4NCl3F4,H48 C16 N4 Cl12 F16,96,96,1107.6894,Pna2_1,33,orthorhombic,5,C Cl F H N,True
7128179,H5C6ICl2,H20 C24 I4 Cl8,56,56,787.6458,P2_1/c,14,monoclinic,4,C Cl H I,True
7128200,H19C16NO,H76 C64 N4 O4,148,148,1329.1206,P2_1,4,monoclinic,4,C H N O,True
7128405,H19C17NO4,H38 C34 N2 O8,82,82,753.2561,P2_1,4,monoclinic,4,C H N O,True
7128452,H12C11O7,H48 C44 O28,120,120,1135.4669,P2_1/c,14,monoclinic,3,C H O,True
7128524,H15C20N,H60 C80 N4,144,144,1459.1415,Pca2_1,29,orthorhombic,3,C H N,True
7128624,H15C16(NO)3,H30 C32 N6 O6,74,74,711.7735,P2_1,4,monoclinic,4,C H N O,True
7128641,PH37IrC35,P2 H74 Ir2 C70,148,148,1449.1386,P-1,2,triclinic,4,C H Ir P,True
7128785,BAsH31WC30N7O2,B2 As2 H62 W2 C60 N14 O4,146,146,1497.8092,P-1,2,triclinic,7,As B C H N O W,True
7128799,BH9C10(OF)2,B4 H36 C40 O8 F8,96,96,976.1884,Pnma,62,orthorhombic,5,B C F H O,True
7128858,H18C22N2Cl3O4F,H36 C44 N4 Cl6 O8 F2,100,100,1071.8159,P2_1,4,monoclinic,6,C Cl F H N O,True
7128973,H27C23NO7,H54 C46 N2 O14,116,116,1037.5208,P-1,2,triclinic,4,C H N O,True
7129016,Na2MnH26C12N12O13,Na4 Mn2 H52 C24 N24 O26,132,132,1200.9341,P-1,2,triclinic,6,C H Mn N Na O,True
7129153,H19C21Br(NO)2,H38 C42 Br2 N4 O4,90,90,973.8083,P-1,2,triclinic,5,Br C H N O,True
7129185,H25C21SN2ClO3,H50 C42 S2 N4 Cl2 O6,106,106,1051.5801,P2_1,4,monoclinic,6,C Cl H N O S,True
7129213,H10C13SNCl(OF)2,H40 C52 S4 N4 Cl4 O8 F8,120,120,1357.0601,Pca2_1,29,orthorhombic,7,C Cl F H N O S,True
7129222,H16PdC14N6(ClO)2,H32 Pd2 C28 N12 Cl4 O4,82,82,884.6401,P-1,2,triclinic,6,C Cl H N O Pd,True
7129524,H23C23S2N3,H46 C46 S4 N6,102,102,1017.4967,P-1,2,triclinic,4,C H N S,True
7129689,H22(C6O)3,H44 C36 O6,86,86,777.2498,P-1,2,triclinic,3,C H O,True
7129786,PH31C41,P2 H62 C82,146,146,1460.5074,P-1,2,triclinic,3,C H P,True
7129817,ZnSiH24C29S2N2O,Zn2 Si2 H48 C58 S4 N4 O2,120,120,1363.2789,P-1,2,triclinic,7,C H N O S Si Zn,True
7129834,H33C32ClO4,H66 C64 Cl2 O8,140,140,1414.739,P-1,2,triclinic,4,C Cl H O,True
7129898,CoBH8(C4O)4,Co4 B4 H32 C64 O16,120,120,1417.433,P-1,2,triclinic,5,B C Co H O,True
7130179,TeH24C33N4Cl2O3,Te2 H48 C66 N8 Cl4 O6,134,134,1399.9762,P-1,2,triclinic,6,C Cl H N O Te,True
7130196,Na12Fe3S6(O3F)8,Na12 Fe3 S6 O24 F8,53,53,669.1837,P-1,2,triclinic,5,F Fe Na O S,False
7130270,PH14RuC13ClF6,P2 H28 Ru2 C26 Cl2 F12,72,72,756.6976,P2_1,4,monoclinic,6,C Cl F H P Ru,True
7130380,BH31C20SN3(OF)3,B2 H62 C40 S2 N6 O6 F6,124,124,1098.0701,P-1,2,triclinic,7,B C F H N O S,True
7130450,H26C27Br2O,H52 C54 Br4 O2,112,112,1152.2508,P-1,2,triclinic,4,Br C H O,True
7130518,BPH36C22BrN,B2 P2 H72 C44 Br2 N2,124,124,1138.9278,P-1,2,triclinic,6,B Br C H N P,True
7130712,H13C11S2O4F,H52 C44 S8 O16 F4,124,124,1343.3661,P-1,2,triclinic,5,C F H O S,True
7130848,ZnH23C25NO4,Zn2 H46 C50 N2 O8,108,108,1044.6439,P-1,2,triclinic,5,C H N O Zn,True
7130915,H8C9SNClO,H32 C36 S4 N4 Cl4 O4,84,84,919.0258,P2_1/c,14,monoclinic,6,C Cl H N O S,True
7131048,H14C11(BrO2)2,H56 C44 Br8 O16,124,124,1349.675,P2_1/c,14,monoclinic,4,Br C H O,True
7131120,PH6CI,P2 H12 C2 I2,18,18,249.3466,P2_1/m,11,monoclinic,4,C H I P,True
7131160,H24C19NO2F,H48 C38 N2 O4 F2,94,94,880.2154,P-1,2,triclinic,5,C F H N O,True
7131328,AgH3C5NF9,Ag4 H12 C20 N4 F36,76,76,951.5881,P2_1/c,14,monoclinic,5,Ag C F H N,True
7131638,H21C25SN2ClO3,H42 C50 S2 N4 Cl2 O6,106,106,1121.6677,P-1,2,triclinic,6,C Cl H N O S,True
7131688,H7C15SeBrO2,H28 C60 Se4 Br4 O8,104,104,1236.2566,P2_1/c,14,monoclinic,5,Br C H O Se,True
7131780,H12C17O2,H24 C34 O4,62,31,618.8748,C2,5,monoclinic,3,C H O,True
7131872,H14C23(NCl)2,H28 C46 N4 Cl4,82,82,916.2696,P-1,2,triclinic,4,C Cl H N,True
7131941,MnH16C6(NCl2)2,Mn2 H32 C12 N4 Cl8,58,58,617.9605,P2_1/m,11,monoclinic,5,C Cl H Mn N,True
7131956,HC23S2(O2F7)3,H2 C46 S4 O12 F42,106,106,1443.9926,P2_12_12,18,orthorhombic,5,C F H O S,True
7132055,H5C4N7O5,H10 C8 N14 O10,42,42,405.7883,Pc,7,monoclinic,4,C H N O,True
7132117,H18C21BrNO4,H36 C42 Br2 N2 O8,90,90,919.3449,P-1,2,triclinic,5,Br C H N O,True
7132178,H5C2NO2,H20 C8 N4 O8,40,40,309.783,P2_1/c,14,monoclinic,4,C H N O,True
7132367,CoH23C19SN2(OF2)3,Co2 H46 C38 S2 N4 O6 F12,110,110,1122.8453,Pmn2_1,31,orthorhombic,7,C Co F H N O S,True
7132369,SiH26C17O5,Si2 H52 C34 O10,98,98,872.7621,P-1,2,triclinic,4,C H O Si,True
7132590,H21C24S(NO)3,H42 C48 S2 N6 O6,104,104,1051.5206,P-1,2,triclinic,5,C H N O S,True
7132734,H15C18BrO3,H30 C36 Br2 O6,74,74,776.9066,P2_1,4,monoclinic,4,Br C H O,True
7132959,H14C17NOF,H56 C68 N4 O4 F4,136,136,1298.5236,Pna2_1,33,orthorhombic,5,C F H N O,True
7133287,CoH22C30S4(N2O)6,Co1 H22 C30 S4 N12 O6,75,75,851.1843,P-1,2,triclinic,6,C Co H N O S,True
7133337,H28C37(N2O)2,H56 C74 N8 O4,142,142,1459.0255,P-1,2,triclinic,4,C H N O,True
7133373,PH26PdC31N2OF,P2 H52 Pd2 C62 N4 O2 F2,126,126,1272.2051,P-1,2,triclinic,7,C F H N O P Pd,True
7133438,H15C18NO3,H60 C72 N4 O12,148,148,1493.9173,P-1,2,triclinic,4,C H N O,True
7133439,H15C22N2F,H30 C44 N4 F2,80,80,850.0011,P-1,2,triclinic,4,C F H N,True
7133561,H18C16NO3F,H36 C32 N2 O6 F2,78,78,765.7266,P2_1,4,monoclinic,5,C F H N O,True
7133640,H20RuC24N4(ClO2)2,H40 Ru2 C48 N8 Cl4 O8,110,110,1191.463,Pnnn,48,orthorhombic,6,C Cl H N O Ru,True
7133693,H11C9N5,H44 C36 N20,100,100,947.2391,P2_1/c,14,monoclinic,3,C H N,True
7133741,H27C31SBr(NO)2,H54 C62 S2 Br2 N4 O4,128,128,1334.367,P-1,2,triclinic,6,Br C H N O S,True
7133802,Ba3Ge(Se2F)2,Ba12 Ge4 Se16 F8,40,40,1093.042,P2_1/c,14,monoclinic,4,Ba F Ge Se,False
7133833,H23C23N3O2,H46 C46 N6 O4,102,102,1004.0416,P-1,2,triclinic,4,C H N O,True
7133917,H6C7(NO2)2,H24 C28 N8 O16,76,76,767.694,P2_1/c,14,monoclinic,4,C H N O,True
7133918,H6C7(NO2)2,H24 C28 N8 O16,76,76,772.2012,P2_1/c,14,monoclinic,4,C H N O,True
7134156,H11C10NO4,H44 C40 N4 O16,104,104,974.9479,P2_1/c,14,monoclinic,4,C H N O,True
7134273,H8C5SNO2F3,H32 C20 S4 N4 O8 F12,80,80,827.5945,P2_1/c,14,monoclinic,6,C F H N O S,True
7134368,PH35C22N,P2 H70 C44 N2,118,118,1028.4798,P-1,2,triclinic,4,C H N P,True
7134480,H14C15O2,H56 C60 O8,124,124,1166.4513,P2_1,4,monoclinic,3,C H O,True
7134496,SiH32C22O,Si2 H64 C44 O2,112,112,987.4846,P2_1,4,monoclinic,4,C H O Si,True
7134702,H9C13N3O2,H36 C52 N12 O8,108,108,1104.2215,P-1,2,triclinic,4,C H N O,True
7134841,H19C24S(NO)3,H38 C48 S2 N6 O6,100,100,1011.5084,P2_1,4,monoclinic,5,C H N O S,True
7134848,KH28C18(N2O3)2,K1 H28 C18 N4 O6,57,57,526.695,P-1,2,triclinic,5,C H K N O,True
7134904,PH13C17,P4 H52 C68,124,62,1307.0432,Cmc2_1,36,orthorhombic,3,C H P,True
7135094,BH13C27SN2OF10,B2 H26 C54 S2 N4 O2 F20,110,110,1205.038,P-1,2,triclinic,7,B C F H N O S,True
7135113,H9C14S2NO,H36 C56 S8 N4 O4,108,108,1224.0082,Pc,7,monoclinic,5,C H N O S,True
7135739,PH15C19OF2,P2 H30 C38 O2 F4,76,76,802.3039,P-1,2,triclinic,5,C F H O P,True
7135804,H10C13NO,H40 C52 N4 O4,100,100,1005.0119,P-1,2,triclinic,4,C H N O,True
7135851,H15C12N5O6,H30 C24 N10 O12,76,76,700.3934,P-1,2,triclinic,4,C H N O,True
7150050,H4C7NO,H16 C28 N4 O4,52,52,532.5443,P2_1/c,14,monoclinic,4,C H N O,True
7150070,H16C13S5,H32 C26 S10,68,68,740.3104,P2_1,4,monoclinic,3,C H S,True
7150079,H10C11(NO3)2,H40 C44 N8 O24,116,116,1185.6049,Pna2_1,33,orthorhombic,4,C H N O,True
7150142,H37C25S2(NO2)2,H74 C50 S4 N4 O8,140,140,1260.8796,P-1,2,triclinic,5,C H N O S,True
7150224,H28C14N3Cl3O13,H56 C28 N6 Cl6 O26,122,122,1119.4772,P-1,2,triclinic,5,C Cl H N O,True
7150261,H14C13SNClO7,H28 C26 S2 N2 Cl2 O14,74,74,797.8528,P-1,2,triclinic,6,C Cl H N O S,True
7150317,H17C10N3O,H68 C40 N12 O4,124,124,1102.8527,P2_1/c,14,monoclinic,4,C H N O,True
7150328,H18C13(N2O)2,H72 C52 N16 O8,148,148,1384.2544,P2_1/c,14,monoclinic,4,C H N O,True
7150380,H23C18NO6,H46 C36 N2 O12,96,96,884.2568,P-1,2,triclinic,4,C H N O,True
7150390,H11C19NO3,H44 C76 N4 O12,136,136,1377.6954,P2_1/c,14,monoclinic,4,C H N O,True
7150415,H20C10N2O3,H40 C20 N4 O6,70,70,654.5459,P1,1,triclinic,4,C H N O,True
7150422,H12C10SN4,H48 C40 S4 N16,108,108,1024.3716,P2_1/c,14,monoclinic,4,C H N S,True
7150481,H6C5(NO)2,H24 C20 N8 O8,60,60,542.5624,P-1,2,triclinic,4,C H N O,True
7150651,H14C13N2O3,H56 C52 N8 O12,128,128,1260.4881,P2_1/c,14,monoclinic,4,C H N O,True
7150689,H37C30SNO5,H74 C60 S2 N2 O10,148,148,1358.5876,P2_1,4,monoclinic,5,C H N O S,True
7150798,H37C24NO2,H74 C48 N2 O4,128,128,1102.4618,P-1,2,triclinic,4,C H N O,True
7150808,H15C9S(NO2)2,H30 C18 S2 N4 O8,62,62,575.5757,P-1,2,triclinic,5,C H N O S,True
7150828,H22OsC20N4O13,H44 Os2 C40 N8 O26,120,120,1213.2139,P2_1,4,monoclinic,5,C H N O Os,True
7150862,BH25C19N2(OF)2,B2 H50 C38 N4 O4 F4,102,102,910.1993,Pc,7,monoclinic,6,B C F H N O,True
7150900,Si2H36C30NClO,Si4 H72 C60 N2 Cl2 O2,142,142,1472.9685,P-1,2,triclinic,6,C Cl H N O Si,True
7150902,Si2H39C31NO,Si4 H78 C62 N2 O2,148,148,1478.4162,P-1,2,triclinic,5,C H N O Si,True
7150944,H9C18N3Cl2O3,H18 C36 N6 Cl4 O6,70,70,809.0031,P-1,2,triclinic,5,C Cl H N O,True
7150957,H16C11O2,H32 C22 O4,58,58,498.1501,P2_1,4,monoclinic,3,C H O,True
7151045,H11C10ClO,H44 C40 Cl4 O4,92,92,917.6786,P2_12_12_1,19,orthorhombic,4,C Cl H O,True
7151138,BH27C21N3(O3F2)2,B2 H54 C42 N6 O12 F8,124,124,1138.9286,P-1,2,triclinic,6,B C F H N O,True
7151151,H27C21SN2Cl3O5,H54 C42 S2 N4 Cl6 O10,118,118,1253.1927,P-1,2,triclinic,6,C Cl H N O S,True
7151184,H16C12SBrNO4,H64 C48 S4 Br4 N4 O16,140,140,1402.1325,P2_12_12_1,19,orthorhombic,6,Br C H N O S,True
7151187,H7C7SO3,H56 C56 S8 O24,144,144,1493.0109,P2_1/c,14,monoclinic,4,C H O S,True
7151236,H25C21NO7,H50 C42 N2 O14,108,108,1047.8893,P2_1,4,monoclinic,4,C H N O,True
7151385,H12C15SN2O,H48 C60 S4 N8 O4,124,124,1292.6454,P2_1/c,14,monoclinic,5,C H N O S,True
7151413,H24C15SO4,H48 C30 S2 O8,88,88,796.246,P2_1,4,monoclinic,4,C H O S,True
7151465,H11C14NO4,H44 C56 N4 O16,120,120,1232.4037,P-1,2,triclinic,4,C H N O,True
7151520,FeH18C14N,Fe4 H72 C56 N4,136,136,1199.2792,P-1,2,triclinic,4,C Fe H N,True
7151637,H7C9SNO,H28 C36 S4 N4 O4,76,76,824.4318,P2_1/c,14,monoclinic,5,C H N O S,True
7151684,H12C16N2O3,H48 C64 N8 O12,132,132,1315.0168,P2_12_12_1,19,orthorhombic,4,C H N O,True
7151685,H11C16BrN2O3,H22 C32 Br2 N4 O6,66,66,701.6535,P-1,2,triclinic,5,Br C H N O,True
7151700,H3C7BrN4,H12 C28 Br4 N16,60,60,817.4292,P-1,2,triclinic,4,Br C H N,True
7151717,H9C17IO3,H36 C68 I4 O12,120,120,1406.2083,P2_1/c,14,monoclinic,4,C H I O,True
7151723,H14C18O,H56 C72 O4,132,132,1213.1554,P2_1/c,14,monoclinic,3,C H O,True
7151725,Si(H4C5)4,Si4 H64 C80,148,148,1480.9309,P2_12_12_1,19,orthorhombic,3,C H Si,True
7151730,H11C8INCl3O2,H44 C32 I4 N4 Cl12 O8,104,104,1282.7319,P2_1,4,monoclinic,6,C Cl H I N O,True
7151745,H13C11S(NO3)3,H26 C22 S2 N6 O18,74,74,746.9868,P-1,2,triclinic,5,C H N O S,True
7151832,H14C14N4O7,H28 C28 N8 O14,78,78,770.7781,P2_1,4,monoclinic,4,C H N O,True
7151851,H13(C4N)3,H52 C48 N12,112,112,1110.0769,P-1,2,triclinic,3,C H N,True
7151888,H7C8N3,H28 C32 N12,72,72,704.7826,P2_1/c,14,monoclinic,3,C H N,True
7151894,H17C22BrO6,H34 C44 Br2 O12,92,92,953.8305,P1,1,triclinic,4,Br C H O,True
7151910,H11C14NO2,H44 C56 N4 O8,112,112,1044.8482,Pna2_1,33,orthorhombic,4,C H N O,True
7151950,H12C9(NO)2,H48 C36 N8 O8,100,100,917.6424,P2_1,4,monoclinic,4,C H N O,True
7152122,H7C6O3F,H28 C24 O12 F4,68,68,597.783,P2_1,4,monoclinic,4,C F H O,True
7152130,H7C6O3F,H7 C6 O3 F1,17,17,142.6405,P1,1,triclinic,4,C F H O,True
7152134,H15C16N3O,H60 C64 N12 O4,140,140,1392.8934,P2_1/c,14,monoclinic,4,C H N O,True
7152179,H12C7SN2,H48 C28 S4 N8,88,88,834.9434,P2_1/c,14,monoclinic,4,C H N S,True
7152325,FeSiPH30C23NO2,Fe2 Si2 P2 H60 C46 N2 O4,118,118,1130.6649,P2_1,4,monoclinic,7,C Fe H N O P Si,True
7152371,SnH12Pd(C2Cl)4,Sn4 H48 Pd4 C32 Cl16,104,104,1357.0572,P2_1/c,14,monoclinic,5,C Cl H Pd Sn,True
7152397,H7C9I2N3O,H28 C36 I8 N12 O4,88,88,1133.9776,P-1,2,triclinic,5,C H I N O,True
7152399,H8C9IN3,H32 C36 I4 N12,84,84,999.7794,P2_1/c,14,monoclinic,4,C H I N,True
7152538,H22C27(NO)2,H44 C54 N4 O4,106,106,1078.0874,P2_1,4,monoclinic,4,C H N O,True
7152610,H18C19O3,H36 C38 O6,80,80,762.9393,P-1,2,triclinic,3,C H O,True
7152751,H20C23N2O5,H40 C46 N4 O10,100,100,1022.8515,P-1,2,triclinic,4,C H N O,True
7152756,H26C37N3ClO3,H52 C74 N6 Cl2 O6,140,140,1469.6334,P-1,2,triclinic,5,C Cl H N O,True
7152900,H15C10NO3,H60 C40 N4 O12,116,116,984.2032,P2_1/c,14,monoclinic,4,C H N O,True
7152922,H11C15NO,H44 C60 N4 O4,112,112,1077.4987,P2_1/c,14,monoclinic,4,C H N O,True
7152938,H7C7BrN2,H56 C56 Br8 N16,136,68,1445.2608,C2/c,15,monoclinic,4,Br C H N,True
7152967,H14C11NClO3,H56 C44 N4 Cl4 O12,120,120,1144.8289,P2_1,4,monoclinic,5,C Cl H N O,True
7153114,H17C19(NO)3,H34 C38 N6 O6,84,84,826.262,P-1,2,triclinic,4,C H N O,True
7153115,H27C23Br(NO3)2,H54 C46 Br2 N4 O12,118,118,1147.446,P-1,2,triclinic,5,Br C H N O,True
7153203,H20C20Br(NO)3,H40 C40 Br2 N6 O6,94,94,994.5544,P2_1,4,monoclinic,5,Br C H N O,True
7153207,H26C23BrN3O4,H52 C46 Br2 N6 O8,114,114,1207.2641,P2_1,4,monoclinic,5,Br C H N O,True
7153331,H19C20SNO5,H38 C40 S2 N2 O10,92,92,968.0092,P-1,2,triclinic,5,C H N O S,True
7153365,H13C16N2(OF)3,H26 C32 N4 O6 F6,74,74,711.4244,P-1,2,triclinic,5,C F H N O,True
7153451,H27C30NO2,H54 C60 N2 O4,120,120,1119.3867,P-1,2,triclinic,4,C H N O,True
7153474,H12C18BrN5O,H24 C36 Br2 N10 O2,74,74,766.765,P-1,2,triclinic,5,Br C H N O,True
7153508,SiH33C24NO7,Si2 H66 C48 N2 O14,132,132,1252.1127,P-1,2,triclinic,5,C H N O Si,True
7153528,H20C24SN2O,H40 C48 S2 N4 O2,96,96,970.4492,P-1,2,triclinic,5,C H N O S,True
7153559,H33C30(N2O)2,H66 C60 N8 O4,138,138,1352.4647,P2_1,4,monoclinic,4,C H N O,True
7153627,H10C13IN3O,H40 C52 I4 N12 O4,112,112,1234.089,P2_1/c,14,monoclinic,5,C H I N O,True
7153631,H6C12I2N3Cl,H12 C24 I4 N6 Cl2,48,48,662.9362,P-1,2,triclinic,5,C Cl H I N,True
7153706,H30C23IN3O4,H60 C46 I2 N6 O8,122,122,1223.9926,P-1,2,triclinic,5,C H I N O,True
7153764,H10C9BrN,H40 C36 Br4 N4,84,84,866.6575,P-1,2,triclinic,4,Br C H N,True
7153843,H15C16N3O2,H60 C64 N12 O8,144,144,1361.0932,P2_1/c,14,monoclinic,4,C H N O,True
7153848,H4C5NO,H32 C40 N8 O8,88,88,923.9644,P2_12_12_1,19,orthorhombic,4,C H N O,True
7153892,H14C9N2(ClO)2,H56 C36 N8 Cl8 O8,116,116,1236.6515,P2_1/c,14,monoclinic,5,C Cl H N O,True
7154079,Si(H8C7)3,Si2 H48 C42,92,92,898.8442,P-1,2,triclinic,3,C H Si,True
7154153,PH37C22O3,P2 H74 C44 O6,126,126,1108.7136,P1,1,triclinic,4,C H O P,True
7154269,H22C26N2O3,H44 C52 N4 O6,106,106,1052.7795,P-1,2,triclinic,4,C H N O,True
7154320,H16C14SBrNO4,H32 C28 S2 Br2 N2 O8,74,74,764.6915,P2_1,4,monoclinic,6,Br C H N O S,True
7154352,H8C10N3ClO4,H16 C20 N6 Cl2 O8,52,52,553.9321,P-1,2,triclinic,5,C Cl H N O,True
7154383,H18C22NCl,H36 C44 N2 Cl2,84,84,849.8539,P-1,2,triclinic,4,C Cl H N,True
7154417,H17C21Br2N3O5,H34 C42 Br4 N6 O10,96,96,1045.3113,P-1,2,triclinic,5,Br C H N O,True
7154435,H14C17N2O3,H56 C68 N8 O12,144,144,1489.3312,P2_1/c,14,monoclinic,4,C H N O,True
7154459,H15C10NO6,H30 C20 N2 O12,64,64,579.9181,P2_1,4,monoclinic,4,C H N O,True
7154535,H29C22NO5,H58 C44 N2 O10,114,114,1056.6562,P1,1,triclinic,4,C H N O,True
7154561,H15C17BrN2O,H30 C34 Br2 N4 O2,72,72,771.4698,P-1,2,triclinic,5,Br C H N O,True
7154567,H5C5S2NO,H40 C40 S16 N8 O8,112,112,1303.2581,Pbca,61,orthorhombic,5,C H N O S,True
7154571,H5C6S3NO2,H20 C24 S12 N4 O8,68,68,841.3631,P2_1/c,14,monoclinic,5,C H N O S,True
7154601,H27C25SNO3,H54 C50 S2 N2 O6,114,114,1096.0055,P2_1,4,monoclinic,5,C H N O S,True
7154629,PH15C19N3O5F,P2 H30 C38 N6 O10 F2,88,88,934.6567,P-1,2,triclinic,6,C F H N O P,True
7154682,H5C5SN5,H20 C20 S4 N20,64,64,693.4467,Pna2_1,33,orthorhombic,4,C H N S,True
7154792,H25C21NO2,H50 C42 N2 O4,98,98,887.2023,P2_1,4,monoclinic,4,C H N O,True
7154825,H12C8OF4,H48 C32 O4 F16,100,100,846.0366,P2_1/c,14,monoclinic,4,C F H O,True
7154879,SiH21C20ClO2,Si2 H42 C40 Cl2 O4,90,90,951.531,P-1,2,triclinic,5,C Cl H O Si,True
7154891,H15C12SNO3,H60 C48 S4 N4 O12,128,128,1221.5522,P2_1,4,monoclinic,5,C H N O S,True
7154894,H12C11O3,H48 C44 O12,104,104,1024.9171,P2_12_12_1,19,orthorhombic,3,C H O,True
7154908,H11C11NO3,H44 C44 N4 O12,104,104,1018.2001,P-1,2,triclinic,4,C H N O,True
7154915,H13C15SN2Cl,H26 C30 S2 N4 Cl2,64,64,681.4001,P-1,2,triclinic,5,C Cl H N S,True
7154917,H11C14S2BrO,H44 C56 S8 Br4 O4,116,116,1352.9261,P2_12_12_1,19,orthorhombic,5,Br C H O S,True
7154919,H27C16(NO2)3,H54 C32 N6 O12,104,104,982.3857,P-1,2,triclinic,4,C H N O,True
7154989,BH20C21N,B2 H40 C42 N2,86,86,842.0887,P2_1,4,monoclinic,4,B C H N,True
7154997,H26C19O4,H52 C38 O8,98,98,822.4676,P2_1,4,monoclinic,3,C H O,True
7155090,H14C13N4O5,H56 C52 N16 O20,144,144,1379.7991,P2_12_12_1,19,orthorhombic,4,C H N O,True
7155095,Si2H30C23SNClO2,Si4 H60 C46 S2 N2 Cl2 O4,120,120,1276.2962,P-1,2,triclinic,7,C Cl H N O S Si,True
7155123,H16C18SO,H64 C72 S4 O4,144,144,1459.6992,P2_12_12_1,19,orthorhombic,4,C H O S,True
7155174,H23C24N,H46 C48 N2,96,96,884.8214,P-1,2,triclinic,3,C H N,True
7155205,H26C32SO12,H52 C64 S2 O24,142,142,1480.492,P-1,2,triclinic,4,C H O S,True
7155208,H3C7BrNO3F,H6 C14 Br2 N2 O6 F2,32,32,399.2747,P2_1,4,monoclinic,6,Br C F H N O,True
7155219,H10C9BrClO,H40 C36 Br4 Cl4 O4,88,88,990.8537,P2_12_12_1,19,orthorhombic,5,Br C Cl H O,True
7155280,H9C13NO5,H36 C52 N4 O20,112,112,1215.1739,P2_1/c,14,monoclinic,4,C H N O,True
7155283,H11C15BrO2,H22 C30 Br2 O4,58,58,612.7503,P-1,2,triclinic,4,Br C H O,True
7155284,B2H22C28S2N4(OF2)3,B4 H44 C56 S4 N8 O6 F12,134,134,1442.4071,P-1,2,triclinic,7,B C F H N O S,True
7155334,H8C12N3F,H32 C48 N12 F4,96,96,1010.6364,P2_12_12_1,19,orthorhombic,4,C F H N,True
7155354,H28C21O2,H56 C42 O4,102,102,866.2664,P-1,2,triclinic,3,C H O,True
7155372,FeCu2PH8(O2F)4,Fe4 Cu8 P4 H32 O32 F16,96,48,900.0956,C2/c,15,monoclinic,6,Cu F Fe H O P,False
7155481,H22C25S(NO)2,H44 C50 S2 N4 O4,104,104,1028.7495,P-1,2,triclinic,5,C H N O S,True
7155486,H14C18NClO3,H28 C36 N2 Cl2 O6,74,74,763.886,P2_1,4,monoclinic,5,C Cl H N O,True
7155496,H9C14N2Cl,H18 C28 N4 Cl2,52,52,552.2213,P2_1,4,monoclinic,4,C Cl H N,True
7155503,H23C20NO3,H46 C40 N2 O6,94,94,913.7796,P-1,2,triclinic,4,C H N O,True
7155510,H15C10O,H60 C40 O4,104,104,921.4882,P2_1,4,monoclinic,3,C H O,True
7155663,H26C24S2N2O7,H52 C48 S4 N4 O14,122,122,1207.9504,P-1,2,triclinic,5,C H N O S,True
7155689,H19C27BrN2(ClO2)2,H38 C54 Br2 N4 Cl4 O8,110,110,1277.6709,P2_1,4,monoclinic,6,Br C Cl H N O,True
7155710,H12C13N3OF3,H48 C52 N12 O4 F12,128,128,1334.0509,P2_1/c,14,monoclinic,5,C F H N O,True
7155802,H15C19S2(OF)3,H30 C38 S4 O6 F6,84,84,958.6542,P-1,2,triclinic,5,C F H O S,True
7155835,H23C21N3O7,H46 C42 N6 O14,108,108,1059.7877,P-1,2,triclinic,4,C H N O,True
7155959,H14C12N6O,H28 C24 N12 O2,66,66,614.085,P-1,2,triclinic,4,C H N O,True
7155989,H28C36S,H56 C72 S2,130,130,1375.4532,P-1,2,triclinic,3,C H S,True
7156092,H14C16N,H56 C64 N4,124,124,1406.5658,P-1,2,triclinic,3,C H N,True
7156169,H15C15NO2,H60 C60 N4 O8,132,132,1245.9862,P-1,2,triclinic,4,C H N O,True
7156175,H21C24SClO7,H42 C48 S2 Cl2 O14,108,108,1245.1593,P-1,2,triclinic,5,C Cl H O S,True
7156183,H9C10IN2,H36 C40 I4 N8,88,88,1047.238,P2_12_12_1,19,orthorhombic,4,C H I N,True
7156250,H31C38NO4,H62 C76 N2 O8,148,148,1485.3937,P-1,2,triclinic,4,C H N O,True
7156273,H15C15NO4,H60 C60 N4 O16,140,140,1336.7191,P2_1,4,monoclinic,4,C H N O,True
7156274,H24C26SN2O5,H48 C52 S2 N4 O10,116,116,1141.3521,P-1,2,triclinic,5,C H N O S,True
7156541,H19C24NO3,H38 C48 N2 O6,94,94,951.8416,P-1,2,triclinic,4,C H N O,True
7156565,H7C9O2,H56 C72 O16,144,144,1407.9431,P2_1/c,14,monoclinic,3,C H O,True
7156588,H36C25O4,H72 C50 O8,130,130,1135.2723,P2_1,4,monoclinic,3,C H O,True
7156694,H20C21N2O7,H40 C42 N4 O14,100,100,1023.67,P2_1,4,monoclinic,4,C H N O,True
7156782,H15C18N3O,H30 C36 N6 O2,74,74,768.4368,P-1,2,triclinic,4,C H N O,True
7156817,H21C22N2OF,H42 C44 N4 O2 F2,94,94,909.7608,P-1,2,triclinic,5,C F H N O,True
7156835,H10C10NO2F3,H40 C40 N4 O8 F12,104,104,1008.1873,P2_1,4,monoclinic,5,C F H N O,True
7156877,H11C15NO3,H44 C60 N4 O12,120,120,1220.3499,Pca2_1,29,orthorhombic,4,C H N O,True
7156995,H16C18Br2N2O3,H32 C36 Br4 N4 O6,82,82,920.5078,P-1,2,triclinic,5,Br C H N O,True
7157171,H21C26NClO5,H42 C52 N2 Cl2 O10,108,108,1085.3126,P-1,2,triclinic,5,C Cl H N O,True
7157312,H17C21NO2,H34 C42 N2 O4,82,82,813.056,P-1,2,triclinic,4,C H N O,True
7157380,BH13C18N4(OF)2,B2 H26 C36 N8 O4 F4,80,80,783.9825,P-1,2,triclinic,6,B C F H N O,True
7157381,H30C19O3,H60 C38 O6,104,104,802.8063,P2_1,4,monoclinic,3,C H O,True
7157470,H10C14BrNO2,H40 C56 Br4 N4 O8,112,112,1145.0505,P2_1/c,14,monoclinic,5,Br C H N O,True
7157720,H16C17(NO)2,H64 C68 N8 O8,148,148,1495.0038,P2_1/c,14,monoclinic,4,C H N O,True
7157723,H40C23N2O,H80 C46 N4 O2,132,132,1108.8602,P-1,2,triclinic,4,C H N O,True
7157775,SiH34C23NClO2,Si2 H68 C46 N2 Cl2 O4,124,124,1168.9721,P2_1,4,monoclinic,6,C Cl H N O Si,True
7157813,H4C7BrN,H16 C28 Br4 N4,52,52,658.9465,P2_1/c,14,monoclinic,4,Br C H N,True
7157835,H15C15NO2,H60 C60 N4 O8,132,132,1200.8454,P2_1,4,monoclinic,4,C H N O,True
7157901,H14C13NO5F,H56 C52 N4 O20 F4,136,136,1264.6772,P2_12_12_1,19,orthorhombic,5,C F H N O,True
7157905,H16C23,H32 C46,78,78,767.2844,P-1,2,triclinic,2,C H,True
7157962,H22C32S2N(OF)3,H44 C64 S4 N2 O6 F6,126,126,1378.5852,P-1,2,triclinic,6,C F H N O S,True
7158086,H21C23NO5,H42 C46 N2 O10,100,100,967.7643,P-1,2,triclinic,4,C H N O,True
7158174,H8C13BrN3O,H32 C52 Br4 N12 O4,104,104,1226.785,P2_1/c,14,monoclinic,5,Br C H N O,True
7158183,H8C13BrN3O,H16 C26 Br2 N6 O2,52,52,578.9698,P-1,2,triclinic,5,Br C H N O,True
7158187,PH25C26N2O5,P2 H50 C52 N4 O10,118,118,1159.1357,P-1,2,triclinic,5,C H N O P,True
7158203,H18C22SNClO2,H36 C44 S2 N2 Cl2 O4,90,90,969.8853,P-1,2,triclinic,6,C Cl H N O S,True
7158234,H13C10N,H52 C40 N4,96,96,854.1002,P-1,2,triclinic,3,C H N,True
7158363,H15C13O2,H60 C52 O8,120,120,1131.7195,P1,1,triclinic,3,C H O,True
7158387,H16C12N(OF)3,H32 C24 N2 O6 F6,70,70,632.8048,P-1,2,triclinic,5,C F H N O,True
7158459,H11(C5O2)2,H44 C40 O16,100,100,895.6416,P2_1,4,monoclinic,3,C H O,True
7158483,H18C21N2O3,H36 C42 N4 O6,88,88,891.9828,P-1,2,triclinic,4,C H N O,True
7158576,H14(C6O)3,H28 C36 O6,70,70,689.2595,P-1,2,triclinic,3,C H O,True
7158604,H26C16SN2O3,H78 C48 S3 N6 O9,144,144,1325.5446,P3_2,145,trigonal,5,C H N O S,True
7158620,H25C13NO5,H50 C26 N2 O10,88,88,758.1492,P2_1,4,monoclinic,4,C H N O,True
7158633,H11C14N3O,H44 C56 N12 O4,116,116,1192.7813,P2_1/c,14,monoclinic,4,C H N O,True
7158697,H29C27NO4,H58 C54 N2 O8,122,122,1204.4245,P-1,2,triclinic,4,C H N O,True
7158755,PH30C21NO4,P2 H60 C42 N2 O8,114,114,1018.5904,P-1,2,triclinic,5,C H N O P,True
7158783,H13C16BrN2O,H52 C64 Br4 N8 O4,132,132,1374.2885,P-1,2,triclinic,5,Br C H N O,True
7158820,H19C21NO4,H38 C42 N2 O8,90,90,914.121,P2_1,4,monoclinic,4,C H N O,True
7158838,H15C16NO3,H60 C64 N4 O12,140,140,1345.3081,P-1,2,triclinic,4,C H N O,True
7158940,H18C17S2O7,H36 C34 S4 O14,88,88,878.6613,P-1,2,triclinic,4,C H O S,True
7158964,H7C11N3,H28 C44 N12,84,84,883.1684,P2_1/c,14,monoclinic,3,C H N,True
7159036,H14C9NO3,H56 C36 N4 O12,108,108,1001.3965,P4_3,78,tetragonal,4,C H N O,True
7159107,H24C29SO3,H48 C58 S2 O6,114,114,1121.72,P-1,2,triclinic,4,C H O S,True
7159177,H20C23SN2O3,H40 C46 S2 N4 O6,98,98,1040.2275,P-1,2,triclinic,5,C H N O S,True
7159279,H15C10NO5,H60 C40 N4 O20,124,124,1081.6853,P2_12_12_1,19,orthorhombic,4,C H N O,True
7159287,H12C9NO3,H48 C36 N4 O12,100,100,942.8368,P2_1,4,monoclinic,4,C H N O,True
7159318,H46C38N4O3,H46 C38 N4 O3,91,91,804.4644,P1,1,triclinic,4,C H N O,True
7159378,H14C14NClO2,H56 C56 N4 Cl4 O8,128,128,1296.4665,P-1,2,triclinic,5,C Cl H N O,True
7159394,H18C21O4,H36 C42 O8,86,86,834.6699,P-1,2,triclinic,3,C H O,True
7159395,H28C36N2O3,H56 C72 N4 O6,138,138,1372.6757,P-1,2,triclinic,4,C H N O,True
7159589,H9C6NO,H36 C24 N4 O4,68,68,586.2568,P2_1,4,monoclinic,4,C H N O,True
7159698,H11C14NO2,H44 C56 N4 O8,112,112,1053.3895,P2/c,13,monoclinic,4,C H N O,True
7159740,H14C13S2(NO)2,H56 C52 S8 N8 O8,132,132,1387.1933,P2_12_12_1,19,orthorhombic,5,C H N O S,True
7159818,H24C18O7,H48 C36 O14,98,98,861.0557,P1,1,triclinic,3,C H O,True
7159827,H28C28S3(NO3)2,H56 C56 S6 N4 O12,134,134,1387.5239,P-1,2,triclinic,5,C H N O S,True
7159899,H4C6NO,H16 C24 N4 O4,48,48,463.9632,P2_1,4,monoclinic,4,C H N O,True
7159965,H20C16S2O3,H40 C32 S4 O6,82,82,838.7849,P-1,2,triclinic,4,C H O S,True
7159979,H8C11N3Cl3O2,H32 C44 N12 Cl12 O8,108,108,1275.1142,P-1,2,triclinic,5,C Cl H N O,True
7159984,H12C17S3N2,H48 C68 S12 N8,136,136,1459.5888,P2_1/c,14,monoclinic,4,C H N S,True
7159989,H16C12SN2O5,H32 C24 S2 N4 O10,72,72,700.4424,P2_1,4,monoclinic,5,C H N O S,True
7160061,H13C14SNO2,H52 C56 S4 N4 O8,124,124,1292.7667,P2_1/c,14,monoclinic,5,C H N O S,True
7160153,H10C14SN2O,H40 C56 S4 N8 O4,112,112,1204.5369,P-1,2,triclinic,5,C H N O S,True
7160388,H17C16N2(OF)3,H34 C32 N4 O6 F6,82,82,775.2958,P2_1,4,monoclinic,5,C F H N O,True
7160465,H23C22(NO)5,H46 C44 N10 O10,110,110,1053.6837,P-1,2,triclinic,4,C H N O,True
7160499,H8C12N2O5,H32 C48 N8 O20,108,54,1143.5463,Cc,9,monoclinic,4,C H N O,True
7160503,H16C21S(NO4)2,H32 C42 S2 N4 O16,96,96,985.6411,P-1,2,triclinic,5,C H N O S,True
7160512,H18C21NO6F,H36 C42 N2 O12 F2,94,94,962.9072,P-1,2,triclinic,5,C F H N O,True
7160596,H4C8NO2,H32 C64 N8 O16,120,120,1228.151,P2_1/c,14,monoclinic,4,C H N O,True
7160600,H2C2O,H48 C48 O24,120,120,1061.1723,P2_1/c,14,monoclinic,3,C H O,True
7160614,H23C29N3O2,H46 C58 N6 O4,114,114,1282.2834,P2_1,4,monoclinic,4,C H N O,True
7160639,H15C23SN2Cl2O2F,H30 C46 S2 N4 Cl4 O4 F2,92,92,1033.1349,P-1,2,triclinic,7,C Cl F H N O S,True
7160723,H28C19O3,H56 C38 O6,100,100,828.6454,P2_1,4,monoclinic,3,C H O,True
7160827,BH14C11N,B2 H28 C22 N2,54,54,498.8152,P2_1,4,monoclinic,4,B C H N,True
7160829,BH15C16NCl,B2 H30 C32 N2 Cl2,68,68,793.5763,P-1,2,triclinic,5,B C Cl H N,True
7160841,H14C17SNO2F3,H28 C34 S2 N2 O4 F6,76,76,791.0742,P-1,2,triclinic,6,C F H N O S,True
7161016,H21C27O4F3,H42 C54 O8 F6,110,110,1145.7523,P-1,2,triclinic,4,C F H O,True
7161058,H11C14BrN2O,H44 C56 Br4 N8 O4,116,116,1261.9454,P2_1/c,14,monoclinic,5,Br C H N O,True
7161155,H14C17O4,H56 C68 O16,140,140,1345.7397,P2_1/c,14,monoclinic,3,C H O,True
7161187,H15C10S3N2,H60 C40 S12 N8,120,120,1241.6854,P2_1/c,14,monoclinic,4,C H N S,True
7161207,H11(C4O)3,H44 C48 O12,104,104,1007.8236,P-1,2,triclinic,3,C H O,True
7200193,H5C7N2O,H40 C56 N16 O8,120,120,1283.4148,P2_1/c,14,monoclinic,4,C H N O,True
7200223,H11C11N3O2,H44 C44 N12 O8,108,108,1069.1323,P2_1/c,14,monoclinic,4,C H N O,True
7200343,H7C8NClO,H28 C32 N4 Cl4 O4,72,72,769.2903,P2_1/c,14,monoclinic,5,C Cl H N O,True
7200450,CuH14C7O10,Cu2 H28 C14 O20,64,64,588.3578,P-1,2,triclinic,4,C Cu H O,True
7200600,CuH40C40(N3O2)6,Cu1 H40 C40 N18 O12,111,111,1116.6313,P-1,2,triclinic,5,C Cu H N O,True
7200616,H2C3(N3O)2,H8 C12 N24 O8,52,52,585.933,P2_12_12_1,19,orthorhombic,4,C H N O,True
7200677,CIF2,C4 I4 F8,16,16,313.5876,P2_1/c,14,monoclinic,3,C F I,True
7200789,H15C18NO,H60 C72 N4 O4,140,140,1402.5204,P2_1/c,14,monoclinic,4,C H N O,True
7200957,H12C7N2O7,H48 C28 N8 O28,112,112,976.3437,P2_12_12_1,19,orthorhombic,4,C H N O,True
7201024,HgH4C6(SN2)2,Hg4 H16 C24 S8 N16,68,34,938.1613,C2/c,15,monoclinic,5,C H Hg N S,True
7201030,HgH4C3NCl2,Hg2 H8 C6 N2 Cl4,22,22,306.9528,P-1,2,triclinic,5,C Cl H Hg N,True
7201172,CuH20C14S2N5ClO5,Cu2 H40 C28 S4 N10 Cl2 O10,96,96,987.5449,P-1,2,triclinic,7,C Cl Cu H N O S,True
7201210,H6C10O3,H36 C60 O18,114,114,1175.5975,P-1,2,triclinic,3,C H O,True
7201307,CoH13C17(NO5)2,Co2 H26 C34 N4 O20,86,86,977.1276,P-1,2,triclinic,5,C Co H N O,True
7201415,H17C24N3O4,H34 C48 N6 O8,96,96,1041.8542,P-1,2,triclinic,4,C H N O,True
7201426,NaNdH22C32N3O10,Na2 Nd2 H44 C64 N6 O20,138,138,1444.7436,P-1,2,triclinic,6,C H N Na Nd O,True
7201435,UH20C20N4(Cl3O2)2,U2 H40 C40 N8 Cl12 O8,110,110,1420.0024,P2_1/c,14,monoclinic,6,C Cl H N O U,True
7201584,U3H56C28(NO12)2,U3 H56 C28 N2 O24,113,113,1039.8515,P-1,2,triclinic,5,C H N O U,True
7201623,Eu2CuH20C32(N2O17)2,Eu2 Cu1 H20 C32 N4 O34,93,93,1146.0302,P-1,2,triclinic,6,C Cu Eu H N O,True
7201671,H16C21(ClO4)2,H32 C42 Cl4 O16,94,94,992.1522,P-1,2,triclinic,4,C Cl H O,True
7201738,ZnH28C30N4O5,Zn2 H56 C60 N8 O10,136,136,1353.3975,P-1,2,triclinic,5,C H N O Zn,True
7201749,CuH16C24(NO2)2,Cu2 H32 C48 N4 O8,94,94,997.231,P2_1/c,14,monoclinic,5,C Cu H N O,True
7201836,H17C18,H68 C72,140,140,1293.0648,P2_1/c,14,monoclinic,2,C H,True
7201857,PH25AuC27SNO,P2 H50 Au2 C54 S2 N2 O2,114,114,1230.5363,P-1,2,triclinic,7,Au C H N O P S,True
7201910,H16C8NCl,H64 C32 N4 Cl4,104,104,951.2515,P2_1/c,14,monoclinic,4,C Cl H N,True
7201920,CuH34C18N2(ClO2)2,Cu2 H68 C36 N4 Cl4 O8,122,122,1114.9369,P2_1/c,14,monoclinic,6,C Cl Cu H N O,True
7201960,AgH4C4N3O2,Ag4 H16 C16 N12 O8,56,56,602.7738,Pca2_1,29,orthorhombic,5,Ag C H N O,True
7201971,H7C3NO3,H28 C12 N4 O12,56,56,430.3631,P2_12_12_1,19,orthorhombic,4,C H N O,True
7202002,NiH28C22N6Cl2O13,Ni2 H56 C44 N12 Cl4 O26,144,144,1474.5422,P-1,2,triclinic,6,C Cl H N Ni O,True
7202102,H7C9(NO)2,H28 C36 N8 O8,80,80,806.5494,P2_1/c,14,monoclinic,4,C H N O,True
7202150,H20C12N2O3,H40 C24 N4 O6,74,74,602.6726,P-1,2,triclinic,4,C H N O,True
7202289,ZnP2H12C8(NO2)4,Zn4 P8 H48 C32 N16 O32,140,140,1386.9062,Pbca,61,orthorhombic,6,C H N O P Zn,True
7202310,H19C19NO2,H38 C38 N2 O4,82,82,775.1446,P-1,2,triclinic,4,C H N O,True
7202402,NdH20C18N3O13,Nd2 H40 C36 N6 O26,110,110,1130.4733,P-1,2,triclinic,5,C H N Nd O,True
7202436,CdH22C16(BrN)2,Cd2 H44 C32 Br4 N4,86,86,849.4754,P2/c,13,monoclinic,5,Br C Cd H N,True
7202468,H2C3S2,H16 C24 S16,56,56,809.7373,P-1,2,triclinic,3,C H S,True
7202515,Rb(OsO3)2,Rb8 Os16 O48,72,18,1034.5699,Fd-3m,227,cubic,3,O Os Rb,False
7202706,H21C22N2O3,H42 C44 N4 O6,96,96,944.4587,P-1,2,triclinic,4,C H N O,True
7202790,HgP2H18C18N10(OF6)2,Hg2 P4 H36 C36 N20 O4 F24,126,126,1438.3118,P-1,2,triclinic,7,C F H Hg N O P,True
7202801,H9C13N2ClOF8,H36 C52 N8 Cl4 O4 F32,136,136,1425.9626,P2_1/c,14,monoclinic,6,C Cl F H N O,True
7202836,HgH10C12(BrN2)2,Hg4 H40 C48 Br8 N16,116,116,1487.7114,Pnma,62,orthorhombic,5,Br C H Hg N,True
7202841,H7C2SNO3,H28 C8 S4 N4 O12,56,56,478.3101,P2_1/c,14,monoclinic,5,C H N O S,True
7202927,CoH32C20(NO10)2,Co2 H64 C40 N4 O40,150,150,1402.5963,P-1,2,triclinic,5,C Co H N O,True
7203100,H13C11(NO)3,H52 C44 N12 O12,120,120,1164.487,P2_12_12_1,19,orthorhombic,4,C H N O,True
7203112,Ag2H10C8S(N3O2)2,Ag8 H40 C32 S4 N24 O16,124,62,1239.2937,C2/c,15,monoclinic,6,Ag C H N O S,True
7203201,H22C18NO4,H44 C36 N2 O8,90,90,806.9336,P-1,2,triclinic,4,C H N O,True
7203396,H20C22NOF,H40 C44 N2 O2 F2,90,90,868.8439,P2_1,4,monoclinic,5,C F H N O,True
7203568,H11C14(N2O3)2,H44 C56 N16 O24,140,140,1424.598,P2_1/c,14,monoclinic,4,C H N O,True
7203572,H10C11N,H40 C44 N4,88,88,874.7478,P2_1/c,14,monoclinic,3,C H N,True
7203863,H21C18NO3,H42 C36 N2 O6,86,86,813.1211,P2_1,4,monoclinic,4,C H N O,True
7203930,H29C24S2NO4,H58 C48 S4 N2 O8,120,120,1161.137,P-1,2,triclinic,5,C0+ H0+ N0+ O0+ S0+,False
7203970,H10C12N2O3,H40 C48 N8 O12,108,108,1099.6432,P2_1/c,14,monoclinic,4,C H N O,True
7203995,H5C7NO,H20 C28 N4 O4,56,56,542.4825,P-1,2,triclinic,4,C H N O,True
7204119,H6C5S2,H12 C10 S4,26,26,289.2528,P-1,2,triclinic,3,C H S,True
7204140,InH13C7O2,In2 H26 C14 O4,46,46,478.8614,P-1,2,triclinic,4,C H In O,True
7204180,H9C18S2N4O,H18 C36 S4 N8 O2,68,68,831.956,P-1,2,triclinic,5,C H N O S,True
7204330,H8C13S6I2O3,H16 C26 S12 I4 O6,64,64,937.6831,P-1,2,triclinic,5,C H I O S,True
7204334,H12C7N4O5,H24 C14 N8 O10,56,56,496.4784,P2_1,4,monoclinic,4,C H N O,True
7204377,H27C40NO3,H54 C80 N2 O6,142,142,1445.4123,P-1,2,triclinic,4,C H N O,True
7204405,VBi(PbO3)2,V4 Bi4 Pb8 O24,40,40,688.4508,Pnma,62,orthorhombic,4,Bi O Pb V,False
7204485,H18C21O4,H36 C42 O8,86,86,828.4151,P-1,2,triclinic,3,C H O,True
7204500,H27C23N(OF)4,H54 C46 N2 O8 F8,118,118,1146.4602,P2_1,4,monoclinic,5,C F H N O,True
7204553,LiMn2O4,Li8 Mn16 O32,56,14,560.2914,Fd-3m,227,cubic,3,Li0+ Mn0+ O0+,False
7204653,H4C5O,H48 C60 O12,120,120,1192.0839,Pca2_1,29,orthorhombic,3,C H O,True
7204685,ZnH4C5NO5,Zn4 H16 C20 N4 O20,64,32,786.4235,C2,5,monoclinic,5,C H N O Zn,True
7204701,FeHgH30C39I4N6O,Fe1 Hg1 H30 C39 I4 N6 O1,82,82,1000.7517,P1,1,triclinic,7,C Fe H Hg I N O,True
7204747,CoP2H18C6(NO4)2,Co4 P8 H72 C24 N8 O32,148,74,1309.2103,C2/c,15,monoclinic,6,C Co H N O P,True
7204869,NiH2(CO2)3,Ni4 H8 C12 O24,48,24,578.4072,C2/m,12,monoclinic,4,C H Ni O,True
7204886,CuH13C9N5Cl2O,Cu4 H52 C36 N20 Cl8 O4,124,124,1289.8092,P2_1/c,14,monoclinic,6,C Cl Cu H N O,True
7204896,HgPH15(C5S)2,Hg4 P4 H60 C40 S8,116,116,1372.8154,P2_1/c,14,monoclinic,5,C H Hg P S,True
7204931,Na2ZnGe2(HO2)4,Na16 Zn8 Ge16 H32 O64,136,136,1472.1637,Pbcn,60,orthorhombic,5,Ge H Na O Zn,False
7204949,H28C35O3,H56 C70 O6,132,132,1315.7927,P-1,2,triclinic,3,C H O,True
7204952,H19C19O2,H38 C38 O4,80,80,752.7664,P-1,2,triclinic,3,C H O,True
7204962,ZnPH6C2NO4,Zn4 P4 H24 C8 N4 O16,60,60,539.6982,P-1,2,triclinic,6,C H N O P Zn,True
7205005,H32C23N2O3,H64 C46 N4 O6,120,120,1087.6726,P-1,2,triclinic,4,C H N O,True
7205053,CdH7C5Br(N3O)2,Cd4 H28 C20 Br4 N24 O8,88,88,1020.9709,P2_1/c,14,monoclinic,6,Br C Cd H N O,True
7205276,H25C24N4ClO9,H50 C48 N8 Cl2 O18,126,126,1257.6153,P-1,2,triclinic,5,C Cl H N O,True
7205294,UNi2H48C48(NO3)6,U1 Ni2 H48 C48 N6 O18,123,123,1207.0508,P-1,2,triclinic,6,C H N Ni O U,True
7205316,H8C9NClO5,H16 C18 N2 Cl2 O10,48,48,503.0856,P-1,2,triclinic,5,C Cl H N O,True
7205366,CdH4C3SN3Cl,Cd8 H32 C24 S8 N24 Cl8,104,104,1462.354,Pbcn,60,orthorhombic,6,C Cd Cl H N S,True
7205417,H34C27NClO7,H68 C54 N2 Cl2 O14,140,140,1371.6659,P-1,2,triclinic,5,C Cl H N O,True
7205426,Cd3H26C42(NO2)8,Cd3 H26 C42 N8 O16,95,95,1053.2966,P-1,2,triclinic,5,C Cd H N O,True
7205469,H10C16SO2,H20 C32 S2 O4,58,58,635.7637,P-1,2,triclinic,4,C H O S,True
7205560,H16RuC13,H32 Ru2 C26,60,60,512.5716,P-1,2,triclinic,3,C H Ru,True
7205664,H8C6NO6,H16 C12 N2 O12,42,42,388.2787,P-1,2,triclinic,4,C H N O,True
7205665,H5C4NO3,H40 C32 N8 O24,104,104,1006.3442,P2_1/c,14,monoclinic,4,C H N O,True
7205693,H7C3SN2,H56 C24 S8 N16,104,104,979.7235,P4_2/n,86,tetragonal,4,C H N S,True
7205718,NiH42C36(N10O3)2,Ni1 H42 C36 N20 O6,105,105,948.665,P-1,2,triclinic,5,C H N Ni O,True
7205722,EuH5(C3O4)2,Eu2 H10 C12 O16,40,40,416.5754,P-1,2,triclinic,4,C Eu H O,True
7205730,EuH7C8O7,Eu4 H28 C32 O28,92,92,982.4657,P2_1/c,14,monoclinic,4,C Eu H O,True
7205880,MnP2H18C12N2(ClO8)2,Mn2 P4 H36 C24 N4 Cl4 O32,106,106,1110.1658,P2_1/c,14,monoclinic,7,C Cl H Mn N O P,True
7205914,CuH14(C2O3)4,Cu2 H28 C16 O24,70,70,632.0514,P2_1,4,monoclinic,4,C Cu H O,True
7205995,Cs2H4C7N2Cl2O5,Cs8 H16 C28 N8 Cl8 O20,88,88,1258.5813,Pbcn,60,orthorhombic,6,C Cl Cs H N O,True
7206058,H30C39SN2,H60 C78 S2 N4,144,144,1430.452,P-1,2,triclinic,4,C H N S,True
7206199,H23C19S2N5O4,H46 C38 S4 N10 O8,106,106,1111.129,P-1,2,triclinic,5,C H N O S,True
7206206,HC2NCl2,H8 C16 N8 Cl16,48,48,802.9652,P2_1/c,14,monoclinic,4,C Cl H N,True
7206216,CdH4C4(NCl)2,Cd2 H8 C8 N4 Cl4,26,13,332.2739,C2/m,12,monoclinic,5,C Cd Cl H N,True
7206232,NiH22C22N2O5,Ni2 H44 C44 N4 O10,104,104,1049.4043,P-1,2,triclinic,5,C H N Ni O,True
7206316,FeH12C14S4(NO2)3,Fe2 H24 C28 S8 N6 O12,80,80,922.1498,P-1,2,triclinic,6,C Fe H N O S,True
7206360,H17C13N3O5,H34 C26 N6 O10,76,76,680.8717,P-1,2,triclinic,4,C H N O,True
7206398,ErH12C6NO9,Er2 H24 C12 N2 O18,58,58,544.4989,P2_1,4,monoclinic,5,C Er H N O,True
7206532,GdH3(C3O2)3,Gd4 H12 C36 O24,76,76,1486.9425,P4_322,95,tetragonal,4,C Gd H O,True
7206559,H10C7(NO3)2,H40 C28 N8 O24,100,50,887.4503,C2/c,15,monoclinic,4,C H N O,True
7206586,H9C12S2NO,H36 C48 S8 N4 O4,100,100,1103.7453,P2_1/c,14,monoclinic,5,C H N O S,True
7206606,V4CoH22C24(NO3)4,V8 Co2 H44 C48 N8 O24,134,134,1435.6229,P-1,2,triclinic,6,C Co H N O V,True
7206615,ZnH11C11NO5,Zn2 H22 C22 N2 O10,58,58,594.9736,P2_1,4,monoclinic,5,C H N O Zn,True
7206627,CuH24C16(BrN6)2,Cu2 H48 C32 Br4 N24,110,110,1063.5282,P2_1/c,14,monoclinic,5,Br C Cu H N,True
7206638,H7C3N,H28 C12 N4,44,44,346.8251,P2_12_12,18,orthorhombic,3,C H N,True
7206639,H7C3N,H28 C12 N4,44,44,329.7839,P2_12_12,18,orthorhombic,3,C H N,True
7206667,H12C12N4O3,H24 C24 N8 O6,62,62,587.8801,P-1,2,triclinic,4,C H N O,True
7206687,Cu2H14C5N14,Cu4 H28 C10 N28,70,70,719.5899,P-1,2,triclinic,4,C Cu H N,True
7206690,Cu2Mo4H12C9N9O14,Cu4 Mo8 H24 C18 N18 O28,100,100,1152.9077,P-1,2,triclinic,6,C Cu H Mo N O,True
7206774,H9C10,H36 C40,76,76,668.3455,P2_1/c,14,monoclinic,2,C H,True
7206829,H13C8N2O,H52 C32 N8 O4,96,96,825.5057,P2_1,4,monoclinic,4,C H N O,True
7206858,H17C24NO4,H34 C48 N2 O8,92,92,913.8066,P-1,2,triclinic,4,C H N O,True
7206892,H7C9(NO2)2,H28 C36 N8 O16,88,88,899.2514,P2/c,13,monoclinic,4,C H N O,True
7206907,H5OsC7ClO2,H20 Os4 C28 Cl4 O8,64,64,819.6091,P2_1/c,14,monoclinic,5,C Cl H O Os,True
7206931,V5H23C7(N2O9)2,V10 H46 C14 N8 O36,114,114,1022.0731,P-1,2,triclinic,5,C H N O V,True
7207008,ZnH16C12(N2Cl)2,Zn4 H64 C48 N16 Cl8,140,140,1485.3265,P2_1/c,14,monoclinic,5,C Cl H N Zn,True
7207016,CdH26C15N3ClO10,Cd2 H52 C30 N6 Cl2 O20,112,112,1048.9468,P-1,2,triclinic,6,C Cd Cl H N O,True
7207149,H13C10(NO3)2,H52 C40 N8 O24,124,124,1173.0689,P2_1/c,14,monoclinic,4,C H N O,True
7207356,Cd2H8C14N3ClO8,Cd4 H16 C28 N6 Cl2 O16,72,72,853.184,P-1,2,triclinic,6,C Cd Cl H N O,True
7207360,TbH7C11(NO3)3,Tb4 H28 C44 N12 O36,124,124,1411.5205,P2_1/c,14,monoclinic,5,C H N O Tb,True
7207376,Pr2H12C8SO14,Pr8 H48 C32 S4 O56,148,148,1484.1098,P2_1/c,14,monoclinic,5,C H O Pr S,True
7207462,H11C12NO2,H44 C48 N4 O8,104,104,994.3996,P2_1/c,14,monoclinic,4,C H N O,True
7207516,H12C8NClO3,H48 C32 N4 Cl4 O12,100,100,957.5776,P2_1/c,14,monoclinic,5,C Cl H N O,True
7207532,CuH4C10N5O2,Cu2 H8 C20 N10 O4,44,44,537.5668,P-1,2,triclinic,5,C Cu H N O,True
7207548,H14C8SN3ClO4,H28 C16 S2 N6 Cl2 O8,62,62,618.1761,P2_1,4,monoclinic,6,C Cl H N O S,True
7207801,H16C14N2O3,H64 C56 N8 O12,140,70,1289.9928,Cc,9,monoclinic,4,C H N O,True
7207921,Ba3B6O11F2,Ba6 B12 O22 F4,44,44,529.1056,P2_1,4,monoclinic,4,B Ba F O,False
7207953,CdH24C28(N2O3)2,Cd2 H48 C56 N8 O12,126,126,1261.2481,P-1,2,triclinic,5,C Cd H N O,True
7207986,H12Pb3C6(I4N)2,H24 Pb6 C12 I16 N4,62,62,1324.8974,P-1,2,triclinic,5,C H I N Pb,True
7208074,H5C2Cl,H30 C12 Cl6,48,48,434.0121,P6_3/m,176,hexagonal,3,C Cl H,True
7208104,CoH19C18N5O4,Co2 H38 C36 N10 O8,94,94,890.4753,P-1,2,triclinic,5,C Co H N O,True
7208180,CuH13C14S2N3,Cu2 H26 C28 S4 N6,66,66,729.0098,P-1,2,triclinic,5,C Cu H N S,True
7208261,H11C9NO5,H44 C36 N4 O20,104,104,948.0344,P2_12_12_1,19,orthorhombic,4,C H N O,True
7208406,NaMo2H26C14N3O17,Na1 Mo2 H26 C14 N3 O17,63,63,587.2695,P1,1,triclinic,6,C H Mo N Na O,True
7208447,H9C5SNO6,H18 C10 S2 N2 O12,44,44,431.7436,P-1,2,triclinic,5,C H N O S,True
7208517,H13C9N3O4,H52 C36 N12 O16,116,116,1073.704,P2_1/c,14,monoclinic,4,C H N O,True
7208600,H14C11(SN)2,H56 C44 S8 N8,116,116,1161.4086,P2_1/c,14,monoclinic,4,C H N S,True
7208621,H10C13NO,H40 C52 N4 O4,100,100,1045.2344,P2_1/c,14,monoclinic,4,C H N O,True
7208752,H14C12NO4,H56 C48 N4 O16,124,124,1230.0528,P2_1,4,monoclinic,4,C H N O,True
7208765,H11C10N4ClO,H44 C40 N16 Cl4 O4,108,108,1109.9335,P2_1/c,14,monoclinic,5,C Cl H N O,True
7208778,EuH24C6S3(NO4)3,Eu2 H48 C12 S6 N6 O24,98,98,943.1762,P-1,2,triclinic,6,C Eu H N O S,True
7208828,H9C4N2O3,H36 C16 N8 O12,72,72,638.9514,P2_1/c,14,monoclinic,4,C H N O,True
7208979,CuH6C8N3,Cu4 H24 C32 N12,72,72,728.2067,P2_1/c,14,monoclinic,4,C Cu H N,True
7208995,H3C5N2O,H24 C40 N16 O8,88,88,948.2808,Pbca,61,orthorhombic,4,C H N O,True
7209223,NiP3H31C24N2O11,Ni2 P6 H62 C48 N4 O22,144,144,1340.986,P-1,2,triclinic,6,C H N Ni O P,True
7209272,SmH15C6O13,Sm4 H60 C24 O52,140,140,1392.8012,P2_1/c,14,monoclinic,4,C H O Sm,True
7209279,H16C16S2N3O3F,H32 C32 S4 N6 O6 F2,82,82,835.4979,P-1,2,triclinic,6,C F H N O S,True
7209381,AuSeClO3,Au4 Se4 Cl4 O12,24,24,426.8641,P-1,2,triclinic,4,Au Cl O Se,False
7209382,TeAuCl7,Te2 Au2 Cl14,18,18,512.3756,P-1,2,triclinic,3,Au Cl Te,False
7209484,TmCu(BO2)5,Tm4 Cu4 B20 O40,68,34,665.1607,Iba2,45,orthorhombic,4,B Cu O Tm,False
7209490,Ba2Mn(BO2)6,Ba6 Mn3 B18 O36,63,21,742.038,R-3,148,trigonal,4,B Ba Mn O,False
7209497,Tb2Cu(BO2)8,Tb4 Cu2 B16 O32,54,54,532.8297,P2_1/c,14,monoclinic,4,B Cu O Tb,False
7209502,Tm2Cu(B2O5)2,Tm4 Cu2 B8 O20,34,34,302.5181,P2_1/c,14,monoclinic,4,B Cu O Tm,False
7209725,H13C11NO4,H26 C22 N2 O8,58,58,546.1374,P2_1,4,monoclinic,4,C H N O,True
7209773,H9C7SNO2,H18 C14 S2 N2 O4,40,40,405.6836,P1,1,triclinic,5,C H N O S,True
7209867,H9C14N4ClO2,H36 C56 N16 Cl4 O8,120,120,1308.5235,P2_1/c,14,monoclinic,5,C Cl H N O,True
7209870,H9C14N4ClO2,H18 C28 N8 Cl2 O4,60,60,643.2458,P-1,2,triclinic,5,C Cl H N O,True
7209876,H9C14I(N2O)2,H36 C56 I4 N16 O8,120,120,1383.0836,P2_1/c,14,monoclinic,5,C H I N O,True
7209877,H9C14I(N2O)2,H18 C28 I2 N8 O4,60,60,674.1626,P-1,2,triclinic,5,C H I N O,True
7209917,Dy2H20C28N2O17,Dy4 H40 C56 N4 O34,138,138,1447.0679,P-1,2,triclinic,5,C Dy H N O,True
7209966,CuH12C12N4O3,Cu4 H48 C48 N16 O12,128,128,1292.7022,P2_12_12_1,19,orthorhombic,5,C Cu H N O,True
7209997,KH11(C7O2)2,K4 H44 C56 O16,120,60,1250.857,C2/c,15,monoclinic,4,C H K O,True
7210035,H16C18NO2F,H32 C36 N2 O4 F2,76,76,754.3346,P2_1,4,monoclinic,5,C F H N O,True
7210258,EuH24(C11O4)3,Eu2 H48 C66 O24,140,140,1460.9544,P-1,2,triclinic,4,C Eu H O,True
7210298,Mn2H25C24S2N3O11,Mn4 H50 C48 S4 N6 O22,134,134,1425.809,P-1,2,triclinic,6,C H Mn N O S,True
7210345,Cd5H36C34(N9O7)2,Cd5 H36 C34 N18 O14,107,107,1168.4616,P-1,2,triclinic,5,C Cd H N O,True
7210370,MnH30C30(NO)4,Mn2 H60 C60 N8 O8,138,138,1397.2695,P2_1/c,14,monoclinic,5,C H Mn N O,True
7210398,H9C5SNO3,H9 C5 S1 N1 O3,19,19,184.3418,P1,1,triclinic,5,C H N O S,True
7210678,MnH26C28(NO)6,Mn2 H52 C56 N12 O12,134,134,1296.0792,P2_1/c,14,monoclinic,5,C H Mn N O,True
7210893,Zn2H8C9N4O7,Zn4 H16 C18 N8 O14,60,60,605.9038,P-1,2,triclinic,5,C H N O Zn,True
7210895,H9C13N3O8,H36 C52 N12 O32,132,132,1354.9258,P2_1/c,14,monoclinic,4,C H N O,True
7211023,CdH18C14N2(O2F)4,Cd2 H36 C28 N4 O16 F8,94,94,961.3911,P2_1/c,14,monoclinic,6,C Cd F H N O,True
7211086,TbH21(C7O3)4,Tb2 H42 C56 O24,124,124,1274.4452,P-1,2,triclinic,4,C H O Tb,True
7211566,H9C7N3O,H36 C28 N12 O4,80,80,732.2713,P2_1/c,14,monoclinic,4,C H N O,True
7211618,Co2P3H17C4N2O9,Co4 P6 H34 C8 N4 O18,74,74,742.8665,P-1,2,triclinic,6,C Co H N O P,True
7211674,H10C9IN4ClO5,H40 C36 I4 N16 Cl4 O20,120,120,1445.6,P2_1/c,14,monoclinic,6,C Cl H I N O,True
7211676,H23C26N9O4,H46 C52 N18 O8,124,124,1234.1725,P2_1,4,monoclinic,4,C H N O,True
7211679,H8C9NClO2,H32 C36 N4 Cl4 O8,84,84,860.9095,P2_1/c,14,monoclinic,5,C Cl H N O,True
7211693,H19C21N2Cl3O7,H38 C42 N4 Cl6 O14,104,104,1108.5591,P-1,2,triclinic,5,C Cl H N O,True
7211876,PrH12C11O8,Pr2 H24 C22 O16,64,64,639.3808,P1,1,triclinic,4,C H O Pr,True
7211926,H31PdC12S2Br2NO2,H62 Pd2 C24 S4 Br4 N2 O4,102,102,1026.2541,P-1,2,triclinic,7,Br C H N O Pd S,True
7211950,PH19AuC24I,P2 H38 Au2 C48 I2,92,92,1053.5749,P-1,2,triclinic,5,Au C H I P,True
7212004,H18PbC6(I3N)2,H36 Pb2 C12 I12 N4,66,66,1063.6624,P2_1/c,14,monoclinic,5,C H I N Pb,True
7212099,H15C14SN2ClO2,H30 C28 S2 N4 Cl2 O4,70,70,729.3704,P-1,2,triclinic,6,C Cl H N O S,True
7212104,Lu2Si2O7,Lu8 Si8 O28,44,44,514.7531,P4_32_12,96,tetragonal,3,Lu O Si,False
7212168,Cu3H10C16S3N7,Cu3 H10 C16 S3 N7,39,39,502.4854,P1,1,triclinic,5,C Cu H N S,True
7212196,CoH14C14(NO4)2,Co2 H28 C28 N4 O16,78,78,762.7776,P-1,2,triclinic,5,C Co H N O,True
7212245,SrTiO3,Sr1 Ti1 O3,5,5,59.5474,Pm-3m,221,cubic,3,O2- Sr2+ Ti4+,False
7212325,UH17C10N2O9,U2 H34 C20 N4 O18,78,78,725.2946,P-1,2,triclinic,5,C H N O U,True
7212365,H13C11NO5,H52 C44 N4 O20,120,120,1148.4765,P2_12_12_1,19,orthorhombic,4,C H N O,True
7212378,GaPH17C6N2(OF)3,Ga4 P4 H68 C24 N8 O12 F12,132,132,1093.6576,P2_1/c,14,monoclinic,7,C F Ga H N O P,True
7212384,H16(C6O)3,H64 C72 O12,148,148,1458.9089,P2_12_12_1,19,orthorhombic,3,C H O,True
7212393,DyH21(C9O2)3,Dy2 H42 C54 O12,110,110,1192.6803,P2_1,4,monoclinic,4,C Dy H O,True
7212432,H16C15SO2,H64 C60 S4 O8,136,136,1343.4402,P2_1/c,14,monoclinic,4,C H O S,True
7212623,CuH22C22S2N4Cl4O,Cu2 H44 C44 S4 N8 Cl8 O2,112,112,1276.2936,P-1,2,triclinic,7,C Cl Cu H N O S,True
7212635,PH19C24S2N(O2F3)2,P2 H38 C48 S4 N2 O8 F12,114,114,1251.3736,P-1,2,triclinic,7,C F H N O P S,True
7212686,H8C13Br2NF5,H32 C52 Br8 N4 F20,116,116,1467.3422,Pca2_1,29,orthorhombic,5,Br C F H N,True
7212687,H9C13NClF5,H18 C26 N2 Cl2 F10,58,58,661.8441,Pc,7,monoclinic,5,C Cl F H N,True
7212710,H22C10S(NO2)2,H44 C20 S2 N4 O8,78,78,716.46,P2_1,4,monoclinic,5,C H N O S,True
7212739,NaH20AuC16S6(NO)4,Na1 H20 Au1 C16 S6 N4 O4,52,52,602.2014,P-1,2,triclinic,7,Au C H N Na O S,True
7212889,FeH15Au2C17N6O,Fe2 H30 Au4 C34 N12 O2,84,84,995.2068,P-1,2,triclinic,6,Au C Fe H N O,True
7213005,H15C12N3O2,H60 C48 N12 O8,128,128,1159.1835,P2_1/c,14,monoclinic,4,C H N O,True
7213061,H14C11(NO4)2,H56 C44 N8 O32,140,140,1408.9687,Pca2_1,29,orthorhombic,4,C H N O,True
7213085,H18C13N2O3,H72 C52 N8 O12,144,144,1308.8084,P2_1/c,14,monoclinic,4,C H N O,True
7213118,Si4(H2C)15,Si8 H60 C30,98,98,1051.2803,P-1,2,triclinic,3,C H Si,True
7213163,Si5H41C20O2F3,Si10 H82 C40 O4 F6,142,142,1415.1823,P-1,2,triclinic,5,C F H O Si,True
7213197,PH21C21NO2F,P2 H42 C42 N2 O4 F2,94,94,936.8881,P2_1,4,monoclinic,6,C F H N O P,True
7213266,H9C8NO2,H36 C32 N4 O8,80,80,745.784,P-1,2,triclinic,4,C H N O,True
7213267,H10C13(NO2)2,H20 C26 N4 O8,58,58,565.442,P-1,2,triclinic,4,C H N O,True
7213268,H16C15(NO)2,H64 C60 N8 O8,140,140,1305.1975,P2_1/c,14,monoclinic,4,C H N O,True
7213315,H26(C4O)3,H52 C24 O6,82,82,679.7743,P-1,2,triclinic,3,C H O,True
7213362,H31(C19F2)2,H62 C76 F8,146,146,1491.4023,P-1,2,triclinic,3,C F H,True
7213375,H9C9O2,H36 C36 O8,80,80,741.4883,P2_1/c,14,monoclinic,3,C H O,True
7213382,H7C9SN3O,H28 C36 S4 N12 O4,84,84,903.2888,P2_1/c,14,monoclinic,5,C H N O S,True
7213495,H20C10SN2O,H80 C40 S4 N8 O4,136,136,1284.5846,P2_1/c,14,monoclinic,5,C H N O S,True
7213511,H14C9BrNO,H56 C36 Br4 N4 O4,104,104,921.097,P2_1/c,14,monoclinic,5,Br C H N O,True
7213572,H10C10S(NO)2,H40 C40 S4 N8 O8,100,100,1025.0103,P2_1/c,14,monoclinic,5,C H N O S,True
7213659,LiH11(C2O)6,Li4 H44 C48 O24,120,120,1129.8641,P2_1/c,14,monoclinic,4,C H Li O,True
7213712,Cs2Li3(BO2)5,Cs8 Li12 B20 O40,80,40,1076.7076,C222_1,20,orthorhombic,4,B Cs Li O,False
7213756,H2C3ClF,H24 C36 Cl12 F12,84,84,1065.9877,P2_12_12_1,19,orthorhombic,4,C Cl F H,True
7214021,NaH7(CO)8,Na4 H28 C32 O32,96,96,897.8139,P2_1/c,14,monoclinic,4,C H Na O,True
7214124,ReH5C7(ClO)2,Re2 H10 C14 Cl4 O4,34,34,457.3005,P2_1/m,11,monoclinic,5,C Cl H O Re,True
7214129,PH29C21S(NF3)2,P2 H58 C42 S2 N4 F12,120,120,1160.3415,P2_1,4,monoclinic,6,C F H N P S,True
7214138,CoH32C16(N3O7)2,Co1 H32 C16 N6 O14,69,69,624.7984,P-1,2,triclinic,5,C Co H N O,True
7214253,CdH9C15N2ClO4,Cd4 H36 C60 N8 Cl4 O16,128,128,1436.3671,P2_1/c,14,monoclinic,6,C Cd Cl H N O,True
7214257,Cd4H8C10N10Cl7,Cd8 H16 C20 N20 Cl14,78,78,1309.2597,Pbam,55,orthorhombic,5,C Cd Cl H N,True
7214451,FeH20C10(N4O5)2,Fe2 H40 C20 N16 O20,98,98,907.1666,P-1,2,triclinic,5,C Fe H N O,True
7214480,H9C4N2O3,H36 C16 N8 O12,72,72,623.433,P2_1/c,14,monoclinic,4,C H N O,True
7214486,H9C4N2O3,H36 C16 N8 O12,72,72,658.8446,P2_1/c,14,monoclinic,4,C H N O,True
7214488,H8C4N2O3,H32 C16 N8 O12,68,68,645.4882,P2_1/c,14,monoclinic,4,C H N O,True
7214495,H11C5N2O3,H44 C20 N8 O12,84,84,725.3393,P2_1/c,14,monoclinic,4,C H N O,True
7214573,CuH12Br4(NO)2,Cu2 H24 Br8 N4 O4,42,42,510.7257,P-42_1m,113,tetragonal,5,Br Cu H N O,False
7214777,H24C18N2O5,H48 C36 N4 O10,98,98,902.5507,P2_1,4,monoclinic,4,C H N O,True
7214795,H13C11N2Cl,H52 C44 N8 Cl4,108,108,1045.3561,P-1,2,triclinic,4,C Cl H N,True
7214858,H18C22SBr(NO2)3,H36 C44 S2 Br2 N6 O12,102,102,1071.8083,P-1,2,triclinic,6,Br C H N O S,True
7214862,H18C22S(NO2)4,H36 C44 S2 N8 O16,106,106,1078.8474,P-1,2,triclinic,5,C H N O S,True
7214868,H21C23S(NO2)3,H42 C46 S2 N6 O12,108,108,1091.5732,P-1,2,triclinic,5,C H N O S,True
7214896,H7C3SBr3O,H28 C12 S4 Br12 O4,60,30,925.3339,Cc,9,monoclinic,5,Br C H O S,True
7215051,CaH18C10N2(ClO2)2,Ca2 H36 C20 N4 Cl4 O8,74,74,706.0123,P2_1/c,14,monoclinic,6,C Ca Cl H N O,True
7215114,Ba2InBiSe5,Ba8 In4 Bi4 Se20,36,18,1090.5745,Cmc2_1,36,orthorhombic,4,Ba Bi In Se,False
7215305,H2C2O,H40 C40 O20,100,100,958.136,P2_1/c,14,monoclinic,3,C H O,True
7215339,GdH10C9NO12,Gd2 H20 C18 N2 O24,66,66,679.0569,P-1,2,triclinic,5,C Gd H N O,True
7215453,Ag2H10C15NO4,Ag8 H40 C60 N4 O16,128,128,1349.3239,P-1,2,triclinic,5,Ag C H N O,True
7215717,CuH9C9N3O2,Cu4 H36 C36 N12 O8,96,96,985.4858,P2_1/c,14,monoclinic,5,C Cu H N O,True
7215733,H5C7N(OF)2,H20 C28 N4 O8 F8,68,68,705.8807,P-1,2,triclinic,5,C F H N O,True
7215737,H9C13N2(OF)4,H18 C26 N4 O8 F8,64,64,643.1988,P-1,2,triclinic,5,C F H N O,True
7215780,AgH16C5I3N2O,Ag4 H64 C20 I12 N8 O4,112,112,1395.0181,P2_1/c,14,monoclinic,6,Ag C H I N O,True
7215827,H10C16N3F2,H40 C64 N12 F8,124,124,1238.2175,P2_1/c,14,monoclinic,4,C F H N,True
7215848,LaH19C12S3NO9,La2 H38 C24 S6 N2 O18,90,90,1039.0488,P-1,2,triclinic,6,C H La N O S,True
7215849,NdH19C12S3NO9,Nd2 H38 C24 S6 N2 O18,90,90,1034.4324,P-1,2,triclinic,6,C H N Nd O S,True
7215925,Pr2H9C10O13,Pr4 H18 C20 O26,68,68,817.7287,P-1,2,triclinic,4,C H O Pr,True
7215973,H13C13S2N3O5,H52 C52 S8 N12 O20,144,144,1480.7705,P-1,2,triclinic,5,C H N O S,True
7215986,H30C27(NO)2,H60 C54 N4 O4,122,122,1153.1049,P-1,2,triclinic,4,C H N O,True
7215995,BH6CN3F4,B3 H18 C3 N9 F12,45,15,374.3543,R3,146,trigonal,5,B C F H N,True
7216248,PH24C19S2N4ClO3,P2 H48 C38 S4 N8 Cl2 O6,108,108,1210.7054,P-1,2,triclinic,7,C Cl H N O P S,True
7216285,H5C10O3F,H10 C20 O6 F2,38,38,399.9509,P-1,2,triclinic,4,C F H O,True
7216322,CdH8C10Br2(NCl)2,Cd2 H16 C20 Br4 N4 Cl4,50,50,670.4798,P2_1/c,14,monoclinic,6,Br C Cd Cl H N,True
7216334,CdH8C10(IN)2,Cd2 H16 C20 I4 N4,46,23,640.6144,Cmmm,65,orthorhombic,5,C Cd H I N,True
7216428,Co3H38C30(N3O4)4,Co3 H38 C30 N12 O16,99,99,967.3241,P-1,2,triclinic,5,C Co H N O,True
7216471,H3CCl,H12 C4 Cl4,20,10,204.5706,Cmc2_1,36,orthorhombic,3,C Cl H,True
7216554,EuZn(BO2)5,Eu4 Zn4 B20 O40,68,68,614.7497,P2_1/c,14,monoclinic,4,B Eu O Zn,False
7216652,H2C2NO,H32 C32 N16 O16,96,96,965.5352,P2_1/c,14,monoclinic,4,C H N O,True
7216661,H7C11IN3F2,H28 C44 I4 N12 F8,96,96,1131.5217,P2_1/c,14,monoclinic,5,C F H I N,True
7216669,H6C10I(N2F)2,H24 C40 I4 N16 F8,92,92,1134.2045,P2_1/c,14,monoclinic,5,C F H I N,True
7216691,CuH27C21(NO4)3,Cu2 H54 C42 N6 O24,128,128,1224.0644,P-1,2,triclinic,5,C Cu H N O,True
7216783,H19C20SNO4,H19 C20 S1 N1 O4,45,45,446.4786,P1,1,triclinic,5,C H N O S,True
7216797,V6Co3H32C12(N12O11)2,V6 Co3 H32 C12 N24 O22,99,99,1038.3849,P-1,2,triclinic,6,C Co H N O V,True
7216829,H16C8N7O5,H32 C16 N14 O10,72,72,612.1775,P-1,2,triclinic,4,C H N O,True
7216870,H13C5(NO)3,H26 C10 N6 O6,48,48,432.9402,P-1,2,triclinic,4,C H N O,True
7216909,H32C23S(N3O)2,H64 C46 S2 N12 O4,128,128,1190.5564,P-1,2,triclinic,5,C H N O S,True
7216973,H8C9NO,H32 C36 N4 O4,76,76,732.8086,P2_1/c,14,monoclinic,4,C H N O,True
7217033,H14C13S(NO)3,H56 C52 S4 N12 O12,136,136,1357.3119,P2_1/c,14,monoclinic,5,C H N O S,True
7217047,CdH12C13N2O5,Cd4 H48 C52 N8 O20,132,132,1344.0527,P2_1,4,monoclinic,5,C Cd H N O,True
7217085,UPH22C27N2O7,U2 P2 H44 C54 N4 O14,120,120,1358.0732,P-1,2,triclinic,6,C H N O P U,True
7217112,H10C4NO3,H80 C32 N8 O24,144,144,1275.745,Pbcn,60,orthorhombic,4,C H N O,True
7217128,H15C14NO,H60 C56 N4 O4,124,124,1144.0282,P2_1/c,14,monoclinic,4,C H N O,True
7217132,H12C14NOF3,H48 C56 N4 O4 F12,124,124,1228.4428,P2_1/c,14,monoclinic,5,C F H N O,True
7217134,H18C14NClO2,H72 C56 N4 Cl4 O8,144,144,1315.0576,P2_1/c,14,monoclinic,5,C Cl H N O,True
7217258,CoH22C22(N2O3)2,Co1 H22 C22 N4 O6,55,55,572.9905,P-1,2,triclinic,5,C Co H N O,True
7217659,CuH34C48(OF3)4,Cu1 H34 C48 O4 F12,99,99,1033.6245,P-1,2,triclinic,5,C Cu F H O,True
7217703,H10C7N2Cl,H40 C28 N8 Cl4,80,80,800.3968,P2_1/c,14,monoclinic,4,C Cl H N,True
7217761,MoH17C16(NO2)3,Mo2 H34 C32 N6 O12,86,86,835.1406,P-1,2,triclinic,5,C H Mo N O,True
7217777,CaH10(C7O3)2,Ca4 H40 C56 O24,124,124,1278.4101,P2_1/c,14,monoclinic,4,C Ca H O,True
7217871,H26C21(NO)8,H52 C42 N16 O16,126,126,1175.0954,P-1,2,triclinic,4,C H N O,True
7217903,H15C17NOF2,H60 C68 N4 O4 F8,144,144,1401.6635,P-1,2,triclinic,5,C F H N O,True
7218125,H38C26SNO,H76 C52 S2 N2 O2,134,134,1178.7549,P-1,2,triclinic,5,C H N O S,True
7218151,H10C8SN2,H40 C32 S4 N8,84,42,801.0154,Cc,9,monoclinic,4,C H N S,True
7218160,H24C24SN4ClO6,H48 C48 S2 N8 Cl2 O12,120,120,1186.8083,P-1,2,triclinic,6,C Cl H N O S,True
7218201,ZnH31C30N3O5,Zn2 H62 C60 N6 O10,140,140,1358.8074,P-1,2,triclinic,5,C H N O Zn,True
7218351,PH20C10I2(NF3)2,P2 H40 C20 I4 N4 F12,82,82,831.1441,P-1,2,triclinic,6,C F H I N P,True
7218380,H6C11SN3ClO,H24 C44 S4 N12 Cl4 O4,92,92,1056.2552,P2_1/c,14,monoclinic,6,C Cl H N O S,True
7218464,H7C8ClO3,H42 C48 Cl6 O18,114,114,1234.6757,P-1,2,triclinic,4,C Cl H O,True
7218745,H6C13S12,H12 C26 S24,62,62,951.966,P-1,2,triclinic,3,C H S,True
7218777,H12C9N2O5,H48 C36 N8 O20,112,112,1043.7648,P-1,2,triclinic,4,C H N O,True
7218873,H24C22SN2O,H48 C44 S2 N4 O2,100,100,1036.1693,P2_1/m,11,monoclinic,5,C H N O S,True
7218974,H12C15NO,H48 C60 N4 O4,116,116,1144.0461,P2_1/c,14,monoclinic,4,C H N O,True
7218977,H15C21SN4Cl3,H30 C42 S2 N8 Cl6,88,88,1055.3276,P-1,2,triclinic,5,C Cl H N S,True
7219099,H7C3NO2,H28 C12 N4 O8,52,52,459.6187,P2_12_12_1,19,orthorhombic,4,C H N O,True
7219131,BH16C11NO4,B2 H32 C22 N2 O8,66,66,620.012,P2_1,4,monoclinic,5,B C H N O,True
7219194,H10C9N3(ClO2)2,H40 C36 N12 Cl8 O16,112,112,1197.8709,P-1,2,triclinic,5,C Cl H N O,True
7219224,CoH14C12N2(O4F)2,Co2 H28 C24 N4 O16 F4,78,39,754.6315,C2/m,12,monoclinic,6,C Co F H N O,True
7219319,H5C2NO2,H15 C6 N3 O6,30,30,232.8002,P3_1,144,trigonal,4,C H N O,True
7219456,U2H26C22(NO6)3,U4 H52 C44 N6 O36,142,142,1487.3453,P-1,2,triclinic,5,C H N O U,True
7219553,H20C22NClO3,H40 C44 N2 Cl2 O6,94,94,926.9368,P-1,2,triclinic,5,C Cl H N O,True
7219609,CuP2H43C36(NO2)8,Cu1 P2 H43 C36 N8 O16,106,106,1045.2044,P1,1,triclinic,6,C Cu H N O P,True
7219650,H11C13(NO)3,H22 C26 N6 O6,60,60,580.453,P2_1,4,monoclinic,4,C H N O,True
7219660,H20C12N4O,H40 C24 N8 O2,74,74,692.0617,P-1,2,triclinic,4,C H N O,True
7219669,H11C14N2O,H44 C56 N8 O4,112,112,1093.3675,P2_1/c,14,monoclinic,4,C H N O,True
7219749,CdH11C14SN4Cl,Cd2 H22 C28 S2 N8 Cl2,64,64,726.8465,P-1,2,triclinic,6,C Cd Cl H N S,True
7219979,Cu2H8C8N4ClO3,Cu8 H32 C32 N16 Cl4 O12,104,104,1113.6992,P2_1/c,14,monoclinic,6,C Cl Cu H N O,True
7220021,HC2Cl,H24 C48 Cl24,96,96,1435.5259,P2_1/c,14,monoclinic,3,C Cl H,True
7220022,HC2Cl,H24 C48 Cl24,96,96,1364.9679,P2_1/c,14,monoclinic,3,C Cl H,True
7220034,Co2H27C25NO10,Co4 H54 C50 N2 O20,130,130,1288.5834,P-1,2,triclinic,5,C Co H N O,True
7220068,SmH28C30N3O11,Sm2 H56 C60 N6 O22,146,146,1444.6291,P-1,2,triclinic,5,C H N O Sm,True
7220144,PH20C20SeN,P1 H20 C20 Se1 N1,43,43,461.6501,P1,1,triclinic,5,C H N P Se,True
7220306,H10C13N3F,H40 C52 N12 F4,108,108,1050.0697,P2_1/c,14,monoclinic,4,C F H N,True
7220361,AgH14PdC14SN2Cl2O7F3,Ag2 H28 Pd2 C28 S2 N4 Cl4 O14 F6,90,90,1072.3263,P-1,2,triclinic,9,Ag C Cl F H N O Pd S,True
7220413,H12C11SNO2,H48 C44 S4 N4 O8,108,108,1125.1563,P-1,2,triclinic,5,C H N O S,True
7220552,CdH24C25N4O7,Cd2 H48 C50 N8 O14,122,122,1274.0098,P-1,2,triclinic,5,C Cd H N O,True
7220603,MnH6C6S(N5O)2,Mn4 H24 C24 S4 N40 O8,104,104,1213.009,Pnma,62,orthorhombic,6,C H Mn N O S,True
7220754,H29C26NO6,H58 C52 N2 O12,124,124,1164.5227,P2_1,4,monoclinic,4,C H N O,True
7220771,RePH20C24Cl5O,Re2 P2 H40 C48 Cl10 O2,104,104,1295.5005,P4/n,85,tetragonal,6,C Cl H O P Re,True
7220776,H21C25O2,H42 C50 O4,96,96,943.3943,P-1,2,triclinic,3,C H O,True
7220794,NaC,Na16 C16,32,16,548.0751,I4_1/acd,142,tetragonal,2,C Na,True
7220806,CuH18C26S2N10(OF)6,Cu1 H18 C26 S2 N10 O6 F6,69,69,784.1324,P-1,2,triclinic,7,C Cu F H N O S,True
7220829,ZnH4C6(SN5)2,Zn4 H16 C24 S8 N40,92,46,1196.62,C2/c,15,monoclinic,5,C H N S Zn,True
7220883,CrCu2Mo6H44C36N8O37,Cr1 Cu2 Mo6 H44 C36 N8 O37,134,134,1387.2563,P-1,2,triclinic,7,C Cr Cu H Mo N O,True
7220906,H13C18NO2,H52 C72 N4 O8,136,136,1297.2827,P2_1/c,14,monoclinic,4,C H N O,True
7220998,ZrH27C19N2Cl,Zr2 H54 C38 N4 Cl2,100,100,940.6047,P-1,2,triclinic,5,C Cl H N Zr,True
7221083,Li2Ca2Ta3O10,Li4 Ca4 Ta6 O20,34,17,402.9364,I4/mmm,139,tetragonal,4,Ca Li O Ta,False
7221096,Ba2Nd2Fe4O11,Ba4 Nd4 Fe8 O22,38,19,484.2157,Pmna,53,orthorhombic,4,Ba Fe Nd O,False
7221112,NaGa4,Na2 Ga8,10,5,201.6888,I4/mmm,139,tetragonal,2,Ga Na,False
7221155,H17C16SNO,H34 C32 S2 N2 O2,72,72,679.8787,P-1,2,triclinic,5,C H N O S,True
7221171,NiHg,Ni1 Hg1,2,2,27.9781,P4/mmm,123,tetragonal,2,Hg Ni,False
7221200,Ca(MgSb)2,Ca1 Mg2 Sb2,5,5,142.5515,P-3m1,164,trigonal,3,Ca Mg Sb,False
7221203,Ca(MgBi)2,Ca1 Mg2 Bi2,5,5,148.8038,P-3m1,164,trigonal,3,Bi Ca Mg,False
7221243,C5S3N5Cl2,C20 S12 N20 Cl8,60,60,1393.4422,P2_1/c,14,monoclinic,4,C Cl N S,True
7221252,LiBeAs,Li2 Be2 As2,6,6,87.4081,P4/nmm,129,tetragonal,3,As Be Li,False
7221294,Sr2FeClO3,Sr4 Fe2 Cl2 O6,14,14,220.14,P4/nmm,129,tetragonal,4,Cl Fe O Sr,False
7221297,Ho2Si4CN6,Ho8 Si16 C4 N24,52,52,606.8251,P2_1/c,14,monoclinic,4,C Ho N Si,True
7221351,BaTiS3,Ba2 Ti2 S6,10,10,229.186,P6_3/mmc,194,hexagonal,3,Ba S Ti,False
7221358,RbGeCl3,Rb2 Ge2 Cl6,10,10,308.5904,P2_1/m,11,monoclinic,3,Cl Ge Rb,False
7221366,In2S3,In12 S18,30,10,655.0018,R-3c,167,trigonal,2,In S,False
7221371,NaCuTe,Na2 Cu2 Te2,6,6,136.4011,P4/nmm,129,tetragonal,3,Cu Na Te,False
7221402,HoCoO3,Ho4 Co4 O12,20,20,205.4538,Pnma,62,orthorhombic,3,Co Ho O,False
7221543,CoH36C24N3Cl5,Co2 H72 C48 N6 Cl10,138,138,1490.8537,P2_1,4,monoclinic,5,C Cl Co H N,True
7221561,K2V2P2H8C2O15,K8 V8 P8 H32 C8 O60,124,62,1427.252,C2/c,15,monoclinic,6,C H K O P V,True
7221573,H7C13NOF6,H28 C52 N4 O4 F24,112,112,1188.0459,P2_1/c,14,monoclinic,5,C F H N O,True
7221609,NaH7C6(N3O4)2,Na4 H28 C24 N24 O32,112,112,1074.6982,P2_1/c,14,monoclinic,5,C H N Na O,True
7221744,H11C10SIN4ClO2,H22 C20 S2 I2 N8 Cl2 O4,60,60,675.5808,P-1,2,triclinic,7,C Cl H I N O S,True
7221749,H17C12SI3(NO)4,H34 C24 S2 I6 N8 O8,82,82,984.0484,P-1,2,triclinic,6,C H I N O S,True
7221752,H16(C5O)3,H64 C60 O12,136,136,1339.5043,P2_12_12_1,19,orthorhombic,3,C H O,True
7221753,H18C16O3,H36 C32 O6,74,74,711.4323,P2_1,4,monoclinic,3,C H O,True
7221762,H5C4N2ClO,H40 C32 N16 Cl8 O8,104,104,1204.2302,Pbca,61,orthorhombic,5,C Cl H N O,True
7221791,CoH36C50(N5O7)2,Co1 H36 C50 N10 O14,111,111,1109.3892,P-1,2,triclinic,5,C Co H N O,True
7221978,H3(CO)2,H48 C32 O32,112,112,948.8789,P2_1/c,14,monoclinic,3,C H O,True
7222049,Cd3P2H28C14N2(ClO6)2,Cd6 P4 H56 C28 N4 Cl4 O24,126,126,1270.8749,P2_1/c,14,monoclinic,7,C Cd Cl H N O P,True
7222066,H7C6NO,H56 C48 N8 O8,120,120,1106.8732,P2_1/c,14,monoclinic,4,C H N O,True
7222185,BiS4N3Cl4,Bi2 S8 N6 Cl8,24,24,582.617,P-1,2,triclinic,4,Bi Cl N S,False
7222267,CdH34C32N4(O3F2)4,Cd1 H34 C32 N4 O12 F8,91,91,980.6544,P-1,2,triclinic,6,C Cd F H N O,True
7222274,CuH26C20(NO2)4,Cu1 H26 C20 N4 O8,59,59,569.2257,P-1,2,triclinic,5,C Cu H N O,True
7222276,NiH12C14(NO3)2,Ni4 H48 C56 N8 O24,140,140,1328.015,P2_1/c,14,monoclinic,5,C H N Ni O,True
7222358,NaH13C10SN4O9,Na2 H26 C20 S2 N8 O18,76,76,752.6418,P-1,2,triclinic,6,C H N Na O S,True
7222392,BaYSi4N7,Ba2 Y2 Si8 N14,26,26,307.7704,P6_3mc,186,hexagonal,4,Ba N Si Y,False
7222429,Mn5Si3,Mn20 Si12,32,16,393.872,P6_3/mcm,193,hexagonal,2,Mn Si,False
7222470,Mn3H40C52(NO3)6,Mn3 H40 C52 N6 O18,119,119,1215.8315,P-1,2,triclinic,5,C H Mn N O,True
7222471,CoH20C28(NO7)2,Co2 H40 C56 N4 O28,130,130,1327.0088,P2_1/c,14,monoclinic,5,C Co H N O,True
7222546,SrCa2WN4,Sr8 Ca16 W8 N32,64,64,1076.2726,Pbca,61,orthorhombic,4,Ca N Sr W,False
7222566,SmCuS2,Sm4 Cu4 S8,16,16,308.6336,P2_1/c,14,monoclinic,3,Cu S Sm,False
7222583,Mg3Rh,Mg18 Rh6,24,24,446.7906,P6_3cm,185,hexagonal,2,Mg Rh,False
7222587,AlSBr3N,Al4 S4 Br12 N4,24,24,670.9446,P2_1/c,14,monoclinic,4,Al Br N S,False
7222598,ScSnPt,Sc6 Sn6 Pt6,18,18,344.4182,P-62c,190,hexagonal,3,Pt Sc Sn,False
7222609,Rb6Si2O7,Rb12 Si4 O14,30,30,555.9976,P2_1/c,14,monoclinic,3,O Rb Si,False
7222611,Cs6Si2O7,Cs12 Si4 O14,30,30,651.7225,P2_1/c,14,monoclinic,3,Cs O Si,False
7222752,SeBr,Se8 Br8,16,8,503.725,Aea2,41,orthorhombic,2,Br Se,False
7222755,Mn(GaSe2)2,Mn2 Ga4 Se8,14,7,346.6547,I-4,82,tetragonal,3,Ga Mn Se,False
7222770,LiH2N3O,Li6 H12 N18 O6,42,42,414.1127,P6_3/mcm,193,hexagonal,4,H Li N O,False
7222803,Eu2Si3Pd,Eu4 Si6 Pd2,12,12,261.2275,P6/mmm,191,hexagonal,3,Eu Pd Si,False
7222822,SbH36S4N11,Sb2 H72 S8 N22,104,104,1023.8122,P2_1,4,monoclinic,4,H N S Sb,False
7222903,K3PS4,K12 P4 S16,32,32,861.7254,Pnma,62,orthorhombic,3,K P S,False
7222958,Tl2GePbS4,Tl8 Ge4 Pb4 S16,32,32,850.4277,P2_1/c,14,monoclinic,4,Ge Pb S Tl,False
7222997,Ba(BrO3)2,Ba4 Br8 O24,36,18,647.5175,C2/c,15,monoclinic,3,Ba Br O,False
7223122,H23C18NO6,H46 C36 N2 O12,96,96,856.7069,P2_1,4,monoclinic,4,C H N O,True
7223132,H10C12N2Cl2O3,H40 C48 N8 Cl8 O12,116,116,1283.212,P2_1/c,14,monoclinic,5,C Cl H N O,True
7223133,H10C12N2Cl2O3,H40 C48 N8 Cl8 O12,116,116,1289.4202,P2_1/c,14,monoclinic,5,C Cl H N O,True
7223140,ZnH18C6S2(NO3)2,Zn4 H72 C24 S8 N8 O24,140,70,1378.5278,C2/c,15,monoclinic,6,C H N O S Zn,True
7223229,KH3(CO)4,K2 H6 C8 O8,24,24,261.0809,P-1,2,triclinic,4,C H K O,True
7223254,H5C3O,H80 C48 O16,144,144,1234.5571,P2_12_12_1,19,orthorhombic,3,C H O,True
7223282,H9C13NOF2,H18 C26 N2 O2 F4,52,52,499.1576,P-1,2,triclinic,5,C F H N O,True
7223302,H29C37NO4,H58 C74 N2 O8,142,142,1397.2909,P-1,2,triclinic,4,C H N O,True
7223349,H11C12N2O3,H44 C48 N8 O12,112,112,1054.2571,P2_1/c,14,monoclinic,4,C H N O,True
7223423,H9C13S(NO)3,H36 C52 S4 N12 O12,116,116,1265.9486,P2_1/c,14,monoclinic,5,C H N O S,True
7223463,Cu5H26(C13N7)2,Cu10 H52 C52 N28,142,142,1443.5149,P2_1/c,14,monoclinic,4,C Cu H N,True
7223674,Cs2SnSe3,Cs8 Sn4 Se12,24,12,988.7053,C2/m,12,monoclinic,3,Cs Se Sn,False
7223695,CuTe2I,Cu4 Te8 I4,16,16,495.8018,P2_1/c,14,monoclinic,3,Cu I Te,False
7223767,H7C14NO5,H28 C56 N4 O20,108,108,1104.4939,P2_1/c,14,monoclinic,4,C H N O,True
7223812,H14C14N4O3,H56 C56 N16 O12,140,140,1430.7654,P2_1/c,14,monoclinic,4,C H N O,True
7223844,H26PdC14(S2O)2,H26 Pd1 C14 S4 O2,47,47,483.6258,P-1,2,triclinic,5,C H O Pd S,True
7223845,H22PdC12(S2O)2,H22 Pd1 C12 S4 O2,41,41,429.4218,P-1,2,triclinic,5,C H O Pd S,True
7223875,H19C19SN5O4,H38 C38 S2 N10 O8,96,96,953.1112,P-1,2,triclinic,5,C H N O S,True
7223917,MnH16C16(N5O2)2,Mn2 H32 C32 N20 O8,94,94,941.306,P2_1/c,14,monoclinic,5,C H Mn N O,True
7223939,H7C3NO2,H28 C12 N4 O8,52,52,429.3211,P2_12_12_1,19,orthorhombic,4,C H N O,True
7224003,CuH18C14S2N4Cl,Cu2 H36 C28 S4 N8 Cl2,80,80,901.7852,P-1,2,triclinic,6,C Cl Cu H N S,True
7224043,H16C6N2Cl2O9,H64 C24 N8 Cl8 O36,140,140,1262.964,Pca2_1,29,orthorhombic,5,C Cl H N O,True
7224062,H11C17Br2NO2,H22 C34 Br4 N2 O4,66,66,747.306,P-1,2,triclinic,5,Br C H N O,True
7224129,CdH29C30N3O8,Cd2 H58 C60 N6 O16,142,142,1398.2209,P-1,2,triclinic,5,C Cd H N O,True
7224138,Li3AlSiO5,Li12 Al4 Si4 O20,40,40,396.4392,Pna2_1,33,orthorhombic,4,Al Li O Si,False
7224145,CuH28C22Br4N4(ClO2)2,Cu2 H56 C44 Br8 N8 Cl4 O8,130,130,1459.0569,P2_1/c,14,monoclinic,7,Br C Cl Cu H N O,True
7224382,HfH31C23N4(ClO)3,Hf2 H62 C46 N8 Cl6 O6,130,130,1433.1479,P1,1,triclinic,6,C Cl H Hf N O,True
7224413,H29C37(NO)3,H58 C74 N6 O6,144,144,1429.4962,P-1,2,triclinic,4,C H N O,True
7224419,H30C34N3ClO2,H60 C68 N6 Cl2 O4,140,140,1413.1736,P-1,2,triclinic,5,C Cl H N O,True
7224471,H13C15NO,H52 C60 N4 O4,120,120,1173.9627,P2_12_12_1,19,orthorhombic,4,C H N O,True
7224595,H22PdC20S2N2(ClO3)2,H22 Pd1 C20 S2 N2 Cl2 O6,55,55,599.3184,P-1,2,triclinic,7,C Cl H N O Pd S,True
7224675,BiH12C6S4BrN2,Bi4 H48 C24 S16 Br4 N8,104,104,1354.0005,P2_1/c,14,monoclinic,6,Bi Br C H N S,True
7224719,H15C18N3O,H30 C36 N6 O2,74,74,695.7091,P-1,2,triclinic,4,C H N O,True
7224724,H7C6BrN,H28 C24 Br4 N4,60,60,640.0102,P2_1/c,14,monoclinic,4,Br C H N,True
7224802,H8C8SN4,H32 C32 S4 N16,84,84,917.5961,P2_1/c,14,monoclinic,4,C H N S,True
7224813,NiH18C20S(N2O)2,Ni2 H36 C40 S2 N8 O4,92,92,1016.4066,P-1,2,triclinic,6,C H N Ni O S,True
7224835,H27C27N2ClO4,H54 C54 N4 Cl2 O8,122,122,1368.7038,P-1,2,triclinic,5,C Cl H N O,True
7224860,ZnH29C22N3,Zn2 H58 C44 N6,110,110,1007.7282,P-1,2,triclinic,4,C H N Zn,True
7224874,EuH11C9O7,Eu4 H44 C36 O28,112,112,1144.5691,P2_1/c,14,monoclinic,4,C Eu H O,True
7224912,H21C29NO2,H42 C58 N2 O4,106,106,1052.5598,P-1,2,triclinic,4,C H N O,True
7224974,H12C11S(NO)4,H24 C22 S2 N8 O8,64,64,680.8911,P-1,2,triclinic,5,C H N O S,True
7224975,H25C23SN7O5,H50 C46 S2 N14 O10,122,122,1185.5059,P-1,2,triclinic,5,C H N O S,True
7224989,H9C14N3,H36 C56 N12,104,104,1101.8702,P2_1/c,14,monoclinic,3,C H N,True
7225093,KH4C4BrN2O3,K4 H16 C16 Br4 N8 O12,60,60,774.4353,P2_1/c,14,monoclinic,6,Br C H K N O,True
7225159,ZnH8C10(BrN)2,Zn2 H16 C20 Br4 N4,46,46,595.2325,P-1,2,triclinic,5,Br C H N Zn,True
7225194,H9C10BrO3,H36 C40 Br4 O12,92,92,1005.6693,P2_1/c,14,monoclinic,4,Br C H O,True
7225231,H17C14NO3,H34 C28 N2 O6,70,70,634.8322,Pc,7,monoclinic,4,C H N O,True
7225259,ErH18C19N3O11,Er2 H36 C38 N6 O22,104,104,990.0711,P-1,2,triclinic,5,C Er H N O,True
7225343,PH17C20O,P2 H34 C40 O2,78,78,838.282,P-1,2,triclinic,4,C H O P,True
7225519,H25C25BrN2O5,H50 C50 Br2 N4 O10,116,116,1189.1869,P2_1,4,monoclinic,5,Br C H N O,True
7225555,BH27C33(NF)2,B2 H54 C66 N4 F4,130,130,1282.4774,P-1,2,triclinic,5,B C F H N,True
7225610,H11C6NO8,H44 C24 N4 O32,104,104,908.1845,P2_1/c,14,monoclinic,4,C H N O,True
7225631,H11C6NO8,H44 C24 N4 O32,104,104,811.416,P-1,2,triclinic,4,C H N O,True
7225690,H11C13N(ClO2)2,H44 C52 N4 Cl8 O16,124,124,1345.5379,P2_1/c,14,monoclinic,5,C Cl H N O,True
7225706,H13C7S2NO3,H26 C14 S4 N2 O6,52,52,470.1151,P1,1,triclinic,5,C H N O S,True
7225769,H16C16N2O,H32 C32 N4 O2,70,70,635.659,P-1,2,triclinic,4,C H N O,True
7225798,H13C14N3O2,H52 C56 N12 O8,128,128,1264.4641,P2_1/c,14,monoclinic,4,C H N O,True
7225857,H12C4N2O,H48 C16 N8 O4,76,76,571.8104,P2_1/c,14,monoclinic,4,C H N O,True
7225972,ZnH8(C2N3)3,Zn4 H32 C24 N36,96,96,978.1916,P2_1/c,14,monoclinic,4,C H N Zn,True
7226011,Cu3H8C9I2(NO)3,Cu12 H32 C36 I8 N12 O12,112,112,1446.9433,P2_1/c,14,monoclinic,6,C Cu H I N O,True
7226171,H12PbC13N4Cl2O,H24 Pb2 C26 N8 Cl4 O2,66,66,734.8174,P-1,2,triclinic,6,C Cl H N O Pb,True
7226181,H4C3SO,H32 C24 S8 O8,72,72,803.9355,Pca2_1,29,orthorhombic,4,C H O S,True
7226202,H14(C3O)5,H56 C60 O20,136,136,1249.8046,P2_1/c,14,monoclinic,3,C H O,True
7226334,H15C16N3,H60 C64 N12,136,136,1266.3855,P2_1/c,14,monoclinic,3,C H N,True
7226352,LiCoPO4,Li4 Co4 P4 O16,28,28,282.4575,Pnma,62,orthorhombic,4,Co Li O P,False
7226577,BH22RuC19N4ClF4,B2 H44 Ru2 C38 N8 Cl2 F8,104,104,1015.0755,P-1,2,triclinic,7,B C Cl F H N Ru,True
7226581,HgH17C13S2N,Hg4 H68 C52 S8 N4,136,136,1470.2088,P2_1/c,14,monoclinic,5,C H Hg N S,True
7226600,H8PbC6Br3N,H32 Pb4 C24 Br12 N4,76,76,1119.4617,P2_1/c,14,monoclinic,5,Br C H N Pb,True
7226795,H5C4N5O2,H20 C16 N20 O8,64,64,673.8439,P2_1/c,14,monoclinic,4,C H N O,True
7226960,H10C13N2(ClO2)2,H40 C52 N8 Cl8 O16,124,124,1368.1616,P2_1/c,14,monoclinic,5,C Cl H N O,True
7226976,H3C7ClOF2,H12 C28 Cl4 O4 F8,56,56,684.9829,P2_1/c,14,monoclinic,5,C Cl F H O,True
7227100,ZnH8C12NO4,Zn4 H32 C48 N4 O16,104,104,1044.6044,P2_1/c,14,monoclinic,5,C H N O Zn,True
7227217,AsH15C24S8(O4F3)2,As1 H15 C24 S8 O8 F6,62,62,729.6892,P-1,2,triclinic,6,As C F H O S,True
7227231,H4C3N2O,H16 C12 N8 O4,40,40,328.2408,P2_1/c,14,monoclinic,4,C H N O,True
7227279,Zn3H36C34(N2O3)4,Zn3 H36 C34 N8 O12,93,93,953.7072,P-1,2,triclinic,5,C H N O Zn,True
7227283,Zn3H12C20(N3O4)2,Zn6 H24 C40 N12 O16,98,98,1255.8567,P2_1/c,14,monoclinic,5,C H N O Zn,True
7227384,Lu2CuH18C22(NO9)2,Lu2 Cu1 H18 C22 N2 O18,63,63,653.8792,P-1,2,triclinic,6,C Cu H Lu N O,True
7227706,H17C21BrN2O3,H34 C42 Br2 N4 O6,88,88,958.148,P2_1,4,monoclinic,5,Br C H N O,True
7227707,H16C21N2O3F2,H32 C42 N4 O6 F4,88,88,904.0199,P2_1,4,monoclinic,5,C F H N O,True
7227745,H9C13O,H36 C52 O4,92,92,915.1092,P2_1/c,14,monoclinic,3,C H O,True
7227806,ZrH32C16(NO5)4,Zr2 H64 C32 N8 O40,146,146,1309.0281,P-1,2,triclinic,5,C H N O Zr,True
7227839,H6C4NO3,H24 C16 N4 O12,56,56,537.1344,P2_1/c,14,monoclinic,4,C H N O,True
7227864,Yb3H13C10S2O13,Yb6 H26 C20 S4 O26,82,82,875.5339,P-1,2,triclinic,5,C H O S Yb,True
7227865,Gd3H13C10S2O13,Gd6 H26 C20 S4 O26,82,82,938.8097,P-1,2,triclinic,5,C Gd H O S,True
7227950,H3C(N2O)2,H12 C4 N16 O8,40,20,387.3261,C2/m,12,monoclinic,4,C H N O,True
7227986,H10C12SN2ClF13,H20 C24 S2 N4 Cl2 F26,78,78,886.4356,P-1,2,triclinic,6,C Cl F H N S,True
7228021,H21C14S(NO)3,H42 C28 S2 N6 O6,84,84,637.886,P-1,2,triclinic,5,C H N O S,True
7228023,H21C14S(NO)3,H42 C28 S2 N6 O6,84,84,684.8291,P-1,2,triclinic,5,C H N O S,True
7228152,H18C16S(N3O)2,H36 C32 S2 N12 O4,86,86,836.3413,P-1,2,triclinic,5,C H N O S,True
7228199,H17C9NO6,H68 C36 N4 O24,132,132,1153.3146,P2_1/c,14,monoclinic,4,C H N O,True
7228309,H7C9SBrN2O,H28 C36 S4 Br4 N8 O4,84,84,991.3766,P2_1/c,14,monoclinic,6,Br C H N O S,True
7228707,H23C16N3O5,H46 C32 N6 O10,94,94,844.3091,P-1,2,triclinic,4,C H N O,True
7228715,AsH6C7S2Cl,As4 H24 C28 S8 Cl4,68,68,920.2881,P-1,2,triclinic,5,As C Cl H S,True
7228902,H27C24Br(NO)2,H54 C48 Br2 N4 O4,112,112,1126.1839,P2_1,4,monoclinic,5,Br C H N O,True
7228927,H14C16BrNO5,H28 C32 Br2 N2 O10,74,74,752.4464,P2_1,4,monoclinic,5,Br C H N O,True
7229074,MnPH2O5,Mn4 P4 H8 O20,36,18,325.6633,C2/c,15,monoclinic,4,H Mn O P,False
7229088,H23C21IN(OF)2,H46 C42 I2 N2 O4 F4,100,100,1025.3615,P-1,2,triclinic,6,C F H I N O,True
7229144,CuH22C18IN4,Cu2 H44 C36 I2 N8,92,92,945.7259,P-1,2,triclinic,5,C Cu H I N,True
7229189,H6C4BrN3,H12 C8 Br2 N6,28,28,320.6761,P-1,2,triclinic,4,Br C H N,True
7229267,BaCd(SeO3)2,Ba4 Cd4 Se8 O24,40,40,643.8769,Pnma,62,orthorhombic,4,Ba Cd O Se,False
7229276,EuH17C24(N2O3)2,Eu2 H34 C48 N8 O12,104,104,1151.0699,P-1,2,triclinic,5,C Eu H N O,True
7229279,DyH21C25(N2O3)2,Dy2 H42 C50 N8 O12,114,114,1199.623,P-1,2,triclinic,5,C Dy H N O,True
7229282,H2C3O,H32 C48 O16,96,96,930.3954,P2_1/c,14,monoclinic,3,C H O,True
7229351,H13C12SNO2,H52 C48 S4 N4 O8,116,116,1164.5613,P2_1/c,14,monoclinic,5,C H N O S,True
7229464,H14C14N(OF)3,H28 C28 N2 O6 F6,70,70,690.8422,P-1,2,triclinic,5,C F H N O,True
7229494,CoH36C16S10N2(O7F6)2,Co1 H36 C16 S10 N2 O14 F12,91,91,1058.2028,P-1,2,triclinic,7,C Co F H N O S,True
7229498,H12C13N2O5,H24 C26 N4 O10,64,64,627.6845,P-1,2,triclinic,4,C H N O,True
7229515,H18C30S3N2,H36 C60 S6 N4,106,106,1162.4299,Pc,7,monoclinic,4,C H N S,True
7229587,B2H26C12N2O9,B4 H52 C24 N4 O18,102,102,907.0274,P-1,2,triclinic,5,B C H N O,True
7229640,H21C10NO5,H84 C40 N4 O20,148,148,1180.875,P2_12_12_1,19,orthorhombic,4,C H N O,True
7229662,CCl3,C8 Cl24,32,32,754.2425,Pnma,62,orthorhombic,2,C Cl,True
7229685,H7C8N2O3,H14 C16 N4 O6,40,40,378.1283,P-1,2,triclinic,4,C H N O,True
7229770,NiH20C18N4(ClO2)2,Ni1 H20 C18 N4 Cl2 O4,49,49,535.2747,P-1,2,triclinic,6,C Cl H N Ni O,True
7229772,NiH22C20N2(ClO2)2,Ni2 H44 C40 N4 Cl4 O8,102,102,1124.0484,P-1,2,triclinic,6,C Cl H N Ni O,True
7229789,H7C10NF,H28 C40 N4 F4,76,76,752.7769,P2_1/c,14,monoclinic,4,C F H N,True
7229833,MnH17C26N3O7,Mn2 H34 C52 N6 O14,108,108,1100.7212,P-1,2,triclinic,5,C H Mn N O,True
7229847,H16C16S2NO2,H32 C32 S4 N2 O4,74,74,797.2804,P-1,2,triclinic,5,C H N O S,True
7229986,H18C18N2O3,H36 C36 N4 O6,82,82,791.8587,P-1,2,triclinic,4,C H N O,True
7229988,CuH42C32N6(ClO4)2,Cu1 H42 C32 N6 Cl2 O8,91,91,923.8757,P-1,2,triclinic,6,C Cl Cu H N O,True
7230075,H13C13NO,H52 C52 N4 O4,112,112,1038.5677,P-1,2,triclinic,4,C H N O,True
7230099,H7C8NO,H56 C64 N8 O8,136,136,1271.2765,P2_1/c,14,monoclinic,4,C H N O,True
7230155,H10C15N3(ClO)2,H40 C60 N12 Cl8 O8,128,128,1450.6599,P2_1/c,14,monoclinic,5,C Cl H N O,True
7230370,H9C14BrN2,H36 C56 Br4 N8,104,104,1150.5275,P2_12_12_1,19,orthorhombic,4,Br C H N,True
7230497,RbC3N7O3,Rb4 C12 N28 O12,56,56,749.6728,Pca2_1,29,orthorhombic,4,C N O Rb,True
7230631,C3Cl2O,C12 Cl8 O4,24,24,403.0336,P2_1/c,14,monoclinic,3,C Cl O,True
7230769,CuH11C5NO6,Cu4 H44 C20 N4 O24,96,48,772.3032,C2/c,15,monoclinic,5,C Cu H N O,True
7230881,AgPH22C25(NO)2,Ag2 P2 H44 C50 N4 O4,106,106,1119.3499,P-1,2,triclinic,6,Ag C H N O P,True
7230907,H14C23O,H28 C46 O2,76,76,753.4042,P-1,2,triclinic,3,C H O,True
7230989,H16C8N4O7,H32 C16 N8 O14,70,70,597.2779,P2_1,4,monoclinic,4,C H N O,True
7230995,H12C6N2O3,H48 C24 N8 O12,92,92,819.583,P2_1/c,14,monoclinic,4,C H N O,True
7231003,CaH18C6I2(NO3)2,Ca1 H18 C6 I2 N2 O6,35,35,408.3975,P-1,2,triclinic,6,C Ca H I N O,True
7231094,CaH13C11NO6,Ca4 H52 C44 N4 O24,128,128,1463.6633,P2_1/c,14,monoclinic,5,C Ca H N O,True
7231112,H10C9SN2O,H40 C36 S4 N8 O4,92,92,941.5463,P-1,2,triclinic,5,C H N O S,True
7231212,H19C16N2ClO2,H38 C32 N4 Cl2 O4,80,80,818.9092,P2_1/m,11,monoclinic,5,C Cl H N O,True
7231293,H23C21NO3,H46 C42 N2 O6,96,96,854.9243,P-1,2,triclinic,4,C H N O,True
7231324,H9C7O,H54 C42 O6,102,102,1121.9199,P3_221,154,trigonal,3,C H O,True
7231333,H9C7O,H72 C56 O8,136,136,1227.9944,P2_1/c,14,monoclinic,3,C H O,True
7231338,H9C7O,H72 C56 O8,136,136,1246.2898,P2_1/c,14,monoclinic,3,C H O,True
7231405,MnH3C3NO6,Mn4 H12 C12 N4 O24,56,56,670.6392,P2_1,4,monoclinic,5,C H Mn N O,True
7231446,CdH16C26S(NO)4,Cd2 H32 C52 S2 N8 O8,104,104,1128.1855,P-1,2,triclinic,6,C Cd H N O S,True
7231449,H11C18N4O,H22 C36 N8 O2,68,34,713.4182,Cm,8,monoclinic,4,C H N O,True
7231470,H5C9Br2N,H20 C36 Br8 N4,68,68,904.4342,P-1,2,triclinic,4,Br C H N,True
7231508,CaH12(C7O3)2,Ca4 H48 C56 O24,132,132,1441.5341,P2_1/c,14,monoclinic,4,C Ca H O,True
7231569,H26PdC12N2(ClO2)2,H26 Pd1 C12 N2 Cl2 O4,47,47,398.1414,P-1,2,triclinic,6,C Cl H N O Pd,True
7231589,H29C28N3O2,H58 C56 N6 O4,124,124,1176.2193,P-1,2,triclinic,4,C H N O,True
7231631,Na2Si4SnH4O13,Na8 Si16 Sn4 H16 O52,96,96,1079.5874,Pbcn,60,orthorhombic,5,H Na O Si Sn,False
7231735,MgH10C12SO5,Mg4 H40 C48 S4 O20,116,58,1285.498,C2/c,15,monoclinic,5,C H Mg O S,True
7231936,ReH12C19N2Cl3O3F2,Re2 H24 C38 N4 Cl6 O6 F4,84,84,1064.8308,P-1,2,triclinic,7,C Cl F H N O Re,True
7231937,ReH12C19BrN2Cl4O3,Re2 H24 C38 Br2 N4 Cl8 O6,84,84,1104.6526,P-1,2,triclinic,7,Br C Cl H N O Re,True
7231963,KMo4H18C12(NO5)3,K2 Mo8 H36 C24 N6 O30,106,106,1206.2203,P-1,2,triclinic,6,C H K Mo N O,True
7232031,H9C12SN3O2,H36 C48 S4 N12 O8,108,108,1165.0765,P2_1/c,14,monoclinic,5,C H N O S,True
7232069,KCrCu2Mo6H20C7(N3O13)2,K2 Cr2 Cu4 Mo12 H40 C14 N12 O52,138,138,1417.9528,P2/c,13,monoclinic,8,C Cr Cu H K Mo N O,True
7232196,H7C7NO2,H14 C14 N2 O4,34,34,302.0014,Pc,7,monoclinic,4,C H N O,True
7232227,H4C6S(BrO3)2,H16 C24 S4 Br8 O24,76,76,1027.6766,P2_1/c,14,monoclinic,5,Br C H O S,True
7232249,NiSnH24C6(Se2N)6,Ni2 Sn2 H48 C12 Se24 N12,100,100,1380.5496,P-1,2,triclinic,6,C H N Ni Se Sn,True
7232273,H12C15BrNO4,H24 C30 Br2 N2 O8,66,66,736.9669,P-1,2,triclinic,5,Br C H N O,True
7232276,H10C16O,H40 C64 O4,108,108,1035.4575,P2_1,4,monoclinic,3,C H O,True
7232330,H10C13I(NO2)3,H20 C26 I2 N6 O12,66,66,735.3918,P-1,2,triclinic,5,C H I N O,True
7232401,CN,C24 N24,48,48,625.9668,P2_1,4,monoclinic,2,C N,True
7232420,CuH12C12Br2(N2O)2,Cu2 H24 C24 Br4 N8 O4,66,66,730.2443,P2_1/c,14,monoclinic,6,Br C Cu H N O,True
7232442,ZnH4C2(N2O)4,Zn2 H8 C4 N16 O8,38,38,371.9693,P2_1/c,14,monoclinic,5,C H N O Zn,True
7232447,ZnH8C12N3O2,Zn4 H32 C48 N12 O8,104,104,1421.6424,P2_1/c,14,monoclinic,5,C H N O Zn,True
7232455,AgH12C12SN2O3,Ag4 H48 C48 S4 N8 O12,124,124,1278.9241,P2_1/c,14,monoclinic,6,Ag C H N O S,True
7232466,H12C15O2,H48 C60 O8,116,116,1191.5537,P2_1/c,14,monoclinic,3,C H O,True
7232482,HgH9C11N3Cl2O,Hg4 H36 C44 N12 Cl8 O4,108,108,1264.9923,P2_1/c,14,monoclinic,6,C Cl H Hg N O,True
7232500,H13C10N2O3,H52 C40 N8 O12,112,112,1024.8381,P-1,2,triclinic,4,C H N O,True
7232515,H16C13NClO,H32 C26 N2 Cl2 O2,64,64,601.4548,P-1,2,triclinic,5,C Cl H N O,True
7232524,ZnH14C22Br2N6(OF2)2,Zn2 H28 C44 Br4 N12 O4 F8,102,51,1248.7458,C2,5,monoclinic,7,Br C F H N O Zn,True
7232541,H12C15SeBrN,H48 C60 Se4 Br4 N4,120,120,1376.6092,P2_1/c,14,monoclinic,5,Br C H N Se,True
7232607,BH13C13NO5,B4 H52 C52 N4 O20,132,132,1216.9716,P2_1/c,14,monoclinic,5,B C H N O,True
7232692,H27C26NO3,H54 C52 N2 O6,114,114,1083.7723,P2_1,4,monoclinic,4,C H N O,True
7232751,H4C5O2,H48 C60 O24,132,132,1405.9389,P2_12_12_1,19,orthorhombic,3,C H O,True
7232752,H7C5NO,H28 C20 N4 O4,56,56,513.8239,P-1,2,triclinic,4,C H N O,True
7232760,Na2H17C5N5O8,Na8 H68 C20 N20 O32,148,148,1376.9819,P2_1/c,14,monoclinic,5,C H N Na O,True
7232765,Na2H3C5N5O8,Na8 H12 C20 N20 O32,92,92,1261.5026,P2_1/c,14,monoclinic,5,C H N Na O,True
7232766,Na2H3C5N5O8,Na8 H12 C20 N20 O32,92,92,1296.2266,P2_1/c,14,monoclinic,5,C H N Na O,True
7232827,Ni3H46C60(NO3)6,Ni3 H46 C60 N6 O18,133,133,1398.9203,P-1,2,triclinic,5,C H N Ni O,True
7232844,H9C12N2O2F,H36 C48 N8 O8 F4,104,104,1060.4985,Pc,7,monoclinic,5,C F H N O,True
7232848,H9C12N2O2F,H18 C24 N4 O4 F2,52,52,526.5226,P-1,2,triclinic,5,C F H N O,True
7232884,CuP4H34C18(NO4)4,Cu1 P4 H34 C18 N4 O16,77,77,689.6353,P-1,2,triclinic,6,C Cu H N O P,True
7232961,H9C10N(OF)4,H36 C40 N4 O16 F16,112,112,1152.5808,P2_1/c,14,monoclinic,5,C F H N O,True
7232963,H9C14N(OF)4,H36 C56 N4 O16 F16,128,128,1332.2598,P2_1/c,14,monoclinic,5,C F H N O,True
7232972,H6C11N2(OF)4,H24 C44 N8 O16 F16,108,108,1186.0539,P2_1/c,14,monoclinic,5,C F H N O,True
7232984,MnH4C6(NCl)2,Mn4 H16 C24 N8 Cl8,60,60,882.9633,Pnma,62,orthorhombic,5,C Cl H Mn N,True
7233086,NdH17C20(NO)10,Nd2 H34 C40 N20 O20,116,116,1303.9284,P-1,2,triclinic,5,C H N Nd O,True
7233109,CuH12C4N4(ClO)2,Cu2 H24 C8 N8 Cl4 O4,50,50,483.1209,P2_1/c,14,monoclinic,6,C Cl Cu H N O,True
7233161,H5C7SO2F,H20 C28 S4 O8 F4,64,64,703.8263,P-1,2,triclinic,5,C F H O S,True
7233260,H10C4S(N3O2)2,H20 C8 S2 N12 O8,50,50,495.0931,P-1,2,triclinic,5,C H N O S,True
7233342,PH27C21N2O3F4,P2 H54 C42 N4 O6 F8,116,116,1085.5869,P-1,2,triclinic,6,C F H N O P,True
7233421,H2C5N2ClF3,H8 C20 N8 Cl4 F12,52,52,645.6791,Pna2_1,33,orthorhombic,5,C Cl F H N,True
7233534,H15C11NO4,H60 C44 N4 O16,124,124,1138.6662,P2_1/c,14,monoclinic,4,C H N O,True
7233542,H16C11NO5,H32 C22 N2 O10,66,66,571.1941,P1,1,triclinic,4,C H N O,True
7233551,H17(C3N)5,H68 C60 N20,148,148,1478.9911,P2_1/c,14,monoclinic,3,C H N,True
7233612,Pr4PClO8,Pr8 P2 Cl2 O16,28,28,445.6684,Pmn2_1,31,orthorhombic,4,Cl O P Pr,False
7233735,Ba4NaGe3S10Cl,Ba8 Na2 Ge6 S20 Cl2,38,38,995.8197,P6_3,173,hexagonal,5,Ba Cl Ge Na S,False
7233755,H11C4N11O4,H44 C16 N44 O16,120,120,1095.4734,P2_1/c,14,monoclinic,4,C H N O,True
7233789,H6C6N2O3,H24 C24 N8 O12,68,68,676.4025,P2_12_12_1,19,orthorhombic,4,C H N O,True
7233804,H6C6N2O3,H24 C24 N8 O12,68,68,663.8667,P2_12_12_1,19,orthorhombic,4,C H N O,True
7233805,H6C6N2O3,H24 C24 N8 O12,68,68,665.5416,P2_12_12_1,19,orthorhombic,4,C H N O,True
7233836,H4C8NClO,H16 C32 N4 Cl4 O4,60,60,654.2983,P2_1/c,14,monoclinic,5,C Cl H N O,True
7233866,H14C10N3ClO2,H56 C40 N12 Cl4 O8,120,60,1173.5999,Cc,9,monoclinic,5,C Cl H N O,True
7233888,H6C5IN3O2,H24 C20 I4 N12 O8,68,68,834.7922,P2_12_12_1,19,orthorhombic,5,C H I N O,True
7233903,H9C14NO,H36 C56 N4 O4,100,100,974.6693,P2_1/c,14,monoclinic,4,C H N O,True
7233919,HgH28C26Br2(NO)4,Hg2 H56 C52 Br4 N8 O8,130,130,1344.8419,Pba2,32,orthorhombic,6,Br C H Hg N O,True
7234214,H4C8I(NF2)2,H8 C16 I2 N4 F8,38,38,495.9058,P-1,2,triclinic,5,C F H I N,True
7234443,CoP2H14C7N2O9,Co2 P4 H28 C14 N4 O18,70,70,608.6094,P-1,2,triclinic,6,C Co H N O P,True
7234556,DyH12C6NO8,Dy4 H48 C24 N4 O32,112,112,1064.3724,Pna2_1,33,orthorhombic,5,C Dy H N O,True
7234713,H28C39S(NO2)2,H56 C78 S2 N4 O8,148,148,1455.9392,P-1,2,triclinic,5,C H N O S,True
7234766,H5C8N2O,H20 C32 N8 O4,64,64,659.7208,P2_1/c,14,monoclinic,4,C H N O,True
7234769,H7C9(NO)2,H28 C36 N8 O8,80,80,771.2361,P2_1/c,14,monoclinic,4,C H N O,True
7234814,H13C16N3O4,H52 C64 N12 O16,144,144,1403.9624,P2_1/c,14,monoclinic,4,C H N O,True
7234826,VH14C6N2O9,V4 H56 C24 N8 O36,128,128,1168.7699,P-1,2,triclinic,5,C H N O V,True
7234921,H30C21N2O5,H60 C42 N4 O10,116,116,1088.4704,P-1,2,triclinic,4,C H N O,True
7235203,H15C28N5,H30 C56 N10,96,96,1047.5015,P-1,2,triclinic,3,C H N,True
7235228,CoH16C24(NO2)2,Co2 H32 C48 N4 O8,94,94,931.1806,P2_1/c,14,monoclinic,5,C Co H N O,True
7235318,H36C29S3(NO6)2,H36 C29 S3 N2 O12,82,82,788.2529,P1,1,triclinic,5,C H N O S,True
7235384,H5C9N4O2F3,H20 C36 N16 O8 F12,92,92,1058.1704,P2_1/c,14,monoclinic,5,C F H N O,True
7235491,NiH21C31N6Cl3O2,Ni2 H42 C62 N12 Cl6 O4,128,128,1409.2156,P-1,2,triclinic,6,C Cl H N Ni O,True
7235520,H22C19S(NO3)2,H44 C38 S2 N4 O12,100,100,1012.022,P-1,2,triclinic,5,C H N O S,True
7235624,BH34C18SNO3,B2 H68 C36 S2 N2 O6,116,116,1013.955,P2_1,4,monoclinic,6,B C H N O S,True
7235634,H10C16IN3O,H40 C64 I4 N12 O4,124,124,1382.1177,P2_1/c,14,monoclinic,5,C H I N O,True
7235683,K4Mo2H14C11N2O17,K8 Mo4 H28 C22 N4 O34,100,100,1194.1534,P-1,2,triclinic,6,C H K Mo N O,True
7235685,Mo4H5N2O13,Mo8 H10 N4 O26,48,48,586.4369,P-1,2,triclinic,4,H Mo N O,False
7235753,H27C19S2O,H54 C38 S4 O2,98,98,901.895,P-1,2,triclinic,4,C H O S,True
7235826,H5C2(N2O)4,H10 C4 N16 O8,38,38,365.7568,P-1,2,triclinic,4,C H N O,True
7235827,H5C2(N2O)4,H10 C4 N16 O8,38,38,374.5157,P-1,2,triclinic,4,C H N O,True
7235891,H29C31NO5,H58 C62 N2 O10,132,132,1330.9771,P-1,2,triclinic,4,C H N O,True
7236012,CuH28C27SN4O7,Cu2 H56 C54 S2 N8 O14,136,136,1371.7908,P-1,2,triclinic,6,C Cu H N O S,True
7236188,CuH12C12S(NO3)2,Cu4 H48 C48 S4 N8 O24,136,68,1365.8441,C2/c,15,monoclinic,6,C Cu H N O S,True
7236192,BH12C16NO3F2,B4 H48 C64 N4 O12 F8,140,140,1411.5051,P2_1/c,14,monoclinic,6,B C F H N O,True
7236220,ReH20C26N4ClO3,Re2 H40 C52 N8 Cl2 O6,110,110,1173.4062,P-1,2,triclinic,6,C Cl H N O Re,True
7236257,H15C15NClO3F,H60 C60 N4 Cl4 O12 F4,144,144,1467.6397,P2_1/c,14,monoclinic,6,C Cl F H N O,True
7236283,CuH16C26(NO4)2,Cu2 H32 C52 N4 O16,106,106,1122.9602,P2_1/c,14,monoclinic,5,C Cu H N O,True
7236302,H3C3(NO)7,H12 C12 N28 O28,80,80,907.1143,P2_1/c,14,monoclinic,4,C H N O,True
7236397,H3C4N3O2,H24 C32 N24 O16,96,96,1060.6549,P2_12_12_1,19,orthorhombic,4,C H N O,True
7236597,B6H19C7N2,B24 H76 C28 N8,136,136,1200.5182,P2_1/c,14,monoclinic,4,B C H N,True
7236625,H6C15O2,H24 C60 O8,92,92,908.8892,P-1,2,triclinic,3,C H O,True
7236679,H7C4(N2O)4,H28 C16 N32 O16,92,92,907.6914,P2/c,13,monoclinic,4,C H N O,True
7236683,H9C11SNO3,H36 C44 S4 N4 O12,100,100,983.4769,P2_1/c,14,monoclinic,5,C H N O S,True
7236711,H19C18SNO,H38 C36 S2 N2 O2,80,80,755.8307,P-1,2,triclinic,5,C H N O S,True
7236728,H13(C4N)3,H26 C24 N6,56,56,538.0752,P-1,2,triclinic,3,C H N,True
7236811,H40C32S3,H80 C64 S6,150,150,1387.5176,P-1,2,triclinic,3,C H S,True
7236835,CuH16C26(NO5)2,Cu2 H32 C52 N4 O20,110,110,1170.3877,P2_1/c,14,monoclinic,5,C Cu H N O,True
7236872,H3C4S2NO,H6 C8 S4 N2 O2,22,22,281.8567,P-1,2,triclinic,5,C H N O S,True
7236894,FeB2H44(C5N2)6,Fe1 B2 H44 C30 N12,89,89,793.579,P-1,2,triclinic,5,B C Fe H N,True
7236908,H23C27N3O2,H46 C54 N6 O4,110,110,1115.458,P-1,2,triclinic,4,C H N O,True
7236974,H12C19BrNO,H48 C76 Br4 N4 O4,136,136,1452.8153,P2_1/c,14,monoclinic,5,Br C H N O,True
7236991,Cs3Fe2Br9,Cs6 Fe4 Br18,28,28,915.6817,P6_3/mmc,194,hexagonal,3,Br Cs Fe,False
7236993,ZnH24C16N2(Cl2O)2,Zn2 H48 C32 N4 Cl8 O4,98,98,1040.7452,P2_1,4,monoclinic,6,C Cl H N O Zn,True
7237018,FeH16C18(BrN5)2,Fe2 H32 C36 Br4 N20,94,94,1076.6601,P2/c,13,monoclinic,5,Br C Fe H N,True
7237027,H4C10SNO2F3,H16 C40 S4 N4 O8 F12,84,84,953.3876,P2_1/c,14,monoclinic,6,C F H N O S,True
7237035,H7(C4S)2,H28 C32 S8,68,68,743.9809,P2_1/c,14,monoclinic,3,C H S,True
7237039,H26C26S3(NF)2,H52 C52 S6 N4 F4,118,118,1245.7671,P2_1,4,monoclinic,5,C F H N S,True
7237206,CuH11C6(IN)2,Cu4 H44 C24 I8 N8,88,88,1142.4401,P-1,2,triclinic,5,C Cu H I N,True
7237231,H5C2N4O3,H20 C8 N16 O12,56,56,504.0764,P-1,2,triclinic,4,C H N O,True
7237235,BiH10C10I4N,Bi2 H20 C20 I8 N2,52,52,833.0405,P-1,2,triclinic,5,Bi C H I N,True
7237366,ZnH10C4(NO3)2,Zn2 H20 C8 N4 O12,46,46,414.5962,P1,1,triclinic,5,C H N O Zn,True
7237542,H8C9N2O3,H32 C36 N8 O12,88,88,850.7073,Pnc2,30,orthorhombic,4,C H N O,True
7237660,CuH36C14(N3O4)2,Cu2 H72 C28 N12 O16,130,130,1060.2878,P-1,2,triclinic,5,C Cu H N O,True
7237705,H17C20NClO,H34 C40 N2 Cl2 O2,80,80,831.592,P-1,2,triclinic,5,C Cl H N O,True
7237837,NaCrH22C10(NO6)2,Na2 Cr2 H44 C20 N4 O24,96,96,905.7921,Pc,7,monoclinic,6,C Cr H N Na O,True
7237847,NaCrH22C10(NO6)2,Na2 Cr2 H44 C20 N4 O24,96,96,849.8655,Pc,7,monoclinic,6,C Cr H N Na O,True
7237849,NaCrH22C10(NO6)2,Na2 Cr2 H44 C20 N4 O24,96,96,737.9745,P2_1/c,14,monoclinic,6,C Cr H N Na O,True
7237890,H18C21N2O,H36 C42 N4 O2,84,84,831.134,P-1,2,triclinic,4,C H N O,True
7237935,H15C19NO,H60 C76 N4 O4,144,144,1478.5429,P2_1/c,14,monoclinic,4,C H N O,True
7237956,H23PtC27N3O2,H46 Pt2 C54 N6 O4,112,112,1158.9545,P-1,2,triclinic,5,C H N O Pt,True
7237983,H5C5S3,H40 C40 S24,104,104,1355.2219,P2_12_12_1,19,orthorhombic,3,C H S,True
7238080,H21C20N3,H42 C40 N6,88,88,786.8852,P2_1/m,11,monoclinic,3,C H N,True
7238226,H14C9N2O3,H56 C36 N8 O12,112,112,1010.6261,P2_1/c,14,monoclinic,4,C H N O,True
7238402,BH10C22OF15,B2 H20 C44 O2 F30,98,98,1059.4739,P-1,2,triclinic,5,B C F H O,True
7238419,H14C11(NO)2,H56 C44 N8 O8,116,116,1046.2931,P2_1/c,14,monoclinic,4,C H N O,True
7238493,H13C11NO4,H52 C44 N4 O16,116,116,1071.364,P2_1/c,14,monoclinic,4,C H N O,True
7238543,CoH14(C9N2)2,Co4 H56 C72 N16,148,148,1370.7569,Pna2_1,33,orthorhombic,4,C Co H N,True
7238561,H13C15NO2,H52 C60 N4 O8,124,124,1230.0455,P2_1/c,14,monoclinic,4,C H N O,True
7238740,H7C9NO,H28 C36 N4 O4,72,72,691.8204,P-1,2,triclinic,4,C H N O,True
7238776,H24C23N2O3F2,H48 C46 N4 O6 F4,108,108,998.9448,P-1,2,triclinic,5,C F H N O,True
7238779,H8C6S(BrO)2,H32 C24 S4 Br8 O8,76,76,931.7205,P-1,2,triclinic,5,Br C H O S,True
7238799,H15C14NO2,H30 C28 N2 O4,64,64,571.3585,P-1,2,triclinic,4,C H N O,True
7238824,H4C3(N3O2)2,H32 C24 N48 O32,136,136,1299.5933,Pbca,61,orthorhombic,4,C H N O,True
7238889,H15C19BrN2O,H30 C38 Br2 N4 O2,76,76,844.5018,P-1,2,triclinic,5,Br C H N O,True
7239129,H21C23N5O2,H42 C46 N10 O4,102,102,1039.0101,P-1,2,triclinic,4,C H N O,True
7239175,H13C20NO3,H52 C80 N4 O12,148,148,1487.3939,Pna2_1,33,orthorhombic,4,C H N O,True
7239197,CdH22C14(Se2N3)2,Cd2 H44 C28 Se8 N12,94,94,1110.2672,P2_1/m,11,monoclinic,5,C Cd H N Se,True
7239243,H27C33N2,H54 C66 N4,124,124,1216.4716,P-1,2,triclinic,3,C H N,True
7239253,CuH34C20N4O13,Cu2 H68 C40 N8 O26,144,144,1320.7968,P-1,2,triclinic,5,C Cu H N O,True
7239254,H2C5S2BrN2,H8 C20 S8 Br4 N8,48,48,739.8433,P2_1/c,14,monoclinic,5,Br C H N S,True
7239283,CdH14C14(NO)4,Cd4 H56 C56 N16 O16,148,74,1483.8992,Iba2,45,orthorhombic,5,C Cd H N O,True
7239321,H12C16NClO,H48 C64 N4 Cl4 O4,124,124,1294.6956,P2_1/c,14,monoclinic,5,C Cl H N O,True
7239324,H15C14NO7,H60 C56 N4 O28,148,148,1275.8313,P2_1/c,14,monoclinic,4,C H N O,True
7239390,Fe2TeH9C13O3,Fe8 Te4 H36 C52 O12,112,112,1376.5158,P-1,2,triclinic,5,C Fe H O Te,True
7239419,CdH18C16N10O,Cd2 H36 C32 N20 O2,92,92,982.7091,P-1,2,triclinic,5,C Cd H N O,True
7239466,H7C15N2OF5,H28 C60 N8 O4 F20,120,120,1316.9652,P2_1/c,14,monoclinic,5,C F H N O,True
7239529,H4C5(N4O5)2,H16 C20 N32 O40,108,108,1161.1372,Pna2_1,33,orthorhombic,4,C H N O,True
7239609,H5C8INO2,H20 C32 I4 N4 O8,68,68,824.9272,P-1,2,triclinic,5,C H I N O,True
7239669,GaH10C14N2O8F,Ga2 H20 C28 N4 O16 F2,72,36,733.8592,C2/m,12,monoclinic,6,C F Ga H N O,True
7239705,H18C9NO4,H72 C36 N4 O16,128,64,1136.986,C2,5,monoclinic,4,C H N O,True
7239722,H11C13O2,H44 C52 O8,104,104,924.4086,P2_1/c,14,monoclinic,3,C H O,True
7239928,H9C9NO,H36 C36 N4 O4,80,80,737.3504,P-1,2,triclinic,4,C H N O,True
7240003,ReH7C13N2Cl2O3,Re4 H28 C52 N8 Cl8 O12,112,112,1395.318,P2_1/c,14,monoclinic,6,C Cl H N O Re,True
7240022,H8C9N4,H32 C36 N16,84,84,826.3539,P2_12_12_1,19,orthorhombic,3,C H N,True
7240056,H15C15N3O5,H30 C30 N6 O10,76,76,734.9192,P-1,2,triclinic,4,C H N O,True
7240105,H7C10BrN2O,H28 C40 Br4 N8 O4,84,84,943.3932,P-1,2,triclinic,5,Br C H N O,True
7240166,FeH11C6(NCl2)2,Fe4 H44 C24 N8 Cl16,96,96,1230.5226,P2_1/c,14,monoclinic,5,C Cl Fe H N,True
7240371,H10C11Br2(NO)2,H40 C44 Br8 N8 O8,108,108,1315.8924,P2_1/c,14,monoclinic,5,Br C H N O,True
7240390,CuH14C10N2Cl2O,Cu4 H56 C40 N8 Cl8 O4,120,120,1245.1507,P2_1/c,14,monoclinic,6,C Cl Cu H N O,True
7240405,CsH2C4N3O4,Cs4 H8 C16 N12 O16,56,56,723.6391,P2_1/c,14,monoclinic,5,C Cs H N O,True
7240411,H7C10N,H56 C80 N8,144,144,1475.3462,P2_1/c,14,monoclinic,3,C H N,True
7240415,H22C23S(NO)2,H44 C46 S2 N4 O4,100,100,981.5638,P-1,2,triclinic,5,C H N O S,True
7240424,H16C16O3,H64 C64 O12,140,140,1345.247,P2_1/c,14,monoclinic,3,C H O,True
7240487,H19C17SN6ClO5,H38 C34 S2 N12 Cl2 O10,98,98,969.9879,P-1,2,triclinic,6,C Cl H N O S,True
7240639,PH18C15NO2,P4 H72 C60 N4 O8,148,148,1404.5425,P2_1/c,14,monoclinic,5,C H N O P,True
7240676,H12C10SN4O3,H48 C40 S4 N16 O12,120,120,1120.4124,P2_1/c,14,monoclinic,5,C H N O S,True
7240696,H24C20N4O3,H48 C40 N8 O6,102,102,938.2762,P2_1,4,monoclinic,4,C H N O,True
7240711,Na6CuTeH16W6C4(NO24)2,Na6 Cu1 Te1 H16 W6 C4 N2 O48,84,84,1145.8401,P-1,2,triclinic,8,C Cu H N Na O Te W,True
7240840,H21C25N2OF5,H42 C50 N4 O2 F10,108,108,1074.4136,P-1,2,triclinic,5,C F H N O,True
7240942,H6Pt(NCl)2,H24 Pt4 N8 Cl8,44,44,497.1076,P4/mnc,128,tetragonal,4,Cl H N Pt,False
7240968,H13(C9N2)2,H52 C72 N16,140,140,1382.3056,P2_12_12_1,19,orthorhombic,3,C H N,True
7240989,H20C17N2O5,H40 C34 N4 O10,88,88,838.0021,P-1,2,triclinic,4,C H N O,True
7241038,PH30Au(C9Cl)2,P2 H60 Au2 C36 Cl4,104,104,1017.2686,P-1,2,triclinic,5,Au C Cl H P,True
7241041,H12C17O,H48 C68 O4,120,120,1181.0324,P-1,2,triclinic,3,C H O,True
7241103,H5C4NO2,H20 C16 N4 O8,48,48,428.5704,P-1,2,triclinic,4,C H N O,True
7241249,CuH10C8(NO2)4,Cu2 H20 C16 N8 O16,62,62,611.76,P2_1/c,14,monoclinic,5,C Cu H N O,True
7241421,CuPH26C31N3Cl,Cu1 P1 H26 C31 N3 Cl1,63,63,677.1361,P1,1,triclinic,6,C Cl Cu H N P,True
7241481,H13C10SNO2,H52 C40 S4 N4 O8,108,108,1068.4706,P2_1/c,14,monoclinic,5,C H N O S,True
7241644,BH11C3N,B8 H88 C24 N8,128,128,1002.1763,P2_1/c,14,monoclinic,4,B C H N,True
7241796,H23C21NO4,H46 C42 N2 O8,98,98,906.4528,P-1,2,triclinic,4,C H N O,True
7241848,As2O3,As8 O12,20,20,233.1365,P2_1/c,14,monoclinic,2,As O,False
7241852,As2O3,As8 O12,20,20,306.531,P2_1/c,14,monoclinic,2,As O,False
7241908,H12C5NClO,H48 C20 N4 Cl4 O4,80,80,706.6892,P2_1/c,14,monoclinic,5,C Cl H N O,True
7242071,H9C13NO3,H18 C26 N2 O6,52,52,526.0988,P-1,2,triclinic,4,C H N O,True
7242224,H12C7O6,H48 C28 O24,100,100,903.4533,P-1,2,triclinic,3,C H O,True
7242243,AgH6C8N4O3F,Ag2 H12 C16 N8 O6 F2,46,46,503.4006,P-1,2,triclinic,6,Ag C F H N O,True
7242318,H10C5I2N,H40 C20 I8 N4,72,72,907.1429,P-1,2,triclinic,4,C H I N,True
7242330,H14C16SO2,H56 C64 S4 O8,132,132,1415.9581,P2_12_12_1,19,orthorhombic,4,C H O S,True
7242349,H6C9F,H24 C36 F4,64,64,652.6946,P2_1/c,14,monoclinic,3,C F H,True
7242370,H17C21SBrN3ClO2,H17 C21 S1 Br1 N3 Cl1 O2,46,46,525.232,P1,1,triclinic,7,Br C Cl H N O S,True
7242551,Cu3H28C30(N5O6)2,Cu3 H28 C30 N10 O12,83,83,782.373,P-1,2,triclinic,5,C Cu H N O,True
7242759,H4C7O,H16 C28 O4,48,48,472.2412,P2_1/c,14,monoclinic,3,C H O,True
7242807,H16C20N2Cl4O3,H32 C40 N4 Cl8 O6,90,90,1000.152,P-1,2,triclinic,5,C Cl H N O,True
7242844,BiH10C8S2Br5N4,Bi2 H20 C16 S4 Br10 N8,60,60,902.6549,P2_1/c,14,monoclinic,6,Bi Br C H N S,True
7242881,C2(SN)3,C8 S12 N12,32,32,453.3628,P2_1/c,14,monoclinic,3,C N S,True
7242985,H16C21N2(ClO)2,H32 C42 N4 Cl4 O4,86,86,933.2955,P-1,2,triclinic,5,C Cl H N O,True
7243071,H6C6NO3,H48 C48 N8 O24,128,64,1205.0895,C2/c,15,monoclinic,4,C H N O,True
7243110,NiBiPO5,Ni2 Bi2 P2 O10,16,16,195.0303,P-1,2,triclinic,4,Bi Ni O P,False
7243118,CuH18C16(NO2)2,Cu2 H36 C32 N4 O8,82,82,775.5086,P-1,2,triclinic,5,C Cu H N O,True
7243257,H28C18N2O9,H56 C36 N4 O18,114,57,1013.409,C2,5,monoclinic,4,C H N O,True
7243275,HgH8C10Br2N4O,Hg4 H32 C40 Br8 N16 O4,104,104,1281.9285,P2_1/c,14,monoclinic,6,Br C H Hg N O,True
7243303,H18C18N2O3,H36 C36 N4 O6,82,82,760.4049,P-1,2,triclinic,4,C H N O,True
7243350,PH25C22O3,P2 H50 C44 O6,102,102,968.0081,P-1,2,triclinic,4,C H O P,True
7243376,H9C4N2O3,H36 C16 N8 O12,72,72,624.098,P2_1/c,14,monoclinic,4,C H N O,True
7243457,H21C31(NO2)2,H42 C62 N4 O8,116,116,1152.4359,P-1,2,triclinic,4,C H N O,True
7243476,H27C31N4ClO7,H54 C62 N8 Cl2 O14,140,140,1449.9687,P-1,2,triclinic,5,C Cl H N O,True
7243564,Rb2B5HO9,Rb8 B20 H4 O36,68,68,860.9404,Pca2_1,29,orthorhombic,4,B H O Rb,False
7243574,H10C7O,H80 C56 O8,144,144,1254.6987,P2_1,4,monoclinic,3,C H O,True
7243670,CdH18C20(NO2)2,Cd2 H36 C40 N4 O8,90,90,887.5031,P-1,2,triclinic,5,C Cd H N O,True
7243948,H2CO,H48 C24 O24,96,96,845.2641,P2_12_12_1,19,orthorhombic,3,C H O,True
7243962,H4C6SNO,H32 C48 S8 N8 O8,104,104,1103.4076,P2_1/c,14,monoclinic,5,C H N O S,True
7244066,H28C23S4N8O5,H56 C46 S8 N16 O10,136,136,1403.8734,P-1,2,triclinic,5,C H N O S,True
7244198,Re2H17C8Br(NO4)2,Re4 H34 C16 Br2 N4 O16,76,76,785.6405,P-1,2,triclinic,6,Br C H N O Re,True
7244287,H12C11(BrO3)2,H48 C44 Br8 O24,124,124,1334.9305,P2_1/c,14,monoclinic,4,Br C H O,True
7244325,CdH32C32(N2O3)4,Cd1 H32 C32 N8 O12,85,85,975.8827,P-1,2,triclinic,5,C Cd H N O,True
7244444,CuH16Au2(C3N)8,Cu2 H32 Au4 C48 N16,102,102,1254.1027,P-1,2,triclinic,5,Au C Cu H N,True
7244553,H13C7BrN2,H52 C28 Br4 N8,92,92,913.3562,P2_1/c,14,monoclinic,4,Br C H N,True
7244636,H13C14NO2,H52 C56 N4 O8,120,120,1143.7828,P2_1/c,14,monoclinic,4,C H N O,True
7244776,CdH11C13N5O4,Cd4 H44 C52 N20 O16,136,136,1479.3006,P2_1/c,14,monoclinic,5,C Cd H N O,True
7244897,H24C21N2O5,H48 C42 N4 O10,104,104,1044.3754,P2_1,4,monoclinic,4,C H N O,True
7244911,Co2P3H29C9N3O14,Co4 P6 H58 C18 N6 O28,120,120,1007.7885,P-1,2,triclinic,6,C Co H N O P,True
7245011,H20C17S2N,H40 C34 S4 N2,80,80,752.5065,P-1,2,triclinic,4,C H N S,True
7245027,H18C23N2O,H36 C46 N4 O2,88,88,842.0819,P-1,2,triclinic,4,C H N O,True
7245028,Sr2CdGe2S6O,Sr4 Cd2 Ge4 S12 O2,24,24,573.1294,P-42_1m,113,tetragonal,5,Cd Ge O S Sr,False
7245061,FeH16(C2N)10,Fe2 H32 C40 N20,94,94,977.4182,P2_1/c,14,monoclinic,4,C Fe H N,True
7245087,H6C13NOF5,H24 C52 N4 O4 F20,104,104,1145.7291,P2_1,4,monoclinic,5,C F H N O,True
7245158,KCoH12C9N5O3,K2 Co2 H24 C18 N10 O6,62,62,661.9162,P-62c,190,hexagonal,6,C Co H K N O,True
7245187,H35C28O7F,H70 C56 O14 F2,142,142,1223.7377,P2_1,4,monoclinic,4,C F H O,True
7245191,H13C10SBrO4,H26 C20 S2 Br2 O8,58,58,615.2092,P-1,2,triclinic,5,Br C H O S,True
7245208,H27C39NO,H54 C78 N2 O2,136,136,1370.3079,P-1,2,triclinic,4,C H N O,True
7245223,H5C13(IF2)2,H10 C26 I4 F8,48,48,678.9439,P-1,2,triclinic,4,C F H I,True
7245487,ZnH6C14NO9,Zn2 H12 C28 N2 O18,62,62,715.8299,P-1,2,triclinic,5,C H N O Zn,True
7245570,Cu2H8C7N2O11,Cu4 H16 C14 N4 O22,60,60,609.9495,P-1,2,triclinic,5,C Cu H N O,True
7245582,H21C28N5,H42 C56 N10,108,108,1128.7985,P-1,2,triclinic,3,C H N,True
7245631,H3C4N2O,H12 C16 N8 O4,40,40,432.9304,P2_1/c,14,monoclinic,4,C H N O,True
7245652,H7C10NO6,H28 C40 N4 O24,96,96,939.5089,P-1,2,triclinic,4,C H N O,True
7245677,H29RuC26N4ClO2,H58 Ru2 C52 N8 Cl2 O4,126,126,1221.6129,P-1,2,triclinic,6,C Cl H N O Ru,True
7245729,Co3P6H18C10(NO6)4,Co3 P6 H18 C10 N4 O24,65,65,637.7613,P-1,2,triclinic,6,C Co H N O P,True
7245751,H11PbC3SN2Cl3O,H44 Pb4 C12 S4 N8 Cl12 O4,88,88,1154.7478,P2_1/c,14,monoclinic,7,C Cl H N O Pb S,True
7245811,La2Si2Ni3,La8 Si8 Ni12,28,28,522.2529,P2_1/c,14,monoclinic,3,La Ni Si,False
7245818,GdH34C24N3O11,Gd2 H68 C48 N6 O22,146,146,1394.4298,P-1,2,triclinic,5,C Gd H N O,True
7246003,CdH9C13N3O5,Cd2 H18 C26 N6 O10,62,62,825.5765,P-1,2,triclinic,5,C Cd H N O,True
7246038,H28C26N2O17,H56 C52 N4 O34,146,146,1334.5692,P-1,2,triclinic,4,C H N O,True
7246061,H14C18N5Cl,H28 C36 N10 Cl2,76,76,782.3988,P-1,2,triclinic,4,C Cl H N,True
7246101,H10C16Br2O,H40 C64 Br8 O4,116,116,1389.2516,Pnma,62,orthorhombic,4,Br C H O,True
7246103,PH8C3NO5,P4 H32 C12 N4 O20,72,72,658.5144,P2_1/c,14,monoclinic,5,C H N O P,True
7246108,PH8C3NO5,P4 H32 C12 N4 O20,72,72,632.909,P2_1/c,14,monoclinic,5,C H N O P,True
7246113,PH8C3NO5,P4 H32 C12 N4 O20,72,72,577.7653,P2_1/c,14,monoclinic,5,C H N O P,True
7246123,H12C13O4,H24 C26 O8,58,58,570.0701,P-1,2,triclinic,3,C H O,True
7246190,H28C23N8O7,H56 C46 N16 O14,132,132,1270.2892,P-1,2,triclinic,4,C H N O,True
7246346,FeH16C18Br5(NO)2,Fe2 H32 C36 Br10 N4 O4,88,88,1144.2072,P-1,2,triclinic,6,Br C Fe H N O,True
7246349,SnH20C18N2(Cl3O2)2,Sn1 H20 C18 N2 Cl6 O4,51,51,609.2358,P-1,2,triclinic,6,C Cl H N O Sn,True
7246372,H16C15SN2Cl2O3,H32 C30 S2 N4 Cl4 O6,78,78,818.4999,P-1,2,triclinic,6,C Cl H N O S,True
7246377,H11C13SN3Cl2O3,H22 C26 S2 N6 Cl4 O6,66,66,749.6775,P-1,2,triclinic,6,C Cl H N O S,True
7246407,BH30C32Br,B2 H60 C64 Br2,128,128,1352.4867,P-1,2,triclinic,4,B Br C H,True
7246413,H10C15INO,H40 C60 I4 N4 O4,112,112,1325.6456,P2_1/c,14,monoclinic,5,C H I N O,True
7246422,EuGdCuTe3,Eu4 Gd4 Cu4 Te12,24,24,708.4207,Pnma,62,orthorhombic,4,Cu Eu Gd Te,False
7246479,CuH6C10I2(NCl2)2,Cu2 H12 C20 I4 N4 Cl8,50,50,818.9941,P2_1/c,14,monoclinic,6,C Cl Cu H I N,True
7246482,ZnH13(C5O4)2,Zn2 H26 C20 O16,64,64,587.9976,P-1,2,triclinic,4,C H O Zn,True
7246500,H32C28N4ClO6F,H64 C56 N8 Cl2 O12 F2,144,144,1365.9708,P-1,2,triclinic,6,C Cl F H N O,True
7246630,H6C11SeS3N2F,H24 C44 Se4 S12 N8 F4,96,96,1294.2484,P2_1/m,11,monoclinic,6,C F H N S Se,True
7246643,H5C7SIO,H20 C28 S4 I4 O4,60,60,803.7617,P2_12_12_1,19,orthorhombic,5,C H I O S,True
7246671,H3C5S4N,H12 C20 S16 N4,52,52,763.7854,P-1,2,triclinic,4,C H N S,True
7246673,AgH4C3S2N,Ag4 H16 C12 S8 N4,44,44,550.1486,P2_1/c,14,monoclinic,5,Ag C H N S,True
7246753,H16C13NO5F,H32 C26 N2 O10 F2,72,72,702.7907,P-1,2,triclinic,5,C F H N O,True
7246766,PH38C27ClO2,P2 H76 C54 Cl2 O4,138,138,1417.218,P2_1,4,monoclinic,5,C Cl H O P,True
7246779,H14C7O6,H56 C28 O24,108,108,866.5227,P2_12_12_1,19,orthorhombic,3,C H O,True
7246910,Na3VPCO8,Na6 V2 P2 C2 O16,28,28,335.2473,P2_1/m,11,monoclinic,5,C Na O P V,True
7246927,Zn4H19C37NO21,Zn4 H19 C37 N1 O21,82,82,1395.5414,P1,1,triclinic,5,C H N O Zn,True
7246933,H11C10NO4,H22 C20 N2 O8,52,52,473.5915,Pc,7,monoclinic,4,C H N O,True
7246963,H4C8SNF3,H16 C32 S4 N4 F12,68,68,832.1548,P2_1/c,14,monoclinic,5,C F H N S,True
7246996,Cs3Ta(IO3)8,Cs6 Ta2 I16 O48,72,72,1323.6674,P31c,159,trigonal,4,Cs I O Ta,False
7247080,H13C14NO2,H26 C28 N2 O4,60,60,572.7677,P-1,2,triclinic,4,C H N O,True
7247106,AlP2O7,Al2 P4 O14,20,20,298.3857,P6_3mc,186,hexagonal,3,Al O P,False
7247217,H12C11(NO)4,H24 C22 N8 O8,62,62,612.1213,P2/c,13,monoclinic,4,C H N O,True
7247291,H14C9INCl4,H56 C36 I4 N4 Cl16,116,116,1437.7547,P2_1/c,14,monoclinic,5,C Cl H I N,True
7247377,H13C14NO4,H52 C56 N4 O16,128,128,1246.3602,P2_1/c,14,monoclinic,4,C H N O,True
7247403,H20C18SN3O8,H40 C36 S2 N6 O16,100,100,988.7809,P-1,2,triclinic,5,C H N O S,True
7247417,CuH18C8(N4O7)2,Cu2 H36 C16 N16 O28,98,98,968.1493,P2_1/c,14,monoclinic,5,C Cu H N O,True
7247476,H10C10O3,H40 C40 O12,92,92,902.7723,P2_1/c,14,monoclinic,3,C H O,True
7247565,FeH32C34(N4O3)2,Fe1 H32 C34 N8 O6,81,81,801.6886,P-1,2,triclinic,5,C Fe H N O,True
7247584,H13C15NO3,H26 C30 N2 O6,64,64,608.2907,P-1,2,triclinic,4,C H N O,True
7247635,H4C7SN2,H16 C28 S4 N8,56,56,610.6678,P2_1/c,14,monoclinic,4,C H N S,True
7247642,H3C2OF3,H48 C32 O16 F48,144,144,1425.1806,P2_1/c,14,monoclinic,4,C F H O,True
7247651,Eu(InAs)2,Eu3 In6 As6,15,5,404.9803,R-3m,166,trigonal,3,As Eu In,False
7247699,H7C8NO,H56 C64 N8 O8,136,136,1345.1874,P2_1/c,14,monoclinic,4,C H N O,True
7247747,MnH16C15N3O4,Mn2 H32 C30 N6 O8,78,78,780.9194,P-1,2,triclinic,5,C H Mn N O,True
7247883,H26C23INO2,H52 C46 I2 N2 O4,106,106,1003.0684,Pc,7,monoclinic,5,C H I N O,True
7248055,MnH22C33N2O13,Mn2 H44 C66 N4 O26,142,142,1465.3012,P-1,2,triclinic,5,C H Mn N O,True
7248092,H7C14(NF)2,H28 C56 N8 F8,100,100,1074.4576,P-1,2,triclinic,4,C F H N,True
7248289,EuH21C24O13,Eu2 H42 C48 O26,118,118,1204.593,P-1,2,triclinic,4,C Eu H O,True
7248293,H10C22BrN5,H20 C44 Br2 N10,76,76,886.9591,P-1,2,triclinic,4,Br C H N,True
7248308,FeAg2H24C6(I2N3)2,Fe2 Ag4 H48 C12 I8 N12,86,86,1030.1114,P6_322,182,hexagonal,6,Ag C Fe H I N,True
7248367,H5C8Br2N,H20 C32 Br8 N4,64,64,869.4873,Pnma,62,orthorhombic,4,Br C H N,True
7248442,C5F9,C10 F18,28,28,330.6353,P-1,2,triclinic,2,C F,True
7248458,H9C5,H72 C40,112,112,867.1225,P-1,2,triclinic,2,C H,True
7248546,NiH20C24(N3O4)2,Ni1 H20 C24 N6 O8,59,59,560.9863,P-1,2,triclinic,5,C H N Ni O,True
7248573,K2MnPO3F4,K8 Mn4 P4 O12 F16,44,44,644.7876,P2_1/c,14,monoclinic,5,F K Mn O P,False
7248641,SiBH10C10O2F,Si2 B2 H20 C20 O4 F2,50,50,544.4916,P-1,2,triclinic,6,B C F H O Si,True
7248661,AgH8C11O3F5,Ag2 H16 C22 O6 F10,56,56,593.499,P-1,2,triclinic,5,Ag C F H O,True
7248717,H13C13SN2ClO2,H52 C52 S4 N8 Cl4 O8,128,128,1334.2914,P2_1/c,14,monoclinic,6,C Cl H N O S,True
7248719,H17C15SNO3,H68 C60 S4 N4 O12,148,148,1393.3276,P-1,2,triclinic,5,C H N O S,True
7248740,H10C12(N2O)3,H40 C48 N24 O12,124,124,1002.5878,P2_1/c,14,monoclinic,4,C H N O,True
7248764,H10C17SN3F,H40 C68 S4 N12 F4,128,128,1411.6136,P2_1/c,14,monoclinic,5,C F H N S,True
7248812,CuB2H48C42N8(OF4)2,Cu1 B2 H48 C42 N8 O2 F8,111,111,1113.8151,P-1,2,triclinic,7,B C Cu F H N O,True
7248826,CdH13C7NCl4,Cd4 H52 C28 N4 Cl16,104,104,1217.3247,P2_1/c,14,monoclinic,5,C Cd Cl H N,True
7248910,H14C15SBrN3,H56 C60 S4 Br4 N12,136,136,1481.2892,P2_1/c,14,monoclinic,5,Br C H N S,True
7248934,H9(CN)7,H18 C14 N14,46,46,472.9172,P-1,2,triclinic,3,C H N,True
7248938,Cu2Ag3H16C24Br5(N2O)2,Cu4 Ag6 H32 C48 Br10 N8 O4,112,112,1459.0434,P-1,2,triclinic,7,Ag Br C Cu H N O,True
7248944,H12C12S(NO2)2,H24 C24 S2 N4 O8,62,62,648.1693,P-1,2,triclinic,5,C H N O S,True
7248966,GdH20C14N9O10,Gd2 H40 C28 N18 O20,108,108,1115.6859,P-1,2,triclinic,5,C Gd H N O,True
7249022,H7C15I3NOF3,H14 C30 I6 N2 O2 F6,60,60,858.7267,P-1,2,triclinic,6,C F H I N O,True
7249044,HC,H36 C36,72,72,693.3448,P2_1/c,14,monoclinic,2,C H,True
7249056,SbH20C15Br9N2,Sb2 H40 C30 Br18 N4,94,94,1324.0992,P2_12_12,18,orthorhombic,5,Br C H N Sb,True
7249112,H7C10O,H56 C80 O8,144,144,1351.9406,P2_1/c,14,monoclinic,3,C H O,True
7249271,H10C7BrN5,H40 C28 Br4 N20,92,92,960.9951,Pna2_1,33,orthorhombic,4,Br C H N,True
7249291,H30C31O4,H60 C62 O8,130,130,1218.8786,P-1,2,triclinic,3,C H O,True
7249353,H8C7(N2O)2,H16 C14 N8 O4,42,42,400.3981,Pc,7,monoclinic,4,C H N O,True
7249416,H17C13N3O2,H68 C52 N12 O8,140,140,1343.9036,P2_1/c,14,monoclinic,4,C H N O,True
7249450,Sn3S4,Sn24 S32,56,14,1158.2205,Fd-3m,227,cubic,2,S Sn,False
7249471,H28C22SN4O7F,H56 C44 S2 N8 O14 F2,126,126,1135.7822,P-1,2,triclinic,6,C F H N O S,True
7249490,H27C35N3,H54 C70 N6,130,130,1399.4038,P-1,2,triclinic,3,C H N,True
7249640,H18C25N5(OF)3,H36 C50 N10 O6 F6,108,108,1130.0101,P-1,2,triclinic,5,C F H N O,True
7249667,H3C8N4O3F,H6 C16 N8 O6 F2,38,38,407.0479,P2_1,4,monoclinic,5,C F H N O,True
7249712,H11C11N(ClO)2,H44 C44 N4 Cl8 O8,108,54,1162.1962,Cc,9,monoclinic,5,C Cl H N O,True
7249769,UH17C16NO8,U2 H34 C32 N2 O16,86,86,832.7177,P-1,2,triclinic,5,C H N O U,True
7249780,H7C9S3N4,H14 C18 S6 N8,46,46,541.954,P-1,2,triclinic,4,C H N S,True
7249781,H4C4S2N3,H16 C16 S8 N12,52,52,665.8506,P-1,2,triclinic,4,C H N S,True
7249819,ZnH8C9O4,Zn4 H32 C36 O16,88,88,897.8501,P2_1/c,14,monoclinic,4,C H O Zn,True
7249835,H5C5NO2,H40 C40 N8 O16,104,104,982.5028,P-1,2,triclinic,4,C H N O,True
7249857,P2H30C18N6O17,P2 H30 C18 N6 O17,73,73,653.2909,P1,1,triclinic,5,C H N O P,True
7249881,H21C25N2ClO,H42 C50 N4 Cl2 O2,100,100,1060.5356,P-1,2,triclinic,5,C Cl H N O,True
7249891,H20C17SN2,H60 C51 S3 N6,120,120,1175.4355,P3_2,145,trigonal,4,C H N S,True
7249894,C3ClF2,C12 Cl4 F8,24,12,347.7352,C2/m,12,monoclinic,3,C Cl F,True
7249980,AlZn2Mo6H40C18(N7O19)2,Al1 Zn2 Mo6 H40 C18 N14 O38,119,119,1244.2251,P-1,2,triclinic,7,Al C H Mo N O Zn,True
7250054,PH13C7O,P2 H26 C14 O2,44,44,371.5656,P-1,2,triclinic,4,C H O P,True
7250090,FeH8C11BrN,Fe4 H32 C44 Br4 N4,88,88,1000.1739,P2_12_12_1,19,orthorhombic,5,Br C Fe H N,True
7250101,H6C5NO2,H48 C40 N8 O16,112,112,1014.7057,P2_1/c,14,monoclinic,4,C H N O,True
7250175,H6C8NO,H48 C64 N8 O8,128,128,1245.2288,P-1,2,triclinic,4,C H N O,True
7250237,H13(C8N)2,H52 C64 N8,124,124,1311.7908,P-1,2,triclinic,3,C H N,True
7250273,H10C6O5,H40 C24 O20,84,84,663.5204,P2_12_12_1,19,orthorhombic,3,C H O,True
7250354,P2H28PdC18IN7O2,P4 H56 Pd2 C36 I2 N14 O4,118,118,1184.163,P-1,2,triclinic,7,C H I N O P Pd,True
7250372,H9C11S2O,H36 C44 S8 O4,92,92,1021.9819,P2_1/c,14,monoclinic,4,C H O S,True
7250420,H14C12S(NO)2,H28 C24 S2 N4 O4,62,62,568.0664,P-1,2,triclinic,5,C H N O S,True
7250707,ZnH14C8(NCl)4,Zn4 H56 C32 N16 Cl16,124,124,1478.8829,P2_1/c,14,monoclinic,5,C Cl H N Zn,True
7250812,BH27C18S2(NF2)2,B2 H54 C36 S4 N4 F8,108,108,1009.1843,P-1,2,triclinic,6,B C F H N S,True
7250852,TeH7C6I4N,Te4 H28 C24 I16 N4,76,76,1367.68,P2_1/c,14,monoclinic,5,C H I N Te,True
7250899,H7C8NO3,H14 C16 N2 O6,38,38,365.7522,Pc,7,monoclinic,4,C H N O,True
7250923,H10C10NO2F,H40 C40 N4 O8 F4,96,96,944.9243,Pnma,62,orthorhombic,5,C F H N O,True
7250983,H19C12N3O,H76 C48 N12 O4,140,140,1240.5767,P2_1/c,14,monoclinic,4,C H N O,True
7251001,H16C11N3ClO,H64 C44 N12 Cl4 O4,128,128,1245.9817,P2_1/c,14,monoclinic,5,C Cl H N O,True
7251028,H5C13SCl2OF5,H20 C52 S4 Cl8 O4 F20,108,108,1445.2196,P2_1/c,14,monoclinic,6,C Cl F H O S,True
7251032,H4C11S2ClOF5,H16 C44 S8 Cl4 O4 F20,96,96,1286.7592,P2_1/c,14,monoclinic,6,C Cl F H O S,True
7251037,H10C15N2,H20 C30 N4,54,54,531.7598,P-1,2,triclinic,3,C H N,True
7251070,H12C12SBrNO3,H48 C48 S4 Br4 N4 O12,120,120,1321.3263,P2_1/c,14,monoclinic,6,Br C H N O S,True
7251075,H12C6N8O7,H48 C24 N32 O28,132,66,1197.6007,Cc,9,monoclinic,4,C H N O,True
7251098,H6C14SNO2F5,H24 C56 S4 N4 O8 F20,116,58,1364.9949,Cc,9,monoclinic,6,C F H N O S,True
7251140,BH21C7IN3O,B4 H84 C28 I4 N12 O4,136,136,1289.9276,P2_1/c,14,monoclinic,6,B C H I N O,True
7251251,H23C20N4ClO5,H46 C40 N8 Cl2 O10,106,106,1051.0613,P-1,2,triclinic,5,C Cl H N O,True
7251337,H8C6(N4O)3,H32 C24 N48 O12,116,58,1133.0638,Cc,9,monoclinic,4,C H N O,True
7251368,H15C15NClO3F,H60 C60 N4 Cl4 O12 F4,144,144,1477.0389,P2_1/c,14,monoclinic,6,C Cl F H N O,True
7251499,CuH34C22N6(ClO4)2,Cu1 H34 C22 N6 Cl2 O8,73,73,663.6951,P-1,2,triclinic,6,C Cl Cu H N O,True
7251515,H7C5(NO)4,H28 C20 N16 O16,80,80,735.8983,P-1,2,triclinic,4,C H N O,True
7251541,H12C19ClO2,H24 C38 Cl2 O4,68,68,717.4885,P-1,2,triclinic,4,C Cl H O,True
7251640,Na2H28PdC14N2(ClO6)2,Na2 H28 Pd1 C14 N2 Cl2 O12,61,61,618.4987,P-1,2,triclinic,7,C Cl H N Na O Pd,True
7251654,PH11C8(NF5)2,P4 H44 C32 N8 F40,128,128,1346.2467,P2_1/c,14,monoclinic,5,C F H N P,True
7251718,H12C17NO3F,H48 C68 N4 O12 F4,136,136,1355.5639,P2_1/c,14,monoclinic,5,C F H N O,True
7251776,NiMo6As6H30C6N6(ClO18)2,Ni1 Mo6 As6 H30 C6 N6 Cl2 O36,93,93,1128.2795,P-1,2,triclinic,8,As C Cl H Mo N Ni O,True
7251825,H22C18N4O5,H44 C36 N8 O10,98,98,945.9568,P-1,2,triclinic,4,C H N O,True
7251923,PH7C3NO4,P4 H28 C12 N4 O16,64,64,575.3492,P-1,2,triclinic,5,C H N O P,True
7252106,H17C15(NO)7,H34 C30 N14 O14,92,92,861.4264,P-1,2,triclinic,4,C H N O,True
7700152,CdH22C33(NO2)4,Cd2 H44 C66 N8 O16,136,136,1412.2006,P-1,2,triclinic,5,C Cd H N O,True
7700434,CsSc(BH4)4,Cs4 Sc4 B16 H64,88,88,1012.8115,P2_1/c,14,monoclinic,4,B Cs H Sc,False
7700457,H6C5(N5O)2,H24 C20 N40 O8,92,92,911.0788,P-1,2,triclinic,4,C H N O,True
7700459,H8C3(N6O)2,H32 C12 N48 O8,100,100,972.4013,P2_1/c,14,monoclinic,4,C H N O,True
7700635,LaInS2O,La2 In2 S4 O2,10,10,211.059,P4/nmm,129,tetragonal,4,In La O S,False
7700739,CuH18C23N6Cl2O,Cu2 H36 C46 N12 Cl4 O2,102,102,1126.2822,P-1,2,triclinic,6,C Cl Cu H N O,True
7701046,BaGeS2O,Ba4 Ge4 S8 O4,20,20,490.8963,P2_12_12_1,19,orthorhombic,4,Ba Ge O S,False
7701047,SrGeS2O,Sr4 Ge4 S8 O4,20,20,454.7646,P2_12_12_1,19,orthorhombic,4,Ge O S Sr,False
7701146,KCoH10(C4N5)2,K1 Co1 H10 C8 N10,30,30,378.0134,P-1,2,triclinic,5,C Co H K N,True
7701181,CuH16C14BrN2ClO4,Cu2 H32 C28 Br2 N4 Cl2 O8,78,78,820.7022,P-1,2,triclinic,7,Br C Cl Cu H N O,True
7701237,Eu(PPt3)2,Eu4 P8 Pt24,36,36,605.5644,Pa-3,205,cubic,3,Eu P Pt,False
7701365,MnH60C58N8(ClO5)2,Mn1 H60 C58 N8 Cl2 O10,139,139,1445.5508,P-1,2,triclinic,6,C Cl H Mn N O,True
7701881,CuH9C9N2ClO2,Cu4 H36 C36 N8 Cl4 O8,96,96,1025.6097,P2_1/c,14,monoclinic,6,C Cl Cu H N O,True
7701883,CuH9C9N5O2,Cu4 H36 C36 N20 O8,104,104,1077.1904,P2_1/c,14,monoclinic,5,C Cu H N O,True
7701930,TlH7C8S3O,Tl4 H28 C32 S12 O4,80,80,1042.2849,P2_12_12_1,19,orthorhombic,5,C H O S Tl,True
7701952,CoH22C28NO8,Co2 H44 C56 N2 O16,120,120,1175.9203,P-1,2,triclinic,5,C Co H N O,True
7701973,CuH13C11BrN6,Cu4 H52 C44 Br4 N24,128,128,1320.7034,P2_1/c,14,monoclinic,5,Br C Cu H N,True
7702099,NbTe2H12(CCl)4,Nb4 Te8 H48 C16 Cl16,92,92,1325.5714,P4_22_12,94,tetragonal,5,C Cl H Nb Te,True
7702168,ErH16C9Cl3O14,Er2 H32 C18 Cl6 O28,86,86,935.6817,P-1,2,triclinic,5,C Cl Er H O,True
7702300,H21C13NO,H84 C52 N4 O4,144,144,1227.7295,P2_1/c,14,monoclinic,4,C H N O,True
7702328,CuH10C11SN3,Cu4 H40 C44 S4 N12,104,104,1213.7695,P2_1/c,14,monoclinic,5,C Cu H N S,True
7702592,PH26PdC30N,P2 H52 Pd2 C60 N2,118,118,1271.4394,P-1,2,triclinic,5,C H N P Pd,True
7702667,AgPH20C19N5F6,Ag2 P2 H40 C38 N10 F12,104,104,1130.7146,P-1,2,triclinic,6,Ag C F H N P,True
7702766,Fe2MoPH21C31O6,Fe4 Mo2 P2 H42 C62 O12,124,124,1415.2536,P-1,2,triclinic,6,C Fe H Mo O P,True
7702768,Fe2PH21WC31O6,Fe4 P2 H42 W2 C62 O12,124,124,1412.9103,P-1,2,triclinic,6,C Fe H O P W,True
7702789,MnP4H26C8(NO7)2,Mn1 P4 H26 C8 N2 O14,55,55,472.6708,P-1,2,triclinic,6,C H Mn N O P,True
7703009,Mn3P3H4N(O4F3)2,Mn12 P12 H16 N4 O32 F24,100,50,1181.1561,C2/c,15,monoclinic,6,F H Mn N O P,False
7703372,H10WC4S2Cl3O,H10 W1 C4 S2 Cl3 O1,21,21,273.5367,P1,1,triclinic,6,C Cl H O S W,True
7703376,H9WC4(SCl2)2,H36 W4 C16 S8 Cl16,80,80,1120.7036,P2_1/c,14,monoclinic,5,C Cl H S W,True
7703382,TbH29C29(N2O3)2,Tb2 H58 C58 N8 O12,138,138,1364.8597,P-1,2,triclinic,5,C H N O Tb,True
7703604,AlH23C11N2,Al4 H92 C44 N8,148,148,1359.9241,P2_1/c,14,monoclinic,4,Al C H N,True
7703637,FeH9C12N7O,Fe4 H36 C48 N28 O4,120,120,1331.6215,P-1,2,triclinic,5,C Fe H N O,True
7703704,ZnH21C9NO,Zn4 H84 C36 N4 O4,132,132,1132.19,P2_1/c,14,monoclinic,5,C H N O Zn,True
7703787,B2H12(C4O)5,B4 H24 C40 O10,78,78,776.6107,P-1,2,triclinic,4,B C H O,True
7703798,SbH10C12N2Cl3,Sb2 H20 C24 N4 Cl6,56,56,680.9889,P-1,2,triclinic,5,C Cl H N Sb,True
7703800,SbH8C10I3N2,Sb2 H16 C20 I6 N4,48,48,724.8904,P-1,2,triclinic,5,C H I N Sb,True
7703814,BaLiTe2ClO5,Ba4 Li4 Te8 Cl4 O20,40,40,708.252,P2_1/c,14,monoclinic,5,Ba Cl Li O Te,False
7703819,AlC12O5,Al4 C48 O20,72,72,1011.6427,P2_1/c,14,monoclinic,3,Al C O,True
7703846,FeH12Pd(C5N2)4,Fe1 H12 Pd1 C20 N8,42,42,497.1103,P-1,2,triclinic,5,C Fe H N Pd,True
7703942,RePH10C12(ClF3)2,Re4 P4 H40 C48 Cl8 F24,128,64,1457.503,C2/c,15,monoclinic,6,C Cl F H P Re,True
7704055,Na3Ce6CrF30,Na6 Ce12 Cr2 F60,80,80,1045.8919,P-3c1,165,trigonal,4,Ce Cr F Na,False
7704099,NiH28C24(N2Cl)2,Ni2 H56 C48 N8 Cl4,118,118,1183.5391,P-1,2,triclinic,5,C Cl H N Ni,True
7704131,K2Al2H6O7,K8 Al8 H24 O28,68,34,766.1876,Aea2,41,orthorhombic,4,Al H K O,False
7704164,Ca3(Al3Rh)4,Ca6 Al24 Rh8,38,38,644.0134,P6_3/mmc,194,hexagonal,3,Al Ca Rh,False
7704166,Ca2(Al3Ir)3,Ca8 Al36 Ir12,56,28,944.8515,Cmcm,63,orthorhombic,3,Al Ca Ir,False
7704183,H10C14BrNO4,H20 C28 Br2 N2 O8,60,60,657.2013,P-1,2,triclinic,5,Br C H N O,True
7704366,FeH13C20NO8,Fe2 H26 C40 N2 O16,86,86,916.8678,P-1,2,triclinic,5,C Fe H N O,True
7704564,H27PdC15N5Cl2O7,H54 Pd2 C30 N10 Cl4 O14,114,114,1080.6469,P2_1,4,monoclinic,6,C Cl H N O Pd,True
7704602,CuSiH40C40S2N12(OF3)2,Cu1 Si1 H40 C40 S2 N12 O2 F6,104,104,1253.8942,P-1,2,triclinic,8,C Cu F H N O S Si,True
7704727,CoH18(C2O3)3,Co4 H72 C24 O36,136,136,1178.2127,P2_1/c,14,monoclinic,4,C Co H O,True
7704788,V3H8(NO4)2,V6 H16 N4 O16,42,42,437.0632,P4bm,100,tetragonal,4,H N O V,False
7704825,V2CuH20C12(N2O3)2,V4 Cu2 H40 C24 N8 O12,90,90,876.7988,P2_1/c,14,monoclinic,6,C Cu H N O V,True
7704953,Ba2ScCd(BO3)3,Ba4 Sc2 Cd2 B6 O18,32,32,425.9469,P-1,2,triclinic,5,B Ba Cd O Sc,False
7705336,AgBH16C11(NF)4,Ag2 B2 H32 C22 N8 F8,74,74,730.2153,P-1,2,triclinic,6,Ag B C F H N,True
7705552,H19(C6N)2,H76 C48 N8,132,132,1125.7091,P2_1/c,14,monoclinic,3,C H N,True
7705693,Cu3C2N10ClO4,Cu12 C8 N40 Cl4 O16,80,80,1026.3172,P2_1/c,14,monoclinic,5,C Cl Cu N O,True
7705709,PH16C13BrO3F4,P2 H32 C26 Br2 O6 F8,76,76,829.473,P-1,2,triclinic,6,Br C F H O P,True
7705775,CoAsH18C18Br2N3,Co2 As2 H36 C36 Br4 N6,86,86,985.2687,P-1,2,triclinic,6,As Br C Co H N,True
7705777,NiAsH18C18Br2N3,Ni2 As2 H36 C36 Br4 N6,86,86,981.7877,P-1,2,triclinic,6,As Br C H N Ni,True
7705886,H21PdC25Br2N5,H42 Pd2 C50 Br4 N10,108,108,1232.857,P-1,2,triclinic,5,Br C H N Pd,True
7706092,CuPH28C34SBrN3,Cu2 P2 H56 C68 S2 Br2 N6,138,138,1457.493,P-1,2,triclinic,7,Br C Cu H N P S,True
7706153,Ni2P2H4O9,Ni8 P8 H16 O36,68,68,626.4464,P2_1/c,14,monoclinic,4,H Ni O P,False
7706257,H22C21(NO3)2,H44 C42 N4 O12,102,102,973.9048,P2_12_12,18,orthorhombic,4,C H N O,True
7706413,K3Ir(CN)6,K12 Ir4 C24 N24,64,64,1210.0055,Pbcn,60,orthorhombic,4,C Ir K N,True
7706630,CuH11C14I2N2ClO,Cu2 H22 C28 I4 N4 Cl2 O2,64,64,801.8063,P-1,2,triclinic,7,C Cl Cu H I N O,True
7706995,ZrH33C31N,Zr2 H66 C62 N2,132,132,1199.6676,P-1,2,triclinic,4,C H N Zr,True
7707004,MnAsH26C22N4(OF4)2,Mn2 As2 H52 C44 N8 O4 F16,128,128,1231.126,P2/c,13,monoclinic,7,As C F H Mn N O,True
7707163,Ti2P2O9,Ti8 P8 O36,52,52,779.8703,P2_1/c,14,monoclinic,3,O P Ti,False
7707276,H14C17(NO)2,H56 C68 N8 O8,140,140,1345.8103,P2_1/c,14,monoclinic,4,C H N O,True
7707311,CuH19C21N3O4,Cu2 H38 C42 N6 O8,96,96,969.9505,P-1,2,triclinic,5,C Cu H N O,True
7707349,CoH19C16BrN2O3,Co2 H38 C32 Br2 N4 O6,84,84,900.4743,P-1,2,triclinic,6,Br C Co H N O,True
7707387,ZnH58C50(N3O5)2,Zn1 H58 C50 N6 O10,125,125,1182.4484,P-1,2,triclinic,5,C H N O Zn,True
7707623,CuH26C18N6Cl6O,Cu2 H52 C36 N12 Cl12 O2,116,116,1287.4509,P-1,2,triclinic,6,C Cl Cu H N O,True
7707735,SnH24C10I4(NO)2,Sn2 H48 C20 I8 N4 O4,86,86,1264.5409,P2_1/c,14,monoclinic,6,C H I N O Sn,True
7707749,H5C3N5O3,H40 C24 N40 O24,128,128,1305.8508,P2_1/c,14,monoclinic,4,C H N O,True
7707804,CoH34C22N6(ClO4)2,Co2 H68 C44 N12 Cl4 O16,146,146,1298.5086,P2_1/c,14,monoclinic,6,C Cl Co H N O,True
7708593,InH17C13N3Cl4,In2 H34 C26 N6 Cl8,76,76,920.2291,P-1,2,triclinic,5,C Cl H In N,True
7708598,NiH24(C8N7)2,Ni1 H24 C16 N14,55,55,543.7567,P-1,2,triclinic,4,C H N Ni,True
7708775,ZnH19C19N4O5,Zn2 H38 C38 N8 O10,96,96,925.972,P-1,2,triclinic,5,C H N O Zn,True
7708798,AgH5C11N6,Ag4 H20 C44 N24,92,92,1193.5491,P2_1/c,14,monoclinic,4,Ag C H N,True
7708914,H9C5N7O4,H54 C30 N42 O24,150,150,1385.3827,P-1,2,triclinic,4,C H N O,True
7709160,H8C11N4,H32 C44 N16,92,92,911.078,P2_1/c,14,monoclinic,3,C H N,True
7709210,H13C17SeNO3,H52 C68 Se4 N4 O12,140,140,1466.9196,P2_1/c,14,monoclinic,5,C H N O Se,True
7709389,CuS2O7,Cu4 S8 O28,40,20,507.1539,C2/c,15,monoclinic,3,Cu O S,False
7709396,Rb3B2PO5F4,Rb12 B8 P4 O20 F16,60,60,939.3742,P2_1/c,14,monoclinic,5,B F O P Rb,False
7709466,CuH17C12SN3ClO,Cu4 H68 C48 S4 N12 Cl4 O4,144,144,1449.1177,P2_1/c,14,monoclinic,7,C Cl Cu H N O S,True
7709477,NiH26C28Br2N6O,Ni2 H52 C56 Br4 N12 O2,128,128,1309.5242,P-1,2,triclinic,6,Br C H N Ni O,True
7709618,H29RuC28SI(NO)2,H58 Ru2 C56 S2 I2 N4 O4,128,128,1339.7697,Pc,7,monoclinic,7,C H I N O Ru S,True
7709746,CsCuS4,Cs2 Cu2 S8,12,12,319.5333,P-1,2,triclinic,3,Cs Cu S,False
7709761,CoH4(CN2)4,Co4 H16 C16 N32,68,34,710.3167,Cmcm,63,orthorhombic,4,C Co H N,True
7709765,H14AuC16N5Cl3OF3,H28 Au2 C32 N10 Cl6 O2 F6,86,86,1050.5813,P2_1,4,monoclinic,7,Au C Cl F H N O,True
7709766,H15AuC18N2Cl6O,H30 Au2 C36 N4 Cl12 O2,86,86,1098.3862,P-1,2,triclinic,6,Au C Cl H N O,True
7709918,PH24PdC29NCl2,P2 H48 Pd2 C58 N2 Cl4,116,116,1363.8628,P-1,2,triclinic,6,C Cl H N P Pd,True
7709964,ZnH18C16SO3,Zn2 H36 C32 S2 O6,78,78,776.4393,P-1,2,triclinic,5,C H O S Zn,True
7710053,CuH9C5S2I,Cu2 H18 C10 S4 I2,36,36,423.1081,P-1,2,triclinic,5,C Cu H I S,True
7710066,Cu2H9C5(SI)2,Cu4 H18 C10 S4 I4,40,40,539.967,P-1,2,triclinic,5,C Cu H I S,True
7710450,ZnH18C13S2IN3,Zn2 H36 C26 S4 I2 N6,76,76,836.9435,P-1,2,triclinic,6,C H I N S Zn,True
7710631,MgH10S2N2O9,Mg2 H20 S4 N4 O18,48,48,455.0042,P-1,2,triclinic,5,H Mg N O S,False
7710687,ZnH46C32(NO2)6,Zn1 H46 C32 N6 O12,97,97,926.4953,P-1,2,triclinic,5,C H N O Zn,True
7710724,H6CBrN7,H24 C4 Br4 N28,60,60,648.2756,P2_1/c,14,monoclinic,4,Br C H N,True
7710727,H7C2N7O3,H28 C8 N28 O12,76,76,700.4978,P2_1/c,14,monoclinic,4,C H N O,True
7710770,H12RuC6Se2(ClO)2,H48 Ru4 C24 Se8 Cl8 O8,100,100,1284.6042,P2_12_12_1,19,orthorhombic,6,C Cl H O Ru Se,True
7710785,CoH34C26SN4ClO4,Co2 H68 C52 S2 N8 Cl2 O8,142,142,1319.6554,P-1,2,triclinic,7,C Cl Co H N O S,True
7710861,Pb3SI3Br,Pb6 S2 I6 Br2,16,16,547.1883,P2_1/m,11,monoclinic,4,Br I Pb S,False
7711691,RbSrPS4,Rb4 Sr4 P4 S16,28,28,756.435,Pnma,62,orthorhombic,4,P Rb S Sr,False
7711801,Cu2H8(C3O)5,Cu8 H32 C60 O20,120,120,1421.5119,P2_1/c,14,monoclinic,4,C Cu H O,True
7711881,InH13C14S(N2Cl)2,In2 H26 C28 S2 N8 Cl4,70,70,832.5561,P-1,2,triclinic,6,C Cl H In N S,True
7711911,HgH12C9S2N4(ClO2)2,Hg2 H24 C18 S4 N8 Cl4 O8,68,68,807.5151,P-1,2,triclinic,7,C Cl H Hg N O S,True
7712111,Lu2WO6,Lu8 W4 O24,36,36,430.4638,P2/c,13,monoclinic,3,Lu O W,False
7712176,LiFeH16C8S2N6O7,Li2 Fe2 H32 C16 S4 N12 O14,82,82,855.6095,P-1,2,triclinic,7,C Fe H Li N O S,True
7712314,NiH56C42(N3O)2,Ni1 H56 C42 N6 O2,107,107,956.8276,P-1,2,triclinic,5,C H N Ni O,True
7712402,Na2CaFeH4C6(N3O)2,Na4 Ca2 Fe2 H8 C12 N12 O4,44,44,622.0309,P2_1/c,14,monoclinic,7,C Ca Fe H N Na O,True
7712478,As2H66PdC50(Cl3O2)2,As2 H66 Pd1 C50 Cl6 O4,129,129,1346.6831,P-1,2,triclinic,6,As C Cl H O Pd,True
7712662,BePH9C3Br2,Be4 P4 H36 C12 Br8,64,64,853.1293,P2_1/c,14,monoclinic,5,Be Br C H P,True
7712664,BePH9C3Cl2,Be4 P4 H36 C12 Cl8,64,64,806.6154,P2_1/c,14,monoclinic,5,Be C Cl H P,True
7712728,MnBH11C18N6(OF)3,Mn2 B2 H22 C36 N12 O6 F6,86,86,983.1211,P-1,2,triclinic,7,B C F H Mn N O,True
7712925,ReH25C25S2(N3O2)2,Re2 H50 C50 S4 N12 O8,126,126,1388.0229,P-1,2,triclinic,6,C H N O Re S,True
7712995,CuH5C(BrN)2,Cu4 H20 C4 Br8 N8,44,22,590.1833,C2/m,12,monoclinic,5,Br C Cu H N,True
7713006,H16AuC11N2ClO2,H32 Au2 C22 N4 Cl2 O4,66,66,653.5728,P-1,2,triclinic,6,Au C Cl H N O,True
7713342,H9RuC9O5F6,H36 Ru4 C36 O20 F24,120,120,1296.3142,P2_1/c,14,monoclinic,5,C F H O Ru,True
7713550,Pr2AlCo2C,Pr4 Al2 Co4 C2,12,6,223.308,Immm,71,orthorhombic,4,Al C Co Pr,True
7713577,PH33RhC23N3OF6,P2 H66 Rh2 C46 N6 O2 F12,136,136,1223.9632,P-1,2,triclinic,7,C F H N O P Rh,True
7713949,BeH12C6(S2N)2,Be4 H48 C24 S16 N8,100,100,1258.978,P2_1/c,14,monoclinic,5,Be C H N S,True
7714237,CuH16C11(NCl)2,Cu4 H64 C44 N8 Cl8,128,128,1236.9526,P2_1/c,14,monoclinic,5,C Cl Cu H N,True
7714322,K2Zn3(SeO3)4,K8 Zn12 Se16 O48,84,84,1378.7865,P2_1/c,14,monoclinic,4,K O Se Zn,False
7714325,CuH27C26N5Cl2O9,Cu2 H54 C52 N10 Cl4 O18,140,140,1402.0335,P-1,2,triclinic,6,C Cl Cu H N O,True
7714374,Cu3H10C12(N18O)2,Cu3 H10 C12 N36 O2,63,63,630.1626,P-1,2,triclinic,5,C Cu H N O,True
7714428,CuH20C22(N3O5)2,Cu1 H20 C22 N6 O10,59,59,604.3728,P-1,2,triclinic,5,C Cu H N O,True
7714471,CoH35C17N5Cl2O3,Co2 H70 C34 N10 Cl4 O6,126,126,1118.7467,P-1,2,triclinic,6,C Cl Co H N O,True
7714620,Na2C2O5,Na4 C4 O10,18,18,152.0728,P2_1,4,monoclinic,3,C Na O,True
7714811,H12PtC4S2(ClO)2,H48 Pt4 C16 S8 Cl8 O8,92,92,1057.8185,P2_1/c,14,monoclinic,6,C Cl H O Pt S,True
7714815,H15PtC16N3(ClO)2,H30 Pt2 C32 N6 Cl4 O4,78,78,809.0443,P-1,2,triclinic,6,C Cl H N O Pt,True
7714975,NaSnH2C2O5F,Na2 Sn2 H4 C4 O10 F2,24,24,308.5353,P-1,2,triclinic,6,C F H Na O Sn,True
7715072,B10H13C3S,B20 H26 C6 S2,54,54,496.0676,P-1,2,triclinic,4,B C H S,True
7715430,BC14S2N(OF4)4,B2 C28 S4 N2 O8 F32,76,76,963.2681,P-1,2,triclinic,6,B C F N O S,True
7715574,SnH16C20N2(OF)2,Sn2 H32 C40 N4 O4 F4,86,86,860.6103,P-1,2,triclinic,6,C F H N O Sn,True
7715585,H8PbC4(N3Cl2)2,H32 Pb4 C16 N24 Cl16,92,92,1321.3798,Pnma,62,orthorhombic,5,C Cl H N Pb,True
7715588,H8PbC4(N3Cl2)2,H32 Pb4 C16 N24 Cl16,92,92,1340.2985,Pnma,62,orthorhombic,5,C Cl H N Pb,True
7716105,H38C27N2,H76 C54 N4,134,134,1248.6584,P-1,2,triclinic,3,C H N,True
7716188,H7C14SeBrO2,H14 C28 Se2 Br2 O4,50,50,575.3707,P-1,2,triclinic,5,Br C H O Se,True
7716647,H11PdC20N3(OF2)2,H22 Pd2 C40 N6 O4 F8,82,82,834.7113,P-1,2,triclinic,6,C F H N O Pd,True
7716920,H17C10SN3,H68 C40 S4 N12,124,124,1143.679,P-1,2,triclinic,4,C H N S,True
7716927,K3Tb(PO4)2,K6 Tb2 P4 O16,28,28,392.4169,P2_1/m,11,monoclinic,4,K O P Tb,False
7717065,CoMo6H36C12S6O25,Co1 Mo6 H36 C12 S6 O25,86,86,974.0272,P-1,2,triclinic,6,C Co H Mo O S,True
7717539,CoH20C21(NO3)2,Co2 H40 C42 N4 O12,100,100,930.1854,P-1,2,triclinic,5,C Co H N O,True
7717846,H20RuC13O,H80 Ru4 C52 O4,140,140,1238.8539,P2_1/c,14,monoclinic,4,C H O Ru,True
7717962,NaH11C8SNO3,Na4 H44 C32 S4 N4 O12,100,100,1056.4657,P2_1/c,14,monoclinic,6,C H N Na O S,True
7717982,H7PbC6Br4N,H28 Pb4 C24 Br16 N4,76,76,1173.5889,P2_1/c,14,monoclinic,5,Br C H N Pb,True
7718087,FeH15C17N6Cl,Fe2 H30 C34 N12 Cl2,80,80,863.4348,P-1,2,triclinic,5,C Cl Fe H N,True
7718187,B10H13C7NO2,B40 H52 C28 N4 O8,132,132,1299.7145,P2_1/c,14,monoclinic,5,B C H N O,True
7718508,GdH16C8Cl3O2,Gd2 H32 C16 Cl6 O4,60,60,620.1737,P-1,2,triclinic,5,C Cl Gd H O,True
7718628,LiFeH16C11N3O4,Li2 Fe2 H32 C22 N6 O8,72,72,817.5654,P-1,2,triclinic,6,C Fe H Li N O,True
7718709,ZnH21C14N5(ClO4)2,Zn2 H42 C28 N10 Cl4 O16,102,102,1042.8692,P-1,2,triclinic,6,C Cl H N O Zn,True
7718732,NaPH28C8NO10F3,Na2 P2 H56 C16 N2 O20 F6,104,104,907.4791,P-1,2,triclinic,7,C F H N Na O P,True
7718739,CdH12C7(Br2N)2,Cd4 H48 C28 Br16 N8,104,104,1436.9976,P2_1/c,14,monoclinic,5,Br C Cd H N,True
7719128,AsH5CS(OF2)3,As2 H10 C2 S2 O6 F12,34,34,387.4665,P-1,2,triclinic,6,As C F H O S,True
7719181,Li13Ge4,Li26 Ge8,34,17,545.5602,Cmmm,65,orthorhombic,2,Ge Li,False
7719718,NiPH19C26SBrN3,Ni2 P2 H38 C52 S2 Br2 N6,104,104,1150.1396,P-1,2,triclinic,7,Br C H N Ni P S,True
7719816,H10C10NO2,H40 C40 N4 O8,92,92,895.8671,P2_1,4,monoclinic,4,C H N O,True
7719838,B5H11C9Cl,B20 H44 C36 Cl4,104,104,1129.662,P-1,2,triclinic,4,B C Cl H,True
7719994,DyH9C14N2O11,Dy2 H18 C28 N4 O22,74,74,738.0097,P-1,2,triclinic,5,C Dy H N O,True
7720010,MnPH21C18N3(O2F3)2,Mn2 P2 H42 C36 N6 O8 F12,108,108,1103.6175,P-1,2,triclinic,7,C F H Mn N O P,True
7720082,H20RhC14N,H80 Rh4 C56 N4,144,144,1288.6087,P2_1/c,14,monoclinic,4,C H N Rh,True
7720175,H13RuC14ClO5F3,H26 Ru2 C28 Cl2 O10 F6,74,74,783.8444,P-1,2,triclinic,6,C Cl F H O Ru,True
7720181,H19C9N4ClO4,H76 C36 N16 Cl4 O16,148,148,1360.8138,P2_1/c,14,monoclinic,5,C Cl H N O,True
7720370,H6C12Br,H24 C48 Br4,76,76,860.7198,P2_12_12,18,orthorhombic,3,Br C H,True
7720677,ZrP2C12N2(O5F)2,Zr2 P4 C24 N4 O20 F4,58,58,827.1735,P2_1/c,14,monoclinic,6,C F N O P Zr,True
7720700,ThPH3CO3F2,Th4 P4 H12 C4 O12 F8,44,22,515.521,C2/m,12,monoclinic,6,C F H O P Th,True
7720736,Te2MoO7,Te16 Mo8 O56,80,80,1125.1378,P2_1/c,14,monoclinic,3,Mo O Te,False
7720752,FeHO2,Fe4 H4 O8,16,16,137.4149,Pnma,62,orthorhombic,3,Fe H O,False
7720832,CuH15C17N3O7,Cu2 H30 C34 N6 O14,86,86,836.3543,P-1,2,triclinic,5,C Cu H N O,True
7720992,NiH29C28N3(ClO3)2,Ni2 H58 C56 N6 Cl4 O12,138,138,1391.5758,P-1,2,triclinic,6,C Cl H N Ni O,True
7721124,InH13C6Cl3O4,In4 H52 C24 Cl12 O16,108,108,1219.5481,Pc,7,monoclinic,5,C Cl H In O,True
7721185,ReH8C15BrN2O3,Re4 H32 C60 Br4 N8 O12,120,60,1420.1549,C2/m,12,monoclinic,6,Br C H N O Re,True
8000079,H11C23S2O2F5,H22 C46 S4 O4 F10,86,86,963.8028,P-1,2,triclinic,5,C F H O S,True
8000103,H13C24N7O,H26 C48 N14 O2,90,90,989.4253,Pc,7,monoclinic,4,C H N O,True
8000134,H8C11BrNO3,H16 C22 Br2 N2 O6,48,48,535.053,P-1,2,triclinic,5,Br C H N O,True
8000160,H41C40NO5,H41 C40 N1 O5,87,87,847.3019,P1,1,triclinic,4,C H N O,True
8000182,H27C17S,H54 C34 S2,90,90,775.1589,P-1,2,triclinic,3,C H S,True
8000278,ZnH9C4(NO2)3,Zn4 H36 C16 N12 O24,92,92,874.763,Pnna,52,orthorhombic,5,C H N O Zn,True
8000302,H52C29N10O17,H52 C29 N10 O17,108,108,957.9575,P1,1,triclinic,4,C H N O,True
8000336,H16C21N4(O3F2)2,H32 C42 N8 O12 F8,102,102,1013.6787,P-1,2,triclinic,5,C F H N O,True
8000343,H7C5NO2,H14 C10 N2 O4,30,30,269.2496,P-1,2,triclinic,4,C H N O,True
8000388,CoH16C14N2O5,Co1 H16 C14 N2 O5,38,38,417.8019,P1,1,triclinic,5,C Co H N O,True
8100100,H17(C4N)5,H34 C40 N10,84,84,847.7306,P-1,2,triclinic,3,C H N,True
8100131,H25C24N(OF)2,H50 C48 N2 O4 F4,108,108,1048.1394,P-1,2,triclinic,5,C F H N O,True
8100180,GaCoH24C6(NF)6,Ga2 Co2 H48 C12 N12 F12,88,88,663.522,P6_322,182,hexagonal,6,C Co F Ga H N,True
8100227,K6Co2O5,K12 Co4 O10,26,26,517.7868,P4_2/mnm,136,tetragonal,3,Co K O,False
8100244,CoH40C38N4(ClO4)2,Co1 H40 C38 N4 Cl2 O8,93,93,967.4905,P-1,2,triclinic,6,C Cl Co H N O,True
8100248,CuH16C24N2Cl2(O2F)2,Cu2 H32 C48 N4 Cl4 O8 F4,102,102,1194.6958,P2_1/c,14,monoclinic,7,C Cl Cu F H N O,True
8100286,As(C6F5)3,As2 C36 F30,68,68,887.3943,P-1,2,triclinic,3,As C F,True
8100307,KYbSe2,K3 Yb3 Se6,12,4,332.1957,R-3m,166,trigonal,3,K Se Yb,False
8100321,ReH11C10N2Cl5,Re2 H22 C20 N4 Cl10,58,58,741.4983,P2_1/m,11,monoclinic,5,C Cl H N Re,True
8100359,MnH28C14S2(N3O2)2,Mn1 H28 C14 S2 N6 O4,55,55,579.9788,P-1,2,triclinic,6,C H Mn N O S,True
8100489,H10C16SN3(OF3)3,H20 C32 S2 N6 O6 F18,84,84,941.3313,P-1,2,triclinic,6,C F H N O S,True
8100499,Ca3TaGa3(SiO7)2,Ca3 Ta1 Ga3 Si2 O14,23,23,283.8141,P321,150,trigonal,5,Ca Ga O Si Ta,False
8100511,Cs2ZnH12(SO7)2,Cs4 Zn2 H24 S4 O28,62,62,727.3258,P2_1/c,14,monoclinic,5,Cs H O S Zn,False
8100513,MoH6C10N3O4,Mo4 H24 C40 N12 O16,96,48,1362.4564,C2/c,15,monoclinic,5,C H Mo N O,True
8100631,H4(C4O)3,H16 C48 O12,76,76,757.7111,P2_1/c,14,monoclinic,3,C H O,True
8100633,H16C13SN4O,H64 C52 S4 N16 O4,140,140,1338.8815,P2_1/c,14,monoclinic,5,C H N O S,True
8100789,H26C18O5,H52 C36 O10,98,98,874.5665,P-1,2,triclinic,3,C H O,True
8100906,NaScB2O5,Na4 Sc4 B8 O20,36,36,398.0385,P2_1/c,14,monoclinic,4,B Na O Sc,False
8100938,TiH14C4N2OF4,Ti2 H28 C8 N4 O2 F8,52,52,413.8174,Pbam,55,orthorhombic,6,C F H N O Ti,True
8100946,ZrH26C13(N3O7)2,Zr2 H52 C26 N12 O28,120,120,1088.5757,P2_1,4,monoclinic,5,C H N O Zr,True
8100947,ZrH36C16(NO4)4,Zr2 H72 C32 N8 O32,146,146,1329.3605,P2_1,4,monoclinic,5,C H N O Zr,True
8101083,H25C25NO3,H50 C50 N2 O6,108,108,1047.3965,P-1,2,triclinic,4,C H N O,True
8101152,BaLi2(MgSi)2,Ba3 Li6 Mg6 Si6,21,7,472.8499,R-3m,166,trigonal,4,Ba Li Mg Si,False
8101167,CdH12C6S4(NO)2,Cd1 H12 C6 S4 N2 O2,27,27,341.6504,P-1,2,triclinic,6,C Cd H N O S,True
8101192,H18C13NO5,H72 C52 N4 O20,148,148,1399.1886,P2_1,4,monoclinic,4,C H N O,True
8101209,CoH10(C2O3)2,Co4 H40 C16 O24,84,84,751.772,P2_1/c,14,monoclinic,4,C Co H O,True
8101261,Yb(AlGe)2,Yb1 Al2 Ge2,5,5,106.6969,P-3m1,164,trigonal,3,Al Ge Yb,False
8101287,H23C23N4ClO3,H46 C46 N8 Cl2 O6,108,108,1089.1442,P-1,2,triclinic,5,C Cl H N O,True
8101337,CuH21C14(NO4)2,Cu2 H42 C28 N4 O16,92,92,855.1839,P-1,2,triclinic,5,C Cu H N O,True
8101474,H9C5SNO,H36 C20 S4 N4 O4,68,68,700.9461,P2_1/c,14,monoclinic,5,C H N O S,True
8101492,NbH7C8NCl5,Nb4 H28 C32 N4 Cl20,88,88,1332.7162,P2_1/c,14,monoclinic,5,C Cl H N Nb,True
8101499,H15C10NO,H30 C20 N2 O2,54,54,472.3897,P2_1,4,monoclinic,4,C H N O,True
8101549,LiZnAsH2O5,Li4 Zn4 As4 H8 O20,40,40,465.3633,Pna2_1,33,orthorhombic,5,As H Li O Zn,False
8101553,CsH5S2(NO3)2,Cs4 H20 S8 N8 O24,64,64,812.1797,P2_12_12_1,19,orthorhombic,5,Cs H N O S,False
8101577,H9C13SNO,H36 C52 S4 N4 O4,100,100,1054.2195,P2_1/c,14,monoclinic,5,C H N O S,True
8101581,H16C11N4O5,H64 C44 N16 O20,144,144,1361.7553,P2_12_12_1,19,orthorhombic,4,C H N O,True
8101770,H17C16SN4ClO,H34 C32 S2 N8 Cl2 O2,80,80,830.3587,P-1,2,triclinic,6,C Cl H N O S,True
8101803,H12C17(NO)2,H48 C68 N8 O8,132,132,1356.7791,P2_12_12_1,19,orthorhombic,4,C H N O,True
8101990,H7C6N3O,H56 C48 N24 O8,136,68,1297.5946,C2/c,15,monoclinic,4,C H N O,True
8102117,Fe(H7C10)2,Fe4 H56 C80,140,140,1492.9182,P2_1/c,14,monoclinic,3,C Fe H,True
8102165,ZnH15C10N3Cl2,Zn2 H30 C20 N6 Cl4,62,62,671.1532,P-1,2,triclinic,5,C Cl H N Zn,True
8102178,Co(H15C13)2,Co2 H60 C52,114,114,1021.1593,P2_1/c,14,monoclinic,3,C Co H,True
8102182,H8C9NO3,H32 C36 N4 O12,84,84,817.3213,P2_1/c,14,monoclinic,4,C H N O,True
8102185,H8C5NO2,H32 C20 N4 O8,64,64,567.4731,P2_1/c,14,monoclinic,4,C H N O,True
8102186,B5H9C3(NO5)2,B20 H36 C12 N8 O40,116,116,1207.6566,P2_1/c,14,monoclinic,5,B C H N O,True
8102197,H4C4O,H48 C48 O12,108,108,1054.7952,P2_1/c,14,monoclinic,3,C H O,True
8102296,CuH24C18S2(NO8)2,Cu1 H24 C18 S2 N2 O16,63,63,615.5911,P-1,2,triclinic,6,C Cu H N O S,True
8102331,H6C(N3O)2,H48 C8 N48 O16,120,60,1105.0019,C2/c,15,monoclinic,4,C H N O,True
8102351,CoH32C30S2(N2O)6,Co1 H32 C30 S2 N12 O6,83,83,879.7825,P-1,2,triclinic,6,C Co H N O S,True
8102374,H18C15NClO7,H36 C30 N2 Cl2 O14,84,84,831.4626,P-1,2,triclinic,5,C Cl H N O,True
8102404,NiH14C20(N2Cl)2,Ni2 H28 C40 N8 Cl4,82,82,908.2087,P-1,2,triclinic,5,C Cl H N Ni,True
8102410,H11C16N3O2,H44 C64 N12 O8,128,128,1265.2403,Pna2_1,33,orthorhombic,4,C H N O,True
8102458,H8C10N4O,H32 C40 N16 O4,92,92,951.9528,P2_1/c,14,monoclinic,4,C H N O,True
8102470,CeH8C6N2O7,Ce4 H32 C24 N8 O28,96,96,963.7139,P2_12_12_1,19,orthorhombic,5,C Ce H N O,True
8102523,CuH10C6(N2Cl)2,Cu4 H40 C24 N16 Cl8,92,92,990.5397,P2_1/c,14,monoclinic,5,C Cl Cu H N,True
8102525,Cu2H4CO5,Cu4 H8 C2 O10,24,24,225.6335,P2_1,4,monoclinic,4,C Cu H O,True
8102534,SnH25C23N3(ClO2)2,Sn2 H50 C46 N6 Cl4 O8,116,116,1200.7238,P-1,2,triclinic,6,C Cl H N O Sn,True
8102553,ZnH16C16SN2O7,Zn2 H32 C32 S2 N4 O14,86,86,889.8613,P-1,2,triclinic,6,C H N O S Zn,True
8102587,H13C8NO3,H26 C16 N2 O6,50,50,438.9702,P2_1,4,monoclinic,4,C H N O,True
8102598,H13C13BrO,H52 C52 Br4 O4,112,112,1163.1969,P2_12_12_1,19,orthorhombic,4,Br C H O,True
8102622,H21C24SN4ClO2,H42 C48 S2 N8 Cl2 O4,106,106,1054.797,P-1,2,triclinic,6,C Cl H N O S,True
8102742,H4C5N3,H32 C40 N24,96,96,939.2787,P2_1/c,14,monoclinic,3,C H N,True
8102785,H9C13N2O4F,H36 C52 N8 O16 F4,116,116,1199.8969,P2_1/c,14,monoclinic,5,C F H N O,True
8102805,H12C10N2O3,H48 C40 N8 O12,108,108,1013.9735,P2_1/c,14,monoclinic,4,C H N O,True
8102808,H18C21I2N3O2,H36 C42 I4 N6 O4,92,92,1058.0611,P-1,2,triclinic,5,C H I N O,True
8102871,H26C21(NO2)2,H52 C42 N4 O8,106,106,1005.9721,P-1,2,triclinic,4,C H N O,True
8102892,La6OsI10,La6 Os1 I10,17,17,703.3758,P-1,2,triclinic,3,I La Os,False
8102914,La3SiAgS7,La6 Si2 Ag2 S14,24,24,544.0675,P6_3,173,hexagonal,4,Ag La S Si,False
8102926,GeBr4,Ge4 Br16,20,20,693.5411,P2_1/c,14,monoclinic,2,Br Ge,False
8102966,VPbClO3,V4 Pb4 Cl4 O12,24,24,380.022,Pnma,62,orthorhombic,4,Cl O Pb V,False
8103030,NdGe3,Nd1 Ge3,4,4,243.907,Pmm2,25,orthorhombic,2,Ge Nd,False
8103122,ZnH18C20N6O7,Zn2 H36 C40 N12 O14,104,104,1076.8003,P-1,2,triclinic,5,C H N O Zn,True
8103127,H11C10NO,H44 C40 N4 O4,92,92,857.7375,P2_1/c,14,monoclinic,4,C H N O,True
8103149,H13C11SNO3,H52 C44 S4 N4 O12,116,116,1118.1531,Pnma,62,orthorhombic,5,C H N O S,True
8103170,H27PdC19S3NCl2O3,H54 Pd2 C38 S6 N2 Cl4 O6,112,112,1215.3151,P-1,2,triclinic,7,C Cl H N O Pd S,True
8103212,H11C12N2ClO4,H44 C48 N8 Cl4 O16,120,120,1256.7373,P2_1/c,14,monoclinic,5,C Cl H N O,True
8103228,H11C7N3O,H22 C14 N6 O2,44,44,392.8605,P-1,2,triclinic,4,C H N O,True
8103244,CuH22C26(N2O)4,Cu2 H44 C52 N16 O8,122,122,1238.4685,P2_1/c,14,monoclinic,5,C Cu H N O,True
8103426,KAuS5,K8 Au8 S40,56,28,1376.762,Ibam,72,orthorhombic,3,Au K S,False
8103429,YbSiAu,Yb4 Si4 Au4,12,6,233.8244,Imm2,44,orthorhombic,3,Au Si Yb,False
8103738,Na2B8O13,Na8 B32 O52,92,92,975.0276,P2_1/c,14,monoclinic,3,B Na O,False
8103836,Th(Re2Si)2,Th4 Re16 Si8,28,28,466.2471,Pnnm,58,orthorhombic,3,Re Si Th,False
8103870,Cr2Hg2H2O9,Cr8 Hg8 H8 O36,60,30,780.9947,C2/c,15,monoclinic,4,Cr H Hg O,False
8103872,CsS,Cs4 S4,8,4,444.9538,I4_1/amd,141,tetragonal,2,Cs S,False
8103888,BAsO4,B3 As3 O12,18,18,184.4958,P3_121,152,trigonal,3,As B O,False
8103928,La2CCl,La6 C3 Cl3,12,4,282.5048,R-3m,166,trigonal,3,C Cl La,True
8103984,SnH10C3Br3N,Sn2 H20 C6 Br6 N2,36,36,518.8439,P2_1,4,monoclinic,5,Br C H N Sn,True
8104058,TaTl(CuS2)2,Ta4 Tl4 Cu8 S16,32,16,738.1247,Ama2,40,orthorhombic,4,Cu S Ta Tl,False
8104072,AgH2ClO5,Ag8 H16 Cl8 O40,72,72,862.2416,Pbca,61,orthorhombic,4,Ag Cl H O,False
8104089,EuIn2Ni,Eu4 In8 Ni4,16,8,358.5375,Cmcm,63,orthorhombic,3,Eu In Ni,False
8104122,Cu3SbS4,Cu6 Sb2 S8,16,8,312.8241,I-42m,121,tetragonal,3,Cu S Sb,False
8104180,H16RhN5(Cl2O)3,H48 Rh3 N15 Cl18 O9,93,31,1036.7393,R32,155,trigonal,5,Cl H N O Rh,False
8104225,ErMn12,Er2 Mn24,26,13,345.6958,I4/mmm,139,tetragonal,2,Er Mn,False
8104257,CdBr2,Cd2 Br4,6,6,172.7474,P6_3mc,186,hexagonal,2,Br Cd,False
8104301,Ga,Ga8,8,4,155.7512,Cmce,64,orthorhombic,1,Ga,False
8104308,Si3N4,Si18 N24,42,42,1304.7611,P6_3/m,176,hexagonal,2,N Si,False
8104361,Cs7Ca4N45,Cs7 Ca4 N45,56,56,1006.3795,P-1,2,triclinic,3,Ca Cs N,False
8104376,NaH2SNO3,Na12 H24 S12 N12 O36,96,96,1074.2246,P2_12_12_1,19,orthorhombic,5,H N Na O S,False
8104383,K4BeP2,K12 Be3 P6,21,7,679.6268,R-3m,166,trigonal,3,Be K P,False
8104395,Na7In3Se8,Na14 In6 Se16,36,36,950.9351,P-1,2,triclinic,3,In Na Se,False
8104411,Rb6AlSb3,Rb12 Al2 Sb6,20,20,808.8355,P2_1/m,11,monoclinic,3,Al Rb Sb,False
8104432,K2Ge2Se5,K8 Ge8 Se20,36,36,1154.8078,P2_1/m,11,monoclinic,3,Ge K Se,False
8104502,NaCo(CO)4,Na4 Co4 C16 O16,40,40,699.5179,Pbcm,57,orthorhombic,4,C Co Na O,True
8104503,CsFeCl3,Cs2 Fe2 Cl6,10,10,274.6403,P6_3/mmc,194,hexagonal,3,Cl Cs Fe,False
8104517,Cs2TlCl5,Cs8 Tl4 Cl20,32,32,1039.7074,Pnma,62,orthorhombic,3,Cl Cs Tl,False
8104562,H12C18O,H48 C72 O4,124,124,1193.2473,P-1,2,triclinic,3,C H O,True
8104565,H29PbC27N3O8,H58 Pb2 C54 N6 O16,136,136,1341.898,P-1,2,triclinic,5,C H N O Pb,True
8104619,H13C15N(O2F)2,H52 C60 N4 O16 F8,140,140,1340.8993,P2_1/c,14,monoclinic,5,C F H N O,True
8104642,H12C14NO2F5,H48 C56 N4 O8 F20,136,136,1382.7746,P2_1/c,14,monoclinic,5,C F H N O,True
8104650,CuH12C18Br2(N2O)2,Cu2 H24 C36 Br4 N8 O4,78,78,873.5208,P2_1/c,14,monoclinic,6,Br C Cu H N O,True
8104688,CuH16C17SN6O,Cu2 H32 C34 S2 N12 O2,84,84,890.2039,P-1,2,triclinic,6,C Cu H N O S,True
8104692,H10C6I(NO)3,H40 C24 I4 N12 O12,92,92,945.6094,P2_1/c,14,monoclinic,5,C H I N O,True
8104705,ReH23C27SN4O5,Re2 H46 C54 S2 N8 O10,122,122,1354.9593,P-1,2,triclinic,6,C H N O Re S,True
8104720,H15C13(N2O)2,H60 C52 N16 O8,136,136,1357.1701,P-1,2,triclinic,4,C H N O,True
8104751,H14C17NO2F,H56 C68 N4 O8 F4,140,140,1311.1603,P2_1/c,14,monoclinic,5,C F H N O,True
8104828,H18C21O2,H36 C42 O4,82,82,791.5929,P-1,2,triclinic,3,C H O,True
8104918,H8C7(NO)2,H32 C28 N8 O8,76,76,656.5371,P2_1/c,14,monoclinic,4,C H N O,True
8104926,AsH23RhC29NO2,As2 H46 Rh2 C58 N2 O4,114,114,1177.6075,P-1,2,triclinic,6,As C H N O Rh,True
8104944,H5C3ClO2,H40 C24 Cl8 O16,88,88,929.7818,P2_1/c,14,monoclinic,4,C Cl H O,True
8105054,MoH13C19N3ClO5,Mo2 H26 C38 N6 Cl2 O10,84,84,917.8305,P-1,2,triclinic,6,C Cl H Mo N O,True
8105132,H11C15N3O2,H22 C30 N6 O4,62,62,686.7694,P-1,2,triclinic,4,C H N O,True
8105189,NiH14C20(S2N3)2,Ni1 H14 C20 S4 N6,45,45,541.023,P-1,2,triclinic,5,C H N Ni S,True
8105213,H8C14BrN2Cl,H32 C56 Br4 N8 Cl4,104,104,1201.4016,P2_1/c,14,monoclinic,5,Br C Cl H N,True
8105282,NiH27C26N8ClO7,Ni2 H54 C52 N16 Cl2 O14,140,140,1396.9991,P-1,2,triclinic,6,C Cl H N Ni O,True
8105295,NiH56C44S2(N5O3)2,Ni1 H56 C44 S2 N10 O6,119,119,1190.4602,P-1,2,triclinic,6,C H N Ni O S,True
8105347,H26(C4O)5,H52 C40 O10,102,102,870.0056,P2_1,4,monoclinic,3,C H O,True
8105360,H30C20O,H60 C40 O2,102,102,852.0885,P1,1,triclinic,3,C H O,True
8105365,H12C16S(N2O)2,H24 C32 S2 N8 O4,70,70,732.2048,P-1,2,triclinic,5,C H N O S,True
8105506,H17C12SN3,H68 C48 S4 N12,132,132,1250.3887,P2_1/c,14,monoclinic,4,C H N S,True
8105542,ZnH17C14SN3O8,Zn2 H34 C28 S2 N6 O16,88,88,837.5407,P-1,2,triclinic,6,C H N O S Zn,True
8105543,H21C14NO,H84 C56 N4 O4,148,148,1247.8751,P2_1,4,monoclinic,4,C H N O,True
8105669,H9C8SNO3,H18 C16 S2 N2 O6,44,44,447.3297,P-1,2,triclinic,5,C H N O S,True
8105694,H11C15NO3,H44 C60 N4 O12,120,120,1222.8856,P2_1/c,14,monoclinic,4,C H N O,True
8105821,H17C19N2(OF3)3,H34 C38 N4 O6 F18,100,100,1028.7585,P-1,2,triclinic,5,C F H N O,True
8105837,ZnP2H20C14S4(NO2)2,Zn2 P4 H40 C28 S8 N4 O8,94,94,1124.0098,P-1,2,triclinic,7,C H N O P S Zn,True
8105861,H7C8SN3,H28 C32 S4 N12,76,76,855.0924,P2_1/c,14,monoclinic,4,C H N S,True
8105882,FeAgPH28C28(SN)2,Fe2 Ag2 P2 H56 C56 S4 N4,126,126,1343.7045,P-1,2,triclinic,7,Ag C Fe H N P S,True
8105895,H7C9S,H56 C72 S8,136,136,1388.2185,P2_1/c,14,monoclinic,3,C H S,True
8105896,MgH14C6(N4O7)2,Mg1 H14 C6 N8 O14,43,43,422.6683,P-1,2,triclinic,5,C H Mg N O,True
8105903,H12C5(N3O2)2,H48 C20 N24 O16,108,108,923.9077,P2_1/c,14,monoclinic,4,C H N O,True
8105910,H5C7O,H20 C28 O4,52,52,506.8285,P-1,2,triclinic,3,C H O,True
8105945,H10C9N2O,H40 C36 N8 O4,88,88,796.6064,P2_1/c,14,monoclinic,4,C H N O,True
8105982,H21C27NO4,H42 C54 N2 O8,106,106,1012.2249,P-1,2,triclinic,4,C H N O,True
8105984,HC6N2Cl3O4,H4 C24 N8 Cl12 O16,64,64,909.3505,P2_1/c,14,monoclinic,5,C Cl H N O,True
8106081,H22C23BrN13,H44 C46 Br2 N26,118,118,1240.3717,P-1,2,triclinic,4,Br C H N,True
8106119,H11C10IO,H44 C40 I4 O4,92,92,1007.6127,P2_1/c,14,monoclinic,4,C H I O,True
8106169,NaH18C18SNO11,Na2 H36 C36 S2 N2 O22,100,100,924.8452,P-1,2,triclinic,6,C H N Na O S,True
8106220,H16C14(N2O)3,H32 C28 N12 O6,78,78,730.4023,P-1,2,triclinic,4,C H N O,True
8106271,H19C21SNO8,H38 C42 S2 N2 O16,100,100,1008.3818,P-1,2,triclinic,5,C H N O S,True
8106277,VH7C4N4O5,V4 H28 C16 N16 O20,84,84,845.695,P2_1/c,14,monoclinic,5,C H N O V,True
8106412,H13C10NO3,H52 C40 N4 O12,108,108,945.2767,P2_1,4,monoclinic,4,C H N O,True
8106418,H25C29SN6F,H50 C58 S2 N12 F2,124,124,1289.756,P-1,2,triclinic,5,C F H N S,True
8106538,H10C14Br2N2O3,H40 C56 Br8 N8 O12,124,124,1455.0153,P2_1/c,14,monoclinic,5,Br C H N O,True
8106572,H14(C5O)3,H56 C60 O12,128,128,1232.5508,P2_1/c,14,monoclinic,3,C H O,True
8106583,H16C21(NO)2,H32 C42 N4 O4,82,82,842.6907,P-1,2,triclinic,4,C H N O,True
8106607,H15C11SNO3,H60 C44 S4 N4 O12,124,124,1181.8602,Pna2_1,33,orthorhombic,5,C H N O S,True
8106630,H31C27SNO,H62 C54 S2 N2 O2,122,122,1122.824,P-1,2,triclinic,5,C H N O S,True
8106666,BH10C13O3F5,B2 H20 C26 O6 F10,64,64,654.2392,P-1,2,triclinic,5,B C F H O,True
8106712,H13C19NO3,H52 C76 N4 O12,144,144,1460.6831,P-1,2,triclinic,4,C H N O,True
8106737,CaH42C48(NO11)2,Ca1 H42 C48 N2 O22,115,115,1132.7592,P-1,2,triclinic,5,C Ca H N O,True
8106767,H10PtC10(BrN)2,H10 Pt1 C10 Br2 N2,25,25,301.6407,P-1,2,triclinic,5,Br C H N Pt,True
8106781,H10C11SN2O,H20 C22 S2 N4 O2,50,50,517.9151,Pc,7,monoclinic,5,C H N O S,True
8106816,H9C15SN3,H36 C60 S4 N12,112,112,1259.4406,P-1,2,triclinic,4,C H N S,True
8106861,H11C11NO3,H44 C44 N4 O12,104,104,1014.0637,P2_1/c,14,monoclinic,4,C H N O,True
8106920,H5C7ClO,H40 C56 Cl8 O8,112,112,1251.4098,P2_12_12_1,19,orthorhombic,4,C Cl H O,True
8106955,H12C9(NO)2,H24 C18 N4 O4,50,50,475.4858,P-1,2,triclinic,4,C H N O,True
8106981,H11C12N5O6,H44 C48 N20 O24,136,136,1394.7269,P-1,2,triclinic,4,C H N O,True
8106984,H5C9N4Cl,H20 C36 N16 Cl4,76,76,878.3634,P2_1/c,14,monoclinic,4,C Cl H N,True
8107052,H7C13S2N4Cl,H28 C52 S8 N16 Cl4,108,108,1331.6374,P2_1/c,14,monoclinic,5,C Cl H N S,True
8107138,H10C16N2O3F2,H40 C64 N8 O12 F8,132,132,1411.7571,P2_1/c,14,monoclinic,5,C F H N O,True
8107150,CuH42C38N8(O6F)2,Cu1 H42 C38 N8 O12 F2,103,103,955.9628,P-1,2,triclinic,6,C Cu F H N O,True
8107167,H3C4(NO)4,H24 C32 N32 O32,120,120,1268.0904,P2_12_12_1,19,orthorhombic,4,C H N O,True
8107212,CoH28C26N8(O3F2)2,Co2 H56 C52 N16 O12 F8,146,73,1437.8498,C2/m,12,monoclinic,6,C Co F H N O,True
8107294,H7C8NClO,H28 C32 N4 Cl4 O4,72,72,776.7656,P-1,2,triclinic,5,C Cl H N O,True
8107381,H22C20SN4O,H44 C40 S2 N8 O2,96,96,914.3835,P-1,2,triclinic,5,C H N O S,True
8107421,H8CSN2O3,H32 C4 S4 N8 O12,60,60,517.2923,P2_1/c,14,monoclinic,5,C H N O S,True
8107457,H32C20O3,H64 C40 O6,110,110,897.3067,P2_1,4,monoclinic,3,C H O,True
8107467,H21C27NO4,H42 C54 N2 O8,106,106,1024.3091,P-1,2,triclinic,4,C H N O,True
8107492,K2PdSe10,K8 Pd4 Se40,52,52,1497.2048,Pbam,55,orthorhombic,3,K Pd Se,False
8107498,CuH14(C9N4)2,Cu1 H14 C18 N8,41,41,473.5457,P-1,2,triclinic,4,C Cu H N,True
8107506,H15C11SN3ClO3F,H30 C22 S2 N6 Cl2 O6 F2,70,70,713.7609,P-1,2,triclinic,7,C Cl F H N O S,True
8107548,H10C17SNF,H40 C68 S4 N4 F4,120,120,1281.4869,P2_1/c,14,monoclinic,5,C F H N S,True
8107551,H2C7S2O,H8 C28 S8 O4,48,48,621.1611,P2_1/c,14,monoclinic,4,C H O S,True
9000012,Sb2O3,Sb8 O12,20,20,332.2633,Pccn,56,orthorhombic,2,O Sb,False
9000015,FeCuO2,Fe1 Cu1 O2,4,4,45.2378,R-3m,166,trigonal,3,Cu Fe O,False
9000073,Cu6PbO8,Cu24 Pb4 O32,60,15,781.23,Fm-3m,225,cubic,3,Cu O Pb,False
9000083,CaMg(CO3)2,Ca3 Mg3 C6 O18,30,10,323.6393,R-3,148,trigonal,4,C Ca Mg O,True
9000105,CaMg(CO3)2,Ca3 Mg3 C6 O18,30,10,320.5035,R-3,148,trigonal,4,C Ca Mg O,True
9000154,Na2Ca(SO4)2,Na8 Ca4 S8 O32,52,26,664.7241,C2/c,15,monoclinic,4,Ca Na O S,False
9000191,CaNb2O6,Ca4 Nb8 O24,36,36,446.786,Pbcn,60,orthorhombic,3,Ca Nb O,False
9000252,Ag2Se,Ag8 Se4,12,12,237.5757,P2_12_12_1,19,orthorhombic,2,Ag Se,False
9000272,Mg2SiO4,Mg8 Si4 O16,28,14,281.4251,P-3m1,164,trigonal,3,Mg O Si,False
9000340,CaFe(SiO3)2,Ca4 Fe4 Si8 O24,40,20,461.8859,C2/c,15,monoclinic,4,Ca Fe O Si,False
9000487,NaSi2BH2O7,Na2 Si4 B2 H4 O14,26,26,275.9789,P2_1,4,monoclinic,5,B H Na O Si,False
9000510,CaTiSiO5,Ca4 Ti4 Si4 O20,32,16,370.6684,P2_1/c,14,monoclinic,4,Ca O Si Ti,False
9000512,CaTiSiO5,Ca4 Ti4 Si4 O20,32,16,373.0796,C2/c,15,monoclinic,4,Ca O Si Ti,False
9000521,Zn2AsHO5,Zn8 As4 H4 O20,36,36,427.8465,Pnnm,58,orthorhombic,4,As H O Zn,False
9000534,Mg2SiO4,Mg8 Si4 O16,28,28,288.7261,Pnma,62,orthorhombic,3,Mg O Si,False
9000556,Fe2SiO4,Fe8 Si4 O16,28,28,307.005,Pnma,62,orthorhombic,3,Fe O Si,False
9000576,CuSi(HO2)2,Cu18 Si18 H36 O72,144,48,1429.1545,R-3,148,trigonal,4,Cu H O Si,False
9000577,Zn2FeP2(H2O3)4,Zn4 Fe2 P4 H16 O24,50,50,476.5641,P2_1/c,14,monoclinic,5,Fe H O P Zn,False
9000602,CuH4(IO4)2,Cu2 H8 I4 O16,30,30,351.7884,P2_1/c,14,monoclinic,4,Cu H I O,False
9000684,ZrSiO4,Zr4 Si4 O16,24,12,260.803,I4_1/amd,141,tetragonal,3,O Si Zr,False
9000710,Al2SiO5,Al8 Si4 O20,32,32,332.2937,Pnma,62,orthorhombic,3,Al O Si,False
9000716,Al2SiO5,Al8 Si4 O20,32,32,345.4939,Pnnm,58,orthorhombic,3,Al O Si,False
9000728,Si(NiO2)2,Si8 Ni16 O32,56,14,520.5334,Fd-3m,227,cubic,3,Ni O Si,False
9000777,SiO2,Si3 O6,9,9,104.6118,P3_221,154,trigonal,2,O Si,False
9000804,SiO2,Si16 O32,48,24,535.4867,C2/c,15,monoclinic,2,O Si,False
9000882,Ca2B5H2ClO10,Ca6 B15 H6 Cl3 O30,60,60,614.7655,P1,1,triclinic,5,B Ca Cl H O,False
9000906,TiFeO3,Ti6 Fe6 O18,30,10,315.8387,R-3,148,trigonal,3,Fe O Ti,False
9000959,MgGeO3,Mg8 Ge8 O24,40,20,447.1126,C2/c,15,monoclinic,3,Ge Mg O,False
9000965,CaCO3,Ca6 C6 O18,30,10,367.6106,R-3c,167,trigonal,3,C Ca O,True
9000978,Fe(NiS2)2,Fe8 Ni16 S32,56,14,847.9336,Fd-3m,227,cubic,3,Fe Ni S,False
9001018,Be3Al2(SiO3)6,Be6 Al4 Si12 O36,58,58,674.6558,P6/mcc,192,hexagonal,4,Al Be O Si,False
9001092,Mg3Si2H4O9,Mg3 Si2 H4 O9,18,18,178.257,P31m,157,trigonal,4,H Mg O Si,False
9001096,Mg2SiO4,Mg8 Si4 O16,28,28,289.5887,Pnma,62,orthorhombic,3,Mg O Si,False
9001281,SiO2,Si2 O4,6,6,45.3109,P4_2/mnm,136,tetragonal,2,O Si,False
9001330,CaTiSiO5,Ca4 Ti4 Si4 O20,32,16,365.0749,C2/c,15,monoclinic,4,Ca O Si Ti,False
9001401,NaSi3BO8,Na4 Si12 B4 O32,52,26,589.1908,P-1,2,triclinic,4,B Na O Si,False
9001612,NaMgF3,Na4 Mg4 F12,20,20,225.5297,Pnma,62,orthorhombic,3,F Mg Na,False
9001634,NaAlSi3O8,Na4 Al4 Si12 O32,52,26,635.5641,P-1,2,triclinic,4,Al Na O Si,False
9001649,PrPO4,Pr4 P4 O16,24,24,295.2133,P2_1/c,14,monoclinic,3,O P Pr,False
9001654,YPO4,Y4 P4 O16,24,12,286.5333,I4_1/amd,141,tetragonal,3,O P Y,False
9001682,SiO2,Si2 O4,6,6,46.7104,P4_2/mnm,136,tetragonal,2,O Si,False
9001711,CaAl2Si2(H2O5)2,Ca4 Al8 Si8 H16 O40,76,38,676.28,Cmcm,63,orthorhombic,5,Al Ca H O Si,False
9001842,CaTiSiO5,Ca4 Ti4 Si4 O20,32,16,367.6282,C2/c,15,monoclinic,4,Ca O Si Ti,False
9001845,CaTiSiO5,Ca4 Ti4 Si4 O20,32,16,368.5353,P2_1/c,14,monoclinic,4,Ca O Si Ti,False
9001856,SrCr(Si2O5)2,Sr4 Cr4 Si16 O40,64,64,864.0229,P4/ncc,130,tetragonal,4,Cr O Si Sr,False
9001966,AlSiHO4,Al4 Si4 H4 O16,28,28,213.0057,P2_1/c,14,monoclinic,4,Al H O Si,False
9002262,CaAl(OF2)2,Ca2 Al2 O4 F8,16,16,213.4347,P-1,2,triclinic,4,Al Ca F O,False
9002321,Fe3O4,Fe24 O32,56,14,571.0846,Fd-3m,227,cubic,2,Fe O,False
9002428,Ca2Mn3P3H6O17,Ca8 Mn12 P12 H24 O68,124,124,1265.035,P2_1/c,14,monoclinic,5,Ca H Mn O P,False
9002444,CaTiSiO5,Ca4 Ti4 Si4 O20,32,16,365.0067,C2/c,15,monoclinic,4,Ca O Si Ti,False
9002462,CaTiSiO5,Ca4 Ti4 Si4 O20,32,16,356.0711,C2/c,15,monoclinic,4,Ca O Si Ti,False
9002560,ZrSiO4,Zr4 Si4 O16,24,12,263.6948,I4_1/amd,141,tetragonal,3,O Si Zr,False
9002648,SiO2,Si12 O24,36,18,456.1273,C2/c,15,monoclinic,2,O Si,False
9002766,Ca2Al3Si3HO13,Ca8 Al12 Si12 H4 O52,88,88,901.2978,Pnma,62,orthorhombic,5,Al Ca H O Si,False
9003044,NaCr(SiO3)2,Na4 Cr4 Si8 O24,40,20,418.8365,C2/c,15,monoclinic,4,Cr Na O Si,False
9003051,NaCr(SiO3)2,Na4 Cr4 Si8 O24,40,20,398.315,C2/c,15,monoclinic,4,Cr Na O Si,False
9003324,Na4Al3Si3ClO12,Na8 Al6 Si6 Cl2 O24,46,46,711.6006,P-43n,218,cubic,5,Al Cl Na O Si,False
9003495,AgTe,Ag16 Te16,32,32,823.7291,Pnma,62,orthorhombic,2,Ag Te,False
9003683,MnSiO3,Mn20 Si20 O60,100,50,1152.4745,P-1,2,triclinic,3,Mn O Si,False
9003713,ZnCr2O4,Zn8 Cr16 O32,56,14,590.1675,Fd-3m,227,cubic,3,Cr O Zn,False
9003726,Fe(CuS)2,Fe16 Cu32 S32,80,20,1228.4809,F-43m,216,cubic,3,Cu Fe S,False
9003760,MgTiO3,Mg6 Ti6 O18,30,10,297.0873,R-3,148,trigonal,3,Mg O Ti,False
9003812,NaMgF3,Na1 Mg1 F3,5,5,58.2306,Pm-3m,221,cubic,3,F Mg Na,False
9004208,CaZrSi2O7,Ca2 Zr2 Si4 O14,22,11,272.2605,C2,5,monoclinic,4,Ca O Si Zr,False
9004387,Cu2AsO5,Cu8 As4 O20,32,32,417.9566,Pnnm,58,orthorhombic,3,As Cu O,False
9004394,VCuHPbO5,V4 Cu4 H4 Pb4 O20,36,36,432.3402,Pnma,62,orthorhombic,5,Cu H O Pb V,False
9004458,Mn4Si4SnB2(HO9)2,Mn4 Si4 Sn1 B2 H2 O18,31,31,339.0228,P-1,2,triclinic,6,B H Mn O Si Sn,False
9004484,PbSO4,Pb4 S4 O16,24,24,318.0192,Pnma,62,orthorhombic,3,O Pb S,False
9004512,Mg3Si2O9,Mg6 Si4 O18,28,28,360.3557,P6_3cm,185,hexagonal,3,Mg O Si,False
9004621,Na6U(Mo2O9)2,Na12 U2 Mo8 O36,58,58,867.0409,P-1,2,triclinic,4,Mo Na O U,False
9004806,Be3Fe4Si3SO12,Be6 Fe8 Si6 S2 O24,46,46,559.4681,P-43n,218,cubic,5,Be Fe O S Si,False
9004809,Be3Fe4Si3SO12,Be6 Fe8 Si6 S2 O24,46,46,560.785,P-43n,218,cubic,5,Be Fe O S Si,False
9004810,Be3Fe4Si3SO12,Be6 Fe8 Si6 S2 O24,46,46,561.1829,P-43n,218,cubic,5,Be Fe O S Si,False
9004823,Be3Fe4Si3SO12,Be6 Fe8 Si6 S2 O24,46,46,567.0981,P-43n,218,cubic,5,Be Fe O S Si,False
9004983,Cu3Ag2Bi7Pb3S16,Cu6 Ag4 Bi14 Pb6 S32,62,62,1445.929,P2_1/m,11,monoclinic,5,Ag Bi Cu Pb S,False
9004991,BaNa2Al4(SiO4)4,Ba4 Na8 Al16 Si16 O64,108,54,1435.6614,Iba2,45,orthorhombic,5,Al Ba Na O Si,False
9005031,SiO2,Si3 O6,9,9,118.0259,P6_222,180,hexagonal,2,O Si,False
9005052,AlPO4,Al6 P6 O24,36,36,738.126,Pm-3n,223,cubic,3,Al O P,False
9005270,SiO2,Si8 O16,24,12,353.7146,Cc,9,monoclinic,2,O Si,False
9005564,Sr4Ti5(Si2O11)2,Sr8 Ti10 Si8 O44,70,35,846.323,C2/m,12,monoclinic,4,O Si Sr Ti,False
9005760,PbO2,Pb4 O8,12,3,140.608,Fm-3m,225,cubic,2,O Pb,False
9005762,PbO2,Pb4 O8,12,3,135.7967,Fm-3m,225,cubic,2,O Pb,False
9005822,Fe2SiO4,Fe16 Si8 O32,56,14,558.9468,Fd-3m,227,cubic,3,Fe O Si,False
9005841,Fe3O4,Fe24 O32,56,14,580.9288,Fd-3m,227,cubic,2,Fe O,False
9005861,BeAl2O4,Be4 Al8 O16,28,28,227.418,Pnma,62,orthorhombic,3,Al Be O,False
9005863,BeAl2O4,Be4 Al8 O16,28,28,229.8177,Pnma,62,orthorhombic,3,Al Be O,False
9005877,K2Cd2(SO4)3,K8 Cd8 S12 O48,76,76,1081.4041,P2_13,198,cubic,4,Cd K O S,False
9005892,Co3O4,Co24 O32,56,14,544.0779,Fd-3m,227,cubic,2,Co O,False
9005899,Co3O4,Co24 O32,56,14,542.2605,Fd-3m,227,cubic,2,Co O,False
9005900,Co3O4,Co24 O32,56,14,545.1583,Fd-3m,227,cubic,2,Co O,False
9005922,CaTiSiO5,Ca4 Ti4 Si4 O20,32,16,371.6736,P2_1/c,14,monoclinic,4,Ca O Si Ti,False
9005932,MnS,Mn4 S4,8,2,138.0281,Fm-3m,225,cubic,2,Mn S,False
9005936,MnS,Mn4 S4,8,2,130.9417,Fm-3m,225,cubic,2,Mn S,False
9005937,MnS,Mn4 S4,8,2,128.8641,Fm-3m,225,cubic,2,Mn S,False
9005941,MnS,Mn4 S4,8,2,125.601,Fm-3m,225,cubic,2,Mn S,False
9005946,MnO,Mn4 O4,8,2,87.8185,Fm-3m,225,cubic,2,Mn O,False
9006168,Na3AlF6,Na6 Al2 F12,20,10,252.3944,Immm,71,orthorhombic,3,Al F Na,False
9006183,ZnCr2O4,Zn8 Cr16 O32,56,14,577.4061,Fd-3m,227,cubic,3,Cr O Zn,False
9006201,Al2ZnO4,Al16 Zn8 O32,56,14,528.8275,Fd-3m,227,cubic,3,Al O Zn,False
9006223,Al2ZnO4,Al16 Zn8 O32,56,14,528.9059,Fd-3m,227,cubic,3,Al O Zn,False
9006227,Al2ZnO4,Al16 Zn8 O32,56,14,528.8275,Fd-3m,227,cubic,3,Al O Zn,False
9006241,ZnCr2O4,Zn8 Cr16 O32,56,14,577.4061,Fd-3m,227,cubic,3,Cr O Zn,False
9006251,ZnCr2O4,Zn8 Cr16 O32,56,14,577.4061,Fd-3m,227,cubic,3,Cr O Zn,False
9006285,SiO2,Si4 O8,12,6,168.8129,I-42d,122,tetragonal,2,O Si,False
9006288,SiO2,Si4 O8,12,12,157.3039,P4_32_12,96,tetragonal,2,O Si,False
9006300,SiO2,Si4 O8,12,12,158.3526,P1,1,triclinic,2,O Si,False
9006377,NaCl,Na4 Cl4,8,2,182.7283,Fm-3m,225,cubic,2,Cl Na,False
9006386,NaCl,Na4 Cl4,8,2,195.88,Fm-3m,225,cubic,2,Cl Na,False
9006387,NaCl,Na4 Cl4,8,2,197.7375,Fm-3m,225,cubic,2,Cl Na,False
9006410,AlPO4,Al3 P3 O12,18,18,238.5034,P3_221,154,trigonal,3,Al O P,False
9006411,AlPO4,Al3 P3 O12,18,18,238.7306,P3_221,154,trigonal,3,Al O P,False
9006417,AlPO4,Al3 P3 O12,18,18,243.388,P6_222,180,hexagonal,3,Al O P,False
9006425,FeSiO3,Fe16 Si16 O48,80,80,853.8828,Pbca,61,orthorhombic,3,Fe O Si,False
9006450,Ca2MgSi2O7,Ca4 Mg2 Si4 O14,24,24,303.663,P-42_1m,113,tetragonal,4,Ca Mg O Si,False
9006469,MgO,Mg4 O4,8,2,81.0253,Fm-3m,225,cubic,2,Mg O,False
9006480,MgO,Mg4 O4,8,2,85.8362,Fm-3m,225,cubic,2,Mg O,False
9006504,W,W2,2,1,33.1256,Im-3m,229,cubic,1,W,False
9006527,Al2SiO5,Al8 Si4 O20,32,32,327.0877,Pnma,62,orthorhombic,3,Al O Si,False
9006529,Al2SiO5,Al8 Si4 O20,32,32,322.6245,Pnma,62,orthorhombic,3,Al O Si,False
9006670,MnO,Mn4 O4,8,2,83.6025,Fm-3m,225,cubic,2,Mn O,False
9006685,CdO,Cd4 O4,8,2,103.5317,Fm-3m,225,cubic,2,Cd O,False
9006710,CaO,Ca4 O4,8,2,118.5879,Fm-3m,225,cubic,2,Ca O,False
9006727,CaO,Ca4 O4,8,2,121.729,Fm-3m,225,cubic,2,Ca O,False
9006733,CaO,Ca4 O4,8,2,118.1539,Fm-3m,225,cubic,2,Ca O,False
9006739,CaO,Ca4 O4,8,2,122.3194,Fm-3m,225,cubic,2,Ca O,False
9006741,CaO,Ca4 O4,8,2,123.2086,Fm-3m,225,cubic,2,Ca O,False
9006758,MgO,Mg4 O4,8,2,78.1831,Fm-3m,225,cubic,2,Mg O,False
9006898,Zn(FeO2)2,Zn8 Fe16 O32,56,14,575.4529,Fd-3m,227,cubic,3,Fe O Zn,False
9006906,Zn(FeO2)2,Zn8 Fe16 O32,56,14,550.1384,Fd-3m,227,cubic,3,Fe O Zn,False
9006929,Ca2CoSi2O7,Ca4 Co2 Si4 O14,24,24,310.4253,P-42_1m,113,tetragonal,4,Ca Co O Si,False
9006931,Ca2CoSi2O7,Ca4 Co2 Si4 O14,24,24,310.6722,P-42_1m,113,tetragonal,4,Ca Co O Si,False
9007152,SiO2,Si2 O4,6,6,45.3567,P4_2/mnm,136,tetragonal,2,O Si,False
9007179,Ca3SiH30CSO25,Ca6 Si2 H60 C2 S2 O50,122,122,1101.6673,P6_3,173,hexagonal,6,C Ca H O S Si,True
9007241,Sb2S3,Sb8 S12,20,20,470.5897,Pnma,62,orthorhombic,2,S Sb,False
9007303,CaPH5O6,Ca4 P4 H20 O24,52,26,490.2619,Cc,9,monoclinic,4,Ca H O P,False
9007305,CaPH5O6,Ca4 P4 H20 O24,52,26,492.3347,Cc,9,monoclinic,4,Ca H O P,False
9007308,CaPH5O6,Ca4 P4 H20 O24,52,26,495.6503,Cc,9,monoclinic,4,Ca H O P,False
9007377,Mg2SiO4,Mg8 Si4 O16,28,28,289.5288,Pnma,62,orthorhombic,3,Mg O Si,False
9007420,Al2Si(O2F)2,Al8 Si4 O16 F8,36,36,345.4624,Pnma,62,orthorhombic,4,Al F O Si,False
9007465,NaBr,Na4 Br4,8,2,214.6958,Fm-3m,225,cubic,2,Br Na,False
9007496,Al2O3,Al12 O18,30,10,254.9767,R-3c,167,trigonal,2,Al O,False
9007518,CaAsH5O6,Ca4 As4 H20 O24,52,26,525.5248,Cc,9,monoclinic,4,As Ca H O,False
9007536,FeF2,Fe2 F4,6,6,72.9403,P4_2/mnm,136,tetragonal,2,F Fe,False
9007635,Al2O3,Al12 O18,30,10,269.6558,R-3c,167,trigonal,2,Al O,False
9007639,K3Na(SO4)2,K3 Na1 S2 O8,14,14,204.2211,P-3m1,164,trigonal,4,K Na O S,False
9007655,FeS,Fe4 S4,8,8,107.5737,Pnma,62,orthorhombic,2,Fe S,False
9007669,FeAs,Fe4 As4,8,8,108.5572,Pnma,62,orthorhombic,2,As Fe,False
9007681,Na5H3(CO3)4,Na10 H6 C8 O24,48,48,511.9059,P-1,2,triclinic,4,C H Na O,True
9007742,HCS(OF)3,H4 C4 S4 O12 F12,36,36,465.0091,P2_1/c,14,monoclinic,5,C F H O S,True
9007768,Na3ClO,Na3 Cl1 O1,5,5,90.8822,Pm-3m,221,cubic,3,Cl Na O,False
9007774,CrP2H14(NO3)3,Cr4 P8 H56 N12 O36,116,116,1059.7847,P2_1/c,14,monoclinic,5,Cr H N O P,False
9007835,CaP3H10(NO6)2,Ca4 P12 H40 N8 O48,112,112,1129.8195,P2_12_12_1,19,orthorhombic,5,Ca H N O P,False
9007855,AgC2N3,Ag4 C8 N12,24,24,348.6437,Pnma,62,orthorhombic,3,Ag C N,True
9007893,Cd(AsO3)2,Cd1 As2 O6,9,9,98.1837,P-31m,162,trigonal,3,As Cd O,False
9007909,LuMnO3,Lu6 Mn6 O18,30,30,358.7017,P6_3cm,185,hexagonal,3,Lu Mn O,False
9008021,CsS,Cs1 S1,2,2,79.0088,Pm-3m,221,cubic,2,Cs S,False
9008085,Ga,Ga8,8,4,156.7598,Cmce,64,orthorhombic,1,Ga,False
9008099,Al6CuP4(H4O7)4,Al6 Cu1 P4 H16 O28,55,55,461.4025,P-1,2,triclinic,5,Al Cu H O P,False
9008156,Ca2Si3PbO9,Ca4 Si6 Pb2 O18,30,30,397.2747,P-1,2,triclinic,4,Ca O Pb Si,False
9008162,EuI2,Eu4 I8,12,12,492.439,P2_1/c,14,monoclinic,2,Eu I,False
9008192,Ba3V2O8,Ba3 V2 O8,13,13,204.0476,R-3m,166,trigonal,3,Ba O V,False
9008198,SrCO3,Sr4 C4 O12,20,20,256.807,Pnma,62,orthorhombic,3,C O Sr,True
9008228,SiO2,Si4 O8,12,12,174.635,P4_12_12,92,tetragonal,2,O Si,False
9008281,AgClO4,Ag2 Cl2 O8,12,6,167.0348,I-42m,121,tetragonal,3,Ag Cl O,False
9008330,Cr2As,Cr4 As2,6,6,81.863,P4/nmm,129,tetragonal,2,As Cr,False
9008331,KMnP,K2 Mn2 P2,6,6,140.1375,P4/nmm,129,tetragonal,3,K Mn P,False
9008393,CoS2,Co4 S8,12,12,169.8934,Pa-3,205,cubic,2,Co S,False
9008395,HgCl,Hg4 Cl4,8,4,218.8269,I4/mmm,139,tetragonal,2,Cl Hg,False
9008426,BiClO,Bi2 Cl2 O2,6,6,111.1099,P4/nmm,129,tetragonal,3,Bi Cl O,False
9008463,Au,Au4,4,1,67.83,Fm-3m,225,cubic,1,Au,False
9008485,Th,Th4,4,1,131.4297,Fm-3m,225,cubic,1,Th,False
9008495,Dy,Dy2,2,2,63.0447,P6_3/mmc,194,hexagonal,1,Dy,False
9008527,Pr,Pr4,4,4,138.2411,P6_3/mmc,194,hexagonal,1,Pr,False
9008571,N2,N8,8,8,179.7881,Pa-3,205,cubic,1,N,False
9008573,As,As8,8,4,177.0424,Cmce,64,orthorhombic,1,As,False
9008579,Se,Se3,3,3,81.3014,P3_221,154,trigonal,1,Se,False
9008590,Mn,Mn4,4,1,57.6467,Fm-3m,225,cubic,1,Mn,False
9008617,CeTe,Ce4 Te4,8,2,255.5643,Fm-3m,225,cubic,2,Ce Te,False
9008630,ErTe,Er4 Te4,8,2,222.8757,Fm-3m,225,cubic,2,Er Te,False
9008633,EuO,Eu4 O4,8,2,136.1061,Fm-3m,225,cubic,2,Eu O,False
9008645,HoP,Ho4 P4,8,2,178.0735,Fm-3m,225,cubic,2,Ho P,False
9008687,NdN,Nd4 N4,8,2,136.6705,Fm-3m,225,cubic,2,N Nd,False
9008716,SmN,Sm4 N4,8,2,128.6423,Fm-3m,225,cubic,2,N Sm,False
9008734,TbBi,Tb4 Bi4,8,2,247.6732,Fm-3m,225,cubic,2,Bi Tb,False
9008745,ThSb,Th4 Sb4,8,2,252.1964,Fm-3m,225,cubic,2,Sb Th,False
9008749,TiO,Ti4 O4,8,2,72.8566,Fm-3m,225,cubic,2,O Ti,False
9008751,TmN,Tm4 N4,8,2,111.2152,Fm-3m,225,cubic,2,N Tm,False
9008769,YTe,Y4 Te4,8,2,226.4233,Fm-3m,225,cubic,2,Te Y,False
9008785,SnS,Sn4 S4,8,8,192.6694,Pnma,62,orthorhombic,2,S Sn,False
9008825,TlBr,Tl1 Br1,2,2,63.0448,Pm-3m,221,cubic,2,Br Tl,False
9008828,PrZn,Pr1 Zn1,2,2,49.4309,Pm-3m,221,cubic,2,Pr Zn,False
9008832,AlSb,Al4 Sb4,8,2,230.8766,F-43m,216,cubic,2,Al Sb,False
9008834,BN,B4 N4,8,2,47.2416,F-43m,216,cubic,2,B N,False
9008837,BeSe,Be4 Se4,8,2,130.3238,F-43m,216,cubic,2,Be Se,False
9008841,CuBr,Cu4 Br4,8,2,184.2686,F-43m,216,cubic,2,Br Cu,False
9008858,ZnTe,Zn4 Te4,8,2,225.7553,F-43m,216,cubic,2,Te Zn,False
9008881,CdSb,Cd8 Sb8,16,16,455.3324,Pbca,61,orthorhombic,2,Cd Sb,False
9008926,GaAu,Ga4 Au4,8,8,137.1479,Pnma,62,orthorhombic,2,Au Ga,False
9008962,AgO,Ag4 O4,8,8,106.6648,P2_1/c,14,monoclinic,2,Ag O,False
9008982,InBr,In4 Br4,8,4,261.377,Cmcm,63,orthorhombic,2,Br In,False
9008991,Cs2O2,Cs4 O4,8,4,208.9009,Immm,71,orthorhombic,2,Cs O,False
9009025,NpO2,Np4 O8,12,3,160.4659,Fm-3m,225,cubic,2,Np O,False
9009030,PrH2,Pr4 H8,12,3,167.9225,Fm-3m,225,cubic,2,H Pr,False
9009040,SmH2,Sm4 H8,12,3,155.3738,Fm-3m,225,cubic,2,H Sm,False
9009057,K2Se,K8 Se4,12,3,452.2774,Fm-3m,225,cubic,2,K Se,False
9009078,PdF2,Pd2 F4,6,6,81.8678,P4_2/mnm,136,tetragonal,2,F Pd,False
9009106,Te2Ir,Te2 Ir1,3,3,72.135,P-3m1,164,trigonal,2,Ir Te,False
9009115,Te2Pd,Te2 Pd1,3,3,72.3329,P-3m1,164,trigonal,2,Pd Te,False
9009123,Pb2Au,Pb8 Au4,12,6,301.5933,I4/mcm,140,tetragonal,2,Au Pb,False
9009136,ZnCl2,Zn3 Cl6,9,3,219.1289,R-3m,166,trigonal,2,Cl Zn,False
9009178,PuBrO,Pu2 Br2 O2,6,6,122.4722,P4/nmm,129,tetragonal,3,Br O Pu,False
9009189,USO,U2 S2 O2,6,6,98.8613,P4/nmm,129,tetragonal,3,O S U,False
9009193,IBrO,I2 Br2 O2,6,6,126.4565,Pmmn,59,orthorhombic,3,Br I O,False
9009195,PbCl2,Pb4 Cl8,12,12,310.8686,Pnma,62,orthorhombic,2,Cl Pb,False
9009234,Al2Si2H4O9,Al4 Si4 H8 O18,34,17,328.708,P1,1,triclinic,4,Al H O Si,False
9009238,SiO2,Si6 O12,18,18,139.6104,P2_1/c,14,monoclinic,2,O Si,False
9009271,Al2FeP2(HO)18,Al2 Fe1 P2 H18 O18,41,41,334.4337,P-1,2,triclinic,5,Al Fe H O P,False
9009296,BaAl3P2(HO7)2,Ba2 Al6 P4 H4 O28,44,22,494.9919,Cm,8,monoclinic,5,Al Ba H O P,False
9009328,SrMgUH24C3O23,Sr2 Mg2 U2 H48 C6 O46,106,106,1057.2485,P2_1/m,11,monoclinic,6,C H Mg O Sr U,True
9009572,Mg3B(OF)3,Mg6 B2 O6 F6,20,20,208.1671,P6_3/m,176,hexagonal,4,B F Mg O,False
9009667,CaCO3,Ca6 C6 O18,30,10,368.2039,R-3c,167,trigonal,3,C Ca O,True
9009683,Al2O3,Al12 O18,30,10,250.8356,R-3c,167,trigonal,2,Al O,False
9009692,Ag8GeS6,Ag32 Ge4 S24,60,60,1199.2458,Pna2_1,33,orthorhombic,3,Ag Ge S,False
9009697,In2Pt,In8 Pt4,12,3,257.7452,Fm-3m,225,cubic,2,In Pt,False
9009738,RbI,Rb4 I4,8,2,393.6878,Fm-3m,225,cubic,2,I Rb,False
9009811,PbWO4,Pb4 W4 O16,24,12,360.9198,I4_1/a,88,tetragonal,3,O Pb W,False
9009820,Pd,Pd4,4,1,59.0002,Fm-3m,225,cubic,1,Pd,False
9009827,CaAlCuSi2O9,Ca4 Al4 Cu4 Si8 O36,56,28,685.4299,C2/m,12,monoclinic,5,Al Ca Cu O Si,False
9009831,ZnSO4,Zn4 S4 O16,24,24,277.0953,Pnma,62,orthorhombic,3,O S Zn,False
9009870,VBiO4,V4 Bi4 O16,24,24,322.6269,Pbcn,60,orthorhombic,3,Bi O V,False
9010118,NaMgF3,Na4 Mg4 F12,20,20,181.6552,Pnma,62,orthorhombic,3,F Mg Na,False
9010135,MoPb3Cl2O5,Mo4 Pb12 Cl8 O20,44,22,807.986,Cmcm,63,orthorhombic,4,Cl Mo O Pb,False
9010145,SiO2,Si3 O6,9,9,113.2567,P3_221,154,trigonal,2,O Si,False
9010193,BaSiO3,Ba6 Si6 O18,30,30,280.3928,P6_3/mmc,194,hexagonal,3,Ba O Si,False
9010256,KHCO3,K2 H2 C2 O6,12,12,123.1738,P-1,2,triclinic,4,C H K O,True
9010260,MgAl2O4,Mg4 Al8 O16,28,28,240.0433,Pnma,62,orthorhombic,3,Al Mg O,False
9010359,CaIrO3,Ca4 Ir4 O12,20,10,225.8274,Cmcm,63,orthorhombic,3,Ca Ir O,False
9010363,CaIrO3,Ca4 Ir4 O12,20,10,220.4947,Cmcm,63,orthorhombic,3,Ca Ir O,False
9010364,CaIrO3,Ca4 Ir4 O12,20,10,217.7799,Cmcm,63,orthorhombic,3,Ca Ir O,False
9010378,NaAl(SiO3)2,Na4 Al4 Si8 O24,40,20,383.2305,C2/c,15,monoclinic,4,Al Na O Si,False
9010471,NaAl(SiO3)2,Na4 Al4 Si8 O24,40,20,393.3946,C2/c,15,monoclinic,4,Al Na O Si,False
9010482,NaBeSi3HO8,Na8 Be8 Si24 H8 O64,112,112,1275.0469,Pnma,62,orthorhombic,5,Be H Na O Si,False
9010502,CaGe2O5,Ca4 Ge8 O20,32,32,329.4955,Pbam,55,orthorhombic,3,Ca Ge O,False
9010746,Rb2Cr4Cu(HO4)4,Rb2 Cr4 Cu1 H4 O16,27,27,380.8393,P-1,2,triclinic,5,Cr Cu H O Rb,False
9010917,Bi2PbS4,Bi8 Pb4 S16,28,28,697.8909,Pnma,62,orthorhombic,3,Bi Pb S,False
9010936,BaCO3,Ba4 C4 O12,20,20,319.0955,Pnma,62,orthorhombic,3,Ba C O,True
9010968,Co,Co4,4,1,44.5199,Fm-3m,225,cubic,1,Co,False
9010972,SO2,S4 O8,12,6,221.3826,Aea2,41,orthorhombic,2,O S,False
9011066,H4C7O,H16 C28 O4,48,48,479.9645,P2_1/c,14,monoclinic,3,C H O,True
9011080,Hg3(SCl)2,Hg12 S8 Cl8,28,14,716.6771,I2_13,199,cubic,3,Cl Hg S,False
9011126,H10C2N2O5,H20 C4 N4 O10,38,38,314.3505,P2_12_12,18,orthorhombic,4,C H N O,True
9011165,Sb6S2O15,Sb24 S8 O60,92,46,1349.5097,Ccc2,37,orthorhombic,3,O S Sb,False
9011208,Sb2(S2O7)3,Sb4 S12 O42,58,58,783.412,P-1,2,triclinic,3,O S Sb,False
9011230,As2(SO4)3,As8 S12 O48,68,68,954.4461,P2_1/c,14,monoclinic,3,As O S,False
9011252,Cd2As3I,Cd8 As12 I4,24,12,632.5087,C2/c,15,monoclinic,3,As Cd I,False
9011358,TePb,Te4 Pb4,8,2,268.8482,Fm-3m,225,cubic,2,Pb Te,False
9011359,PbSe,Pb4 Se4,8,2,227.5843,Fm-3m,225,cubic,2,Pb Se,False
9011373,Ca2YAs(WO6)2,Ca8 Y4 As4 W8 O48,72,36,893.4082,I4_1/a,88,tetragonal,5,As Ca O W Y,False
9011379,K2FeH2Cl5O,K8 Fe4 H8 Cl20 O4,44,44,907.2822,Pnma,62,orthorhombic,5,Cl Fe H K O,False
9011417,MnZn2Si(HO3)2,Mn4 Zn8 Si4 H8 O24,48,48,508.6576,P2_1/c,14,monoclinic,5,H Mn O Si Zn,False
9011557,Li,Li2,2,1,35.03,Im-3m,229,cubic,1,Li,False
9011610,W,W2,2,1,31.4647,Im-3m,229,cubic,1,W,False
9011611,W,W2,2,1,31.4946,Im-3m,229,cubic,1,W,False
9011620,Co,Co4,4,1,45.8443,Fm-3m,225,cubic,1,Co,False
9011633,Ne,Ne4,4,1,88.8359,Fm-3m,225,cubic,1,Ne,False
9011636,He,He4,4,1,76.3329,Fm-3m,225,cubic,1,He,False
9011649,Se,Se3,3,3,71.6354,P3_121,152,trigonal,1,Se,False
9011652,Se,Se3,3,3,65.267,P3_121,152,trigonal,1,Se,False
9011654,Se,Se3,3,3,63.1859,P3_121,152,trigonal,1,Se,False
9011658,GaN,Ga2 N2,4,4,45.7294,P6_3mc,186,hexagonal,2,Ga N,False
9011660,BN,B2 N2,4,4,23.387,P6_3mc,186,hexagonal,2,B N,False
9011678,AgCl,Ag4 Cl4,8,4,138.7471,Cmcm,63,orthorhombic,2,Ag Cl,False
9011715,Ne,Ne4,4,1,27.571,Fm-3m,225,cubic,1,Ne,False
9011719,Ne,Ne4,4,1,26.6238,Fm-3m,225,cubic,1,Ne,False
9011720,Ne,Ne4,4,1,26.2775,Fm-3m,225,cubic,1,Ne,False
9011728,NaV3H6(SO7)2,Na3 V9 H18 S6 O42,78,26,772.0196,R-3m,166,trigonal,5,H Na O S V,False
9011848,USiPbO6,U4 Si4 Pb4 O24,36,36,603.8019,P2_1/c,14,monoclinic,4,O Pb Si U,False
9011868,CaB2H10O9,Ca2 B4 H20 O18,44,44,354.8872,P-1,2,triclinic,4,B Ca H O,False
9011899,Na3MnPCO7,Na6 Mn2 P2 C2 O14,26,26,313.1284,P2_1/m,11,monoclinic,5,C Mn Na O P,True
9011908,Be(HO)2,Be12 H24 O24,60,60,446.7003,P2_1,4,monoclinic,3,Be H O,False
9011965,Bi2Se3,Bi6 Se9,15,5,425.6698,R-3m,166,trigonal,2,Bi Se,False
9011975,K,K2,2,1,91.7949,Im-3m,229,cubic,1,K,False
9011977,K,K2,2,1,80.2303,Im-3m,229,cubic,1,K,False
9012009,Be,Be2,2,2,16.2185,P6_3/mmc,194,hexagonal,1,Be,False
9012024,Be,Be2,2,2,16.8816,P6_3/mmc,194,hexagonal,1,Be,False
9012044,Mn(CrS2)2,Mn8 Cr16 S32,56,14,1033.3643,Fd-3m,227,cubic,3,Cr Mn S,False
9012064,Bi2Te3,Bi6 Te9,15,5,509.2054,R-3m,166,trigonal,2,Bi Te,False
9012115,CrAgS2,Cr3 Ag3 S6,12,4,216.9564,R3m,160,trigonal,3,Ag Cr S,False
9012119,Ti4FeS8,Ti16 Fe4 S32,52,13,926.8151,C2/m,12,monoclinic,3,Fe S Ti,False
9012182,Na2MgAlF7,Na8 Mg4 Al4 F28,44,22,513.3582,Imma,74,orthorhombic,4,Al F Mg Na,False
9012184,Na2MgAlF7,Na8 Mg4 Al4 F28,44,22,512.0216,Imma,74,orthorhombic,4,Al F Mg Na,False
9012257,NiPS,Ni4 P4 S4,12,12,169.9026,P2_13,198,cubic,3,Ni P S,False
9012302,C,C8,8,2,45.3805,Fd-3m,227,cubic,1,C,True
9012322,Ca(InS2)2,Ca8 In16 S32,56,14,1250.636,Fd-3m,227,cubic,3,Ca In S,False
9012335,AsS,As16 S16,32,32,799.1996,P2_1/c,14,monoclinic,2,As S,False
9012343,SbAsO5,Sb4 As4 O20,28,28,393.1534,P2_12_12_1,19,orthorhombic,3,As O Sb,False
9012346,As2Pd,As8 Pd4,12,12,213.7399,Pa-3,205,cubic,2,As Pd,False
9012352,K2Cu5H8(Cl4O3)2,K4 Cu10 H16 Cl16 O12,58,58,899.3717,P2_1/c,14,monoclinic,5,Cl Cu H K O,False
9012359,Zn(HO)2,Zn4 H8 O8,20,20,213.0335,P2_12_12_1,19,orthorhombic,3,H O Zn,False
9012369,Hg3AsClO4,Hg12 As4 Cl4 O16,36,36,592.3442,P2_13,198,cubic,4,As Cl Hg O,False
9012433,W,W2,2,1,31.5036,Im-3m,229,cubic,1,W,False
9012447,Li,Li2,2,1,43.2694,Im-3m,229,cubic,1,Li,False
9012472,NiH12(ClO3)2,Ni2 H24 Cl4 O12,42,21,401.0908,C2/m,12,monoclinic,4,Cl H Ni O,False
9012473,NiH12(ClO3)2,Ni2 H24 Cl4 O12,42,21,401.259,C2/m,12,monoclinic,4,Cl H Ni O,False
9012493,P,P8,8,4,144.2884,Cmce,64,orthorhombic,1,P,False
9012500,Li3PO4,Li6 P2 O8,16,16,155.5618,Pmn2_1,31,orthorhombic,3,Li O P,False
9012514,NaFe3(PO4)3,Na4 Fe12 P12 O48,76,38,877.0371,C2/c,15,monoclinic,4,Fe Na O P,False
9012517,SbO2,Sb8 O16,24,12,303.7963,C2/c,15,monoclinic,2,O Sb,False
9012520,SrV2P2(H4O7)2,Sr4 V8 P8 H32 O56,108,54,1027.8128,Cc,9,monoclinic,5,H O P Sr V,False
9012544,FeSb2,Fe2 Sb4,6,6,121.9211,Pnnm,58,orthorhombic,2,Fe Sb,False
9012572,NiAs2,Ni2 As4,6,6,97.7551,Pnnm,58,orthorhombic,2,As Ni,False
9012600,SiO2,Si3 O6,9,9,113.0517,P3_121,152,trigonal,2,O Si,False
9012666,Al2Si2H4O9,Al8 Si8 H16 O36,68,34,657.6417,Cc,9,monoclinic,4,Al H O Si,False
9012704,PbO,Pb2 O2,4,4,81.2975,P4/nmm,129,tetragonal,2,O Pb,False
9012708,Fe,Fe4,4,1,48.3081,Fm-3m,225,cubic,1,Fe,False
9012759,Sr,Sr2,2,1,87.174,Im-3m,229,cubic,1,Sr,False
9012797,MgH10CO8,Mg4 H40 C4 O32,80,80,687.1442,P2_1/c,14,monoclinic,4,C H Mg O,True
9012801,MnSb6(Pb2S7)2,Mn2 Sb12 Pb8 S28,50,50,1220.7839,P2_1/c,14,monoclinic,4,Mn Pb S Sb,False
9012804,Co3Se4,Co6 Se8,14,7,228.0622,C2/m,12,monoclinic,2,Co Se,False
9012855,Bi2Pd,Bi8 Pd4,12,6,299.3677,C2/m,12,monoclinic,2,Bi Pd,False
9012875,Rb,Rb2,2,1,177.4096,Im-3m,229,cubic,1,Rb,False
9012876,Rb,Rb2,2,1,185.193,Im-3m,229,cubic,1,Rb,False
9012883,Sn2Pt,Sn8 Pt4,12,3,263.7447,Fm-3m,225,cubic,2,Pt Sn,False
9012894,Si3(BiO3)4,Si12 Bi16 O48,76,38,1085.6132,I-43d,220,cubic,3,Bi O Si,False
9012917,Ca,Ca1,1,1,17.882,Pm-3m,221,cubic,1,Ca,False
9012930,Co,Co4,4,1,45.7675,Fm-3m,225,cubic,1,Co,False
9012943,Co,Co4,4,1,46.7455,Fm-3m,225,cubic,1,Co,False
9012953,Au,Au4,4,1,67.4142,Fm-3m,225,cubic,1,Au,False
9013035,Au,Au4,4,1,67.5186,Fm-3m,225,cubic,1,Au,False
9013042,Au,Au4,4,1,70.6499,Fm-3m,225,cubic,1,Au,False
9013051,Ag,Ag4,4,1,71.732,Fm-3m,225,cubic,1,Ag,False
9013222,MgO,Mg4 O4,8,2,71.2153,Fm-3m,225,cubic,2,Mg O,False
9013231,MgO,Mg4 O4,8,2,60.2363,Fm-3m,225,cubic,2,Mg O,False
9013251,MgO,Mg4 O4,8,2,67.8674,Fm-3m,225,cubic,2,Mg O,False
9013255,MgO,Mg4 O4,8,2,63.569,Fm-3m,225,cubic,2,Mg O,False
9013263,MgO,Mg4 O4,8,2,58.8185,Fm-3m,225,cubic,2,Mg O,False
9013359,NaAl(SiO3)2,Na4 Al4 Si8 O24,40,20,400.9568,C2/c,15,monoclinic,4,Al Na O Si,False
9013360,NaAl(SiO3)2,Na4 Al4 Si8 O24,40,20,400.9656,C2/c,15,monoclinic,4,Al Na O Si,False
9013376,NaAl(SiO3)2,Na4 Al4 Si8 O24,40,20,401.6663,C2/c,15,monoclinic,4,Al Na O Si,False
9013404,Fe2PHO5,Fe32 P16 H16 O80,144,144,1493.69,P2_1/c,14,monoclinic,4,Fe H O P,False
9013462,Cu3(AsO4)2,Cu12 As8 O32,52,52,618.1794,P2_1/c,14,monoclinic,3,As Cu O,False
9013464,Sb,Sb2,2,2,180.1262,P6_3/mmc,194,hexagonal,1,Sb,False
9013477,Fe,Fe2,2,1,24.1376,Im-3m,229,cubic,1,Fe,False
9013482,Fe,Fe2,2,1,24.2631,Im-3m,229,cubic,1,Fe,False
9013569,AsS,As16 S16,32,32,803.4486,P2_1/c,14,monoclinic,2,As S,False
9013790,FeS2O9,Fe2 S4 O18,24,12,311.2937,P-1,2,triclinic,3,Fe O S,False
9013857,LiGa(SiO3)2,Li4 Ga4 Si8 O24,40,40,401.3257,P2_1/c,14,monoclinic,4,Ga Li O Si,False
9013862,LiGa(SiO3)2,Li4 Ga4 Si8 O24,40,40,403.0439,P2_1/c,14,monoclinic,4,Ga Li O Si,False
9013871,LiGa(SiO3)2,Li4 Ga4 Si8 O24,40,20,406.1555,C2/c,15,monoclinic,4,Ga Li O Si,False
9013960,Ca(Fe2O3)2,Ca4 Fe16 O24,44,22,466.6363,Cmcm,63,orthorhombic,3,Ca Fe O,False
9013969,K4UC3O11,K16 U4 C12 O44,76,38,1148.2431,C2/c,15,monoclinic,4,C K O U,True
9014032,Bi2Pt,Bi8 Pt4,12,12,301.0594,Pa-3,205,cubic,2,Bi Pt,False
9014223,PbSeO4,Pb4 Se4 O16,24,24,358.8422,P2_1/c,14,monoclinic,3,O Pb Se,False
9014294,Na2Ca4YZrSi4(O5F)3,Na4 Ca8 Y2 Zr2 Si8 O30 F6,60,60,791.4213,P-1,2,triclinic,7,Ca F Na O Si Y Zr,False
9014306,Sb2Au,Sb8 Au4,12,12,295.1821,Pa-3,205,cubic,2,Au Sb,False
9014330,HgI2,Hg2 I4,6,6,236.0504,P4_2/nmc,137,tetragonal,2,Hg I,False
9014346,BeO,Be2 O2,4,4,27.6024,P6_3mc,186,hexagonal,2,Be O,False
9014557,PbF2,Pb4 F8,12,3,209.5528,Fm-3m,225,cubic,2,F Pb,False
9014640,FeSi2,Fe1 Si2,3,3,36.7594,P4/mmm,123,tetragonal,2,Fe Si,False
9014680,CaH6(C2O3)2,Ca6 H36 C24 O36,102,102,947.0622,P-1,2,triclinic,4,C Ca H O,True
9014700,Na3AlV10(H22O25)2,Na3 Al1 V10 H44 O50,108,108,1053.0643,P-1,2,triclinic,5,Al H Na O V,False
9014824,Cr2O3,Cr12 O18,30,10,247.106,R-3c,167,trigonal,2,Cr O,False
9014860,MgSiO3,Mg16 Si16 O48,80,80,822.23,Pbca,61,orthorhombic,3,Mg O Si,False
9014870,Fe(SbS2)2,Fe4 Sb8 S16,28,28,574.555,Pnma,62,orthorhombic,3,Fe S Sb,False
9014893,V2O3,V12 O18,30,10,290.6746,R-3c,167,trigonal,2,O V,False
9014931,BaCu(Si2O5)2,Ba4 Cu4 Si16 O40,64,64,893.4998,P4/ncc,130,tetragonal,4,Ba Cu O Si,False
9015054,CaSnO3,Ca4 Sn4 O12,20,20,238.9295,Pnma,62,orthorhombic,3,Ca O Sn,False
9015062,MgAl2As2(HO)18,Mg1 Al2 As2 H18 O18,41,41,360.9875,P-1,2,triclinic,5,Al As H Mg O,False
9015207,FeGe3H4PbO10,Fe2 Ge6 H8 Pb2 O20,38,38,398.1835,P2_1/m,11,monoclinic,5,Fe Ge H O Pb,False
9015224,Cu5(AsO6)2,Cu5 As2 O12,19,19,227.1092,P-1,2,triclinic,3,As Cu O,False
9015403,AsS,As16 S16,32,32,686.6216,P2_1/c,14,monoclinic,2,As S,False
9015445,Fe,Fe4,4,1,45.004,Fm-3m,225,cubic,1,Fe,False
9015651,CaSnO3,Ca4 Sn4 O12,20,20,246.1361,Pnma,62,orthorhombic,3,Ca O Sn,False
9015771,CaSnO3,Ca4 Sn4 O12,20,20,242.3096,Pnma,62,orthorhombic,3,Ca O Sn,False
9015797,AsS,As16 S16,32,16,812.0255,C2/c,15,monoclinic,2,As S,False
9015909,CaBHO3,Ca4 B4 H4 O12,24,24,254.7179,P2_1/c,14,monoclinic,4,B Ca H O,False
9015984,Ca2Fe2Si5HO15,Ca4 Fe4 Si10 H2 O30,50,50,583.8262,P-1,2,triclinic,5,Ca Fe H O Si,False
9016067,LiFe(GeO3)2,Li4 Fe4 Ge8 O24,40,20,409.9005,C2/c,15,monoclinic,4,Fe Ge Li O,False
9016410,FeCO3,Fe6 C6 O18,30,10,232.3654,R-3c,167,trigonal,3,C Fe O,True
9016498,Na2AlSi3HO9,Na4 Al2 Si6 H2 O18,32,32,396.2947,P-1,2,triclinic,5,Al H Na O Si,False
9016530,SrY2Si3O10,Sr2 Y4 Si6 O20,32,32,410.4053,P-1,2,triclinic,4,O Si Sr Y,False
9016553,SrSiO3,Sr6 Si6 O18,30,30,418.2983,P-1,2,triclinic,3,O Si Sr,False
9016624,BaTiO3,Ba1 Ti1 O3,5,5,64.201,R3m,160,trigonal,3,Ba O Ti,False
9016626,FeH10S2NO11,Fe4 H40 S8 N4 O44,100,100,959.8954,P2_1/c,14,monoclinic,5,Fe H N O S,False
9016628,Ca2Fe2O5,Ca8 Fe8 O20,36,36,436.2139,Pnma,62,orthorhombic,3,Ca Fe O,False
9016635,Fe,Fe4,4,1,42.6915,Fm-3m,225,cubic,1,Fe,False
9016690,BaCa2(SiO3)3,Ba2 Ca4 Si6 O18,30,30,395.6501,P-1,2,triclinic,4,Ba Ca O Si,False
9016802,Fe3O4,Fe24 O32,56,14,582.1829,Fd-3m,227,cubic,2,Fe O,False
9016804,Fe3O4,Fe24 O32,56,14,572.6141,Fd-3m,227,cubic,2,Fe O,False
9016816,Fe3O4,Fe24 O32,56,14,538.9557,Fd-3m,227,cubic,2,Fe O,False
9017187,Cu6As4S9,Cu12 As8 S18,38,38,729.6184,P1,1,triclinic,3,As Cu S,False
9017271,NaCr(SiO3)2,Na4 Cr4 Si8 O24,40,20,343.651,C2/c,15,monoclinic,4,Cr Na O Si,False
9017314,Be,Be2,2,2,16.211,P6_3/mmc,194,hexagonal,1,Be,False
9017370,ZnSeO3,Zn8 Se8 O24,40,40,535.8697,Pbca,61,orthorhombic,3,O Se Zn,False
9017381,Fe(HO)2,Fe4 H8 O8,20,10,149.0985,Cmcm,63,orthorhombic,3,Fe H O,False
9017436,FeSe2,Fe2 Se4,6,6,99.1128,Pnnm,58,orthorhombic,2,Fe Se,False
9017651,Fe4O5,Fe16 O20,36,18,357.9224,Cmcm,63,orthorhombic,2,Fe O,False
9017665,CuPt7,Cu4 Pt28,32,8,472.5653,Fm-3m,225,cubic,2,Cu Pt,False
9017806,Cu2H3ClO3,Cu8 H12 Cl4 O12,36,36,377.1584,Pnma,62,orthorhombic,4,Cl Cu H O,False
