cod_id,http_status,stage_failed,reject_detail,n_blocks,n_sites,n_sites_primitive,volume_a3,is_ordered,formula_declared,formula_parsed,max_z,min_nn_dist_a,contains_carbon,n_parser_warnings,survived
1000023,200,ordered,partial or mixed site occupancy,1,37,,406.3448,False,,Fe4 Cu2.9376 P6 O24,29,,False,1,False
1001000,200,ordered,partial or mixed site occupancy,1,304,,2468.7992,False,,Ca16 H64 N32 O128,20,,False,1,False
1001067,200,parsed,ValueError: Invalid CIF file with no structures!,,,,,,,,,,,2,False
1001399,200,ordered,partial or mixed site occupancy,1,20,,241.7983,False,,Sr4 Fe2 Ru2 O12,44,,False,0,False
1001501,200,,,1,18,9,245.6608,True,Ba Ni O5 Y2,Ba2 Y4 Ni2 O10,56,1.88,False,0,True
1001546,200,ordered,partial or mixed site occupancy,1,14,,162.2161,False,,Ca2 Y2 Al2 O8,39,,False,0,False
1001571,200,ordered,partial or mixed site occupancy,1,140,,1627.069,False,,Sr19.992 Cu12 Bi8 C8 O64,83,,False,0,False
1001641,200,ordered,partial or mixed site occupancy,1,196,,2965.9963,False,,Cs18 Al6 Mo18 P22 O118,55,,False,1,False
1001671,200,ordered,partial or mixed site occupancy,1,30,,190.2298,False,,Nd4 Cu2 O7,60,,False,0,False
1001714,200,ordered,partial or mixed site occupancy,1,24,,292.7553,False,,Sr5 Mn4 C1 O13,38,,False,0,False
1001837,200,,,1,24,12,632.5087,True,As3 Cd2 I,Cd8 As12 I4,53,2.417,False,0,True
1006039,200,,,1,24,24,341.5677,True,F4 K Mn,K4 Mn4 F16,25,1.8051,False,0,True
1007241,200,,,1,56,56,614.4384,True,Cu Li O9 P3,Li4 Cu4 P12 O36,29,1.4667,False,0,True
1007257,200,,,1,28,28,369.1983,True,K Mg O9 P3,K2 Mg2 P6 O18,19,1.4324,False,1,True
1008154,200,,,1,20,20,219.3989,True,Cr Dy O3,Dy4 Cr4 O12,66,1.9665,False,0,True
1008505,200,ordered,partial or mixed site occupancy,1,114,,1300.7538,False,,Ba5.94 Zn5.64 Fe36.12 O66,56,,False,0,False
1008870,200,,,1,2,2,27.5999,True,Os,Os2,76,2.6618,False,1,True
1010112,200,,,1,96,24,1073.7418,True,O4 Sb2,Sb32 O64,51,2.1054,False,0,True
1010216,200,,,1,20,20,283.5934,True,Cl Na O3,Na4 Cl4 O12,17,1.4766,False,0,True
1010306,200,,,1,24,12,834.8038,True,I K O4,K4 I4 O16,53,2.7629,False,0,True
1010327,200,,,1,8,2,216.0,True,I Li,Li4 I4,53,3.0,False,0,True
1010683,200,parsed,ValueError: Invalid CIF file with no structures!,,,,,,,,,,,0,False
1010942,200,,,1,12,6,130.3639,True,O2 Ti,Ti4 O8,22,1.874,False,0,True
1011093,200,parsed,ValueError: Invalid CIF file with no structures!,,,,,,,,,,,3,False
1011165,200,ordered,partial or mixed site occupancy,1,8,,79.0033,False,,Fe3.716 O4,26,,False,0,False
1011291,200,,,1,14,14,178.7628,True,O5 V2,V4 O10,23,1.5683,False,0,True
1100114,200,parsed,ValueError: Invalid CIF file with no structures!,,,,,,,,,,,3,False
1100410,200,,,1,126,126,1369.7696,True,C25 H25 Co3 Cr O7 P2,Cr2 Co6 P4 H50 C50 O14,27,0.837,True,0,True
1100517,200,size_within_limit,208 sites > 150,1,208,,1929.7404,True,C22 H26 N2 O2,H104 C88 N8 O8,8,0.8531,True,0,False
1100717,200,,,1,56,56,1687.7094,True,Br3 La9 Sb16,La18 Sb32 Br6,57,3.0323,False,1,True
1101065,200,,,1,36,36,461.8974,True,Ca2 Fe2 O5,Ca8 Fe8 O20,26,1.8483,False,0,True
1101150,200,,,1,68,34,911.1439,True,B3 K O9 Sr4,K4 Sr16 B12 O36,38,1.3688,False,0,True
1101220,200,ordered,partial or mixed site occupancy,1,5168,,100078.6282,False,,K128 Ti64 Si32 W320 C1600 S32 O2048,74,,True,1,False
1501505,200,ordered,partial or mixed site occupancy,1,10,,130.3329,False,,Mg0.5 Ti0.5 Nb1 Pb2 O6,82,,False,0,False
1501575,200,,,1,2,2,20.4122,True,C W,W1 C1,74,2.1855,True,1,True
1501730,200,size_within_limit,156 sites > 150,1,156,,1408.4385,True,C5 H17 B5 N2 O10,B20 H68 C20 N8 O40,8,0.9667,True,0,False
1501801,200,size_within_limit,208 sites > 150,1,208,,1698.7254,True,C20 H30 O2,H120 C80 O8,8,0.9496,True,0,False
1501967,200,,,1,114,114,1073.3537,True,C26 H27 N O2,H56 C52 N2 O4,8,0.9098,True,1,True
1502067,200,size_within_limit,204 sites > 150,1,204,,1819.1896,True,C16 H29 N O4 S,H116 C64 S4 N4 O16,16,0.8837,True,0,False
1502126,200,size_within_limit,456 sites > 150,1,456,,5009.9644,True,C58 H44 I2 N6 O4,H176 C232 I8 N24 O16,53,,True,1,False
1502337,200,size_within_limit,180 sites > 150,1,180,,1726.4069,True,C20 H20 N2 O2 S,H80 C80 S4 N8 O8,16,0.929,True,1,False
1502523,200,,,1,106,106,1015.7381,True,C25 H26 O2,H52 C50 O4,8,0.8203,True,0,True
1502545,200,size_within_limit,176 sites > 150,1,176,,1628.829,True,C15 H23 N3 O2 S,H92 C60 S4 N12 O8,16,0.9496,True,0,False
1502622,200,size_within_limit,380 sites > 150,1,380,,3395.723,True,C18 H25 Cl N O2.5,H200 C144 N8 Cl8 O20,17,0.8373,True,1,False
1502625,200,ordered,partial or mixed site occupancy,1,276,,2897.4289,False,,Re4 H92 C94.4 Br0.8 N28 O34.4 F9.6,75,,True,0,False
1502685,200,ordered,partial or mixed site occupancy,1,864,,10114.4673,False,,Cu4 P4 H304 C440 N16 Cl16 F24,29,,True,0,False
1502708,200,ordered,partial or mixed site occupancy,1,824,,6903.8863,False,,H188 C80 N5 Cl2.624 O166.496,17,,True,1,False
1502929,200,ordered,partial or mixed site occupancy,1,360,,3939.1995,False,,H124 Pd4 C128 N32 O66,46,,True,0,False
1502981,200,size_within_limit,516 sites > 150,1,516,,5501.3007,True,C58 H46 F18 N2 O5,H184 C232 N8 O20 F72,9,,True,0,False
1503072,200,,,1,136,136,1292.3174,True,C12 H16 B N3 O2,B4 H64 C48 N12 O8,8,0.8794,True,0,True
1503161,200,size_within_limit,452 sites > 150,1,452,,4522.8541,True,C27 H23 N2 O4.5,H184 C216 N16 O36,8,,True,0,False
1503239,200,size_within_limit,328 sites > 150,1,328,,3245.5825,True,C21 H17 N O2,H136 C168 N8 O16,8,0.8752,True,0,False
1503403,200,,,1,82,82,769.3136,True,C16 H17 N O6 S,H34 C32 S2 N2 O12,16,0.8593,True,1,True
1503438,200,size_within_limit,224 sites > 150,1,224,,2090.3602,True,C23 H28 N2 O3,H112 C92 N8 O12,8,0.8802,True,0,False
1503548,200,ordered,partial or mixed site occupancy,1,447,,4338.5103,False,,H224 C161.5 N32 Cl4 O20.5,17,,True,1,False
1503567,200,size_within_limit,160 sites > 150,1,160,,1567.7557,True,C19 H14 N2 O5,H56 C76 N8 O20,8,0.859,True,0,False
1503609,200,size_within_limit,452 sites > 150,1,452,,4655.7375,True,C63 H43 Co O6,Co4 H172 C252 O24,27,,True,0,False
1503692,200,,,1,82,82,698.7746,True,C31 H46 O5,H46 C31 O5,8,0.8198,True,0,True
1503782,200,,,1,136,136,1235.7505,True,C14 H17 N O2,H68 C56 N4 O8,8,0.8765,True,0,True
1503927,200,ordered,partial or mixed site occupancy,1,120,,767.8001,False,,H40 C32 O14,8,,True,0,False
1504037,200,size_within_limit,196 sites > 150,1,196,,1931.5308,True,C23 H19 N3 O4,H76 C92 N12 O16,8,0.9296,True,0,False
1504181,200,size_within_limit,204 sites > 150,1,204,,1903.2292,True,C20 H22 O9,H88 C80 O36,8,0.8199,True,0,False
1504244,200,size_within_limit,204 sites > 150,1,204,,2081.8608,True,C23 H21 N O4 S2,H84 C92 S8 N4 O16,16,0.9493,True,0,False
1504662,200,size_within_limit,728 sites > 150,1,728,,8408.527,True,C41 H26 F18 N2 P2 S2,P16 H208 C328 S16 N16 F144,16,,True,0,False
1504757,200,ordered,partial or mixed site occupancy,1,248,,2028.2727,False,,H72 C112 S8,16,,True,0,False
1504777,200,,,1,46,46,602.8129,True,C12 H4 O2 S5,H8 C24 S10 O4,16,0.9494,True,0,True
1505078,200,ordered,partial or mixed site occupancy,1,96,,924.5228,False,,B39.99984 P3.99984 H44.00016 C3.99984,15,,True,0,False
1505087,200,,,1,84,84,940.1347,True,C6 H11 I N2 O,H44 C24 I4 N8 O4,53,0.9494,True,0,True
1505189,200,,,1,108,108,1098.0647,True,C26 H22 N4 O2,H44 C52 N8 O4,8,0.9251,True,0,True
1505242,200,size_within_limit,208 sites > 150,1,208,,2291.0991,True,C26 H22 Se2 Si2,Si8 H88 C104 Se8,34,0.949,True,0,False
1505435,200,,,1,108,108,1108.6582,True,C25 H21 Br O7,H42 C50 Br2 O14,35,0.84,True,0,True
1505493,200,,,1,148,148,1600.504,True,C13 H16 B Cl F5 I,B4 H64 C52 I4 Cl4 F20,53,0.9499,True,0,True
1505617,200,,,1,68,68,771.998,True,C16 H14 Br2 S2,H28 C32 S4 Br4,35,0.9491,True,0,True
1505636,200,,,1,82,82,753.7192,True,C15 H22 O3 Si,Si2 H44 C30 O6,14,0.8705,True,0,True
1505701,200,size_within_limit,296 sites > 150,1,296,,3378.3798,True,C22 H32 Na Ni O8 S10,Na4 Ni4 H128 C88 S40 O32,28,0.9893,True,0,False
1505703,200,size_within_limit,296 sites > 150,1,296,,3329.2158,True,C22 H32 K Ni O8 S10,K4 Ni4 H128 C88 S40 O32,28,0.9891,True,0,False
1505782,200,ordered,partial or mixed site occupancy,1,392,,3766.2648,False,,H97.6 C160 Cl30.4 O24,17,,True,1,False
1505810,200,size_within_limit,488 sites > 150,1,488,,4878.0619,True,C31 H26 O2 P2,P16 H208 C248 O16,15,,True,0,False
1505820,200,,,1,140,140,1362.5999,True,C16 H16 N2 O,H64 C64 N8 O4,8,0.9296,True,0,True
1506018,200,,,1,146,146,1324.3286,True,C30 H37 F3 O3,H74 C60 O6 F6,9,0.949,True,0,True
1506124,200,ordered,partial or mixed site occupancy,1,300,,3838.7038,False,,H112 C110 I4 N12 Cl16 O16,53,,True,0,False
1506384,200,,,1,60,60,742.3735,True,C7 H5 I O2,H20 C28 I4 O8,53,0.8582,True,0,True
1506396,200,size_within_limit,168 sites > 150,1,168,,2287.8588,True,C20 H11 Cu I N5 S4,Cu4 H44 C80 S16 I4 N20,53,0.9295,True,0,False
1506452,200,,,1,38,38,527.0466,True,C6 H9 I S3,H18 C12 S6 I2,53,0.9797,True,0,True
1506463,200,,,1,84,84,906.9145,True,C20 H10 F12,H20 C40 F24,9,0.9497,True,0,True
1506612,200,size_within_limit,160 sites > 150,1,160,,1569.9051,True,C15 H17 Cl2 N O5,H68 C60 N4 Cl8 O20,17,0.8076,True,0,False
1506726,200,size_within_limit,196 sites > 150,1,196,,1994.9853,True,C23 H24 O Sn,Sn4 H96 C92 O4,50,0.8397,True,0,False
1506864,200,,,1,84,84,927.8989,True,C20 H16 Br2 O4,H32 C40 Br4 O8,35,0.9469,True,0,True
1506914,200,size_within_limit,236 sites > 150,1,236,,1995.1436,True,C38 H67 N3 O10,H134 C76 N6 O20,8,0.8397,True,0,False
1507261,200,,,1,124,124,1064.3171,True,C25 H34 O3,H68 C50 O6,8,0.9491,True,0,True
1507351,200,size_within_limit,216 sites > 150,1,216,,2173.9994,True,C16 H28 N2 O6 S Si,Si4 H112 C64 S4 N8 O24,16,0.911,True,0,False
1507474,200,ordered,partial or mixed site occupancy,1,1240,,8622.7704,False,,P8 H112 C536 Cl48 O24,17,,True,0,False
1507570,200,,,1,126,126,1321.8778,True,C25 H25 Br N4 O8,H50 C50 Br2 N8 O16,35,0.8599,True,0,True
1507850,200,size_within_limit,248 sites > 150,1,248,,2202.4633,True,C26 H32 O4,H128 C104 O16,8,0.8405,True,0,False
1508372,200,ordered,partial or mixed site occupancy,1,232,,2471.2152,False,,H72 C112 S8 N16 O8 F8,16,,True,0,False
1508401,200,size_within_limit,248 sites > 150,1,248,,2151.589,True,C23 H35 N O2 S,H140 C92 S4 N4 O8,16,0.9259,True,0,False
1508527,200,ordered,partial or mixed site occupancy,1,44,,610.6382,False,,La5.6 Y2.4 Si8 O28,57,,False,1,False
1508563,200,size_within_limit,200 sites > 150,1,200,,1877.3325,True,C21 H24 O5,H96 C84 O20,8,0.9292,True,0,False
1508591,200,ordered,partial or mixed site occupancy,1,776,,8884.0005,False,,Si16 H304 C408 N16 O16,14,,True,0,False
1508640,200,,,1,98,98,1023.9157,True,C22 H17 F3 N2 O4 S,H34 C44 S2 N4 O8 F6,16,0.8793,True,0,True
1508941,200,,,1,72,72,721.2697,True,C20 H12 N2 O2,H24 C40 N4 O4,8,0.9356,True,1,True
1509127,200,ordered,partial or mixed site occupancy,1,2,,54.9313,False,,Ce1 In0.5 Ag0.5,58,,False,0,False
1509451,200,ordered,partial or mixed site occupancy,1,8,,164.4765,False,,Lu2 Ag2 S4,71,,False,0,False
1509638,200,,,1,142,71,2966.8551,True,Ag17 Mg54,Mg108 Ag34,47,2.6418,False,0,True
1509790,200,,,1,16,4,329.9394,True,Ag2 Dy In,Dy4 In4 Ag8,66,2.9921,False,0,True
1509805,200,,,1,16,4,337.8807,True,Ag2 Gd In,Gd4 In4 Ag8,64,3.0159,False,0,True
1510024,200,ordered,partial or mixed site occupancy,1,51,,775.0605,False,,U7 V5 Ag3 O35,92,,False,0,False
1510430,200,ordered,partial or mixed site occupancy,1,4,,64.5777,False,,Cu0.8 Au3.2,79,,False,0,False
1510886,200,ordered,partial or mixed site occupancy,1,36,,446.105,False,,Ca7.998 Yb0.5 Y1.46 Er0.042 B6 O20,70,,False,0,False
1510989,200,,,1,10,5,102.5863,True,B2 Co W2,Co2 B4 W4,74,1.8256,False,0,True
1511115,200,,,1,5,5,73.8765,True,B Eu Pd3,Eu1 B1 Pd3,63,2.098,False,0,True
1511136,200,ordered,partial or mixed site occupancy,1,2,,29.4464,False,,Er0.098 Fe1.658 B0.244,68,,False,0,False
1511525,200,ordered,partial or mixed site occupancy,1,216,,1515.1069,False,,Sc9.064 Si1.624 B178.264,21,,False,1,False
1511609,200,,,1,116,29,1246.1143,True,B6 Fe23,Fe92 B24,26,2.1324,False,0,True
1511656,200,ordered,partial or mixed site occupancy,1,272,,1948.9093,False,,Cd23.904 B56 S15.04 O102.12,48,,False,0,False
1511778,200,size_within_limit,172 sites > 150,1,172,,1770.8184,True,C19 H18 N2 O4,H72 C76 N8 O16,8,0.9598,True,0,False
1511856,200,size_within_limit,192 sites > 150,1,192,,1870.3315,True,C21 H22 Cl N2 O2,H88 C84 N8 Cl4 O8,17,0.8204,True,0,False
1512014,200,ordered,partial or mixed site occupancy,1,80,,744.3646,False,,H32 C24 N16,7,,True,0,False
1512072,200,size_within_limit,448 sites > 150,1,448,,4128.6936,True,C21 H30 O4 Ru,H240 Ru8 C168 O32,44,,True,0,False
1512114,200,size_within_limit,156 sites > 150,1,156,,1535.1256,True,C20 H15 N3 O,H60 C80 N12 O4,8,0.9494,True,0,False
1512416,200,size_within_limit,212 sites > 150,1,212,,1977.4273,True,C24 H24 Fe O4,Fe4 H96 C96 O16,26,0.8407,True,0,False
1512983,200,size_within_limit,160 sites > 150,1,160,,1624.9932,True,C13 H15 Co N3 O7 S,Co4 H60 C52 S4 N12 O28,27,0.6533,True,0,False
1513559,200,size_within_limit,194 sites > 150,1,194,,2351.695,True,C89 H91 F12 N8 O14.5 P2,P2 H78 C82 N6 O14 F12,15,0.9487,True,1,False
1513631,200,size_within_limit,280 sites > 150,1,280,,3443.5319,True,C66 H44 B2 F12 N14 Rh2,B4 H88 Rh4 C132 N28 F24,45,0.948,True,0,False
1513675,200,ordered,partial or mixed site occupancy,1,352,,4275.8206,False,,Ga8 Si8 P8 H160 C84 N24 Cl40,31,,True,0,False
1513706,200,,,1,84,84,864.783,True,C19 H14 F3 N O5,H28 C38 N2 O10 F6,9,0.9498,True,0,True
1513789,200,size_within_limit,228 sites > 150,1,228,,2267.0788,True,C22 H23 N3 O8 S,H92 C88 S4 N12 O32,16,0.9492,True,0,False
1513865,200,size_within_limit,412 sites > 150,1,412,,4888.2368,True,C45 H51 Cr N3 P3,Cr4 P12 H204 C180 N12,24,,True,0,False
1515214,200,size_within_limit,736 sites > 150,1,736,,8829.651,True,C41 H40 Cl2 N O6 P Pd,P8 H320 Pd8 C328 N8 Cl16 O48,46,,True,0,False
1515290,200,size_within_limit,464 sites > 150,1,464,,5239.0925,True,C27 H23 Cl N3 O P Pd S,P8 H184 Pd8 C216 S8 N24 Cl8 O8,46,,True,0,False
1515363,200,size_within_limit,156 sites > 150,1,156,,1431.4567,True,C14 H22 N2 S,H88 C56 S4 N8,16,0.8796,True,0,False
1515462,200,ordered,partial or mixed site occupancy,1,108,,1323.6876,False,,H46 Pt2 C46 I6 N8,78,,True,0,False
1515590,200,size_within_limit,512 sites > 150,1,512,,5170.1607,True,C68 H52 N4 S4,H208 C272 S16 N16,16,,True,0,False
1515616,200,ordered,partial or mixed site occupancy,1,940,,17277.3891,False,,Na65.6 Te38 W112 O612,74,,False,1,False
1515713,200,,,1,78,78,773.4425,True,C17 H14 B F2 N3 O2,B2 H28 C34 N6 O4 F4,9,0.9298,True,0,True
1516003,200,size_within_limit,152 sites > 150,1,152,,1237.2138,True,C10 H17 N5 O6,H68 C40 N20 O24,8,0.8399,True,0,False
1516109,200,ordered,partial or mixed site occupancy,1,304,,2303.6416,False,,Si4 H124 C80 S4 N4 O24,16,,True,0,False
1516355,200,,,1,28,28,245.518,True,C3 H8 N2 O,H16 C6 N4 O2,8,0.8631,True,0,True
1516376,200,size_within_limit,272 sites > 150,1,272,,2364.3851,True,C10 H14 N4 O6,H112 C80 N32 O48,8,0.8242,True,0,False
1516465,200,size_within_limit,408 sites > 150,1,408,,5010.5733,True,C65 H71 Cl4 N34 O29 Zn,Zn2 H142 C130 N68 Cl8 O58,30,,True,0,False
1516528,200,size_within_limit,256 sites > 150,1,256,,2526.5667,True,C26 H29 F3 Ir N O4,H116 Ir4 C104 N4 O16 F12,77,0.9493,True,0,False
1516548,200,size_within_limit,188 sites > 150,1,188,,1827.8655,True,C18 H25 Cl N Rh S,H100 Rh4 C72 S4 N4 Cl4,45,0.95,True,0,False
1516823,200,ordered,partial or mixed site occupancy,1,356,,3323.3144,False,,Dy4 H72 C92 N8 O32 F72,66,,True,0,False
1516901,200,ordered,partial or mixed site occupancy,1,400,,3516.7699,False,,Fe8 H152 Pt8 C160 N8 O16,78,,True,0,False
1516934,200,size_within_limit,484 sites > 150,1,484,,4610.9161,True,C43 H62 B N5 Ni2 O8,Ni8 B4 H248 C172 N20 O32,28,,True,0,False
1516943,200,size_within_limit,220 sites > 150,1,220,,2140.9304,True,C42 H47 Cu4 N5 O12,Cu8 H94 C84 N10 O24,29,0.929,True,0,False
1517585,200,ordered,partial or mixed site occupancy,1,172,,1255.4149,False,,Zn4 H44 C40 S4 N4 O20,30,,True,0,False
1517823,200,size_within_limit,184 sites > 150,1,184,,1767.1527,True,C16 H19 Cu N3 O7,Cu4 H76 C64 N12 O28,29,0.8308,True,0,False
1518304,200,,,1,104,104,1068.3462,True,C26 H21 Cl N2 O2,H42 C52 N4 Cl2 O4,17,0.8501,True,0,True
1518347,200,,,1,96,48,1523.3381,True,C8 H4 O8 P2 W2,P8 H16 W8 C32 O32,74,1.0499,True,0,True
1518499,200,ordered,partial or mixed site occupancy,1,224,,2254.0216,False,,Co4 As10 H124 C72 Cl8,33,,True,0,False
1518519,200,ordered,partial or mixed site occupancy,1,343,,4222.5164,False,,Si1 Mo12 P8 H92 Au8 C144 O46 F24,79,,True,1,False
1518652,200,size_within_limit,154 sites > 150,1,154,,1368.4693,True,C30 H38 N2 O7,H76 C60 N4 O14,8,0.8193,True,0,False
1518722,200,ordered,partial or mixed site occupancy,1,34,,858.8543,False,,Te0.5 C18 Se1.5 Br12 N2,52,,True,1,False
1518768,200,size_within_limit,172 sites > 150,1,172,,1978.3743,True,C15 H18 Cl2 N4 O3 Pt,H72 Pt4 C60 N16 Cl8 O12,78,0.8405,True,0,False
1518975,200,,,1,138,138,1351.4489,True,C54 H70 Br2 Mo2 O10,Mo2 H70 C54 Br2 O10,42,0.9491,True,0,True
1519096,200,,,1,5,5,112.5721,True,Al2 Eu Ge2,Eu1 Al2 Ge2,63,2.527,False,1,True
1519229,200,,,1,112,112,1265.1931,True,C11 H10 Br N3 O2 S,H40 C44 S4 Br4 N12 O8,35,0.6374,True,0,True
1519302,200,,,1,144,144,1303.1984,True,C27 H36 N2 O6 Si,Si2 H72 C54 N4 O12,14,0.9497,True,0,True
1519322,200,size_within_limit,156 sites > 150,1,156,,1395.2397,True,C15 H20 O4,H80 C60 O16,8,0.8398,True,0,False
1519474,200,size_within_limit,328 sites > 150,1,328,,3109.8143,True,C32 H40 N2 O8,H160 C128 N8 O32,8,0.949,True,0,False
1519950,200,,,1,74,74,649.5498,True,C22 H36 N4 O12,H36 C22 N4 O12,8,0.8396,True,0,True
1520182,200,size_within_limit,152 sites > 150,1,152,,1500.0014,True,C8 H8 F N O,H64 C64 N8 O8 F8,9,0.882,True,0,False
1520322,200,ordered,partial or mixed site occupancy,1,293,,2814.5445,False,,Cu6 Ge1 H72 W12 C76 N24 O64,74,,True,0,False
1520330,200,ordered,partial or mixed site occupancy,1,872,,7693.0545,False,,La4 P16 H336 C320 Br12 O32,57,,True,0,False
1520456,200,size_within_limit,180 sites > 150,1,180,,1924.173,True,C21 H17 Br F3 N O2,H68 C84 Br4 N4 O8 F12,35,0.929,True,0,False
1520469,200,ordered,partial or mixed site occupancy,1,220,,1356.4646,False,,B20 H64 C20 N4 O40,8,,True,0,False
1520500,200,geometry_sane,two atoms 0.370 A apart,1,68,,996.4564,True,As Ba H8 N O2 S4,Ba4 As4 H32 S16 N4 O8,56,0.3697,False,0,False
1520622,200,ordered,partial or mixed site occupancy,1,604,,4753.103,False,,H310.288 C153.552 N4 O48 F4,9,,True,0,False
1520657,200,,,1,82,82,833.9213,True,C18 H17 Br O5,H34 C36 Br2 O10,35,0.8404,True,0,True
1520689,200,hydrogen_declared_present,"formula declares H, no H site in the cell",1,48,,886.1502,True,C19 H23 N O4,C38 N2 O8,8,,True,1,False
1520773,200,ordered,partial or mixed site occupancy,1,24,,211.1265,False,,Mo4 H2.4 O12,42,,False,0,False
1520933,200,ordered,partial or mixed site occupancy,1,72,,1225.0224,False,,Sr8 Ga15.9988 Ge29.9966,38,,False,0,False
1521337,200,,,1,20,20,244.7259,True,La Mn O3,La4 Mn4 O12,57,1.9171,False,0,True
1521555,200,,,1,18,18,402.3327,True,Gd Mn0.333 Si Ti0.667,Gd6 Ti4 Mn2 Si6,64,2.5036,False,1,True
1521609,200,ordered,partial or mixed site occupancy,1,12,,258.8236,False,,Gd4 Sc1.2 Ti2.8 Ge4,64,,False,0,False
1522002,200,ordered,partial or mixed site occupancy,1,20,,235.1495,False,,La4 Mn0.8 Cr3.2 O12,57,,False,0,False
1522105,200,ordered,partial or mixed site occupancy,1,40,,532.5476,False,,Ba8 Co4 Ir4 O24,77,,False,0,False
1522225,200,ordered,partial or mixed site occupancy,1,14,,175.6841,False,,Ba2 Y1 Co0.17 Cu2.83 O6.54,56,,False,0,False
1522239,200,ordered,partial or mixed site occupancy,1,14,,172.7455,False,,Ba1.6 Ca0.2 Nd0.4 Y0.8 Cu3 O7,60,,False,0,False
1522405,200,ordered,partial or mixed site occupancy,1,2,,28.0945,False,,Ti0.36 V1.44 Fe0.2,26,,False,0,False
1522435,200,size_within_limit,184 sites > 150,1,184,,3099.9379,True,Al20 Eu V2,Eu8 Al160 V16,63,2.5848,False,0,False
1522442,200,ordered,partial or mixed site occupancy,1,16,,315.5454,False,,U3.6 Sn4 Pd7.56,92,,False,0,False
1522545,200,,,1,24,12,436.1895,True,Al4 Ce Ni,Ce4 Al16 Ni4,58,2.4364,False,0,True
1522657,200,,,1,8,8,191.4808,True,Hg3 Th,Th2 Hg6,90,3.1227,False,1,True
1522845,200,,,1,16,4,415.4949,True,Na Tl,Na8 Tl8,81,3.2311,False,0,True
1522976,200,ordered,partial or mixed site occupancy,1,2,,25.4122,False,,Ti0.4 Fe1.6,26,,False,0,False
1523073,200,,,1,6,6,110.5244,True,La Pt5,La1 Pt5,78,2.6902,False,1,True
1523234,200,ordered,partial or mixed site occupancy,1,24,,438.8027,False,,Tb4.8 Y3.2 Mn16,65,,False,0,False
1523591,200,,,1,14,14,271.4211,True,Hg5 Pd2,Hg10 Pd4,80,2.6765,False,0,True
1523916,200,ordered,partial or mixed site occupancy,1,4,,138.7139,False,,Nd2 Gd2,64,,False,1,False
1523978,200,,,1,36,18,1039.9133,True,Cl5 Fe Tl3,Tl12 Fe4 Cl20,81,2.1273,False,0,True
1523980,200,hydrogen_declared_present,"formula declares H, no H site in the cell",1,36,,1094.4825,True,Cl5 Co H12 N3,Co4 N12 Cl20,27,,False,2,False
1524666,200,ordered,partial or mixed site occupancy,1,2,,42.5853,False,,Li1.95 Cd0.05,48,,False,0,False
1525321,200,ordered,partial or mixed site occupancy,1,24,,381.0781,False,,Er8 Co8 Ru8,68,,False,0,False
1525520,200,,,1,4,4,115.7861,True,Ce Pb3,Ce1 Pb3,82,3.4464,False,0,True
1525593,200,ordered,partial or mixed site occupancy,1,14,,173.9219,False,,Ba2 Ca0.152 Er0.848 Cu3 O6.794,68,,False,1,False
1525734,200,ordered,partial or mixed site occupancy,1,84,,1116.776,False,,Ba4 Ce4 Ti4 Fe2 Si16 O52,58,,False,0,False
1526029,200,,,1,10,10,157.4004,True,O3 Pb Se,Pb2 Se2 O6,82,1.6177,False,0,True
1526119,200,ordered,partial or mixed site occupancy,1,88,,1079.4246,False,,Er16 Mn5.332 Mo10.668 O56,68,,False,0,False
1526146,200,ordered,partial or mixed site occupancy,1,111,,2401.3069,False,,Sr24 Ti17.93 Fe3.07 S63,38,,False,2,False
1526239,200,ordered,partial or mixed site occupancy,1,20,,237.2835,False,,La3.944 Mn3.6 Cu0.4 O12,57,,False,0,False
1526245,200,ordered,partial or mixed site occupancy,1,44,,495.1358,False,,Si4 P6 Rh2 O26,45,,False,1,False
1526463,200,ordered,partial or mixed site occupancy,1,92,,906.2796,False,,Li11.12 Zr0.8 V7.2 P12 O48,40,,False,0,False
1527004,200,ordered,partial or mixed site occupancy,1,52,,726.3657,False,,K4 Al4.04 Si11.96 O32,19,,False,1,False
1527034,200,ordered,partial or mixed site occupancy,1,56,,591.0122,False,,Mg3.2 Zn3.2 Fe16 Ni1.6 O32,30,,False,0,False
1527067,200,ordered,partial or mixed site occupancy,1,2,,45.004,False,,Gd0.5 Tm0.5 Zn1,69,,False,0,False
1527337,200,ordered,partial or mixed site occupancy,1,20,,241.8584,False,,Ca0.2 La3.8 Mn4 O12,57,,False,0,False
1527836,200,,,1,48,48,680.4986,True,F5 Os,Os8 F40,76,1.7217,False,0,True
1527970,200,ordered,partial or mixed site occupancy,1,24,,353.6932,False,,Ho4.8 Zr3.2 Co16,67,,False,0,False
1528010,200,,,1,10,5,159.0557,True,Er Ru2 Si2,Er2 Si4 Ru4,68,2.3727,False,0,True
1528295,200,,,1,64,64,694.1704,True,C4 H8 La2 O16 S2,La4 H16 C8 S4 O32,57,0.932,True,0,True
1528302,200,ordered,partial or mixed site occupancy,1,30,,327.4308,False,,Sr1 Ca5 Mn3.7 Ga2 Co0.3 O16,38,,False,0,False
1528442,200,ordered,partial or mixed site occupancy,1,76,,861.0963,False,,Co4 H16 C16 N8 O24,27,,True,0,False
1528467,200,ordered,partial or mixed site occupancy,1,8,,96.0314,False,,Al0.868 V4 Ga1.132 C2,31,,True,2,False
1528585,200,,,1,28,28,330.2627,True,Ca O4 Sc2,Ca4 Sc8 O16,21,2.0667,False,0,True
1528625,200,ordered,partial or mixed site occupancy,1,10,,118.6236,False,,Ba1 Eu1 Fe2 O5.007,63,,False,0,False
1528723,200,,,1,112,56,1600.9851,True,Nb2 O5,Nb32 O80,41,1.6339,False,0,True
1528785,200,ordered,partial or mixed site occupancy,1,24,,314.7837,False,,Nd4 W4 N3.8 O12.2,74,,False,0,False
1528837,200,,,1,24,24,321.3394,True,O4 Pb S,Pb4 S4 O16,82,1.4173,False,0,True
1529121,200,,,1,124,124,2731.8006,True,Cl14 Cs2 H6 Mo6 O3,Cs8 Mo24 H24 Cl56 O12,55,0.971,False,0,True
1529158,200,,,1,40,40,1059.6843,True,Br4 Cs2 Re6 S8,Cs4 Re12 S16 Br8,75,2.4013,False,0,True
1529301,200,,,1,74,74,652.7949,True,C13 H18 N3 O3,H36 C26 N6 O6,8,0.875,True,0,True
1529304,200,size_within_limit,288 sites > 150,1,288,,2640.155,True,C9 H12 O3,H144 C108 O36,8,0.9101,True,0,False
1529608,200,ordered,partial or mixed site occupancy,1,84,,1086.5439,False,,Na12.04 Zr8 Si8.04 P3.96 O48,40,,False,1,False
1530045,200,,,1,12,4,395.7079,True,Eu2 I P,Eu6 P3 I3,63,2.9858,False,0,True
1530133,200,ordered,partial or mixed site occupancy,1,64,,1540.3987,False,,Sn4 Sb8.16 Pb15.84 S36,82,,False,0,False
1530340,200,ordered,partial or mixed site occupancy,1,16,,210.4067,False,,Y4 Ge1 O8 F2,39,,False,1,False
1530353,200,,,1,26,26,378.8468,True,Ba2 O8 Si2 Ti,Ba4 Ti2 Si4 O16,56,1.604,False,0,True
1530432,200,ordered,partial or mixed site occupancy,1,140,,2711.0584,False,,Cu31.6 P48 I32,53,,False,1,False
1530456,200,,,1,24,24,303.9381,True,La O4 P,La4 P4 O16,57,1.5239,False,0,True
1530496,200,,,1,72,72,942.3538,True,Ge Na2 O5 Zr,Na16 Zr8 Ge8 O40,40,1.6433,False,0,True
1530525,200,ordered,partial or mixed site occupancy,1,411,,5342.2865,False,,Bi12 Sb36 P72 O288,83,,False,0,False
1530603,200,hydrogen_declared_present,"formula declares H, no H site in the cell",1,60,,978.5543,True,C2 H18 Ce2 N4 O19 S3,Ce4 C4 S6 N8 O38,58,,True,1,False
1530649,200,,,1,108,36,1359.3141,True,Na O12 P3 Ti2,Na6 Ti12 P18 O72,22,1.5007,False,0,True
1530831,200,,,1,28,28,925.8169,True,Br9 Cs3 Mo2,Cs6 Mo4 Br18,55,2.5591,False,1,True
1531143,200,parsed,ValueError: Invalid CIF file with no structures!,,,,,,,,,,,3,False
1531610,200,,,1,96,96,1037.2256,True,Al Br3 H15 N5,Al4 H60 Br12 N20,35,0.602,False,0,True
1531618,200,ordered,partial or mixed site occupancy,1,88,,1137.2067,False,,Na8 Sr8 Mg16 F56,38,,False,0,False
1531740,200,ordered,partial or mixed site occupancy,1,13,,192.8105,False,,Sc1 Mn6 Ga0.34 Ge5.66,32,,False,1,False
1531886,200,,,1,124,62,1194.0127,True,Al H12 N3 O15,Al4 H48 N12 O60,13,0.8263,False,0,True
1532373,200,ordered,partial or mixed site occupancy,1,14,,184.6145,False,,Sr0.668 La3.332 Ni2 O8,57,,False,0,False
1532374,200,,,1,21,21,252.5596,True,Ni12 P7 Sc2,Sc2 Ni12 P7,28,2.178,False,1,True
1532532,200,ordered,partial or mixed site occupancy,1,12,,227.9872,False,,Sc2.4 Ti1.6 Ni4 Sn4,50,,False,0,False
1532560,200,,,1,24,12,334.5887,True,Ga O4 P,Ga4 P4 O16,31,1.4919,False,0,True
1532764,200,ordered,partial or mixed site occupancy,1,32,,739.2292,False,,Co8 Sb23.28 Te0.72,52,,False,0,False
1532845,200,ordered,partial or mixed site occupancy,1,112,,1421.7997,False,,V12 Bi24 O66,83,,False,0,False
1533064,200,ordered,partial or mixed site occupancy,1,44,,523.7609,False,,Ca10 P6 O24.4 F1.6,20,,False,2,False
1533161,200,ordered,partial or mixed site occupancy,1,6,,119.3773,False,,Tm2 Cu2.48 Ge1.52,69,,False,1,False
1533522,200,ordered,partial or mixed site occupancy,1,84,,930.6346,False,,K2.204 Ba1.272 Na0.524 Al12.408 Fe0.112 Si11.48 H8 O48,56,,False,1,False
1533599,200,,,1,14,14,192.9319,True,Co2 Na6 O6,Na6 Co2 O6,27,1.7902,False,0,True
1533776,200,ordered,partial or mixed site occupancy,1,26,,313.2381,False,,Ce2 Si7.112 Rh12,58,,False,1,False
1533781,200,ordered,partial or mixed site occupancy,1,56,,567.5402,False,,Li4 Mg8 Mn12 O32,25,,False,0,False
1534190,200,,,1,28,28,422.747,True,F5 Tl Zr,Zr4 Tl4 F20,81,1.9951,False,0,True
1534216,200,,,1,20,20,237.2196,True,C H N2 Na,Na4 H4 C4 N8,11,0.8958,True,0,True
1534341,200,,,1,32,16,554.0424,True,F5 K2 Sb,K8 Sb4 F20,51,2.022,False,0,True
1534583,200,ordered,partial or mixed site occupancy,1,2016,,34741.4227,False,,K121.6 Na22.4 P32 Pd4.8 W299.2 O1448,74,,False,1,False
1534585,200,ordered,partial or mixed site occupancy,1,2752,,34298.9617,False,,K112 Na144 P32 H124.48448 Pt8 W288 O1436.64,78,,False,1,False
1534641,200,hydrogen_declared_present,"formula declares H, no H site in the cell",1,36,,946.7129,True,Cl4 H6 O3 Sn2,Sn8 Cl16 O12,50,,False,1,False
1534732,200,ordered,partial or mixed site occupancy,1,82,,958.0734,False,,Ce8 Ni38.88 P24,58,,False,0,False
1534759,200,,,1,22,22,271.4053,True,Ir N6 Na3 O12,Na3 Ir1 N6 O12,77,1.1809,False,0,True
1534870,200,,,1,36,12,426.5284,True,C B2 Ce,Ce9 B18 C9,58,1.4802,True,0,True
1534909,200,geometry_sane,two atoms 0.141 A apart,1,112,,1108.9662,True,H6 Li Mo N O5,Li8 Mo8 H48 N8 O40,42,0.1406,False,0,False
1534997,200,,,1,84,84,922.2619,True,Ag H8 N7 O2 P2 S,Ag4 P8 H32 S4 N28 O8,47,0.8054,False,0,True
1535190,200,,,1,48,48,1595.0343,True,K Pr3 Te8,K4 Pr12 Te32,59,2.8253,False,0,True
1535298,200,ordered,partial or mixed site occupancy,1,2584,,46164.7719,False,,K32 Na152 Cu112 Si32 W288 Cl8 O1562,74,,False,0,False
1535396,200,,,1,28,14,576.1385,True,Ir2 Si2 Sm3,Sm12 Si8 Ir8,77,2.4493,False,0,True
1535435,200,ordered,partial or mixed site occupancy,1,99,,906.639,False,,Mg2.8248 Al30.1752 Cd2.907 O51,48,,False,0,False
1535533,200,ordered,partial or mixed site occupancy,1,46,,1684.458,False,,Cs6 Tb14 Te24,65,,False,0,False
1535547,200,,,1,108,108,1396.4259,True,As2 Ca F18 H6,Ca4 As8 H24 F72,33,1.0177,False,0,True
1535629,200,,,1,84,42,675.4442,True,Cu F4 H12 N2 O2,Cu4 H48 N8 O8 F16,29,0.691,False,0,True
1536105,200,ordered,partial or mixed site occupancy,1,608,,14348.8893,False,,Al9.92 Si157.44 O367.68,14,,False,0,False
1536142,200,ordered,partial or mixed site occupancy,1,30,,698.5596,False,,In3.996 P6 Se18,49,,False,0,False
1536152,200,,,1,20,20,453.1815,True,P2 S6 Sn2,Sn4 P4 S12,50,2.0111,False,0,True
1536178,200,,,1,20,20,466.3735,True,Eu2 P2 S6,Eu4 P4 S12,63,2.0126,False,0,True
1536342,200,ordered,partial or mixed site occupancy,1,20,,156.1735,False,,K2.04 Mn3.76 O8,25,,False,1,False
1536376,200,ordered,partial or mixed site occupancy,1,80,,1082.781,False,,Ba8 Ca4 Ga8 Cu4 F56,56,,False,0,False
1536394,200,hydrogen_declared_present,"formula declares H, no H site in the cell",1,30,,474.6371,True,H7 Mn2 Mo2 N O10,Mn4 Mo4 N2 O20,42,,False,1,False
1536821,200,ordered,partial or mixed site occupancy,1,94,,712.122,False,,Tb12 Al8 Ni24 H1.118,65,,False,1,False
1536858,200,,,1,48,12,1017.1977,True,Re4 S4 Te4,Re16 Te16 S16,75,2.3787,False,0,True
1536864,200,,,1,14,14,253.1824,True,Mn Na2 O4,Na4 Mn2 O8,25,1.6564,False,1,True
1536975,200,,,1,70,35,1475.9322,True,Ce4 In21 Pd10,Ce8 In42 Pd20,58,2.6937,False,0,True
1537276,200,,,1,12,6,175.2095,True,P2 W,P8 W4,74,2.1921,False,0,True
1537523,200,size_within_limit,224 sites > 150,1,224,,5599.0116,True,Ca Ga2 Se4,Ca32 Ga64 Se128,34,2.2824,False,0,False
1537908,200,,,1,24,6,437.4183,True,Hf W2,Hf8 W16,74,2.6838,False,0,True
1538091,200,,,1,4,4,133.4328,True,In La3,La3 In1,57,3.6133,False,0,True
1538118,200,ordered,partial or mixed site occupancy,1,92,,897.6059,False,,K0.4 Na4.8 Li0.5 Ca0.3 Mg6.8 Al0.2 Fe2.5 Si16 H3.2 O47.2 F0.8,26,,False,0,False
1538471,200,ordered,partial or mixed site occupancy,1,48,,699.2276,False,,Zn6.03 Mo6 N3 O30,42,,False,1,False
1538614,200,,,1,96,96,876.7423,True,Li7 N4 Ni,Li56 Ni8 N32,28,1.9064,False,0,True
1538655,200,ordered,partial or mixed site occupancy,1,14,,215.4794,False,,V5.44 S8,23,,False,0,False
1538659,200,,,1,26,26,478.0138,True,Mn Nb4 S8,Mn2 Nb8 S16,41,2.422,False,1,True
1538816,200,,,1,4,4,77.2334,True,Ir Sn,Sn2 Ir2,77,2.6947,False,1,True
1538829,200,ordered,partial or mixed site occupancy,1,2,,53.8248,False,,In1.74 Pb0.26,82,,False,0,False
1538934,200,,,1,6,6,62.267,True,O2 Rh,Rh2 O4,45,1.949,False,0,True
1539015,200,ordered,partial or mixed site occupancy,1,2,,29.1468,False,,Nb0.34 Ru1.66,44,,False,1,False
1539240,200,,,1,10,5,134.9803,True,Hf Ni2 Si2,Hf2 Si4 Ni4,72,2.2253,False,0,True
1539309,200,,,1,8,2,206.4251,True,Nd Se,Nd4 Se4,60,2.955,False,0,True
1539336,200,,,1,28,14,559.9652,True,P4 Pa3,Pa12 P16,91,2.8498,False,0,True
1539580,200,,,1,28,28,295.3264,True,O9 Ti5,Ti10 O18,22,1.7612,False,0,True
1539590,200,ordered,partial or mixed site occupancy,1,80,,1207.4393,False,,Dy22.4 Y9.6 O48,66,,False,0,False
1539607,200,,,1,60,60,902.3503,True,Mo4 O11,Mo16 O44,42,1.7363,False,0,True
1539639,200,,,1,66,22,2535.3053,True,Br6 Pb Rb4,Rb24 Pb6 Br36,82,3.0052,False,0,True
1539700,200,,,1,60,30,713.479,True,F4 Hf,Hf12 F48,72,2.0427,False,0,True
1539756,200,ordered,partial or mixed site occupancy,1,16,,193.7165,False,,Mn5.998 Fe4.002 Si6,26,,False,1,False
1540132,200,,,1,6,6,67.7282,True,B2 Co3 Sm,Sm1 Co3 B2,62,2.102,False,1,True
1540447,200,ordered,partial or mixed site occupancy,1,176,,1458.1376,False,,Ca4 H39.16 C58.864 S4 O24,20,,True,0,False
1540491,200,size_within_limit,880 sites > 150,1,880,,7575.7687,True,C20 H32 O3,H512 C320 O48,8,,True,1,False
1540575,200,ordered,partial or mixed site occupancy,1,24,,313.7749,False,,Ca1 Gd2 Mo4 O16,64,,False,0,False
1540582,200,ordered,partial or mixed site occupancy,1,248,,2276.6237,False,,H96 C107 N4 O8 F12,9,,True,0,False
1540732,200,,,1,54,54,534.7044,True,C30 H22 N2,H22 C30 N2,7,0.929,True,0,True
1540877,200,,,1,4,4,102.8321,True,Tl3 Y,Y1 Tl3,81,3.3128,False,0,True
1540917,200,ordered,partial or mixed site occupancy,1,12,,945.9344,False,,Nd4 Si7.28,60,,False,0,False
1541260,200,hydrogen_declared_present,"formula declares H, no H site in the cell",1,48,,753.3592,True,Cd H4 O9 Se2,Cd4 Se8 O36,48,,False,1,False
1541280,200,size_within_limit,160 sites > 150,1,160,,4041.5797,True,Pb5 S11 Sb4,Sb32 Pb40 S88,82,2.3794,False,0,False
1541289,200,,,1,56,56,1457.1903,True,In S4 Si Tl,Tl8 In8 Si8 S32,81,2.1111,False,0,True
1541586,200,ordered,partial or mixed site occupancy,1,90,,862.6763,False,,Na2 V8.98 Mo1.02 H36 N4 O38,42,,False,1,False
1541630,200,ordered,partial or mixed site occupancy,1,8,,70.9579,False,,Li2 Ti2 O4,22,,False,0,False
1541658,200,hydrogen_declared_present,"formula declares H, no H site in the cell",1,108,,1636.9983,True,H4 K4 O18 S4 Th,K16 Th4 S16 O72,90,,False,1,False
1541738,200,ordered,partial or mixed site occupancy,1,170,,2472.0562,False,,K1.32 Ca3.92 Fe6 Mo16 As4 O109.52,42,,False,1,False
1541876,200,size_within_limit,188 sites > 150,1,188,,2364.2978,True,Ba4 O30 Ti13,Ba16 Ti52 O120,56,1.7885,False,0,False
1541941,200,,,1,22,22,855.5165,True,C2 Cs2 I12 Pr6,Cs2 Pr6 C2 I12,59,1.39,True,0,True
1542101,200,ordered,partial or mixed site occupancy,1,16,,361.9938,False,,Cs4 C4 N4 O4,55,,True,0,False
1542144,200,,,1,5,5,58.8639,True,Fe La O3,La1 Fe1 O3,57,1.945,False,0,True
1542706,200,,,1,132,132,1322.4475,True,C12 H14 N2 O5,H56 C48 N8 O20,8,0.9293,True,0,True
1542799,200,size_within_limit,464 sites > 150,1,464,,4569.7468,True,C27 H22 N2 O7,H176 C216 N16 O56,8,,True,0,False
1542920,200,ordered,partial or mixed site occupancy,1,36,,338.7834,False,,Mn5.64 Ni6.36 B4 O20,28,,False,0,False
1543209,200,,,1,64,64,623.5287,True,C26 H30 N4 S4,H30 C26 S4 N4,16,0.9297,True,0,True
1543289,200,ordered,partial or mixed site occupancy,1,1168,,8891.0169,False,,K4 U4 Si16 H564 C268 S4 O88,92,,True,0,False
1543293,200,ordered,partial or mixed site occupancy,1,332,,2636.1086,False,,P8 H152 Ir4 C88 Cl4 O12,77,,True,0,False
1543295,200,,,1,108,108,1484.3721,True,C20 H16 Cr2 Cu N8 O7,Cr4 Cu2 H32 C40 N16 O14,29,0.9494,True,0,True
1543511,200,parsed,ValueError: Invalid CIF file with no structures!,,,,,,,,,,,0,False
1544168,200,size_within_limit,268 sites > 150,1,268,,3170.4133,True,C30 H34 N0 O3,H136 C120 O12,8,0.82,True,0,False
1544295,200,,,1,112,112,1139.7671,True,C13 H10 N2 O3,H40 C52 N8 O12,8,0.8201,True,0,True
1544375,200,,,1,56,56,426.3391,True,Al H3 O3,Al8 H24 O24,13,0.7733,False,0,True
1544407,200,,,1,124,124,1260.9081,True,C27 H25 Br N2 O5 S2,H50 C54 S4 Br2 N4 O10,35,0.9493,True,0,True
1544418,200,ordered,partial or mixed site occupancy,1,96,,906.7381,False,,H42 C40 N4 Cl2 O4,17,,True,0,False
1544434,200,,,1,116,116,1019.667,True,C3 H12 B2 N6 O6,B8 H48 C12 N24 O24,8,0.8121,True,0,True
1544535,200,,,1,96,96,941.1473,True,H3 Ni0.5 O6.5 P V,V8 Ni4 P8 H24 O52,28,0.6552,False,0,True
1544608,200,hydrogen_declared_present,"formula declares H, no H site in the cell",1,36,,331.3155,True,Al2.01 F1.57 H0.43 O4.43 Si,Al8 Si4 O16 F8,14,,False,1,False
1544648,200,ordered,partial or mixed site occupancy,1,48,,439.3491,False,,Sb2 H24 C18,51,,True,0,False
1544778,200,,,1,82,82,793.1565,True,C16 H17 N O6 S,H34 C32 S2 N2 O12,16,0.9248,True,0,True
1544818,200,,,1,148,148,1397.9538,True,C16 H16 N2 O3,H64 C64 N8 O12,8,0.9317,True,0,True
1544973,200,ordered,partial or mixed site occupancy,1,524,,4103.5492,False,,Ga4 Si8 H216 C136 S4 N12 Cl4 O12 F12,31,,True,0,False
1545222,200,size_within_limit,236 sites > 150,1,236,,2388.778,True,C28 H26 N2 O2 S,H104 C112 S4 N8 O8,16,0.9293,True,0,False
1545225,200,size_within_limit,184 sites > 150,1,184,,1606.3639,True,C20 H23 N O2,H92 C80 N4 O8,8,0.9496,True,0,False
1545262,200,ordered,partial or mixed site occupancy,1,270,,2272.8564,False,,Fe2 B4 H66.72 C61.68 N48 F16,26,,True,1,False
1545295,200,size_within_limit,272 sites > 150,1,272,,2246.5083,True,C25 H36 O7,H144 C100 O28,8,0.82,True,0,False
1545343,200,ordered,partial or mixed site occupancy,1,224,,1906.5235,False,,Pr2 H88 Pt4 C48 S16 N2 O16,78,,True,0,False
1545374,200,size_within_limit,152 sites > 150,1,152,,1480.1523,True,C32 H30 B2 F4 N2 O4 S2,B4 H60 C64 S4 N4 O8 F8,16,0.9491,True,0,False
1545390,200,size_within_limit,154 sites > 150,1,154,,1281.6784,True,C28 H44 O5,H88 C56 O10,8,0.8195,True,0,False
1545499,200,,,1,94,94,901.2236,True,C18 H22 N4 O3,H44 C36 N8 O6,8,0.8594,True,0,True
1545512,200,size_within_limit,428 sites > 150,1,428,,4620.071,True,C46 H55 N4 P Ti,Ti4 P4 H220 C184 N16,22,,True,0,False
1545672,200,size_within_limit,520 sites > 150,1,520,,6017.8573,True,C66 H40 F12 N8 P2 Pd2,P8 H160 Pd8 C264 N32 F48,46,,True,0,False
1545677,200,size_within_limit,164 sites > 150,1,164,,1600.5329,True,C21 H18 O2,H72 C84 O8,8,0.9224,True,0,False
1545863,200,ordered,partial or mixed site occupancy,1,2008,,15596.6694,False,,Zn24 H528 C536 I48 N96 O72,53,,True,0,False
1545871,200,ordered,partial or mixed site occupancy,1,1760,,15399.5809,False,,Zn24 H465.248 C487.376 I48 N96 O47.064,53,,True,1,False
1546047,200,,,1,68,68,698.4707,True,C9 H6 O2,H24 C36 O8,8,1.0888,True,0,True
1546285,200,size_within_limit,248 sites > 150,1,248,,2219.1449,True,C25 H29 N O6 S,H116 C100 S4 N4 O24,16,0.9293,True,0,False
1546300,200,ordered,partial or mixed site occupancy,1,138,,984.1852,False,,H50 C42 S2 N2 O6,16,,True,0,False
1546406,200,size_within_limit,332 sites > 150,1,332,,3255.9792,True,C45 H38,H152 C180,6,0.9745,True,0,False
1546433,200,size_within_limit,152 sites > 150,1,152,,1556.8012,True,C17 H13 N O7,H52 C68 N4 O28,8,0.9497,True,1,False
1546489,200,size_within_limit,392 sites > 150,1,392,,4131.9801,True,C20 H16 N4 O9,H128 C160 N32 O72,8,0.8424,True,0,False
1546650,200,size_within_limit,184 sites > 150,1,184,,1819.5346,True,C23 H18 O5,H72 C92 O20,8,0.8206,True,0,False
1546821,200,size_within_limit,508 sites > 150,1,508,,4556.6472,True,C80 H154 Br6 Cu N8 O5,Cu2 H308 C160 Br12 N16 O10,35,,True,0,False
1546884,200,size_within_limit,311 sites > 150,1,311,,3358.8575,True,C156 H194 B4 Fe Ge4 N12,Fe1 Ge4 B4 H162 C128 N12,32,0.9486,True,1,False
1547208,200,ordered,partial or mixed site occupancy,1,212,,1907.4835,False,,Fe4 Co4 H100 C48 N48 O2,27,,True,0,False
1547481,200,ordered,partial or mixed site occupancy,1,680,,7102.8983,False,,Ca4 Mn12 H220 C272 S12 N24 O80 F36,25,,True,0,False
1547485,200,ordered,partial or mixed site occupancy,1,744,,8059.0875,False,,Sr4 Mn12 H260 C304 S8 N24 O76 F24,38,,True,0,False
1547745,200,size_within_limit,228 sites > 150,1,228,,2207.6112,True,C43 H54 F6 Fe N O8 P,Fe2 P2 H108 C86 N2 O16 F12,26,0.8892,True,0,False
1547808,200,,,1,116,116,1353.7814,True,C13 H9 Cl2 N3 O2,H36 C52 N12 Cl8 O8,17,0.8202,True,0,True
1547925,200,size_within_limit,176 sites > 150,1,176,,1658.6933,True,C21 H21 N O,H84 C84 N4 O4,8,0.8392,True,1,False
1547943,200,,,1,108,108,1088.0116,True,C24 H23 N O6,H46 C48 N2 O12,8,0.9494,True,1,True
1548397,200,ordered,partial or mixed site occupancy,1,4752,,101836.4409,False,,Co96 H1008 C1728 N288 O720,27,,True,1,False
1548707,200,ordered,partial or mixed site occupancy,1,356,,3335.2665,False,,Fe4 P8 H112 C104 N40 O4 F48,26,,True,0,False
1548806,200,,,1,3,3,76.9157,True,Se2 Sn,Sn1 Se2,50,2.6757,False,1,True
1549081,200,ordered,partial or mixed site occupancy,1,1456,,10871.9165,False,,Li8 B16 H664 C456 O32,8,,True,0,False
1549380,200,size_within_limit,512 sites > 150,1,512,,5078.2036,True,C28 H30 Cl2 N2 O Pd,H240 Pd8 C224 N16 Cl16 O8,46,,True,0,False
1550000,200,ordered,partial or mixed site occupancy,1,1608,,29929.9721,False,,Na48 Mn60 Co20 Mo192 P136 O1152,42,,False,1,False
1550036,200,ordered,partial or mixed site occupancy,1,1002,,5990.425,False,,Li4 Mn4 Co4 H380 C220 O40,27,,True,0,False
1550206,200,,,1,90,90,1144.8465,True,C10 H28 I4 N2 Pb,H56 Pb2 C20 I8 N4,82,0.8897,True,0,True
1550236,200,,,1,92,92,854.8103,True,C22 H23 N,H46 C44 N2,7,0.9496,True,1,True
1550359,200,size_within_limit,252 sites > 150,1,252,,2774.2074,True,C56 H56 Cl6 N8,H112 C112 N16 Cl12,17,0.9487,True,1,False
1550768,200,size_within_limit,208 sites > 150,1,208,,2272.4717,True,C30 H18 Br2 N2,H72 C120 Br8 N8,35,0.9299,True,0,False
1551273,200,,,1,92,92,899.8726,True,C14 H21 N5 O5 Zn,Zn2 H42 C28 N10 O10,30,0.86,True,0,True
1551634,200,ordered,partial or mixed site occupancy,1,244,,2252.5433,False,,Co8 H108 C72 N20 O24,27,,True,0,False
1551765,200,,,1,100,50,1296.6676,True,C7 H11 Cl4 N2 Sb,Sb4 H44 C28 N8 Cl16,51,0.8594,True,0,True
1551844,200,size_within_limit,372 sites > 150,1,372,,4003.0277,True,C49 H36 N8,H144 C196 N32,7,0.9294,True,0,False
1551904,200,ordered,partial or mixed site occupancy,1,212,,1293.6674,False,,Fe4 H40 C56 N16,26,,True,0,False
1551911,200,size_within_limit,536 sites > 150,1,536,,5160.8248,True,C28 H33 F3 Ir N O,H264 Ir8 C224 N8 O8 F24,77,,True,0,False
1552046,200,size_within_limit,460 sites > 150,1,460,,4482.6759,True,C51 H58 B Fe2 N S2,Fe8 B4 H232 C204 S8 N4,26,,True,0,False
1552093,200,ordered,partial or mixed site occupancy,1,316,,8113.05,False,,Zr4 Ti16 C192 O96.16,40,,True,0,False
1552189,200,ordered,partial or mixed site occupancy,1,3252,,24839.7806,False,,U24 Si144 H1728 C624 N96,92,,True,0,False
1552478,200,,,1,124,124,1731.9497,True,C12 H5 N O10 Os3,H20 Os12 C48 N4 O40,76,0.8796,True,0,True
1552820,200,size_within_limit,296 sites > 150,1,296,,3350.787,True,C33 H31 Cl5 N2 O2 Pd,H124 Pd4 C132 N8 Cl20 O8,46,0.9294,True,0,False
1552947,200,ordered,partial or mixed site occupancy,1,224,,1958.3078,False,,H94 C90 N8 O18,8,,True,0,False
1553437,200,ordered,partial or mixed site occupancy,1,292,,2864.3336,False,,H108 C152 N4 O14,8,,True,0,False
1553479,200,size_within_limit,252 sites > 150,1,252,,2648.0402,True,C28 H23 Cl N4 O7,H92 C112 N16 Cl4 O28,17,0.9494,True,0,False
1553593,200,size_within_limit,440 sites > 150,1,440,,4472.7033,True,C44 H58 N2 S2 Si4,Si16 H232 C176 S8 N8,16,,True,0,False
1553667,200,ordered,partial or mixed site occupancy,1,402,,4476.579,False,,H142.056 C162 N24 Cl36 O18,17,,True,2,False
1553718,200,size_within_limit,416 sites > 150,1,416,,4527.6538,True,C64 H36 Cl4,H144 C256 Cl16,17,,True,0,False
1553930,200,ordered,partial or mixed site occupancy,1,332,,2935.8286,False,,H116 C156 N12 O8,8,,True,0,False
1554199,200,,,1,102,102,1212.8522,True,C24 H12 Au2 F10 N2 O,H24 Au4 C48 N4 O2 F20,79,0.9467,True,0,True
1554233,200,,,1,36,36,368.498,True,C3 H3 N O2,H12 C12 N4 O8,8,0.8977,True,0,True
1554317,200,size_within_limit,192 sites > 150,1,192,,2072.8886,True,C23 H20 Br N O2 S,H80 C92 S4 Br4 N4 O8,35,0.7969,True,0,False
1554401,200,size_within_limit,460 sites > 150,1,460,,4717.3674,True,C61 H45 B F4 N2 O2,B4 H180 C244 N8 O8 F16,9,,True,1,False
1555214,200,ordered,partial or mixed site occupancy,1,1242,,13444.8987,False,,Zn8 H576 C536 N32 O40,30,,True,1,False
1555575,200,ordered,partial or mixed site occupancy,1,156,,1381.9649,False,,H60 C64 N8 F12,9,,True,0,False
1555605,200,ordered,partial or mixed site occupancy,1,1352,,13535.4135,False,,H472 C608 N120 Cl32 O24,17,,True,0,False
1555941,200,,,1,148,148,1234.9213,True,C15 H20 O2,H80 C60 O8,8,0.8361,True,0,True
1556262,200,size_within_limit,180 sites > 150,1,180,,1956.6912,True,C24 H14 F4 N2 S,H56 C96 S4 N8 F16,16,0.8604,True,0,False
1556329,200,ordered,partial or mixed site occupancy,1,636,,5851.2114,False,,V8 H256 C264 N16 Cl8 O30,23,,True,0,False
1556610,200,ordered,partial or mixed site occupancy,1,2900,,41453.9327,False,,Dy20 P80 H1200 C1440 Cl60 O80,66,,True,1,False
1556674,200,size_within_limit,226 sites > 150,1,226,,2574.2328,True,C42 H34 Cu2 F14 N8 O9 S4,Cu4 H68 C84 S8 N16 O18 F28,29,0.9491,True,0,False
1556813,200,size_within_limit,160 sites > 150,1,160,,1613.1897,True,C20 H14 Cl4,H64 C88 Cl8,17,0.9033,True,1,False
1556824,200,,,1,136,136,1344.2731,True,C20 H14,H56 C80,6,0.9669,True,0,True
1557003,200,parsed,ValueError: Invalid CIF file with no structures!,,,,,,,,,,,3,False
1557244,200,ordered,partial or mixed site occupancy,1,432,,5112.2687,False,,Mn6 H132 C150 N24 O24,25,,True,1,False
1557351,200,hydrogen_declared_present,"formula declares H, no H site in the cell",1,80,,1151.0045,True,C9 H11 N3 O8,C36 N12 O32,8,,True,1,False
1557421,200,ordered,partial or mixed site occupancy,1,96,,1922.8773,False,,Pt4 C67.2 S4.4 N8 Cl8,78,,True,1,False
1557509,200,ordered,partial or mixed site occupancy,1,932,,15000.8587,False,,Cu16 H248 C424 N8 O96,29,,True,0,False
1557554,200,hydrogen_declared_present,"formula declares H, no H site in the cell",1,208,,2877.7591,True,C13 H8 N4 O9,C104 N32 O72,8,,True,2,False
1557563,200,hydrogen_declared_present,"formula declares H, no H site in the cell",1,176,,3290.0284,True,C18 H19 N3 O,C144 N24 O8,8,,True,1,False
1557718,200,size_within_limit,256 sites > 150,1,256,,2522.4607,True,C28 H26 F6 Ir N2 P,P4 H104 Ir4 C112 N8 F24,77,0.9492,True,0,False
1557921,200,size_within_limit,368 sites > 150,1,368,,3902.6737,True,C70 H86 N12 O16,H172 C140 N24 O32,8,0.8394,True,0,False
1558045,200,size_within_limit,154 sites > 150,1,154,,1636.0477,True,C23 H22 F9 Fe N10 O9 S3,Fe2 H44 C46 S6 N20 O18 F18,26,0.9492,True,0,False
1558620,200,size_within_limit,528 sites > 150,1,528,,6206.6961,True,C17 H10 Br Cl2 N O2,H160 C272 Br16 N16 Cl32 O32,35,,True,0,False
1558632,200,size_within_limit,316 sites > 150,1,316,,2712.0931,True,C60 H92 N2 O4,H184 C120 N4 O8,8,0.95,True,0,False
1558688,200,,,1,50,50,710.7299,True,C8 H6 N6 Pt S4,H12 Pt2 C16 S8 N12,78,0.8897,True,0,True
1558714,200,size_within_limit,369 sites > 150,1,369,,4595.4117,True,C18 H16 Cu N2 O4,Cu9 H144 C162 N18 O36,29,0.9402,True,1,False
1559025,200,hydrogen_declared_present,"formula declares H, no H site in the cell",1,54,,828.9696,True,C15 H16 N4 O8,C30 N8 O16,8,,True,1,False
1559134,200,ordered,partial or mixed site occupancy,1,1018,,12789.5245,False,,H390 Rh16 C374 S16 N38 O86 F36,45,,True,1,False
1559185,200,hydrogen_declared_present,"formula declares H, no H site in the cell",1,216,,3705.3011,True,C24 H48 N4 O24 Pb2,Pb8 C96 N16 O96,82,,True,1,False
1559244,200,size_within_limit,260 sites > 150,1,260,,2433.2385,True,C21 H34 Co N2 O6 P,Co4 P4 H136 C84 N8 O24,27,0.9472,True,0,False
1559248,200,,,1,144,144,1209.8094,True,C24 H44 N4,H88 C48 N8,7,0.9399,True,0,True
1559563,200,ordered,partial or mixed site occupancy,1,482,,4260.5875,False,,V4 H213 C178 N11 O20,23,,True,0,False
1559782,200,ordered,partial or mixed site occupancy,1,244,,2100.403,False,,H74 C108 N8 F16,9,,True,0,False
1559808,200,size_within_limit,168 sites > 150,1,168,,1367.7655,True,C15 H22 O5,H88 C60 O20,8,0.8341,True,0,False
1559857,200,size_within_limit,208 sites > 150,1,208,,1895.4294,True,C20 H24 B2 N2 O4,B8 H96 C80 N8 O16,8,0.9399,True,0,False
1559978,200,,,1,140,140,1349.4776,True,C30 H36 N2 S2,H72 C60 S4 N4,16,0.9297,True,0,True
1559986,200,ordered,partial or mixed site occupancy,1,182,,1439.2485,False,,Yb2 Fe2 Si4 H92 C52 N4 O2,70,,True,0,False
1560350,200,,,1,88,88,1194.1386,True,Mn2 O14 Sr2 V4,Sr8 Mn8 V16 O56,38,1.6514,False,0,True
1560373,200,parsed,ValueError: Invalid CIF file with no structures!,,,,,,,,,,,4,False
1560466,200,ordered,partial or mixed site occupancy,1,24,,494.4766,False,,Sm6 Co1 Ge2 S14,62,,False,1,False
1560782,200,size_within_limit,176 sites > 150,1,176,,1745.8059,True,C17 H19 N3 O4 Zn,Zn4 H76 C68 N12 O16,30,0.8808,True,0,False
1560845,200,size_within_limit,624 sites > 150,1,624,,5973.9213,True,C31 H44 N P Si,Si8 P8 H352 C248 N8,15,,True,0,False
1560871,200,,,1,80,80,1008.004,True,Gd O14 P5,Gd4 P20 O56,64,1.46,False,0,True
1560965,200,,,1,80,80,1027.7709,True,Nd O14 P5,Nd4 P20 O56,60,1.4419,False,0,True
1561139,200,ordered,partial or mixed site occupancy,1,184,,1422.103,False,,Cd4 H40 C68 N8 O24,48,,True,0,False
1561410,200,ordered,partial or mixed site occupancy,1,440,,11510.7527,False,,Cu18 H54 C206 O99,29,,True,1,False
1561542,200,ordered,partial or mixed site occupancy,1,208,,6034.8039,False,,Yb108.16 Ho3.84 Mn8 Sb88,70,,False,1,False
1561811,200,hydrogen_declared_present,"formula declares H, no H site in the cell",1,96,,1620.682,True,C11 H6 Cu Fe N10 O,Fe4 Cu4 C44 N40 O4,29,,True,1,False
1562089,200,,,1,138,138,1478.3852,True,C7 H9 Cd N O5,Cd6 H54 C42 N6 O30,48,0.8631,True,0,True
1562305,200,ordered,partial or mixed site occupancy,1,488,,5805.3245,False,,Na2 Ni6 Mo24 P16 H144 C104 N20 O164,42,,True,0,False
1562514,200,,,1,50,50,664.0775,True,Ge3 Mn3 O15 Sr4,Sr8 Mn6 Ge6 O30,38,1.732,False,1,True
1562876,200,size_within_limit,152 sites > 150,1,152,,1542.414,True,C66 H56 Cd2 N12 O16,Cd2 H56 C66 N12 O16,48,0.8452,True,0,False
1562989,200,,,1,12,3,158.1035,True,Ce O2,Ce4 O8,58,2.3414,False,0,True
1563039,200,size_within_limit,212 sites > 150,1,212,,2067.0212,True,C16 H18 Cd N12 O6,Cd4 H72 C64 N48 O24,48,0.8494,True,0,False
1563064,200,,,1,112,56,2261.7664,True,Cr2 Mg O23 U2,Mg4 U8 Cr8 O92,92,1.5962,False,0,True
1563347,200,size_within_limit,318 sites > 150,1,318,,5022.6249,True,C4 H6 Cs0 Eu2 Ge2 K8 Na4 O111 W22,K16 Na8 Eu4 Ge4 H12 W44 C8 O222,74,0.9597,True,0,False
1563458,200,ordered,partial or mixed site occupancy,1,12,,127.1046,False,,K1 Na1 Nb2 O6,41,,False,0,False
1563566,200,ordered,partial or mixed site occupancy,1,44,,779.6622,False,,Na8 Ge25.956,32,,False,2,False
1563582,200,ordered,partial or mixed site occupancy,1,139,,2089.4527,False,,Ce4 Si1 H12 W12 C28 N4 O74,74,,True,1,False
1563645,200,size_within_limit,168 sites > 150,1,168,,1704.1831,True,C15 H22 Cl2 O2 Si,Si4 H88 C60 Cl8 O8,17,0.9497,True,0,False
1563656,200,size_within_limit,268 sites > 150,1,268,,2665.4312,True,C32 H24 N6 O4 Zn,Zn4 H96 C128 N24 O16,30,0.9294,True,0,False
1563688,200,,,1,40,40,595.8206,True,Cu3 La4 Mo O12,La8 Cu6 Mo2 O24,57,1.6785,False,0,True
1563776,200,,,1,12,12,174.8158,True,Mo Pt2 Si3,Si6 Mo2 Pt4,78,2.3608,False,7,True
1564299,200,size_within_limit,340 sites > 150,1,340,,3896.5715,True,C76 H77 Ag B10 O2 P4,Ag2 B20 P8 H154 C152 O4,47,0.9291,True,0,False
1564377,200,ordered,partial or mixed site occupancy,1,446,,4099.3794,False,,U2 Si6 B2 H250 C140 N2 O29,92,,True,0,False
1564449,200,size_within_limit,220 sites > 150,1,220,,2267.8032,True,C22 H24 Cl2 Mn N6,Mn4 H96 C88 N24 Cl8,25,0.9399,True,0,False
1564686,200,ordered,partial or mixed site occupancy,1,168,,1817.0609,False,,H56 C84 Br4 F12,35,,True,0,False
1564817,200,,,1,132,132,1297.3035,True,C3 H13 Co N O12 P3,Co4 P12 H52 C12 N4 O48,27,0.7154,True,0,True
1564862,200,size_within_limit,228 sites > 150,1,228,,2252.8106,True,C14 H27 F6 Mo N4 O2 P S2,Mo4 P4 H108 C56 S8 N16 O8 F24,42,0.9591,True,0,False
1564954,200,,,1,126,126,1380.6703,True,C16 H26 Co F6 N2 O6 S6,Co2 H52 C32 S12 N4 O12 F12,27,0.9797,True,0,True
1564955,200,ordered,partial or mixed site occupancy,1,197,,2071.088,False,,Fe1 B2 H50 C78 S4 N2 F48,26,,True,0,False
1565026,200,ordered,partial or mixed site occupancy,1,1056,,8560.5871,False,,Co8 H256 C344 S8 N72 Cl8 O88,27,,True,0,False
1565081,200,ordered,partial or mixed site occupancy,1,336,,1860.775,False,,B8 H96 C78 N4 O18,8,,True,0,False
1565255,200,size_within_limit,292 sites > 150,1,292,,2877.628,True,C54 H52 Fe2 N10 O28,Fe4 H104 C108 N20 O56,26,0.8492,True,0,False
1565279,200,ordered,partial or mixed site occupancy,1,536,,5299.2012,False,,H184 Ru8 C216 N40 Cl16 O16,44,,True,0,False
1565446,200,size_within_limit,368 sites > 150,1,368,,3852.8283,True,C42 H38 N O8 P2 Ru,P8 H152 Ru4 C168 N4 O32,44,0.8499,True,0,False
1565538,200,ordered,partial or mixed site occupancy,1,464,,4713.9442,False,,Zn8 H184 C176 N32 O52,30,,True,0,False
1565593,200,,,1,122,122,1257.9973,True,C16 H28 Cl3 Eu N6 O7,Eu2 H56 C32 N12 Cl6 O14,63,0.6516,True,0,True
1565724,200,,,1,140,140,1567.9132,True,C14 H16 Br2 Co N2,Co4 H64 C56 Br8 N8,35,0.9497,True,0,True
1565796,200,ordered,partial or mixed site occupancy,1,980,,10187.8303,False,,K8 Nd4 Si20 H396 C444 O20,60,,True,0,False
1565815,200,size_within_limit,776 sites > 150,1,776,,8019.9605,True,C81 H92 Cl8 N8 O3 Zn2,Zn8 H368 C324 N32 Cl32 O12,30,,True,0,False
1565990,200,size_within_limit,205 sites > 150,1,205,,1866.2255,True,C37 H49 N6 O9 Zn1.5,Zn3 H98 C74 N12 O18,30,0.821,True,1,False
1566000,200,size_within_limit,696 sites > 150,1,696,,6443.0064,True,C26 H50 B2 Na Nd O7,Na8 Nd8 B16 H400 C208 O56,60,,True,1,False
1566106,200,,,1,150,150,2143.3201,True,C8 H12 I3 N Sn,Sn6 H72 C48 I18 N6,53,0.8885,True,0,True
1566141,200,ordered,partial or mixed site occupancy,1,304,,3161.7527,False,,H56 C120 S8 Cl16 O24 F24,17,,True,0,False
1566211,200,ordered,partial or mixed site occupancy,1,67,,1199.9371,False,,Pd30.988 Pt3.552 Se30,78,,False,0,False
1566553,200,size_within_limit,180 sites > 150,1,180,,1558.1993,True,C16 H27 N O,H108 C64 N4 O4,8,0.8199,True,0,False
1566657,200,,,1,36,36,300.7708,True,D2 O,H24 O12,8,0.9519,False,0,True
1566727,200,size_within_limit,236 sites > 150,1,236,,2245.513,True,C23 H30 N4 O2,H120 C92 N16 O8,8,0.95,True,0,False
1566752,200,ordered,partial or mixed site occupancy,1,596,,6219.619,False,,H184 Ir8 C206 S6 N8 O34 F18,77,,True,1,False
1566776,200,ordered,partial or mixed site occupancy,1,760,,5306.3048,False,,Li20 Ni8 H287 C224 O20,28,,True,0,False
1566847,200,size_within_limit,312 sites > 150,1,312,,2856.1669,True,C15 H21 N O2,H168 C120 N8 O16,8,0.86,True,0,False
1567039,200,size_within_limit,464 sites > 150,1,464,,4513.6771,True,C25 H29 Cl N O Rh,H232 Rh8 C200 N8 Cl8 O8,45,,True,0,False
1567319,200,size_within_limit,232 sites > 150,1,232,,2262.7906,True,C20 H28 N3 O4 Rh S2,H112 Rh4 C80 S8 N12 O16,45,0.95,True,0,False
1567332,200,ordered,partial or mixed site occupancy,1,174,,1579.598,False,,H84 Au2 C64 N10 Cl2 O0.928,79,,True,1,False
1567669,200,size_within_limit,1072 sites > 150,1,1072,,17314.7639,True,C74 H44 F4 N8 O3 S5,H320 C592 S40 N64 O24 F32,16,,True,1,False
1567679,200,size_within_limit,388 sites > 150,1,388,,4034.9073,True,C78 H98 Cu2 Ge2 I2 N6 Se2 Si4,Cu4 Si8 Ge4 H196 C156 Se4 I4 N12,53,0.949,True,0,False
1567770,200,ordered,partial or mixed site occupancy,1,804,,6870.3633,False,,Ga8 P8 H404 C272 Br8 N24,35,,True,0,False
1567831,200,size_within_limit,180 sites > 150,1,180,,1734.4737,True,C27 H18,H72 C108,6,0.9291,True,0,False
1568007,200,size_within_limit,162 sites > 150,1,162,,1738.9879,True,C39 H31 Au B Cl3 F4 N P,B2 P2 H62 Au2 C78 N2 Cl6 F8,79,0.898,True,0,False
1568049,200,size_within_limit,436 sites > 150,1,436,,4369.0834,True,C31 H69 Si8 Ti,Ti4 Si32 H276 C124,22,,True,0,False
1568058,200,ordered,partial or mixed site occupancy,1,392,,3006.3569,False,,Co4 H132 C156 N8 O8,27,,True,0,False
1568411,200,,,1,40,40,630.9457,True,As Cl2 F7,As4 Cl8 F28,33,1.5935,False,0,True
1568650,200,size_within_limit,504 sites > 150,1,504,,4871.6081,True,C54 H65 N2 P4 Rh,P16 H260 Rh4 C216 N8,45,,True,0,False
1568819,200,ordered,partial or mixed site occupancy,1,156,,1126.5827,False,,H44 C56 S4,16,,True,0,False
1568821,200,size_within_limit,272 sites > 150,1,272,,2950.5396,True,C20 H12 N2,H96 C160 N16,7,0.862,True,0,False
1568869,200,size_within_limit,170 sites > 150,1,170,,1613.0829,True,C38 H42 N4 Pt,H84 Pt2 C76 N8,78,0.855,True,0,False
1569106,200,ordered,partial or mixed site occupancy,1,340,,3245.8918,False,,Ag4 H96 C136 S16 N20 O12,47,,True,0,False
1569151,200,size_within_limit,2160 sites > 150,1,2160,,24868.8654,True,C204 H188 N76 O66 U6,U24 H752 C816 N304 O264,92,,True,1,False
1569174,200,ordered,partial or mixed site occupancy,1,338,,2997.0349,False,,K2 Al2 Si4 H170 C131 N10 O2,19,,True,0,False
1569208,200,,,1,76,76,718.2042,True,C24 H28 N8 O14 Zn2,Zn2 H28 C24 N8 O14,30,0.8199,True,0,True
1569235,200,size_within_limit,362 sites > 150,1,362,,3422.4698,True,C69 H100 Fe2 K2 N6 O Te,K4 Fe4 Te2 H200 C138 N12 O2,52,0.9498,True,0,False
1569734,200,ordered,partial or mixed site occupancy,1,258,,1526.4687,False,,H68 C56 S2 N6 Cl2 O18,17,,True,0,False
1569781,200,size_within_limit,200 sites > 150,1,200,,1825.8998,True,C23 H22 O5,H88 C92 O20,8,0.8201,True,0,False
1570041,200,ordered,partial or mixed site occupancy,1,216,,1704.8797,False,,H80 C92 O8,8,,True,0,False
1570278,200,ordered,partial or mixed site occupancy,1,333,,2932.1576,False,,H186 C126 O19.5,8,,True,0,False
1570406,200,size_within_limit,312 sites > 150,1,312,,3797.8864,True,C19 H17 I2 P,P8 H136 C152 I16,53,0.9291,True,0,False
1570504,200,size_within_limit,444 sites > 150,1,444,,4047.7421,True,C42 H61 Cl N4 O2 Pt,H244 Pt4 C168 N16 Cl4 O8,78,,True,0,False
1570584,200,ordered,partial or mixed site occupancy,1,3576,,40330.5875,False,,Ag232 H1784 C1200 S120 Br16 N8 O24,47,,True,0,False
1570696,200,,,1,100,100,1123.7284,True,C22 H24 B N O2,B2 H48 C44 N2 O4,8,0.9499,True,0,True
1570734,200,size_within_limit,164 sites > 150,1,164,,2418.5237,True,C14 H18 Ge I6 N2,Ge4 H72 C56 I24 N8,53,0.9082,True,0,False
1571093,200,ordered,partial or mixed site occupancy,1,520,,9755.3132,False,,Zr24 H64 C132 N8 O132,40,,True,0,False
1571574,200,size_within_limit,210 sites > 150,1,210,,2002.0919,True,C52 H50 Fe O2,Fe2 H100 C104 O4,26,0.9295,True,0,False
1571671,200,ordered,partial or mixed site occupancy,1,624,,4541.1114,False,,Zn8 H108 C104 N8 O32 F4,30,,True,0,False
1571724,200,ordered,partial or mixed site occupancy,1,2188,,27911.2924,False,,Cu4 Si4 Ag88 Sb8 P48 H924.744 W36 C780 S44 Cl4 O136 F48,74,,True,0,False
1572050,200,size_within_limit,464 sites > 150,1,464,,4567.2785,True,C55 H57 B2 N Se,B8 H228 C220 Se4 N4,34,,True,0,False
1572098,200,ordered,partial or mixed site occupancy,1,446,,3798.831,False,,Cu2 H164.576 C151.384 N9 Cl0.808 O27.384,29,,True,1,False
1572282,200,ordered,partial or mixed site occupancy,1,398,,3298.0939,False,,B4 H114 C139.998 N8 O2 F47.994,9,,True,1,False
1572360,200,size_within_limit,204 sites > 150,1,204,,2167.2153,True,C26 H19 N5 S,H76 C104 S4 N20,16,0.88,True,0,False
1572504,200,ordered,partial or mixed site occupancy,1,848,,8839.5353,False,,Cu56 H336 C304 N8 O48 F48,29,,True,0,False
1572895,200,ordered,partial or mixed site occupancy,1,156,,1355.1284,False,,Sm4 H68 C68,62,,True,0,False
1572959,200,,,1,28,28,285.4722,True,Mg8 O16 Si4,Mg8 Si4 O16,14,1.3739,False,0,True
1573395,200,size_within_limit,232 sites > 150,1,232,,2274.6259,True,C14 H13 N O,H104 C112 N8 O8,8,0.86,True,0,False
1573567,200,ordered,partial or mixed site occupancy,1,560,,5369.632,False,,B8 H288 C216 S8 N24,16,,True,0,False
1573609,200,ordered,partial or mixed site occupancy,1,488,,4972.6276,False,,Ce8 Mn4 H234.324 C112 Br21.676 O58.324,58,,True,0,False
1574156,200,ordered,partial or mixed site occupancy,1,772,,5448.3179,False,,K4 P4 H308 C228 N4 O28,19,,True,0,False
1574376,200,,,1,140,140,1419.4394,True,C17 H14 F N3,H56 C68 N12 F4,9,0.9298,True,0,True
1574459,200,size_within_limit,182 sites > 150,1,182,,1742.7278,True,C18 H19 N2 O6.5,H76 C72 N8 O26,8,0.8308,True,0,False
1574836,200,,,1,8,8,446.1013,True,I4 K4,K4 I4,53,3.5068,False,0,True
1575082,200,size_within_limit,304 sites > 150,1,304,,4171.9883,True,C36 H20 Cl2 F8 N8 Rh2,H80 Rh8 C144 N32 Cl8 F32,45,0.9293,True,0,False
1575110,200,,,1,110,110,1150.2869,True,C31 H22 N2,H44 C62 N4,7,0.9284,True,0,True
1575111,200,ordered,partial or mixed site occupancy,1,244,,2414.6134,False,,Zn8 H120 C76 N8 O30,30,,True,1,False
1575406,200,size_within_limit,410 sites > 150,1,410,,5445.5075,True,C99 H72 N9 O21 Zn4,Zn8 H144 C198 N18 O42,30,,True,0,False
1575422,200,ordered,partial or mixed site occupancy,1,254,,1643.5061,False,,P2 H46 C78 S6 Cl2 F12,17,,True,1,False
1575675,200,,,1,38,38,567.4465,True,C4 H10 B I3 S,B2 H20 C8 S2 I6,53,0.98,True,0,True
1575760,200,size_within_limit,234 sites > 150,1,234,,2809.9095,True,C57 H46 Cl5 Cu3 O2 P4,Cu6 P8 H92 C114 Cl10 O4,29,0.9286,True,0,False
1575851,200,ordered,partial or mixed site occupancy,1,632,,5460.7468,False,,H144 C288 S24 F16,16,,True,0,False
1576245,200,size_within_limit,258 sites > 150,1,258,,2703.9129,True,C56 H56 Cl6 N8 O3,H112 C112 N16 Cl12 O6,17,0.9499,True,0,False
1576591,200,ordered,partial or mixed site occupancy,1,2948,,18406.2587,False,,Al14 Ga12 P24 H594 C555.992 O51.998 F487.982,31,,True,1,False
1576664,200,size_within_limit,216 sites > 150,1,216,,1992.2418,True,C17 H10,H80 C136,6,0.9499,True,0,False
1576756,200,ordered,partial or mixed site occupancy,1,252,,1983.3994,False,,H104 C96,6,,True,0,False
1576776,200,size_within_limit,216 sites > 150,1,216,,2695.7163,True,C56 H28 Br8 F4 N8 O4,H56 C112 Br16 N16 O8 F8,35,0.9294,True,0,False
1576778,200,ordered,partial or mixed site occupancy,1,600,,5896.2973,False,,Fe4 B4 P8 H224 C232 N4 O4 F96,26,,True,0,False
1576840,200,size_within_limit,204 sites > 150,1,204,,1909.0053,True,C18 H25 F3 N2 O3,H100 C72 N8 O12 F12,9,0.8599,True,0,False
1576871,200,size_within_limit,300 sites > 150,1,300,,3236.4374,True,C4 H2.29 O0.57 S0.29,H96 C168 S12 O24,16,0.898,True,1,False
1576898,200,size_within_limit,334 sites > 150,1,334,,3844.93,True,C85 H72 N2 O8,H144 C170 N4 O16,8,0.929,True,0,False
1576993,200,ordered,partial or mixed site occupancy,1,1552,,13595.4619,False,,Rb8 Fe8 H840 C524 N16 O96,37,,True,1,False
1577428,200,ordered,partial or mixed site occupancy,1,528,,3676.7076,False,,Mn4 H236 C156 N8 O8,25,,True,0,False
1577434,200,size_within_limit,180 sites > 150,1,180,,3717.5379,True,C34.33 H11.67 F12 N3 O3.33,H27 C99 N9 O9 F36,9,0.9493,True,1,False
2000012,200,size_within_limit,160 sites > 150,1,160,,1535.523,True,C16 H20 O3 S,H80 C64 S4 O12,16,1.0691,True,0,False
2000127,200,parsed,ValueError: Invalid CIF file with no structures!,,,,,,,,,,,2,False
2000148,200,,,1,16,16,601.1502,True,I4 Te4,Te8 I8,53,2.7381,False,0,True
2000152,200,hydrogen_declared_present,"formula declares H, no H site in the cell",1,78,,1111.5274,True,C20 H16 Cu F6 N2 O4,Cu2 C40 N4 O8 F24,29,,True,3,False
2000178,200,,,1,100,100,984.9444,True,C10 H11 N O3,H44 C40 N4 O12,8,0.7601,True,0,True
2000208,200,size_within_limit,284 sites > 150,1,284,,3158.878,True,C21 H30 N3 Nd O18 S3,Nd4 H100 C84 S12 N12 O72,60,0.8518,True,2,False
2000214,200,,,1,128,128,1170.3594,True,C8 H14 N3 O6 P,P4 H56 C32 N12 O24,15,0.811,True,0,True
2000246,200,,,1,30,10,311.9623,True,Ge Mn O3,Mn6 Ge6 O18,32,1.8718,False,0,True
2000304,200,,,1,142,142,1285.0229,True,C24 H36 O11,H72 C48 O22,8,0.723,True,2,True
2000324,200,,,1,110,110,1268.0375,True,C18 H18 F12 Ni O6,Ni2 H36 C36 O12 F24,28,0.9584,True,2,True
2000403,200,size_within_limit,348 sites > 150,1,348,,3035.2101,True,C32 H50 O5,H200 C128 O20,8,0.8851,True,0,False
2000546,200,hydrogen_declared_present,"formula declares H, no H site in the cell",1,228,,4538.9796,True,C50 H70 O5,C206 O22,8,,True,1,False
2000644,200,size_within_limit,156 sites > 150,1,156,,1603.3403,True,C17 H15 N O5 S,H60 C68 S4 N4 O20,16,0.7519,True,0,False
2000967,200,size_within_limit,772 sites > 150,1,772,,6898.8954,True,C73 H108 O12,H432 C292 O48,8,,True,2,False
2001003,200,size_within_limit,168 sites > 150,1,168,,1586.2505,True,C20 H22,H88 C80,6,0.9589,True,2,False
2001283,200,,,1,104,104,1049.7321,True,C12 H20 O19 Sr3,Sr6 H36 C24 O38,38,0.6612,True,2,True
2001651,200,size_within_limit,288 sites > 150,1,288,,2926.568,True,C20 H14 O2,H112 C160 O16,8,0.9212,True,2,False
2001668,200,size_within_limit,244 sites > 150,1,244,,2570.4045,True,C18 H34 N2 O2 S4 Sn,Sn4 H136 C72 S16 N8 O8,50,1.0809,True,2,False
2001698,200,,,1,72,72,724.4683,True,C12 H18 Cl2 N2 O2,H36 C24 N4 Cl4 O4,17,0.704,True,0,True
2001742,200,size_within_limit,400 sites > 150,1,400,,3925.6613,True,C48 H44 N4 O4,H176 C192 N16 O16,8,0.9476,True,2,False
2001850,200,size_within_limit,324 sites > 150,1,324,,3026.51,True,C36 H88 Mo8 N4 O26,Mo16 H176 C72 N8 O52,42,0.9027,True,0,False
2001974,200,,,1,120,120,1020.806,True,C5 H16 Cl Co N4 O3,Co4 H64 C20 N16 Cl4 O12,27,0.8125,True,2,True
2002186,200,,,1,14,7,190.5415,True,La2 Ni O4,La4 Ni2 O8,57,1.938,False,0,True
2002228,200,ordered,partial or mixed site occupancy,1,36,,441.5053,False,,Ca8 Ga6 Fe2 O20,31,,False,0,False
2002506,200,ordered,partial or mixed site occupancy,1,28,,381.5995,False,,Sr2 La6 Ti1 Cu3 O16,57,,False,0,False
2002677,200,ordered,partial or mixed site occupancy,1,45,,598.9578,False,,Ba9 Mn5.7999 Ru3.2001 O27,56,,False,0,False
2002688,200,ordered,partial or mixed site occupancy,1,36,,450.7763,False,,Nd8 Eu4 Be4 O20,63,,False,0,False
2002907,200,ordered,partial or mixed site occupancy,1,64,,954.683,False,,Cs0.544 Rb7.456 Ti8 As8 O40,55,,False,1,False
2002966,200,,,1,36,36,398.3411,True,C2 H2 F3 N O,H8 C8 N4 O4 F12,9,0.9516,True,0,True
2003012,200,ordered,partial or mixed site occupancy,1,54,,632.5048,False,,K2 Nb10 Pb6.2 O30,82,,False,1,False
2003109,200,ordered,partial or mixed site occupancy,1,111,,722.1939,False,,Li3 C23.994,6,,True,2,False
2003148,200,parsed,ValueError: Invalid CIF file with no structures!,,,,,,,,,,,3,False
2003189,200,,,1,60,60,578.3574,True,C9 H16 N4 O5,H24 C18 N8 O10,8,1.0677,True,2,True
2003387,200,size_within_limit,486 sites > 150,1,486,,5167.9924,True,C13 H12 S2,H216 C234 S36,16,,True,2,False
2003457,200,,,1,44,44,486.0669,True,C7 H7 K O6 S,K2 H14 C14 S2 O12,19,0.7868,True,0,True
2003459,200,size_within_limit,200 sites > 150,1,200,,1842.3086,True,C11 H22 N5 Na O11,Na4 H88 C44 N20 O44,11,0.7135,True,0,False
2003685,200,ordered,partial or mixed site occupancy,1,184,,1671.0511,False,,H76 C60 N12 O28,8,,True,0,False
2003765,200,,,1,128,128,1267.7287,True,C32 H30 O2,H60 C64 O4,8,0.8585,True,0,True
2003783,200,size_within_limit,400 sites > 150,1,400,,3881.4118,True,C22 H24 N2 O2,H192 C176 N16 O16,8,0.9293,True,0,False
2003787,200,size_within_limit,152 sites > 150,1,152,,1392.0465,True,C12 H18 Cu N2 O5,Cu4 H72 C48 N8 O20,29,0.8497,True,0,False
2003902,200,size_within_limit,200 sites > 150,1,200,,1731.7954,True,C10 H25 Cl Cr N5 O8,Cr4 H100 C40 N20 Cl4 O32,24,0.927,True,0,False
2003931,200,ordered,partial or mixed site occupancy,1,676,,5145.8572,False,,Eu4 H308 C180 N24 O64,63,,True,0,False
2003950,200,size_within_limit,180 sites > 150,1,180,,1689.0234,True,C19 H18 N2 O6,H72 C76 N8 O24,8,0.9592,True,0,False
2003986,200,hydrogen_declared_present,"formula declares H, no H site in the cell",1,46,,954.3112,True,C11 H15 Cl Fe2 O6 Si3,Fe4 Si6 C18 Cl6 O12,26,,True,2,False
2004129,200,ordered,partial or mixed site occupancy,1,360,,3657.7169,False,,H136 C168 Cl8 O32,17,,True,0,False
2004196,200,,,1,68,68,726.007,True,C5 H9 N S2,H36 C20 S8 N4,16,1.0093,True,0,True
2004314,200,,,1,112,112,1299.6474,True,C15 H9 Cl2 N S,H36 C60 S4 N4 Cl8,17,0.9951,True,0,True
2004406,200,ordered,partial or mixed site occupancy,1,248,,2243.2898,False,,H125.64 C96 O21.64,8,,True,1,False
2004510,200,size_within_limit,172 sites > 150,1,172,,1524.1627,True,C17 H23 N O2,H92 C68 N4 O8,8,0.8738,True,0,False
2004521,200,,,1,104,52,1242.4136,True,H2 N6 Na4 O13 Ru,Na16 H8 Ru4 N24 O52,44,0.776,False,0,True
2004750,200,,,1,128,128,1210.9286,True,C12 H15 N O4,H60 C48 N4 O16,8,0.9533,True,2,True
2004828,200,size_within_limit,156 sites > 150,1,156,,1477.3302,True,C26 H38 Co N5 O8,Co2 H76 C52 N10 O16,27,0.8991,True,0,False
2004833,200,size_within_limit,176 sites > 150,1,176,,1611.4607,True,C8 H20 Cl Co N6 O8,Co4 H80 C32 N24 Cl4 O32,27,0.8913,True,0,False
2005274,200,size_within_limit,204 sites > 150,1,204,,2007.9469,True,C20 H22 N4 O5,H88 C80 N16 O20,8,0.8423,True,0,False
2005401,200,ordered,partial or mixed site occupancy,1,98,,1136.9252,False,,Cu2 H44 C34 S16 N2,29,,True,0,False
2005560,200,ordered,partial or mixed site occupancy,1,120,,978.0492,False,,H62.352 C36 N4 O4,8,,True,2,False
2005682,200,size_within_limit,280 sites > 150,1,280,,2711.3137,True,C13 H15 N3 O4,H120 C104 N24 O32,8,0.8602,True,0,False
2005985,200,size_within_limit,336 sites > 150,1,336,,3148.7338,True,C8 H17 Cl Cu N6 O4 S,Cu8 H136 C56 S8 N56 Cl8 O64,29,0.6081,True,3,False
2006047,200,size_within_limit,256 sites > 150,1,256,,2587.3246,True,C29 H27 N3 O5,H108 C116 N12 O20,8,0.8877,True,0,False
2006299,200,size_within_limit,220 sites > 150,1,220,,2056.8863,True,C22 H24 N2 O7,H96 C88 N8 O28,8,0.9479,True,0,False
2006362,200,ordered,partial or mixed site occupancy,1,24,,376.6187,False,,K2 Ag4 As2 S8,47,,False,0,False
2006477,200,size_within_limit,160 sites > 150,1,160,,1586.3148,True,C20 H18 S2,H72 C80 S8,16,0.9489,True,0,False
2006510,200,size_within_limit,220 sites > 150,1,220,,2577.2075,True,C28 H16 Cu N10,Cu4 H64 C112 N40,29,0.7975,True,0,False
2006605,200,,,1,74,74,736.315,True,C13 H14 Cl O6 P,P2 H28 C26 Cl2 O16,17,0.6068,True,1,True
2006720,200,size_within_limit,264 sites > 150,1,264,,2230.67,True,C12 H19 N O,H152 C96 N8 O8,8,0.8694,True,0,False
2006962,200,,,1,128,128,1646.1047,True,C15 H9 Br2 Cl N2 O2 S,H36 C60 S4 Br8 N8 Cl4 O8,35,0.9487,True,0,True
2007188,200,,,1,124,124,1298.1243,True,C15 H36 Cu I N6 S3,Cu2 H72 C30 S6 I2 N12,53,0.8596,True,1,True
2007435,200,size_within_limit,152 sites > 150,1,152,,1279.5246,True,C4 H11 N O3,H88 C32 N8 O24,8,0.8632,True,0,False
2007478,200,,,1,94,94,983.8265,True,C6 H20 Fe N6 Na4 O10,Na8 Fe2 H40 C12 N12 O20,26,0.8094,True,0,True
2007498,200,,,1,68,68,720.961,True,C14 H14 N4 S2,H28 C28 S4 N8,16,0.902,True,0,True
2007599,200,,,1,46,46,489.6303,True,C9 H10 Cl2 N2,H20 C18 N4 Cl4,17,0.8502,True,0,True
2008134,200,,,1,88,88,808.0327,True,C6 H10 N2 O4,H40 C24 N8 O16,8,0.7971,True,0,True
2008182,200,ordered,partial or mixed site occupancy,1,70,,669.6491,False,,H26 C26 Se2 N2 O10,34,,True,0,False
2008235,200,,,1,100,100,974.7864,True,C18 H26 Cl N O6,H48 C36 N2 Cl2 O12,17,0.7894,True,1,True
2008293,200,size_within_limit,160 sites > 150,1,160,,1551.2759,True,C16 H16 N2 O6,H64 C64 N8 O24,8,0.9327,True,0,False
2008311,200,size_within_limit,320 sites > 150,1,320,,3040.2348,True,C14 H18 Cl N3 O4,H144 C112 N24 Cl8 O32,17,0.9298,True,0,False
2008312,200,size_within_limit,280 sites > 150,1,280,,2511.1976,True,C11 H18 N2 O4,H144 C88 N16 O32,8,0.8904,True,0,False
2008553,200,,,1,74,74,810.1228,True,C14 H14 Cl2 Cu N2 O4,Cu2 H28 C28 N4 Cl4 O8,29,0.9596,True,0,True
2008864,200,ordered,partial or mixed site occupancy,1,108,,1111.0375,False,,Cu12 H36 C16 N28,29,,True,0,False
2008885,200,size_within_limit,448 sites > 150,1,448,,4657.3327,True,C5 Ca Cl2 D15 N O4,Ca16 H240 C80 N16 Cl32 O64,20,,True,0,False
2009153,200,,,1,92,46,1097.2535,True,C8 H8 Cl2 Co N4,Co4 H32 C32 N16 Cl8,27,0.9658,True,0,True
2009248,200,,,1,70,70,699.7165,True,C13 H16 N4 O S,H32 C26 S2 N8 O2,16,0.8921,True,0,True
2009259,200,,,1,92,92,1006.0605,True,C23 H20 I N O,H40 C46 I2 N2 O2,53,0.9294,True,0,True
2009288,200,size_within_limit,340 sites > 150,1,340,,2892.9709,True,C32 H46 O7,H184 C128 O28,8,0.9299,True,0,False
2009332,200,size_within_limit,408 sites > 150,1,408,,4106.043,True,C26 H20 N4 O,H160 C208 N32 O8,8,,True,0,False
2009495,200,size_within_limit,608 sites > 150,1,608,,6499.873,True,C76 H72 B O2 P4 Tc,Tc4 B4 P16 H272 C304 O8,43,,True,3,False
2009631,200,size_within_limit,216 sites > 150,1,216,,2097.4057,True,C10 H13 Cl N2 O,H104 C80 N16 Cl8 O8,17,0.9033,True,2,False
2009632,200,size_within_limit,216 sites > 150,1,216,,2594.6905,True,C17 H9 N S,H64 C136 S8 N8,16,0.9093,True,3,False
2009721,200,size_within_limit,318 sites > 150,1,318,,2863.3961,True,C21 H30 O2,H180 C126 O12,8,0.9483,True,2,False
2009761,200,size_within_limit,174 sites > 150,1,174,,2144.6164,True,C42 H35 Cl3 F6 N P3 Pt S,P6 H60 Pt2 C84 S2 N2 Cl6 F12,78,0.9132,True,1,False
2009894,200,size_within_limit,500 sites > 150,1,500,,5077.413,True,C54 H54 Fe N4 O10 P2,Fe4 P8 H216 C216 N16 O40,26,,True,2,False
2009973,200,ordered,partial or mixed site occupancy,1,126,,804.6871,False,,Ce2 H48 C18 Cl6 O6,58,,True,0,False
2009974,200,size_within_limit,480 sites > 150,1,480,,5613.5125,True,C22 H24 Mo2 N2 O9 S,Mo16 H192 C176 S8 N16 O72,42,,True,2,False
2010259,200,,,1,84,42,2802.0748,True,Sb10 Sr11,Sr44 Sb40,51,2.9377,False,0,True
2010269,200,size_within_limit,152 sites > 150,1,152,,1474.7033,True,C13 H22 Br N O3,H80 C52 Br4 N4 O12,35,0.6972,True,2,False
2010279,200,,,1,130,130,1160.1809,True,C22 H38 N4 O,H76 C44 N8 O2,8,0.8692,True,0,True
2010559,200,size_within_limit,268 sites > 150,1,268,,2361.8748,True,C28 H38 S,H152 C112 S4,16,0.9495,True,0,False
2010656,200,size_within_limit,288 sites > 150,1,288,,2967.5697,True,C17 H14 O4 S,H112 C136 S8 O32,16,0.9354,True,0,False
2010829,200,size_within_limit,220 sites > 150,1,220,,2141.7544,True,C26 H26 N2 O,H104 C104 N8 O4,8,0.9289,True,0,False
2010939,200,,,1,112,112,1146.6429,True,C28 H22 Mn N3 O2,Mn2 H44 C56 N6 O4,25,0.9567,True,0,True
2010960,200,size_within_limit,196 sites > 150,1,196,,1933.694,True,C16 H22 Cl2 Cu N4 O4,Cu4 H88 C64 N16 Cl8 O16,29,0.9591,True,0,False
2011068,200,ordered,partial or mixed site occupancy,1,160,,1343.7943,False,,H56 C56 S8 O8,16,,True,0,False
2011137,200,,,1,90,90,876.1126,True,C28 H40 N12 O8 Zn2,Zn2 H40 C28 N12 O8,30,0.8595,True,0,True
2011373,200,,,1,64,64,1873.5666,True,Cs6 S22 Ta4,Cs12 Ta8 S44,73,2.0813,False,0,True
2011378,200,size_within_limit,216 sites > 150,1,216,,3154.5616,True,C11 H5 Co Fe2 O6 Se2,Fe16 Co8 H40 C88 Se16 O48,34,0.9286,True,0,False
2011587,200,size_within_limit,220 sites > 150,1,220,,2331.6367,True,C27 H22 N2 O3 S,H88 C108 S4 N8 O12,16,0.7943,True,0,False
2011711,200,size_within_limit,216 sites > 150,1,216,,2125.0169,True,C11 H12 N2 O2,H96 C88 N16 O16,8,0.8192,True,0,False
2011815,200,ordered,partial or mixed site occupancy,1,616,,3034.3294,False,,P8 H216 C96 Se8,34,,True,0,False
2012076,200,ordered,partial or mixed site occupancy,1,60,,469.8021,False,,H29 C14 N1 O13,8,,True,0,False
2012167,200,ordered,partial or mixed site occupancy,1,90,,710.7348,False,,H24 C31 N9 O1,8,,True,0,False
2012242,200,ordered,partial or mixed site occupancy,1,160,,2146.3102,False,,Re4 H48 C60 I4 N24 O14,75,,True,1,False
2012436,200,,,1,84,84,1011.1005,True,C7 H6 Br Hg N O5,Hg4 H24 C28 Br4 N4 O20,80,0.8486,True,0,True
2012528,200,,,1,68,68,824.9411,True,C7 H4 Br N3 O2,H16 C28 Br4 N12 O8,35,0.8801,True,0,True
2012563,200,ordered,partial or mixed site occupancy,1,366,,2712.9085,False,,H186 Ru4 C96 S2 O22,44,,True,0,False
2012603,200,,,1,110,110,895.223,True,C34 H56 N6 O14,H56 C34 N6 O14,8,0.7302,True,0,True
2012713,200,size_within_limit,252 sites > 150,1,252,,2568.5719,True,C28 H27 N3 O4 S,H108 C112 S4 N12 O16,16,0.9291,True,0,False
2012827,200,size_within_limit,216 sites > 150,1,216,,2053.3137,True,C22 H23 N5 O4,H92 C88 N20 O16,8,0.8802,True,0,False
2012903,200,size_within_limit,560 sites > 150,1,560,,5625.2082,True,C48 H72 Co2 N10 S8,Co8 H288 C192 S32 N40,27,,True,0,False
2013195,200,,,1,100,100,927.7006,True,C8 H11 Cl N4 O,H44 C32 N16 Cl4 O4,17,0.8798,True,0,True
2013316,200,size_within_limit,280 sites > 150,1,280,,3111.5021,True,C38 H24 Cl2 O6,H96 C152 Cl8 O24,17,0.9294,True,0,False
2013329,200,,,1,136,136,1171.8213,True,C5 H17 N O9 P2,P8 H68 C20 N4 O36,15,0.8267,True,0,True
2013438,200,size_within_limit,372 sites > 150,1,372,,3847.4128,True,C44 H40 Cl2 K N3 O2 Zr,K4 Zr4 H160 C176 N12 Cl8 O8,40,0.9491,True,0,False
2013509,200,size_within_limit,156 sites > 150,1,156,,1408.8724,True,C17 H19 N O2,H76 C68 N4 O8,8,0.949,True,0,False
2013598,200,,,1,92,46,1020.4002,True,C24 H20 As I,As2 H40 C48 I2,53,0.9997,True,0,True
2013742,200,size_within_limit,200 sites > 150,1,200,,2059.0653,True,C18 H20 Cl Co N3 O6 S,Co4 H80 C72 S4 N12 Cl4 O24,27,0.8422,True,0,False
2013824,200,ordered,partial or mixed site occupancy,1,248,,2408.3603,False,,Cu4 H96 C88 N20 O32,29,,True,0,False
2013956,200,size_within_limit,204 sites > 150,1,204,,2112.02,True,C28 H18 N2 O2 Pd,H72 Pd4 C112 N8 O8,46,0.9282,True,0,False
2013989,200,size_within_limit,224 sites > 150,1,224,,2135.1097,True,C13 H11 N O3,H88 C104 N8 O24,8,0.946,True,0,False
2014106,200,size_within_limit,304 sites > 150,1,304,,2954.4562,True,C10 H16 N6 O6,H128 C80 N48 O48,8,0.8307,True,0,False
2014201,200,size_within_limit,164 sites > 150,1,164,,1692.2152,True,C18 H16 N4 O2 S,H64 C72 S4 N16 O8,16,0.8596,True,0,False
2014648,200,,,1,108,108,1083.2497,True,C20 H22 Mn N2 O9,Mn2 H44 C40 N4 O18,25,0.8436,True,0,True
2014809,200,,,1,100,100,878.3706,True,C4 H12 As N O7,As4 H48 C16 N4 O28,33,0.7688,True,0,True
2014864,200,size_within_limit,272 sites > 150,1,272,,2891.4817,True,C30 H24 Ag2 N2 O8 S2,Ag8 H96 C120 S8 N8 O32,47,0.8398,True,0,False
2015170,200,,,1,124,124,1295.7817,True,C12 H13 N3 O2 S,H52 C48 S4 N12 O8,16,0.7882,True,0,True
2015208,200,ordered,partial or mixed site occupancy,1,46,,410.561,False,,H14 C10 N6 O10,8,,True,0,False
2015563,200,size_within_limit,188 sites > 150,1,188,,1741.6502,True,C8 H22 O16 Sr,Sr4 H88 C32 O64,38,0.8194,True,0,False
2015751,200,size_within_limit,224 sites > 150,1,224,,2269.3482,True,C20 H24 N4 O7 S,H96 C80 S4 N16 O28,16,0.8211,True,0,False
2015956,200,,,1,68,68,633.4856,True,C14 H28 Mn2 O24,Mn2 H28 C14 O24,25,0.8237,True,0,True
2016034,200,,,1,116,116,1152.1339,True,C28 H27 Ni O P,Ni2 P2 H54 C56 O2,28,0.7733,True,0,True
2016187,200,,,1,148,148,1432.5617,True,C19 H13 N5,H52 C76 N20,7,0.9491,True,0,True
2016212,200,ordered,partial or mixed site occupancy,1,392,,3581.2846,False,,B12 H98 C116 N6 O20 F72,9,,True,0,False
2016298,200,,,1,144,144,1481.2681,True,C20 H14 Cl N,H56 C80 N4 Cl4,17,0.9178,True,0,True
2016439,200,,,1,60,60,571.0522,True,C12 H13 N3 O2,H26 C24 N6 O4,8,0.9497,True,0,True
2016440,200,,,1,112,112,1087.138,True,C11 H10 N4 O3,H40 C44 N16 O12,8,0.9379,True,0,True
2016838,200,ordered,partial or mixed site occupancy,1,156,,1329.2826,False,,H72 C40 S8 N4 O12,16,,True,0,False
2016909,200,,,1,120,120,1054.9869,True,C9 H15 N3 O3,H60 C36 N12 O12,8,0.8928,True,0,True
2016931,200,size_within_limit,306 sites > 150,1,306,,2959.1951,True,C60 H72 Co N2 O14 P4,Co2 P8 H144 C120 N4 O28,27,0.675,True,0,False
2017234,200,ordered,partial or mixed site occupancy,1,720,,8859.6672,False,,Na42.3 Mn135.942 P108 O432,25,,False,0,False
2017289,200,size_within_limit,236 sites > 150,1,236,,2565.8436,True,C27 H24 N2 O4 S2,H96 C108 S8 N8 O16,16,0.8195,True,0,False
2017401,200,ordered,partial or mixed site occupancy,1,448,,4207.3662,False,,Mn8 H192 C112 N32 Cl12 O80,25,,True,0,False
2017406,200,,,1,64,64,523.4752,True,C9 H15 N5 O3,H30 C18 N10 O6,8,0.8594,True,0,True
2017716,200,,,1,108,54,866.9221,True,C7 H14 O6,H56 C28 O24,8,0.8396,True,0,True
2017749,200,size_within_limit,296 sites > 150,1,296,,2855.7606,True,C38 H33 N O S,H132 C152 S4 N4 O4,16,0.9292,True,0,False
2017809,200,ordered,partial or mixed site occupancy,1,176,,1414.4575,False,,H72 C36 N16 O30.8,8,,True,1,False
2017863,200,ordered,partial or mixed site occupancy,1,344,,3567.8441,False,,Zn8 H88 C168 N56 O18,30,,True,1,False
2017889,200,size_within_limit,164 sites > 150,1,164,,1517.6527,True,C13 H16 N4 O8,H64 C52 N16 O32,8,0.8615,True,0,False
2017898,200,,,1,76,76,674.4202,True,C5 H8 Cu O5,Cu4 H32 C20 O20,29,0.8489,True,0,True
2017903,200,size_within_limit,512 sites > 150,1,512,,5277.486,True,C36 H24 N2 O2,H192 C288 N16 O16,8,,True,0,False
2017946,200,,,1,120,120,1231.3764,True,C10 H14 N2 O2 S2,H56 C40 S8 N8 O8,16,0.9795,True,0,True
2018082,200,size_within_limit,156 sites > 150,1,156,,1371.9218,True,C23 H39 N11 O5,H78 C46 N22 O10,8,0.8796,True,0,False
2018257,200,ordered,partial or mixed site occupancy,1,46,,562.9297,False,,Dy4 Mo6 O24,66,,False,0,False
2018321,200,size_within_limit,212 sites > 150,1,212,,2004.8486,True,C21 H22 F6 Fe N O P,Fe4 P4 H88 C84 N4 O4 F24,26,0.8394,True,0,False
2018350,200,,,1,104,104,1334.9493,True,Al8 Ca2 O15 Pb,Ca8 Al32 Pb4 O60,82,1.7215,False,0,True
2018476,200,ordered,partial or mixed site occupancy,1,246,,4393.3265,False,,Rb12 Sc4.26 Mo90 S114,42,,False,2,False
2018525,200,,,1,96,48,1350.9853,True,C6 H8 Au Cl5 N4,H32 Au4 C24 N16 Cl20,79,0.8696,True,0,True
2018601,200,,,1,112,112,1045.7405,True,C9 H12 N2 O5,H48 C36 N8 O20,8,0.873,True,0,True
2018785,200,ordered,partial or mixed site occupancy,1,210,,1523.2805,False,,Zr6 Sc6 Cu11.484 P18 O72,40,,False,1,False
2018792,200,ordered,partial or mixed site occupancy,1,716,,7044.5454,False,,V16 Co8 H280 C240 N48 O92,27,,True,0,False
2018796,200,,,1,84,84,850.0165,True,C10 H8 Cl N O,H32 C40 N4 Cl4 O4,17,0.9495,True,0,True
2018920,200,ordered,partial or mixed site occupancy,1,224,,1978.4325,False,,Fe4 H116 S8 O88,26,,False,0,False
2019161,200,ordered,partial or mixed site occupancy,1,600,,2737.4082,False,,In4 B4 H164 C96 N24,49,,True,1,False
2019472,200,ordered,partial or mixed site occupancy,1,88,,828.7538,False,,P2 H26 C36 N4 F12,15,,True,0,False
2020071,200,ordered,partial or mixed site occupancy,1,376,,3370.9601,False,,H104 C152 S16 N24 O8,16,,True,0,False
2020081,200,size_within_limit,216 sites > 150,1,216,,2436.4161,True,C18 H23 I N4 O7 Zn,Zn4 H92 C72 I4 N16 O28,53,0.8498,True,0,False
2020118,200,size_within_limit,600 sites > 150,1,600,,6562.6696,True,C44 H84 Cl14 N2 Si6,Si24 H336 C176 N8 Cl56,17,,True,0,False
2020196,200,ordered,partial or mixed site occupancy,1,272,,3815.4297,False,,Na59.32 Ca18.32 Ge48 O144,32,,False,1,False
2020597,200,,,1,136,136,1429.8517,True,C42 H68 B2 Bi2 Cl4 N12 S6,Bi2 B2 H68 C42 S6 N12 Cl4,83,0.9496,True,1,True
2020695,200,size_within_limit,164 sites > 150,1,164,,1571.1414,True,C19 H19 N O S,H76 C76 S4 N4 O4,16,0.9493,True,0,False
2021449,200,,,1,126,126,1356.7452,True,C28 H26 I2 N2 O4 Zn,Zn2 H52 C56 I4 N4 O8,53,0.8792,True,0,True
2021644,200,size_within_limit,596 sites > 150,1,596,,9563.48,True,C39 H27 Cd N2 O5.5,Cd8 H216 C312 N16 O44,48,,True,0,False
2021668,200,,,1,70,70,729.811,True,C26 H24 Cu2 N16 O2,Cu2 H24 C26 N16 O2,29,0.9294,True,0,True
2021669,200,size_within_limit,252 sites > 150,1,252,,2617.489,True,C26 H24 N10 Ni O2,Ni4 H96 C104 N40 O8,28,0.9297,True,0,False
2021719,200,,,1,88,88,944.0338,True,C18 H18 Br N3 O3 S,H36 C36 S2 Br2 N6 O6,35,0.8054,True,0,True
2021725,200,size_within_limit,192 sites > 150,1,192,,1992.0086,True,C44 H34 Co2 N8 O8,Co4 H68 C88 N16 O16,27,0.9294,True,0,False
2021800,200,ordered,partial or mixed site occupancy,1,310,,2370.3624,False,,H144 C112 N8 O4,8,,True,0,False
2021829,200,size_within_limit,152 sites > 150,1,152,,1482.5785,True,C11 H16 Co N4 O5 S,Co4 H64 C44 S4 N16 O20,27,0.8196,True,0,False
2021970,200,ordered,partial or mixed site occupancy,1,380,,1909.716,False,,H108 C84 N12 O24,8,,True,0,False
2022308,200,,,1,150,150,1693.1455,True,C68 H66 Cu4 I4 N2 O2 P4,Cu4 P4 H66 C68 I4 N2 O2,53,0.9291,True,0,True
2022450,200,size_within_limit,220 sites > 150,1,220,,2424.3487,True,C15 H30 N3 S6 Sb,Sb4 H120 C60 S24 N12,51,0.9792,True,0,False
2022474,200,size_within_limit,200 sites > 150,1,200,,1880.4051,True,C21 H26 Cl N O,H104 C84 N4 Cl4 O4,17,0.8621,True,0,False
2022482,200,,,1,144,144,1638.1977,True,C17 H7 F8 N3 O,H28 C68 N12 O4 F32,9,0.9496,True,0,True
2022723,200,ordered,partial or mixed site occupancy,1,768,,8422.9485,False,,Yb8 H408 Pb4 C136 S68 Br32 O68,82,,True,0,False
2023180,200,ordered,partial or mixed site occupancy,1,1388,,11788.024,False,,Pr8 H520.88 C288 N216 O284.44,59,,True,0,False
2023284,200,size_within_limit,208 sites > 150,1,208,,1986.3137,True,C22 H23 N O6,H92 C88 N4 O24,8,0.8404,True,0,False
2100073,200,size_within_limit,200 sites > 150,1,200,,1953.5603,True,C46 H46 O8,H80 C104 O16,8,0.9612,True,3,False
2100146,200,,,1,26,26,254.3072,True,C6 H5 F O,H10 C12 O2 F2,9,0.7793,True,0,True
2100209,200,,,1,33,11,1009.5138,True,Sb8 Te3,Sb24 Te9,52,2.9093,False,1,True
2100231,200,,,1,72,72,706.9834,True,C16 H16 N2 O2,H32 C32 N4 O4,8,0.849,True,0,True
2100236,200,,,1,140,140,1387.7027,True,C17 H13 N3 O2,H52 C68 N12 O8,8,0.8605,True,0,True
2100547,200,,,1,64,64,560.4898,True,C4 H7 N3 O2,H28 C16 N12 O8,8,0.965,True,0,True
2100826,200,ordered,partial or mixed site occupancy,1,76,,954.3209,False,,Cu2 H8 C22 S2 N2 Cl12 O8 F2,29,,True,0,False
2100846,200,size_within_limit,208 sites > 150,1,208,,1801.6214,True,C20 H27 N O4,H108 C80 N4 O16,8,0.8326,True,0,False
2100859,200,,,1,5,5,64.2816,True,Ba O3 Ti,Ba1 Ti1 O3,56,1.8925,False,2,True
2100927,200,size_within_limit,164 sites > 150,1,164,,1566.654,True,C18 H19 N O3,H76 C72 N4 O12,8,0.9325,True,2,False
2100969,200,size_within_limit,220 sites > 150,1,220,,2169.2294,True,C4 H21 Al3 N4 Ni O18 P4,Al12 Ni4 P16 H84 C16 N16 O72,28,0.7607,True,0,False
2101213,200,size_within_limit,200 sites > 150,1,200,,1919.8172,True,C18 H21 Cl N2 O3 S2,H88 C76 S8 N8 Cl8 O12,17,0.7238,True,1,False
2101333,200,,,1,57,57,677.2951,True,C22 H16 Ag N2 O8 S8,Ag1 H16 C22 S8 N2 O8,47,0.9623,True,0,True
2101361,200,,,1,42,21,299.3307,True,C5 H12 O4,H24 C10 O8,8,0.8252,True,2,True
2101389,200,,,1,76,76,824.9948,True,C16 H11 N5 O7,H20 C32 N10 O14,8,0.8879,True,1,True
2101414,200,size_within_limit,224 sites > 150,1,224,,2192.8402,True,C11 H13 N O3,H104 C88 N8 O24,8,0.8235,True,2,False
2101419,200,size_within_limit,352 sites > 150,1,352,,3422.6792,True,C22 H18 N2 O2,H144 C176 N16 O16,8,0.9869,True,2,False
2101507,200,,,1,88,88,940.1908,True,C10 H8 Cl N O2,H32 C40 N4 Cl4 O8,17,0.9444,True,2,True
2101508,200,,,1,44,44,481.208,True,C10 H8 Br N O2,H16 C20 Br2 N2 O4,35,0.8022,True,0,True
2101624,200,size_within_limit,228 sites > 150,1,228,,2201.3956,True,C11 H32 N8 O3 S3,H128 C44 S12 N32 O12,16,0.8986,True,0,False
2101696,200,hydrogen_declared_present,"formula declares H, no H site in the cell",1,236,,3648.0407,True,C4 H8 O35 Si17,Si68 C16 O152,14,,True,1,False
2101714,200,hydrogen_declared_present,"formula declares H, no H site in the cell",1,472,,8931.8628,True,C36 H46 F12 N6 Ni O2 P2,Ni8 P16 C288 N48 O16 F96,28,,True,2,False
2101813,200,size_within_limit,340 sites > 150,1,340,,3561.3999,True,C43 H38 O3 P2,P8 H148 C172 O12,15,0.986,True,1,False
2101996,200,,,1,8,4,104.0086,True,N Na O2,Na2 N2 O4,11,1.2554,False,0,True
2102206,200,,,1,100,100,926.4142,True,C20 H26 O3 S,H52 C40 S2 O6,16,0.8668,True,0,True
2102377,200,size_within_limit,516 sites > 150,1,516,,5874.859,True,C64 H54 P4 Pb S6,P16 H216 Pb4 C256 S24,82,,True,0,False
2102421,200,size_within_limit,200 sites > 150,1,200,,2005.6851,True,C20 H22 Au B F4 N2,B4 H88 Au4 C80 N8 F16,79,0.8368,True,0,False
2102427,200,hydrogen_declared_present,"formula declares H, no H site in the cell",1,132,,2947.3257,True,C26 H48 Cl2 N2 Si2 Ti,Ti4 Si8 C104 N8 Cl8,22,,True,3,False
2102646,200,,,1,144,144,1436.5799,True,C58 H62 N10 O8 P6,P6 H62 C58 N10 O8,15,0.8786,True,0,True
2102903,200,size_within_limit,540 sites > 150,1,540,,5901.4971,True,C13 H12 Cl N O2 S,H216 C234 S18 N18 Cl18 O36,17,,True,0,False
2103270,200,ordered,partial or mixed site occupancy,1,148,,877.668,False,,H48 C28 N4 O24,8,,True,0,False
2103274,200,size_within_limit,156 sites > 150,1,156,,1786.3973,True,C17 H11 N3 O6 S2,H44 C68 S8 N12 O24,16,0.9494,True,0,False
2103440,200,ordered,partial or mixed site occupancy,1,304,,2444.1759,False,,Fe4 H148 C104 N4 O18,26,,True,0,False
2103455,200,ordered,partial or mixed site occupancy,1,1404,,7074.8349,False,,H374.058 C204.834 N47.928 O83.07,8,,True,1,False
2103680,200,,,1,70,70,694.0576,True,C8 H12 Cu N6 O8,Cu2 H24 C16 N12 O16,29,0.838,True,0,True
2104274,200,ordered,partial or mixed site occupancy,1,228,,3073.1205,False,,Ce20 W44 O162,74,,False,1,False
2104329,200,,,1,108,108,1136.5548,True,C17 H19 Ca Cl N4 O10 S2,Ca2 H38 C34 S4 N8 Cl2 O20,20,0.891,True,0,True
2104562,200,,,1,54,54,546.1734,True,C32 H18 F4,H18 C32 F4,9,0.939,True,0,True
2104827,200,size_within_limit,224 sites > 150,1,224,,2171.1305,True,C30 H26,H104 C120,6,0.9293,True,0,False
2105192,200,ordered,partial or mixed site occupancy,1,264,,2324.0847,False,,Ni4 H120 C56 N16 O52,28,,True,0,False
2105232,200,,,1,144,144,1376.2845,True,C15 H16 F N O3,H64 C60 N4 O12 F4,9,0.9317,True,0,True
2105426,200,ordered,partial or mixed site occupancy,1,52,,395.4583,False,,Ti1.872 B50,22,,False,0,False
2105439,200,,,1,116,116,1143.2581,True,C7 H13 F3 N3 O2 P,P4 H52 C28 N12 O8 F12,15,0.8432,True,0,True
2105854,200,,,1,76,76,558.889,True,C5 H11 N O2,H44 C20 N4 O8,8,0.9593,True,0,True
2106042,200,,,1,120,60,1126.0829,True,H14 Na2 O12 P2,Na8 P8 H56 O48,15,0.7305,False,0,True
2106305,200,hydrogen_declared_present,"formula declares H, no H site in the cell",1,26,,378.6843,True,H6 N4 O9,N8 O18,8,,False,1,False
2106439,200,hydrogen_declared_present,"formula declares H, no H site in the cell",1,24,,333.4919,True,H Na O4 S,Na4 S4 O16,16,,False,1,False
2106719,200,,,1,36,36,451.5837,True,Bi H O12 P4,Bi2 P8 H2 O24,83,0.9589,False,0,True
2106982,200,,,1,56,14,803.5525,True,Ge Hg2 O4,Hg16 Ge8 O32,80,1.7534,False,0,True
2107052,200,,,1,36,36,323.1083,True,D4 N2 O3,H16 N8 O12,8,0.8389,False,0,True
2107090,200,,,1,20,20,218.7534,True,Fe Lu O3,Lu4 Fe4 O12,71,1.9972,False,0,True
2107124,200,,,1,12,6,294.8577,True,S2 Si,Si4 S8,16,2.1329,False,0,True
2107350,200,hydrogen_declared_present,"formula declares H, no H site in the cell",1,219,,3934.1694,True,C6 H6.8 Fe N6 O1.6,Fe15 C90 N90 O24,26,,True,1,False
2107358,200,size_within_limit,200 sites > 150,1,200,,2542.7018,True,Mg2 Na2 O15 Si6,Na16 Mg16 Si48 O120,14,1.5479,False,0,False
2107482,200,size_within_limit,228 sites > 150,1,228,,2327.0042,True,C46 H55 Cl2 Fe N3 O5 P2,Fe2 P4 H110 C92 N6 Cl4 O10,26,0.8698,True,0,False
2107588,200,,,1,96,96,1065.8359,True,C6 H12 Cl2 O Pd S2,H48 Pd4 C24 S8 Cl8 O4,46,0.9692,True,0,True
2108022,200,ordered,partial or mixed site occupancy,1,216,,1894.4699,False,,H72 C56 N24 O40,8,,True,0,False
2108027,200,,,1,20,10,201.3486,True,Fe2 O3,Fe8 O12,26,1.9287,False,0,True
2108080,200,size_within_limit,285 sites > 150,1,285,,3170.1347,True,C38 H46 Cl4 Co N2 O4,Co3 H138 C114 N6 Cl12 O12,27,0.9492,True,0,False
2108090,200,ordered,partial or mixed site occupancy,1,328,,3303.3712,False,,H92 C108 S8 I8 N12 O28 F24,53,,True,1,False
2108173,200,,,1,64,64,557.8782,True,D3 O4 P,P8 H24 O32,15,0.9371,False,0,True
2108199,200,,,1,76,76,695.3055,True,C15 H18 N2 O2 S,H36 C30 S2 N4 O4,16,0.9295,True,0,True
2108413,200,size_within_limit,200 sites > 150,1,200,,2075.0186,True,C52 H44 P2 S2,P4 H88 C104 S4,16,1.0479,True,0,False
2108963,200,size_within_limit,356 sites > 150,1,356,,2950.5051,True,C33 H52 O4,H208 C132 O16,8,0.82,True,0,False
2200138,200,size_within_limit,184 sites > 150,1,184,,1953.7286,True,C18 H14 N4 O8 S2,H56 C72 S8 N16 O32,16,0.8143,True,0,False
2200395,200,size_within_limit,176 sites > 150,1,176,,1605.4067,True,C6 H9 N O6,H72 C48 N8 O48,8,0.8198,True,0,False
2200649,200,size_within_limit,384 sites > 150,1,384,,4116.254,True,C21 H21 Au Cl O3 P,P8 H168 Au8 C168 Cl8 O24,79,0.9387,True,0,False
2200680,200,,,1,108,108,1019.5374,True,C10 H12 O5,H48 C40 O20,8,0.8201,True,0,True
2200732,200,,,1,124,124,1106.8499,True,C11 H15 N3 O2,H60 C44 N12 O8,8,0.8009,True,0,True
2200833,200,size_within_limit,182 sites > 150,1,182,,1646.0773,True,C20 H44 Cu F12 N4 O8 P2,Cu2 P4 H88 C40 N8 O16 F24,29,0.9415,True,0,False
2201098,200,size_within_limit,184 sites > 150,1,184,,1629.0704,True,C18 H22 O6,H88 C72 O24,8,0.8397,True,0,False
2201161,200,size_within_limit,188 sites > 150,1,188,,1779.3137,True,C10 H26 Hg N8 S2,Hg4 H104 C40 S8 N32,80,0.9192,True,0,False
2201543,200,,,1,94,94,1023.5689,True,C19 H17 Cl2 Fe N4 O4,Fe2 H34 C38 N8 Cl4 O8,26,0.9294,True,0,True
2201567,200,,,1,102,102,1148.9814,True,C24 H22 Au N2 P S,P2 H44 Au2 C48 S2 N4,79,0.9293,True,0,True
2201619,200,ordered,partial or mixed site occupancy,1,252,,1776.3794,False,,H72 C88 S4 N8 O8,16,,True,0,False
2201722,200,,,1,132,66,1280.6433,True,C17 H14 O2,H56 C68 O8,8,0.9063,True,0,True
2201755,200,ordered,partial or mixed site occupancy,1,88,,827.7152,False,,K8.296 P8 H18.816 N3.704 O24 F8,19,,False,0,False
2201793,200,size_within_limit,272 sites > 150,1,272,,2927.8366,True,C20 H12 N2,H96 C160 N16,7,0.9494,True,0,False
2201877,200,size_within_limit,212 sites > 150,1,212,,2216.553,True,C26 H21 Cl N2 O2 S,H84 C104 S4 N8 Cl4 O8,17,0.8706,True,0,False
2202045,200,,,1,116,116,1129.5352,True,C11 H12 Cl N3 O2,H48 C44 N12 Cl4 O8,17,0.8594,True,0,True
2202104,200,,,1,84,84,1124.6465,True,C8 H4 N2 O2 S5,H16 C32 S20 N8 O8,16,0.9685,True,0,True
2202209,200,size_within_limit,160 sites > 150,1,160,,2081.1213,True,C7 H5 Cl3 N2 O3,H40 C56 N16 Cl24 O24,17,0.93,True,0,False
2202236,200,size_within_limit,584 sites > 150,1,584,,6562.7366,True,C36 H30 Cl2 Mg O2 P2,Mg8 P16 H240 C288 Cl16 O16,17,,True,0,False
2202289,200,size_within_limit,164 sites > 150,1,164,,1605.7066,True,H16 O20 S3 Y2,Y8 H64 S12 O80,39,0.7201,False,0,False
2202491,200,,,1,124,124,1135.2886,True,C21 H28 F3 N3 O7,H56 C42 N6 O14 F6,9,0.8196,True,0,True
2202845,200,,,1,44,22,539.73,True,C6 K2 N6 O8,K4 C12 N12 O16,19,1.237,True,0,True
2202872,200,size_within_limit,162 sites > 150,1,162,,1763.8121,True,C22 H26 F12 N14 O4 P2 Pt,P4 H52 Pt2 C44 N28 O8 F24,78,0.9493,True,0,False
2202878,200,ordered,partial or mixed site occupancy,1,448,,3761.6756,False,,H192 C112 N48 O80,8,,True,0,False
2202973,200,size_within_limit,180 sites > 150,1,180,,1781.9122,True,C21 H20 N2 O2,H80 C84 N8 O8,8,0.9292,True,0,False
2202996,200,size_within_limit,172 sites > 150,1,172,,1769.3855,True,C11 H18 I N7 O5 S,H72 C44 S4 I4 N28 O20,53,0.7119,True,0,False
2203057,200,,,1,144,144,1520.0908,True,C18 H14 N2 O2,H56 C72 N8 O8,8,0.8929,True,0,True
2203086,200,,,1,140,140,1357.0986,True,C9 H16 F3 O5 Rh S,H64 Rh4 C36 S4 O20 F12,45,0.8808,True,0,True
2203167,200,size_within_limit,166 sites > 150,1,166,,1641.4421,True,C26 H36 Mn N12 O8,Mn2 H72 C52 N24 O16,25,0.7009,True,0,False
2203482,200,size_within_limit,176 sites > 150,1,176,,1758.7154,True,C20 H18 Cl N O4,H72 C80 N4 Cl4 O16,17,0.9498,True,0,False
2203718,200,,,1,92,92,1247.5507,True,C8 H8 Br2 Hg N4,Hg4 H32 C32 Br8 N16,80,0.9294,True,0,True
2203824,200,size_within_limit,156 sites > 150,1,156,,1500.2421,True,C19 H18 O2,H72 C76 O8,8,0.6145,True,0,False
2204207,200,,,1,88,88,933.7622,True,C38 H28 N4 O14 Pb2 S2,H28 Pb2 C38 S2 N4 O14,82,0.814,True,0,True
2204271,200,,,1,58,58,559.454,True,C4 H14 Cl2 Co N2 O6,Co2 H28 C8 N4 Cl4 O12,27,0.7026,True,0,True
2204340,200,size_within_limit,368 sites > 150,1,368,,3970.0959,True,C45 H41 Cl2 N P2 Pd,P8 H164 Pd4 C180 N4 Cl8,46,0.9289,True,0,False
2204782,200,size_within_limit,160 sites > 150,1,160,,1542.2993,True,C32 H30 Cu2 N4 O12,Cu4 H60 C64 N8 O24,29,0.6735,True,0,False
2204880,200,size_within_limit,440 sites > 150,1,440,,4129.6143,True,C15 H30 Cu2 N8,Cu16 H240 C120 N64,29,,True,0,False
2205396,200,size_within_limit,190 sites > 150,1,190,,1764.016,True,C27 H57 N7 O2 W2,H114 W4 C54 N14 O4,74,0.9287,True,0,False
2205507,200,size_within_limit,172 sites > 150,1,172,,1805.0881,True,C20 H19 Br O2 S,H76 C80 S4 Br4 O8,35,0.9292,True,0,False
2205511,200,size_within_limit,192 sites > 150,1,192,,1774.08,True,C19 H26 O3,H104 C76 O12,8,0.9297,True,0,False
2205640,200,,,1,140,70,1194.9916,True,C8 H14 Co N4 O8,Co4 H56 C32 N16 O32,27,0.7953,True,0,True
2205669,200,,,1,112,112,1174.757,True,C10 H10 N2 O6,H40 C40 N8 O24,8,0.9298,True,0,True
2206095,200,,,1,116,116,938.3134,True,C21 H34 O3,H68 C42 O6,8,0.82,True,0,True
2206140,200,,,1,32,32,354.3463,True,C6 H5 Cl N2 O2,H10 C12 N4 Cl2 O4,17,0.838,True,0,True
2206285,200,size_within_limit,328 sites > 150,1,328,,2814.6809,True,C29 H48 O4 S,H192 C116 S4 O16,16,0.8202,True,0,False
2206293,200,,,1,88,88,1001.8375,True,C16 H14 Al2 F10 N2,Al4 H28 C32 N4 F20,13,0.832,True,0,True
2206342,200,,,1,84,84,725.8934,True,C4 H11 N3 O3,H44 C16 N12 O12,8,0.8459,True,0,True
2206678,200,size_within_limit,1016 sites > 150,1,1016,,10524.5735,True,C22 H29 Cl K N6 O4.5,K16 H464 C352 N96 Cl16 O72,19,,True,0,False
2206740,200,ordered,partial or mixed site occupancy,1,612,,4158.454,False,,P8 H268 Pt4 C160 Cl4 F24,78,,True,0,False
2206838,200,,,1,132,132,1190.6446,True,C14 H14 N2 O3,H56 C56 N8 O12,8,0.9496,True,0,True
2206841,200,,,1,112,112,1119.9312,True,C24 H22 O10,H44 C48 O20,8,0.9295,True,0,True
2206922,200,,,1,70,70,703.8844,True,C13 H15 Cl N2 O4,H30 C26 N4 Cl2 O8,17,0.7839,True,0,True
2206976,200,,,1,132,132,1251.6184,True,C12 H19 N O,H76 C48 N4 O4,8,0.7238,True,0,True
2207203,200,size_within_limit,172 sites > 150,1,172,,1785.2382,True,C20 H17 N3 O3,H68 C80 N12 O12,8,0.8598,True,0,False
2207402,200,,,1,138,138,1473.8388,True,C20 H30 Co N8 O8 S2,Co2 H60 C40 S4 N16 O16,27,0.8198,True,0,True
2207455,200,,,1,68,68,548.8389,True,C9 H19 O5 P,P2 H38 C18 O10,15,0.8509,True,0,True
2207600,200,ordered,partial or mixed site occupancy,1,700,,5959.7709,False,,H384 C256 O16,8,,True,0,False
2207696,200,ordered,partial or mixed site occupancy,1,140,,1556.2213,False,,Cd4 H40 C48 N40,48,,True,0,False
2207764,200,size_within_limit,160 sites > 150,1,160,,1645.6509,True,C34 H36 Cl2 Cu2 N4 O6,Cu4 H64 C68 N8 Cl4 O12,29,0.9296,True,2,False
2207771,200,,,1,118,118,1201.0571,True,C20 H26 Cu O10 S2,Cu2 H52 C40 S4 O20,29,0.9304,True,0,True
2207813,200,ordered,partial or mixed site occupancy,1,54,,438.2084,False,,H24 C16 N4 O4,8,,True,0,False
2207995,200,,,1,72,72,780.2403,True,C17 H12 F N3 O S2,H24 C34 S4 N6 O2 F2,16,0.9295,True,0,True
2208076,200,,,1,100,100,928.0873,True,C20 H24 N4 O2,H48 C40 N8 O4,8,0.8737,True,0,True
2208101,200,size_within_limit,156 sites > 150,1,156,,1296.0301,True,C14 H22 O3,H88 C56 O12,8,0.9587,True,0,False
2208134,200,,,1,96,96,1016.6294,True,C36 H32 N6 O18 Zn4,Zn4 H32 C36 N6 O18,30,0.9496,True,0,True
2208226,200,,,1,138,138,1535.2152,True,C30 H24 N12 S3,H48 C60 S6 N24,16,0.9293,True,0,True
2208613,200,size_within_limit,1638 sites > 150,1,1638,,19331.6742,True,C48 H40 Si3,Si54 H720 C864,14,,True,0,False
2208614,200,size_within_limit,240 sites > 150,1,240,,2826.7661,True,C25 H23 Hg I2 N5 O4,Hg4 H92 C100 I8 N20 O16,80,0.8588,True,0,False
2208641,200,,,1,144,144,1367.9133,True,C17 H14 O5,H56 C68 O20,8,0.82,True,0,True
2208653,200,size_within_limit,236 sites > 150,1,236,,2020.015,True,C19 H36 Cl N3,H144 C76 N12 Cl4,17,0.86,True,0,False
2208814,200,,,1,120,120,1507.911,True,C14 H9 Cl3 N2 O S,H36 C56 S4 N8 Cl12 O4,17,0.8129,True,0,True
2209005,200,,,1,108,108,1139.9219,True,C13 H10 N2 O2,H40 C52 N8 O8,8,0.9293,True,0,True
2209129,200,,,1,148,148,1241.8781,True,C12 H22 O2 S,H88 C48 S4 O8,16,0.9594,True,0,True
2209133,200,,,1,56,56,517.1761,True,C6 H24 Cu2 N4 O18 S2,Cu2 H24 C6 S2 N4 O18,29,0.8196,True,0,True
2209264,200,size_within_limit,204 sites > 150,1,204,,2154.1011,True,C25 H19 N3 O4,H76 C100 N12 O16,8,0.8192,True,0,False
2209287,200,size_within_limit,392 sites > 150,1,392,,4124.7901,True,C26 H14 Cd N4 O4,Cd8 H112 C208 N32 O32,48,0.9291,True,0,False
2209575,200,,,1,120,120,1054.9206,True,C7 H19 Cl2 N O,H76 C28 N4 Cl8 O4,17,0.8285,True,0,True
2209594,200,size_within_limit,256 sites > 150,1,256,,2126.147,True,C24 H36 O4,H144 C96 O16,8,0.8396,True,0,False
2209610,200,,,1,60,60,675.4222,True,C14 H11 F N2 O S,H22 C28 S2 N4 O2 F2,16,0.8597,True,0,True
2209653,200,size_within_limit,172 sites > 150,1,172,,1525.3339,True,C8 H26 Cl2 N6 Zn,Zn4 H104 C32 N24 Cl8,30,0.9199,True,0,False
2209871,200,ordered,partial or mixed site occupancy,1,86,,941.1399,False,,H26 C35 S2 N4 Cl6 O2,17,,True,0,False
2210439,200,,,1,90,90,931.8082,True,C19 H18 Cl2 N4 O2,H36 C38 N8 Cl4 O4,17,0.8595,True,0,True
2210503,200,size_within_limit,212 sites > 150,1,212,,2195.395,True,C14 H20 Mn2 N2 O15,Mn8 H80 C56 N8 O60,25,0.9291,True,0,False
2210580,200,,,1,109,109,1168.3137,True,C50 H40 Mn3 N4 O12,Mn3 H40 C50 N4 O12,25,0.9288,True,0,True
2210860,200,ordered,partial or mixed site occupancy,1,240,,2418.4845,False,,H96 C104 N16 O20,8,,True,0,False
2210876,200,ordered,partial or mixed site occupancy,1,1192,,10752.012,False,,P8 H576 Rh8 C428 N8 O44,45,,True,0,False
2210886,200,,,1,55,55,437.4421,True,C16 H28 N2 Ni O8,Ni1 H28 C16 N2 O8,28,0.9895,True,0,True
2210977,200,size_within_limit,156 sites > 150,1,156,,1419.4925,True,C15 H20 N2 O2,H80 C60 N8 O8,8,0.8501,True,0,False
2210993,200,size_within_limit,376 sites > 150,1,376,,3477.2667,True,C20 H23 N O3,H184 C160 N8 O24,8,0.9076,True,0,False
2211390,200,,,1,84,84,910.3675,True,C9 H7 N3 O S,H28 C36 S4 N12 O4,16,0.82,True,0,True
2211587,200,,,1,40,40,455.4275,True,C7 H6 Cl N O4 S,H12 C14 S2 N2 Cl2 O8,17,0.9295,True,0,True
2211627,200,size_within_limit,168 sites > 150,1,168,,1632.3984,True,C22 H20,H80 C88,6,0.9291,True,0,False
2211730,200,,,1,64,64,575.6623,True,C4 H16 As2 N2 O8,As4 H32 C8 N4 O16,33,0.8291,True,0,True
2211765,200,size_within_limit,154 sites > 150,1,154,,1556.4597,True,C35 H34 N4 O3 S,H68 C70 S2 N8 O6,16,0.8599,True,0,False
2211773,200,,,1,120,120,1272.0138,True,C14 H10 F3 N O2,H40 C56 N4 O8 F12,9,0.8187,True,0,True
2211919,200,,,1,140,140,1393.9975,True,C16 H14 N4 O,H56 C64 N16 O4,8,0.8579,True,0,True
2212025,200,size_within_limit,208 sites > 150,1,208,,2594.0091,True,C22 H15 Fe N O10 S W2,Fe4 H60 W8 C88 S4 N4 O40,74,0.9492,True,0,False
2212191,200,size_within_limit,224 sites > 150,1,224,,2116.8348,True,C24 H26 N2 O4,H104 C96 N8 O16,8,0.9099,True,0,False
2212262,200,,,1,72,72,822.0946,True,C8 H6 N2 O S,H24 C32 S4 N8 O4,16,0.8604,True,0,True
2212391,200,size_within_limit,166 sites > 150,1,166,,1696.0348,True,C36 H33 N3 O11,H66 C72 N6 O22,8,0.9293,True,0,False
2212504,200,,,1,86,86,835.7855,True,C20 H18 N2 O3,H36 C40 N4 O6,8,0.8786,True,0,True
2212524,200,size_within_limit,288 sites > 150,1,288,,2884.7361,True,C17 H15 N3 O,H120 C136 N24 O8,8,0.8599,True,0,False
2212719,200,,,1,138,138,1542.3876,True,C13 H13 O8.5,H52 C52 O34,8,0.8206,True,0,True
2212981,200,ordered,partial or mixed site occupancy,1,252,,2136.3058,False,,P8 H112 C40 S8 N8 O48,16,,True,0,False
2213070,200,size_within_limit,336 sites > 150,1,336,,3604.3055,True,C14 H22 Au Cl N O P S,P8 H176 Au8 C112 S8 N8 Cl8 O8,79,0.94,True,0,False
2213908,200,size_within_limit,204 sites > 150,1,204,,2251.7673,True,C20 H20 Cu N4 O2 S4,Cu4 H80 C80 S16 N16 O8,29,0.9295,True,0,False
2214393,200,,,1,94,94,933.2291,True,C18 H24 N2 S2 Zn,Zn2 H48 C36 S4 N4,30,0.9497,True,0,True
2214397,200,size_within_limit,288 sites > 150,1,288,,4009.1449,True,C18 H7 Br Cl3 F3 N4,H56 C144 Br8 N32 Cl24 F24,35,0.9284,True,0,False
2214417,200,ordered,partial or mixed site occupancy,1,236,,1850.9244,False,,Zn4 H88 C52 N8 O48,30,,True,0,False
2214435,200,ordered,partial or mixed site occupancy,1,132,,1343.1715,False,,H32 C56 N8 O8 F16,9,,True,0,False
2214787,200,size_within_limit,160 sites > 150,1,160,,1726.3742,True,C30 H34 Cd2 Cl4 N2 O8,Cd4 H68 C60 N4 Cl8 O16,48,0.8189,True,0,False
2215096,200,ordered,partial or mixed site occupancy,1,216,,2043.4687,False,,Mn12 H73.6 C48 O72.8,25,,True,0,False
2215180,200,,,1,148,148,1573.7591,True,C10 H15 Cd N5 O5 S,Cd4 H60 C40 S4 N20 O20,48,0.8597,True,0,True
2215208,200,,,1,104,104,1180.4961,True,C9 H10 Br N3 O2 S,H40 C36 S4 Br4 N12 O8,35,0.8075,True,0,True
2215374,200,,,1,144,144,1394.9944,True,C15 H17 N O2 S,H68 C60 S4 N4 O8,16,0.8012,True,0,True
2215675,200,,,1,108,108,1185.8112,True,C12 H8 Co N2 O4,Co4 H32 C48 N8 O16,27,0.9297,True,0,True
2215740,200,,,1,80,80,753.286,True,C18 H18 N4,H36 C36 N8,7,0.8598,True,0,True
2215743,200,size_within_limit,152 sites > 150,1,152,,1562.1358,True,C17 H16 Cl N O3,H64 C68 N4 Cl4 O12,17,0.8463,True,0,False
2215921,200,size_within_limit,196 sites > 150,1,196,,2130.1815,True,C24 H16 F2 O5 S2,H64 C96 S8 O20 F8,16,0.949,True,0,False
2215939,200,ordered,partial or mixed site occupancy,1,436,,3829.1554,False,,Zn4 H212.08 C129.36 S6.68 N6 O30.68,30,,True,0,False
2216007,200,size_within_limit,200 sites > 150,1,200,,1977.187,True,C36 H48 Cl4 Cu2 N4 O6,Cu4 H96 C72 N8 Cl8 O12,29,0.8016,True,0,False
2216578,200,,,1,96,96,948.7833,True,C20 H12 Cu2 N6 O8,Cu4 H24 C40 N12 O16,29,0.8592,True,0,True
2216719,200,size_within_limit,196 sites > 150,1,196,,2068.7532,True,C14 H14 Cd N8 O12,Cd4 H56 C56 N32 O48,48,0.8531,True,0,False
2216770,200,ordered,partial or mixed site occupancy,1,568,,5476.7517,False,,Mn8 P8 H224 C196 N24 O40 F48,25,,True,0,False
2216947,200,,,1,96,96,1406.2698,True,C10 H8 I2 N2 S Zn,Zn4 H32 C40 S4 I8 N8,53,0.9491,True,0,True
2217018,200,size_within_limit,244 sites > 150,1,244,,2520.9809,True,C26 H22 Mn N8 O4,Mn4 H88 C104 N32 O16,25,0.8392,True,0,False
2217046,200,,,1,144,144,1557.1331,True,C15 H15 N O2 S3,H60 C60 S12 N4 O8,16,0.9491,True,0,True
2217091,200,,,1,100,100,974.5542,True,C20 H18 N2 O10,H36 C40 N4 O20,8,0.9496,True,0,True
2217293,200,size_within_limit,206 sites > 150,1,206,,1931.9674,True,C30 H50 Cd Cu2 N4 O16,Cd2 Cu4 H100 C60 N8 O32,48,0.8362,True,0,False
2217503,200,,,1,108,108,1224.5932,True,C14 H7 N3 O3,H28 C56 N12 O12,8,0.9295,True,0,True
2217828,200,size_within_limit,192 sites > 150,1,192,,1995.4634,True,C24 H22 Cl2,H88 C96 Cl8,17,0.9288,True,0,False
2218006,200,,,1,66,66,729.9681,True,C16 H12 Cl N O2 S,H24 C32 S2 N2 Cl2 O4,17,0.8602,True,0,True
2218207,200,size_within_limit,220 sites > 150,1,220,,2483.914,True,C29 H16 F6 N2 S2,H64 C116 S8 N8 F24,16,0.9491,True,0,False
2218240,200,ordered,partial or mixed site occupancy,1,130,,933.2973,False,,Cd2 H36 C36 O12,48,,True,0,False
2218303,200,size_within_limit,160 sites > 150,1,160,,1708.0904,True,C20 H15 Br O3 S,H60 C80 S4 Br4 O12,35,0.9497,True,0,False
2218503,200,size_within_limit,324 sites > 150,1,324,,3395.1369,True,C37 H33 Br N4 O6,H132 C148 Br4 N16 O24,35,0.859,True,0,False
2218621,200,size_within_limit,156 sites > 150,1,156,,1517.6106,True,C19 H14 N4 O2,H56 C76 N16 O8,8,0.82,True,0,False
2219038,200,size_within_limit,156 sites > 150,1,156,,1558.2214,True,C17 H16 N2 O3 S,H64 C68 S4 N8 O12,16,0.9296,True,0,False
2219041,200,,,1,116,116,1153.8831,True,C22 H28 Cl2 N2 O2 Pd2,H56 Pd4 C44 N4 Cl4 O4,46,0.9297,True,0,True
2219451,200,size_within_limit,192 sites > 150,1,192,,1784.513,True,C20 H21 N3 O4,H84 C80 N12 O16,8,0.8525,True,0,False
2219840,200,ordered,partial or mixed site occupancy,1,98,,790.1479,False,,H31.184 C37.592 N8,7,,True,0,False
2219897,200,size_within_limit,220 sites > 150,1,220,,2167.2677,True,C20 H23 Co N3 O8,Co4 H92 C80 N12 O32,27,0.8198,True,0,False
2220005,200,,,1,124,124,1328.2748,True,C24 H20 Ag2 N10 O6,Ag4 H40 C48 N20 O12,47,0.9295,True,0,True
2220010,200,size_within_limit,170 sites > 150,1,170,,2335.8097,True,C36 H16 Cu3 N24 O4 W2,Cu6 H32 W4 C72 N48 O8,74,0.9544,True,0,False
2220042,200,size_within_limit,160 sites > 150,1,160,,1610.2068,True,C21 H16 N2 O,H64 C84 N8 O4,8,0.8344,True,0,False
2220217,200,size_within_limit,472 sites > 150,1,472,,4847.0906,True,C28 H22 Cu N2 O6,Cu8 H176 C224 N16 O48,29,,True,0,False
2220585,200,size_within_limit,208 sites > 150,1,208,,2116.9467,True,C8 H8 N O8 Tb,Tb8 H64 C64 N8 O64,65,0.8398,True,0,False
2220725,200,,,1,132,132,1310.6736,True,C14 H15 N O2 S,H60 C56 S4 N4 O8,16,0.8344,True,0,True
2221013,200,,,1,98,98,1025.7256,True,C22 H22 Br N O S2,H44 C44 S4 Br2 N2 O2,35,0.8833,True,0,True
2221034,200,,,1,148,148,1445.7476,True,C14 H19 N3 S,H76 C56 S4 N12,16,0.8428,True,0,True
2221384,200,size_within_limit,216 sites > 150,1,216,,2208.1927,True,C12 H10 N2 O3,H80 C96 N16 O24,8,0.9285,True,0,False
2221476,200,size_within_limit,152 sites > 150,1,152,,1446.6003,True,C15 H18 O4 S,H72 C60 S4 O16,16,0.9296,True,0,False
2221659,200,ordered,partial or mixed site occupancy,1,252,,1704.9381,False,,H136 C64 N8,7,,True,0,False
2221697,200,ordered,partial or mixed site occupancy,1,98,,1075.7377,False,,Sn4 H44 C32 S4 O10,50,,True,0,False
2221785,200,size_within_limit,248 sites > 150,1,248,,2472.8118,True,C23 H27 Cl Cu N4 O6,Cu4 H108 C92 N16 Cl4 O24,29,0.9292,True,0,False
2222063,200,size_within_limit,184 sites > 150,1,184,,1993.583,True,C9 H8 Cl N O4,H64 C72 N8 Cl8 O32,17,0.9297,True,0,False
2222310,200,size_within_limit,188 sites > 150,1,188,,1749.4031,True,C33 H46 N4 O9 Zn2,Zn4 H92 C66 N8 O18,30,0.8196,True,0,False
2222473,200,,,1,88,88,1042.2632,True,C9 H8 Br2 O3,H32 C36 Br8 O12,35,0.8494,True,0,True
2222517,200,size_within_limit,152 sites > 150,1,152,,1556.0364,True,C16 H16 Br N O4,H64 C64 Br4 N4 O16,35,0.8539,True,0,False
2222659,200,ordered,partial or mixed site occupancy,1,412,,3940.4077,False,,Mn4 P4 H160 C152 N16 O32 F24,25,,True,0,False
2222668,200,ordered,partial or mixed site occupancy,1,256,,2003.7849,False,,H120 C88 O20,8,,True,0,False
2222875,200,size_within_limit,304 sites > 150,1,304,,3161.3325,True,C33 H30 N10 S3,H120 C132 S12 N40,16,0.9289,True,0,False
2223079,200,size_within_limit,292 sites > 150,1,292,,3054.2192,True,C28 H35 N3 Ni O2 S4,Ni4 H140 C112 S16 N12 O8,28,0.9293,True,0,False
2223229,200,size_within_limit,188 sites > 150,1,188,,1829.9273,True,C23 H19 N3 O2,H76 C92 N12 O8,8,0.8944,True,0,False
2223230,200,,,1,130,130,1235.7196,True,C25 H34 N2 O3 S,H68 C50 S2 N4 O6,16,0.84,True,0,True
2223391,200,,,1,126,126,1268.5491,True,C29 H24 Co N2 O7,Co2 H48 C58 N4 O14,27,0.8876,True,0,True
2223676,200,,,1,104,52,1003.1451,True,C6 H10 N4 O6,H40 C24 N16 O24,8,0.9157,True,0,True
2223692,200,,,1,90,90,842.0135,True,C18 H20 N2 O5,H40 C36 N4 O10,8,0.9297,True,0,True
2223775,200,,,1,140,140,1615.4521,True,C18 H12 Cl2 Fe N2,Fe4 H48 C72 N8 Cl8,26,0.9293,True,0,True
2223799,200,,,1,77,77,836.2168,True,C24 H38 N4 Ni O4 P2 S4,Ni1 P2 H38 C24 S4 N4 O4,28,0.9497,True,0,True
2223820,200,,,1,61,61,628.8336,True,C16 H24 Mn N6 O10 S4,Mn1 H24 C16 S4 N6 O10,25,0.8494,True,0,True
2224451,200,,,1,66,66,586.8068,True,C13 H16 O4,H32 C26 O8,8,0.8397,True,0,True
2224648,200,size_within_limit,232 sites > 150,1,232,,2249.8516,True,C32 H54 N4 O20 P6,P12 H108 C64 N8 O40,15,0.82,True,0,False
2224681,200,,,1,148,148,1449.0906,True,C19 H14 N4,H56 C76 N16,7,0.8878,True,0,True
2225142,200,,,1,116,116,1108.1164,True,C13 H14 N2,H56 C52 N8,7,0.8743,True,0,True
2225248,200,,,1,31,31,357.724,True,C10 H10 Cl2 Hg N6 O2,Hg1 H10 C10 N6 Cl2 O2,80,0.8594,True,0,True
2225250,200,,,1,88,44,1295.7275,True,C10 H4 Cl6 N2,H16 C40 N8 Cl24,17,0.9029,True,0,True
2225838,200,size_within_limit,304 sites > 150,1,304,,3311.9806,True,C25 H23 B2 Co F15 N10,Co4 B8 H92 C100 N40 F60,27,0.9492,True,0,False
2225883,200,,,1,112,112,1280.2896,True,C11 H9 Cl2 N3 O3,H36 C44 N12 Cl8 O12,17,0.9293,True,0,True
2226221,200,,,1,64,64,649.3179,True,C16 H13 Cl O2,H26 C32 Cl2 O4,17,0.9493,True,0,True
2226441,200,size_within_limit,270 sites > 150,1,270,,2525.6397,True,C23 H20 O2,H120 C138 O12,8,0.8583,True,1,False
2226531,200,,,1,70,70,697.6925,True,C13 H14 N2 O4 S2,H28 C26 S4 N4 O8,16,0.8732,True,0,True
2226655,200,,,1,96,96,959.6741,True,C9 H10 N2 O3,H40 C36 N8 O12,8,0.7628,True,0,True
2226671,200,ordered,partial or mixed site occupancy,1,340,,2533.0032,False,,H180.464 C112 O18.232,8,,True,0,False
2226911,200,,,1,132,132,1155.5112,True,C27 H34 O5,H68 C54 O10,8,0.8371,True,0,True
2227148,200,,,1,78,78,898.0092,True,C10 H6 Cu3 N16 O4,Cu6 H12 C20 N32 O8,29,0.9299,True,0,True
2227263,200,size_within_limit,156 sites > 150,1,156,,1344.9905,True,C21 H42 Cl N5 Ni O8,Ni2 H84 C42 N10 Cl2 O16,28,0.8323,True,0,False
2227335,200,size_within_limit,252 sites > 150,1,252,,2609.2512,True,C8 H9 Br N2 O,H108 C96 Br12 N24 O12,35,0.7345,True,0,False
2227437,200,size_within_limit,196 sites > 150,1,196,,1953.7093,True,C84 H82 N4 O24 Sm2,Sm2 H82 C84 N4 O24,62,0.9292,True,0,False
2227458,200,,,1,60,60,586.1332,True,C14 H12 O4,H24 C28 O8,8,0.8198,True,0,True
2227553,200,size_within_limit,228 sites > 150,1,228,,2054.2846,True,C23 H27 N O6,H108 C92 N4 O24,8,0.8508,True,0,False
2227568,200,,,1,80,80,983.3374,True,C20 H10 F4 I2 N4,H20 C40 I4 N8 F8,53,0.9494,True,0,True
2227663,200,ordered,partial or mixed site occupancy,1,240,,2733.8358,False,,As2 P4 H88 Ru6 C111 S6 Cl2 O18,44,,True,0,False
2227840,200,,,1,31,31,304.1147,True,C2 H12 Fe N10 O6,Fe1 H12 C2 N10 O6,26,0.847,True,0,True
2228260,200,,,1,128,128,1483.3579,True,C14 H10 N2 O4 S2,H40 C56 S8 N8 O16,16,0.9291,True,0,True
2228755,200,,,1,117,117,1266.8377,True,C24 H20 N7 O7.5 Zn,Zn2 H38 C48 N14 O15,30,0.8184,True,2,True
2229133,200,,,1,118,118,1087.7253,True,C26 H28 O5,H56 C52 O10,8,0.9496,True,0,True
2229198,200,size_within_limit,232 sites > 150,1,232,,2154.5564,True,C23 H29 N O5,H116 C92 N4 O20,8,0.8198,True,0,False
2229324,200,size_within_limit,152 sites > 150,1,152,,1536.8309,True,C18 H17 N3,H68 C72 N12,7,0.9298,True,0,False
2229436,200,size_within_limit,248 sites > 150,1,248,,2034.0358,True,C16 H32 N4 O10,H128 C64 N16 O40,8,0.8396,True,0,False
2229480,200,size_within_limit,252 sites > 150,1,252,,2422.3794,True,C28 H29 F N2 O3,H116 C112 N8 O12 F4,9,0.9291,True,0,False
2229679,200,size_within_limit,304 sites > 150,1,304,,3137.8765,True,C17 H16 N2 O2 S,H128 C136 S8 N16 O16,16,0.8563,True,0,False
2229762,200,size_within_limit,160 sites > 150,1,160,,1562.033,True,C21 H16 N2 O,H64 C84 N8 O4,8,0.9492,True,1,False
2230098,200,,,1,142,142,1307.3182,True,C20 H32 N6 O12 Zn,Zn2 H64 C40 N12 O24,30,0.8498,True,0,True
2230383,200,ordered,partial or mixed site occupancy,1,116,,1163.9412,False,,Ba4 H38 C36 N8 O27,56,,True,0,False
2230491,200,ordered,partial or mixed site occupancy,1,136,,1434.9437,False,,H56 C56 S4 N4 Cl4 O8,17,,True,0,False
2230644,200,,,1,88,88,835.0053,True,C8 H11 N O2,H44 C32 N4 O8,8,0.8598,True,0,True
2230712,200,size_within_limit,196 sites > 150,1,196,,2301.2568,True,C36 H30 Br6 N6 Nd2 O18,Nd4 H60 C72 Br12 N12 O36,60,0.8404,True,0,False
2230870,200,,,1,92,92,876.4566,True,C24 H18 N2 O2,H36 C48 N4 O4,8,0.8196,True,0,True
2230915,200,size_within_limit,176 sites > 150,1,176,,1863.3547,True,C20 H17 Bi Cl N O4,Bi4 H68 C80 N4 Cl4 O16,83,0.929,True,0,False
2231065,200,size_within_limit,528 sites > 150,1,528,,5834.4127,True,C14 H14 Cl N O2 S,H224 C224 S16 N16 Cl16 O32,17,,True,0,False
2231393,200,size_within_limit,344 sites > 150,1,344,,3418.7678,True,C19 H19 Cl O4,H152 C152 Cl8 O32,17,0.82,True,0,False
2231485,200,,,1,120,120,1157.1851,True,C13 H12 N2 O3,H48 C52 N8 O12,8,0.9299,True,0,True
2231567,200,size_within_limit,390 sites > 150,1,390,,4020.4431,True,C22 H24 F12 Hg N4 P2,Hg6 P12 H144 C132 N24 F72,80,0.9287,True,0,False
2231666,200,,,1,114,114,1068.506,True,C24 H24 Cu N6 O2,Cu2 H48 C48 N12 O4,29,0.8792,True,0,True
2231859,200,,,1,132,132,1370.1076,True,C15 H15 Br O2,H60 C60 Br4 O8,35,0.9498,True,0,True
2232023,200,ordered,partial or mixed site occupancy,1,194,,1817.9492,False,,Ni2 H80 C76 N16 O14,28,,True,0,False
2232050,200,,,1,44,44,441.2849,True,C4 H8 B F4 N5,B2 H16 C8 N10 F8,9,0.8596,True,0,True
2232161,200,,,1,148,148,1472.9825,True,C24 H32 Cd N4 O12 S,Cd2 H64 C48 S2 N8 O24,48,0.7627,True,0,True
2232547,200,,,1,46,46,455.3728,True,C8 H9 Cl N4 O,H18 C16 N8 Cl2 O2,17,0.8753,True,0,True
2232554,200,size_within_limit,316 sites > 150,1,316,,3387.4932,True,C40 H33 Br N2 P2 Pd,P8 H132 Pd4 C160 Br4 N8,46,0.9484,True,0,False
2232609,200,,,1,124,124,1355.4704,True,C13 H10 N2 O5 S,H40 C52 S4 N8 O20,16,0.8116,True,0,True
2232761,200,size_within_limit,316 sites > 150,1,316,,3135.6378,True,C38 H36 N2 O2 S,H144 C152 S4 N8 O8,16,0.9033,True,0,False
2232812,200,,,1,80,80,802.7339,True,C18 H15 Cl N4 O2,H30 C36 N8 Cl2 O4,17,0.8417,True,0,True
2232838,200,,,1,77,77,876.0008,True,C34 H18 O20 Sr5,Sr5 H18 C34 O20,38,0.9286,True,0,True
2232953,200,,,1,136,136,1366.7638,True,C28 H32 N2 O4 S2,H64 C56 S4 N4 O8,16,0.9297,True,0,True
2232998,200,,,1,102,102,1057.2844,True,C21 H22 Cl N5 O2,H44 C42 N10 Cl2 O4,17,0.8798,True,0,True
2233058,200,,,1,78,78,948.5697,True,C18 H12 Br2 Mn N6,Mn2 H24 C36 Br4 N12,35,0.949,True,0,True
2233130,200,size_within_limit,472 sites > 150,1,472,,4516.0069,True,C14 H25 Ce N2 O17,Ce8 H200 C112 N16 O136,58,,True,0,False
2233225,200,size_within_limit,424 sites > 150,1,424,,3911.1874,True,C40 H60 O5 S,H240 C160 S4 O20,16,,True,0,False
2233244,200,size_within_limit,308 sites > 150,1,308,,3553.7033,True,C34 H36 Cl2 Fe N4,Fe4 H144 C136 N16 Cl8,26,0.9291,True,0,False
2233258,200,,,1,120,120,1015.0849,True,C28 H30 N2,H60 C56 N4,7,0.8755,True,0,True
2233358,200,size_within_limit,232 sites > 150,1,232,,2355.2237,True,C22 H20 Cu F6 N4 O4 Si,Cu4 Si4 H80 C88 N16 O16 F24,29,0.8891,True,0,False
2233648,200,,,1,116,116,1336.4061,True,C14 H11 Br Cl N O,H44 C56 Br4 N4 Cl4 O4,35,0.7118,True,0,True
2233976,200,,,1,122,61,1516.4586,True,Ce9 Li Mo16 O35,Li2 Ce18 Mo32 O70,58,1.8609,False,0,True
2234046,200,,,1,78,78,759.8221,True,C16 H17 N O5,H34 C32 N2 O10,8,0.8451,True,0,True
2234168,200,,,1,148,148,1547.8047,True,C15 H15 Br N2 O4,H60 C60 Br4 N8 O16,35,0.7807,True,0,True
2234468,200,,,1,108,108,1106.8514,True,C42 H46 Cu2 N10 O8,Cu2 H46 C42 N10 O8,29,0.873,True,0,True
2234911,200,ordered,partial or mixed site occupancy,1,47,,609.9809,False,,K5 Na1 Ni5 P8 O28,28,,False,0,False
2234923,200,size_within_limit,432 sites > 150,1,432,,4124.9411,True,C17 H22 Cd N2 O11 S,Cd8 H176 C136 S8 N16 O88,48,,True,0,False
2235111,200,,,1,128,128,1399.5095,True,C12 H13 Br N4 O S,H52 C48 S4 Br4 N16 O4,35,0.82,True,0,True
2235189,200,ordered,partial or mixed site occupancy,1,148,,1419.2062,False,,H56 C72 N16 O4,8,,True,0,False
2235228,200,,,1,84,84,901.1905,True,C8 H6 N4 O3,H24 C32 N16 O12,8,0.9297,True,0,True
2235478,200,ordered,partial or mixed site occupancy,1,212,,1694.092,False,,H68 C72 S4 N20 O4,16,,True,0,False
2235486,200,ordered,partial or mixed site occupancy,1,112,,942.6226,False,,H24 C44 N8 O4,8,,True,0,False
2235544,200,,,1,78,78,671.803,True,C14 H20 N2 O2 S,H40 C28 S2 N4 O4,16,0.8731,True,0,True
2235828,200,size_within_limit,304 sites > 150,1,304,,2841.9546,True,C8 H8 O3,H128 C128 O48,8,0.8495,True,0,False
2235912,200,size_within_limit,172 sites > 150,1,172,,1605.8179,True,C19 H20 N2 O2,H80 C76 N8 O8,8,0.8703,True,0,False
2236136,200,,,1,70,70,709.1867,True,C17 H14 Cl N O2,H28 C34 N2 Cl2 O4,17,0.9492,True,0,True
2236233,200,,,1,104,104,988.0762,True,C20 H22 Cl F2 N3 O4,H44 C40 N6 Cl2 O8 F4,17,0.8201,True,0,True
2236264,200,,,1,100,100,1147.3373,True,C11 H9 Cl N2 O S,H36 C44 S4 N8 Cl4 O4,17,0.8655,True,0,True
2236334,200,,,1,112,112,1361.339,True,C6 H6 Cu K2 N4 O9,K8 Cu4 H24 C24 N16 O36,29,0.8032,True,0,True
2236340,200,,,1,116,116,1452.8618,True,C12 H12 Br2 Cd N2,Cd4 H48 C48 Br8 N8,48,0.9298,True,0,True
2236515,200,size_within_limit,264 sites > 150,1,264,,2592.6764,True,C12 H12 N4 O5,H96 C96 N32 O40,8,0.8395,True,0,False
2236780,200,size_within_limit,152 sites > 150,1,152,,1448.9471,True,C17 H16 Fe N2 O2,Fe4 H64 C68 N8 O8,26,0.8273,True,0,False
2236950,200,,,1,66,66,699.5026,True,C16 H13 Br O2 S,H26 C32 S2 Br2 O4,35,0.9497,True,1,True
2236954,200,ordered,partial or mixed site occupancy,1,108,,980.3879,False,,H36 C32 N8 O8 F12,9,,True,0,False
2237141,200,,,1,76,76,991.3161,True,C4 H8 Cl4 N O P,P4 H32 C16 N4 Cl16 O4,17,0.9694,True,0,True
2237326,200,,,1,120,120,1279.157,True,C15 H11 Br O3,H44 C60 Br4 O12,35,0.9301,True,0,True
2237411,200,size_within_limit,688 sites > 150,1,688,,7018.1596,True,C21 H18 N2 O S,H288 C336 S16 N32 O16,16,,True,0,False
2237494,200,size_within_limit,212 sites > 150,1,212,,1971.3621,True,C19 H30 O3 Si,Si4 H120 C76 O12,14,0.9293,True,0,False
2237797,200,,,1,66,66,699.7463,True,C8 H12 Cd N8 O4,Cd2 H24 C16 N16 O8,48,0.8527,True,0,True
2237984,200,,,1,56,56,511.1819,True,C9 H13 N3 O3,H26 C18 N6 O6,8,0.8195,True,0,True
2238166,200,,,1,54,54,596.1274,True,C12 H9 Br N4 O,H18 C24 Br2 N8 O2,35,0.8594,True,0,True
2238212,200,ordered,partial or mixed site occupancy,1,182,,1665.6276,False,,Zn2 H76 C44 S20 N4 O12,30,,True,0,False
2238434,200,,,1,128,128,1307.0964,True,C15 H12 N2 O2 S,H48 C60 S4 N8 O8,16,0.8402,True,0,True
2238487,200,size_within_limit,192 sites > 150,1,192,,2007.4275,True,C22 H18 N4 O2 S2,H72 C88 S8 N16 O8,16,0.8303,True,0,False
2238561,200,size_within_limit,200 sites > 150,1,200,,2037.7651,True,C24 H18 N2 O5 S,H72 C96 S4 N8 O20,16,0.9293,True,0,False
2238750,200,size_within_limit,312 sites > 150,1,312,,3080.2276,True,C13 H14 N2 O9 S,H112 C104 S8 N16 O72,16,0.8176,True,0,False
2238828,200,,,1,122,122,1052.3863,True,C12 H27 N13 O9,H54 C24 N26 O18,8,0.809,True,0,True
2238842,200,ordered,partial or mixed site occupancy,1,240,,2120.1993,False,,Ti2 H110 C93 Cl4 O8,22,,True,0,False
2239086,200,,,1,100,100,925.1737,True,C22 H26 O2,H52 C44 O4,8,0.9324,True,0,True
2239113,200,,,1,70,70,766.6613,True,C14 H10 N4 O6 S,H20 C28 S2 N8 O12,16,0.9292,True,0,True
2239170,200,,,1,128,128,1391.6524,True,C13 H11 Cl N4 O3,H44 C52 N16 Cl4 O12,17,0.8598,True,0,True
2239223,200,,,1,46,46,459.7396,True,C7 H7 N3 O6,H14 C14 N6 O12,8,0.8205,True,0,True
2239353,200,size_within_limit,288 sites > 150,1,288,,2852.7422,True,C22 H36 Co K N2 O10,K4 Co4 H144 C88 N8 O40,27,0.9887,True,0,False
2239574,200,size_within_limit,224 sites > 150,1,224,,2053.4539,True,C18 H30 N2 O5 S,H120 C72 S4 N8 O20,16,0.8216,True,0,False
2239629,200,,,1,71,71,733.2636,True,C28 H24 Co N18,Co1 H24 C28 N18,27,0.9294,True,0,True
2239721,200,size_within_limit,284 sites > 150,1,284,,2798.3374,True,C29 H26 Cu2 N4 O10,Cu8 H104 C116 N16 O40,29,0.7195,True,0,False
2239922,200,ordered,partial or mixed site occupancy,1,232,,1837.0368,False,,H64 C64 S8 N32,16,,True,0,False
2240103,200,ordered,partial or mixed site occupancy,1,84,,763.708,False,,H28 C28 N4 Cl4 O6,17,,True,0,False
2240188,200,size_within_limit,568 sites > 150,1,568,,5660.2469,True,C69 H69 Cl N2 Ru,H276 Ru4 C276 N8 Cl4,44,,True,0,False
2240323,200,,,1,62,62,661.2256,True,C16 H10 Br N O3,H20 C32 Br2 N2 O6,35,0.8503,True,0,True
2240408,200,size_within_limit,320 sites > 150,1,320,,3540.1937,True,C34 H38 O8,H152 C136 O32,8,0.6766,True,0,False
2240700,200,,,1,44,44,662.3788,True,As2 Cr Cs O7,Cs4 Cr4 As8 O28,55,1.6413,False,0,True
2240761,200,ordered,partial or mixed site occupancy,1,80,,863.0614,False,,Na6.656 Zn6.656 Fe5.344 P12 O48,30,,False,1,False
2240920,200,,,1,128,128,1237.7939,True,C14 H13 N O4,H52 C56 N4 O16,8,0.8201,True,0,True
2241150,200,size_within_limit,272 sites > 150,1,272,,2651.2128,True,C16 H13 N O4,H104 C128 N8 O32,8,0.8724,True,0,False
2241159,200,,,1,76,38,890.1502,True,Fe Ni2 O12 P3 Sr,Sr4 Fe4 Ni8 P12 O48,38,1.5223,False,0,True
2241285,200,,,1,144,144,1664.158,True,C20 H12 S4,H48 C80 S16,16,0.9496,True,0,True
2241377,200,,,1,100,100,1038.2836,True,C12 H8 Br N3 O,H32 C48 Br4 N12 O4,35,0.8399,True,0,True
2241750,200,,,1,124,124,1231.347,True,C15 H11 N O4,H44 C60 N4 O16,8,0.9395,True,0,True
2241888,200,,,1,132,132,1392.2503,True,C16 H22 N2 O2 Si2,Si6 H66 C48 N6 O6,14,0.8395,True,0,True
2241906,200,,,1,124,124,1162.7715,True,C28 H26 N2 O6,H52 C56 N4 O12,8,0.9496,True,0,True
2241974,200,ordered,partial or mixed site occupancy,1,262,,2444.2093,False,,Ni2 H76 C108 N28 O6,28,,True,0,False
2241991,200,ordered,partial or mixed site occupancy,1,412,,3907.7869,False,,Cr16 H200 C96 S16 N48 O32,24,,True,0,False
2241995,200,,,1,108,108,913.3308,True,C12 H32 N2 O6 P2,P4 H64 C24 N4 O12,15,0.8047,True,0,True
2242114,200,size_within_limit,156 sites > 150,1,156,,1639.1253,True,C20 H15 N O2 S,H60 C80 S4 N4 O8,16,0.9288,True,0,False
2242212,200,,,1,24,12,334.588,True,C H O3 Rb,Rb4 H4 C4 O12,37,0.8453,True,0,True
2242498,200,,,1,100,100,1008.3822,True,C14 H18 Ca Co N2 O14,Ca2 Co2 H36 C28 N4 O28,27,0.8329,True,0,True
2242588,200,,,1,126,126,1324.1701,True,C37 H22 Cr O3,Cr2 H44 C74 O6,24,0.9496,True,0,True
2242590,200,ordered,partial or mixed site occupancy,1,328,,2911.4793,False,,Fe4 H88 C128 N48,26,,True,0,False
2242660,200,size_within_limit,192 sites > 150,1,192,,1837.0114,True,C23 H23 N O,H92 C92 N4 O4,8,0.9295,True,0,False
2242802,200,ordered,partial or mixed site occupancy,1,46,,531.9577,False,,Ag2 H10 C16 S4 N4 O8,47,,True,0,False
2242914,200,,,1,50,50,508.3493,True,C10 H12 Br N Se,H24 C20 Se2 Br2 N2,35,0.9494,True,0,True
2243023,200,ordered,partial or mixed site occupancy,1,190,,1613.0347,False,,Ho2 Cu10 H73.78 C22 N22 O48.89,67,,True,0,False
2243134,200,,,1,144,144,1381.9035,True,C18 H15 N O2,H60 C72 N4 O8,8,0.9499,True,0,True
2243673,200,ordered,partial or mixed site occupancy,1,280,,2781.3994,False,,B8 P8 H108 Pt4 C96 N12 F32,78,,True,0,False
2243837,200,size_within_limit,156 sites > 150,1,156,,1833.6503,True,C9 H22 Al2 Br4 O2,Al8 H88 C36 Br16 O8,35,0.8883,True,0,False
2244113,200,size_within_limit,156 sites > 150,1,156,,2005.0794,True,C18 H14 I2 N2 O2 Zn,Zn4 H56 C72 I8 N8 O8,53,0.9293,True,0,False
2244178,200,size_within_limit,320 sites > 150,1,320,,2974.1836,True,C17 H17 N3 O3,H136 C136 N24 O24,8,0.9496,True,0,False
2300169,200,size_within_limit,312 sites > 150,1,312,,2978.4647,True,C27 H33 Cl2 Fe N7 O8,Fe4 H132 C108 N28 Cl8 O32,26,0.9391,True,0,False
2300576,200,ordered,partial or mixed site occupancy,1,156,,2229.742,False,,Sr44 Mo16 O92.48,42,,False,0,False
2310019,200,ordered,partial or mixed site occupancy,1,6,,160.3933,False,,Ag0.2 Te4 Au1.8,79,,False,0,False
2310035,200,ordered,partial or mixed site occupancy,1,8,,597.5921,False,,Ca1 Mn2.9623 Cu0.0377 O4,29,,False,3,False
2310223,200,,,1,48,16,926.5418,True,Ga3 Pu,Pu12 Ga36,94,2.7016,False,0,True
2310245,200,,,1,112,28,1853.4335,True,Na Zn13,Na8 Zn104,30,2.5714,False,0,True
2310506,200,ordered,partial or mixed site occupancy,1,164,,2224.1557,False,,Ti8.016 Nb39.984 O116,41,,False,0,False
2310822,200,ordered,partial or mixed site occupancy,1,158,,452.631,False,,P2 H24 O12 F12,15,,False,1,False
2310900,200,,,1,4,2,220.555,True,Pb U,U2 Pb2,92,4.1712,False,0,True
2310971,200,,,1,48,48,810.8832,True,Cl K2 Na O6 S2,K8 Na4 S8 Cl4 O24,19,1.4457,False,0,True
2310987,200,,,1,112,28,1897.4133,True,K Zn13,K8 Zn104,30,2.5924,False,0,True
2311016,200,ordered,partial or mixed site occupancy,1,12,,138.2652,False,,Li0.64 Mn2 Al1.36 O8,25,,False,1,False
2311102,200,,,1,52,52,423.0658,True,C3 H7 N O2,H28 C12 N4 O8,8,0.8804,True,0,True
2311152,200,ordered,partial or mixed site occupancy,1,268,,1795.5062,False,,H80 C96 N8,7,,True,0,False
2311403,200,,,1,128,128,1278.8477,True,C13 H13 F N2 O3,H52 C52 N8 O12 F4,9,0.8599,True,0,True
2311446,200,ordered,partial or mixed site occupancy,1,306,,3541.0715,False,,Rb17.9952 In18 As36 H36 O144,49,,False,1,False
2311448,200,ordered,partial or mixed site occupancy,1,234,,2204.3589,False,,Zn4 H92 C64 N20 Cl8 O36,30,,True,1,False
2311751,200,,,1,60,10,731.4208,True,C6 Ba3 Mg3 O18,Ba6 Mg6 C12 O36,56,1.2753,True,0,True
2312030,200,parsed,ValueError: Invalid CIF file with no structures!,,,,,,,,,,,3,False
2312067,200,,,1,96,96,836.5482,True,C17 H22 N4 O5,H44 C34 N8 O10,8,0.8746,True,0,True
2312396,200,ordered,partial or mixed site occupancy,1,640,,5473.5444,False,,H328 C216 N24 O40,8,,True,0,False
2312489,200,,,1,66,66,769.4734,True,C12 H13 Cl2 N5 O,H26 C24 N10 Cl4 O2,17,0.8565,True,0,True
2312510,200,ordered,partial or mixed site occupancy,1,217,,1267.7382,False,,Cu2 H61 C45 N1 O18,29,,True,0,False
2312581,200,ordered,partial or mixed site occupancy,1,204,,2180.9082,False,,Fe4 H12 C60 O24 F72,26,,True,0,False
2312736,200,size_within_limit,288 sites > 150,1,288,,2560.8902,True,C20 H36 F2 N2 O10 S2,H144 C80 S8 N8 O40 F8,16,0.91,True,0,False
2312819,200,,,1,28,28,479.6488,True,O4 Pb2 Sn,Sn4 Pb8 O16,82,2.0439,False,0,True
2312861,200,size_within_limit,280 sites > 150,1,280,,2772.4187,True,C13 H15 N3 O4,H120 C104 N24 O32,8,0.9021,True,0,False
3000283,200,parsed,ValueError: Invalid CIF file with no structures!,,,,,,,,,,,2,False
3000348,200,ordered,partial or mixed site occupancy,1,12,,119.431,False,,V3.84 W0.16 O8,74,,False,1,False
3000406,200,parsed,ValueError: Invalid CIF file with no structures!,,,,,,,,,,,2,False
3000467,200,ordered,partial or mixed site occupancy,1,84,,822.1746,False,,H28 Pd2 C24 N8 O18,46,,True,1,False
3000539,200,parsed,ValueError: Invalid CIF file with no structures!,,,,,,,,,,,2,False
3000550,200,ordered,partial or mixed site occupancy,1,266,,2421.9044,False,,Ag8 H96 C72 N32 Cl8 O32,47,,True,0,False
3000628,200,parsed,ValueError: Invalid CIF file with no structures!,,,,,,,,,,,2,False
3500081,200,size_within_limit,432 sites > 150,1,432,,3645.0088,True,C16 H36 Br N,H288 C128 Br8 N8,35,,True,1,False
4000047,200,,,1,38,38,415.6572,True,C4 H4 Mn N8 O2,Mn2 H8 C8 N16 O4,25,0.8623,True,0,True
4000139,200,,,1,104,104,1919.408,True,C2 H6 Cu N S10 Sb6,Cu4 Sb24 H24 C8 S40 N4,51,0.9992,True,8,True
4000175,200,ordered,partial or mixed site occupancy,1,26,,241.6083,False,,Sm1.066 Ga11.56 Ni4 Ge0.4,62,,False,2,False
4000375,200,size_within_limit,524 sites > 150,1,524,,4745.3777,True,C68 H156 B2 Mo2 N2 O26 P2 Si4,Si8 B4 Mo4 P4 H312 C136 N4 O52,42,,True,0,False
4000522,200,,,1,36,18,813.0301,True,Cu2 S4 Sn Tl2,Tl8 Cu8 Sn4 S16,81,2.2935,False,0,True
4000683,200,ordered,partial or mixed site occupancy,1,38,,701.4889,False,,K4 Te8 O24.4,52,,False,1,False
4000758,200,size_within_limit,220 sites > 150,1,220,,2056.1329,True,C34 H68 Ag2 O4 P2,Ag4 P4 H136 C68 O8,47,0.9497,True,0,False
4001010,200,size_within_limit,212 sites > 150,1,212,,2077.3599,True,C54 H42 B2 O8,B4 H84 C108 O16,8,0.9492,True,0,False
4001181,200,parsed,ValueError: Invalid CIF file with no structures!,,,,,,,,,,,3,False
4001249,200,,,1,26,26,292.2872,True,C10 H12 S4,H12 C10 S4,16,0.9464,True,0,True
4001675,200,ordered,partial or mixed site occupancy,1,968,,10152.4738,False,,Eu4 Ag12 H348 C376 N100 Cl24 O100,63,,True,1,False
4001708,200,ordered,partial or mixed site occupancy,1,576,,8683.655,False,,Zn8 Cu32 H144 C144 I32 N48 O32,53,,True,0,False
4001779,200,ordered,partial or mixed site occupancy,1,54,,586.3226,False,,La9.5024 Si5.8728 O26,57,,False,1,False
4001812,200,,,1,56,56,1816.9135,True,Cs2 Se8 Sn3 Zn,Cs8 Zn4 Sn12 Se32,55,2.458,False,0,True
4002109,200,,,1,56,28,1419.63,True,C8 Al O5,Al4 C32 O20,13,1.2742,True,0,True
4002279,200,ordered,partial or mixed site occupancy,1,22,,339.3231,False,,V2.56 Cr5.66 S12,24,,False,1,False
4002380,200,ordered,partial or mixed site occupancy,1,44,,538.4195,False,,Na1.2 Eu3.96 Gd3.96 Si6 O25.86,64,,False,2,False
4002579,200,ordered,partial or mixed site occupancy,1,32,,394.4008,False,,V8 N2 O22,23,,False,1,False
4002984,200,ordered,partial or mixed site occupancy,1,72,,1202.6158,False,,Cs4 Sn4 H24 C4 Br16 N12,55,,True,0,False
4003297,200,hydrogen_declared_present,"formula declares H, no H site in the cell",1,96,,3139.3958,True,C3 H10 Br3 N Sn,Sn12 C36 Br36 N12,50,,True,1,False
4003378,200,ordered,partial or mixed site occupancy,1,248,,5286.9267,False,,Zn4 H72 C112 N4 O16,30,,True,0,False
4003405,200,ordered,partial or mixed site occupancy,1,736,,7018.1242,False,,H288 Ir8 C288 N64 O4 F32,77,,True,0,False
4003560,200,ordered,partial or mixed site occupancy,1,22,,241.1404,False,,Li2 In4 Sb2 O12,51,,False,0,False
4003840,200,ordered,partial or mixed site occupancy,1,50,,632.1467,False,,Sr10 Mn6 H0.204 O24.204 F1.8,38,,False,2,False
4003904,200,ordered,partial or mixed site occupancy,1,152,,1669.2358,False,,Li70.396 Ga8 P32,31,,False,0,False
4003908,200,ordered,partial or mixed site occupancy,1,108,,2406.9566,False,,Ca41.9 Mn4.304 Sb36,51,,False,1,False
4003918,200,ordered,partial or mixed site occupancy,1,310,,2408.4745,False,,H114 C116 S2 N10 O4,16,,True,0,False
4004013,200,ordered,partial or mixed site occupancy,1,23,,303.2125,False,,Sr3 Zn2.0001 Ge2.9999 Te1 O14,52,,False,0,False
4020096,200,,,1,64,64,617.9648,True,C16 H12 O4,H24 C32 O8,8,0.9492,True,0,True
4020164,200,ordered,partial or mixed site occupancy,1,1200,,11168.1337,False,,H536 Pd4 C512 N16 O100,46,,True,0,False
4020302,200,,,1,72,72,643.9618,True,C30 H35 N3 O4,H35 C30 N3 O4,8,0.9257,True,0,True
4020307,200,size_within_limit,496 sites > 150,1,496,,4665.6809,True,C12 H18 O,H288 C192 O16,8,,True,0,False
4020337,200,ordered,partial or mixed site occupancy,1,344,,3815.7408,False,,P8 H160 C104 Se8 S16 O24 F24,34,,True,0,False
4020405,200,size_within_limit,488 sites > 150,1,488,,4502.0067,True,C44 H64 Cl F8 N5,H256 C176 N20 Cl4 F32,17,,True,0,False
4020516,200,size_within_limit,512 sites > 150,1,512,,5386.4671,True,C35 H28 O2,H216 C280 O16,8,,True,1,False
4020540,200,size_within_limit,220 sites > 150,1,220,,2061.5402,True,C23 H26 F3 N O2,H104 C92 N4 O8 F12,9,0.9431,True,0,False
4020702,200,ordered,partial or mixed site occupancy,1,344,,3125.5024,False,,Si4 H200 C114.4 O20,14,,True,1,False
4021013,200,,,1,116,116,1122.54,True,C30 H26 O2,H52 C60 O4,8,0.8386,True,0,True
4021106,200,,,1,124,124,1130.245,True,C12 H15 N O3,H60 C48 N4 O12,8,0.8007,True,0,True
4021245,200,,,1,120,120,1215.7123,True,C25 H29 Cl2 N O2.5 P Pd,P2 H55 Pd2 C50 N2 Cl4 O5,46,0.8702,True,1,True
4021276,200,size_within_limit,176 sites > 150,1,176,,1684.8999,True,C40 H36 N4 O8,H72 C80 N8 O16,8,0.9295,True,0,False
4021313,200,ordered,partial or mixed site occupancy,1,148,,1357.6637,False,,H60 C56 N12 O8,8,,True,0,False
4021453,200,size_within_limit,544 sites > 150,1,544,,5891.9344,True,C118 H118 N16 O20,H236 C236 N32 O40,8,,True,1,False
4021922,200,size_within_limit,228 sites > 150,1,228,,2260.2649,True,C48 H55 N O9 S,H110 C96 S2 N2 O18,16,0.8354,True,0,False
4022108,200,,,1,144,144,1425.4901,True,C14 H17 O4 P,P4 H68 C56 O16,15,0.929,True,0,True
4022281,200,,,1,100,100,1178.5585,True,C26 H7 B F15 N,B2 H14 C52 N2 F30,9,0.9296,True,0,True
4022366,200,,,1,144,144,1449.3392,True,C20 H15 N,H60 C80 N4,7,0.8577,True,0,True
4022392,200,hydrogen_declared_present,"formula declares H, no H site in the cell",1,232,,1847.2408,True,C20 H34 O4,H136 C80 O16,8,,False,0,False
4022781,200,size_within_limit,252 sites > 150,1,252,,2455.4745,True,C22 H32 N2 O4 S3,H128 C88 S12 N8 O16,16,0.7419,True,0,False
4022805,200,ordered,partial or mixed site occupancy,1,180,,1611.4285,False,,B4 P4 H88 C72,15,,True,0,False
4022842,200,ordered,partial or mixed site occupancy,1,60,,557.1559,False,,H20 C20 N4 O10 F4,9,,True,0,False
4023046,200,size_within_limit,232 sites > 150,1,232,,2357.6342,True,C25 H25 N O7,H100 C100 N4 O28,8,0.9297,True,0,False
4023049,200,ordered,partial or mixed site occupancy,1,388,,2981.0459,False,,H132 C116 S4 N12 O28,16,,True,0,False
4023060,200,ordered,partial or mixed site occupancy,1,1024,,9095.3656,False,,H448 C416 N32 O32,8,,True,0,False
4023259,200,,,1,124,124,1267.8409,True,C15 H13 N O S,H52 C60 S4 N4 O4,16,0.9395,True,0,True
4023351,200,,,1,128,128,1436.9955,True,C16 F16,C64 F64,9,1.3311,True,0,True
4023409,200,ordered,partial or mixed site occupancy,1,158,,1537.1012,False,,Ni2 P4 H51 C46 N13 O2 F24,28,,True,0,False
4023416,200,,,1,56,56,531.5617,True,C11 H11 N O5,H22 C22 N2 O10,8,0.82,True,0,True
4023604,200,size_within_limit,392 sites > 150,1,392,,3740.5168,True,C41 H48 O9,H192 C164 O36,8,0.9291,True,0,False
4023984,200,size_within_limit,200 sites > 150,1,200,,1920.4143,True,C20 H24 N2 O4,H96 C80 N8 O16,8,0.8588,True,0,False
4024160,200,ordered,partial or mixed site occupancy,1,616,,6252.8026,False,,H266 C264 S32 O32,16,,True,0,False
4024162,200,size_within_limit,408 sites > 150,1,408,,4235.9065,True,C42 H52 O4 S4,H208 C168 S16 O16,16,,True,0,False
4024370,200,ordered,partial or mixed site occupancy,1,300,,3039.774,False,,Sb4 H88.038 C109.732 Cl27.9 O4,51,,True,1,False
4024395,200,,,1,82,82,675.7932,True,C13 H24 Cl N O2,H48 C26 N2 Cl2 O4,17,0.7698,True,0,True
4024561,200,,,1,76,76,589.444,True,C14 H20 O4,H40 C28 O8,8,0.8399,True,0,True
4024574,200,,,1,72,72,704.5032,True,C16 H14 O6,H28 C32 O12,8,0.8502,True,0,True
4024594,200,size_within_limit,616 sites > 150,1,616,,6198.2488,True,C39 H31 B F4 N2,B8 H248 C312 N16 F32,9,,True,0,False
4024864,200,,,1,140,140,1361.9055,True,C15 H17 N O2,H68 C60 N4 O8,8,0.8894,True,0,True
4024894,200,size_within_limit,392 sites > 150,1,392,,4259.3098,True,C23 H14 B F10 N,B8 H112 C184 N8 F80,9,0.9491,True,0,False
4025032,200,,,1,64,64,710.9349,True,C14 H12 Cl2 O4,H24 C28 Cl4 O8,17,0.9502,True,0,True
4025406,200,,,1,72,72,596.1479,True,C6 H8 F N O2,H32 C24 N4 O8 F4,9,0.9342,True,0,True
4025412,200,,,1,40,40,619.3758,True,C10 H4 Br4 N2,H8 C20 Br8 N4,35,0.9498,True,0,True
4025484,200,ordered,partial or mixed site occupancy,1,148,,1249.4257,False,,H64 C48 S4 N4 O8,16,,True,0,False
4025570,200,,,1,94,94,888.1973,True,C24 H19 N O3,H38 C48 N2 O6,8,0.9283,True,0,True
4025656,200,size_within_limit,180 sites > 150,1,180,,1684.9658,True,C16 H21 N3 O5,H84 C64 N12 O20,8,0.7673,True,0,False
4025663,200,size_within_limit,156 sites > 150,1,156,,1449.5885,True,C18 H19 N O,H76 C72 N4 O4,8,0.9446,True,0,False
4025667,200,,,1,148,148,1471.9506,True,C18 H14 N2 O2 S,H56 C72 S4 N8 O8,16,0.9205,True,0,True
4025699,200,,,1,132,132,1227.5627,True,C12 H15 N5 O,H60 C48 N20 O4,8,0.9495,True,0,True
4025828,200,size_within_limit,288 sites > 150,1,288,,2497.2144,True,C30 H38 N2 O2,H152 C120 N8 O8,8,0.9189,True,0,False
4026178,200,,,1,90,90,877.0428,True,C20 H21 F N2 O,H42 C40 N4 O2 F2,9,0.9395,True,0,True
4026240,200,size_within_limit,376 sites > 150,1,376,,3136.6097,True,C19 H26 O2,H208 C152 O16,8,0.9495,True,1,False
4026331,200,size_within_limit,632 sites > 150,1,632,,6121.022,True,C68 H82 N2 O6,H328 C272 N8 O24,8,,True,1,False
4026692,200,size_within_limit,156 sites > 150,1,156,,1751.5411,True,C21 H14 Cl2 N2,H56 C84 N8 Cl8,17,0.8634,True,0,False
4026773,200,size_within_limit,280 sites > 150,1,280,,2650.0892,True,C17 H15 N O2,H120 C136 N8 O16,8,0.8195,True,1,False
4027028,200,size_within_limit,188 sites > 150,1,188,,1613.3185,True,C15 H26 O6,H104 C60 O24,8,0.8401,True,0,False
4027036,200,ordered,partial or mixed site occupancy,1,196,,1625.0912,False,,H84 C68 Br4 O16,35,,True,0,False
4027051,200,ordered,partial or mixed site occupancy,1,192,,1923.4,False,,Ni0.1 H70 C104 N10 Cl4 O2,28,,True,0,False
4027149,200,size_within_limit,200 sites > 150,1,200,,1819.0562,True,C19 H26 N4 O,H104 C76 N16 O4,8,0.8812,True,0,False
4027196,200,ordered,partial or mixed site occupancy,1,356,,2078.5536,False,,H100 C92 S4 N4 O16,16,,True,0,False
4027308,200,,,1,80,80,935.9746,True,C18 H4 F14 N4,H8 C36 N8 F28,9,0.9489,True,0,True
4027376,200,size_within_limit,156 sites > 150,1,156,,1296.5017,True,C15 H20 O4,H80 C60 O16,8,0.8399,True,0,False
4027605,200,,,1,108,108,1206.6303,True,C13 H11 F N O S,H40 C52 S4 N4 O4 F4,16,0.8599,True,1,True
4027737,200,size_within_limit,160 sites > 150,1,160,,1616.267,True,C16 H19 N O3 Si,Si4 H76 C64 N4 O12,14,0.9295,True,0,False
4027742,200,,,1,148,148,1475.187,True,C18 H16 Cl N O,H64 C72 N4 Cl4 O4,17,0.8488,True,0,True
4027873,200,,,1,118,118,1076.3089,True,C25 H29 N O3 S,H58 C50 S2 N2 O6,16,0.8279,True,0,True
4027881,200,size_within_limit,224 sites > 150,1,224,,2360.7436,True,C23 H23 N3 O6 S,H92 C92 S4 N12 O24,16,0.9294,True,0,False
4027962,200,,,1,128,128,1039.5046,True,C11 H19 N O,H76 C44 N4 O4,8,0.8673,True,0,True
4028323,200,ordered,partial or mixed site occupancy,1,230,,2280.2754,False,,H94 C108 N4 Cl4 O14,17,,True,0,False
4028391,200,size_within_limit,180 sites > 150,1,180,,1753.7111,True,C24 H19 O P,P4 H76 C96 O4,15,0.9493,True,0,False
4028425,200,size_within_limit,168 sites > 150,1,168,,1639.8511,True,C36 H36 B F4 Ir N4 O2,B2 H72 Ir2 C72 N8 O4 F8,77,0.9289,True,0,False
4028491,200,size_within_limit,232 sites > 150,1,232,,2471.234,True,C24 H27 N O4 S2,H108 C96 S8 N4 O16,16,0.9288,True,0,False
4028828,200,,,1,102,102,1034.2999,True,C16 H26 N4 O4 Si,Si2 H52 C32 N8 O8,14,0.8597,True,0,True
4028842,200,size_within_limit,244 sites > 150,1,244,,2370.6909,True,C27 H32 N2 O3 S,H116 C104 S4 N4 O16,16,0.9496,True,1,False
4028987,200,size_within_limit,288 sites > 150,1,288,,3038.9836,True,C18 H13 F3 O2,H104 C144 O16 F24,9,0.9492,True,0,False
4029046,200,size_within_limit,164 sites > 150,1,164,,1555.9799,True,C20 H17 N O3,H68 C80 N4 O12,8,0.8203,True,0,False
4029079,200,size_within_limit,228 sites > 150,1,228,,2127.6532,True,C21 H30 N2 O4,H120 C84 N8 O16,8,0.8195,True,0,False
4029102,200,,,1,144,144,1464.2444,True,C19 H14 N2 O,H56 C76 N8 O4,8,0.9492,True,0,True
4029279,200,,,1,124,124,1044.0988,True,C14 H14 O3,H56 C56 O12,8,0.9502,True,0,True
4029446,200,size_within_limit,176 sites > 150,1,176,,1681.622,True,C24 H18 O2,H72 C96 O8,8,0.9399,True,0,False
4029656,200,,,1,120,120,985.4172,True,C11 H16 O3,H64 C44 O12,8,0.9588,True,0,True
4029917,200,,,1,136,136,1210.6368,True,C14 H14 O6,H56 C56 O24,8,0.9502,True,0,True
4030070,200,size_within_limit,336 sites > 150,1,336,,3310.6012,True,C19 H19 N O2 S,H152 C152 S8 N8 O16,16,0.8479,True,0,False
4030225,200,,,1,76,76,666.5257,True,C14 H20 O4,H40 C28 O8,8,0.8618,True,0,True
4030244,200,ordered,partial or mixed site occupancy,1,18,,196.7212,False,,La2 N2 O10,57,,False,1,False
4030639,200,ordered,partial or mixed site occupancy,1,292,,2442.1958,False,,H96 C108 Br4 N4 O16,35,,True,0,False
4030784,200,size_within_limit,184 sites > 150,1,184,,1906.6343,True,C20 H21 Br O3 S,H84 C80 S4 Br4 O12,35,0.9279,True,0,False
4030813,200,,,1,56,56,681.912,True,As2 Co2 H K O8,K4 Co8 As8 H4 O32,33,0.732,False,0,True
4031046,200,ordered,partial or mixed site occupancy,1,248,,1814.4909,False,,Al2 H116 C76 N6,13,,True,0,False
4031048,200,size_within_limit,768 sites > 150,1,768,,7524.9715,True,C41 H51 Al N2 S,Al8 H408 C328 S8 N16,16,,True,0,False
4031174,200,,,1,38,38,443.8244,True,Ce H8 O7 P3,Ce2 P6 H16 O14,58,0.8116,False,0,True
4031208,200,,,1,20,10,635.1509,True,Br4 Th,Th4 Br16,90,2.8479,False,0,True
4031246,200,,,1,80,80,1226.65,True,Hg K3 N5 O11,K12 Hg4 N20 O44,80,1.2315,False,0,True
4031296,200,size_within_limit,216 sites > 150,1,216,,2201.0345,True,C9 H11 Cl F3 N3,H88 C72 N24 Cl8 F24,17,0.9479,True,0,False
4031381,200,hydrogen_declared_present,"formula declares H, no H site in the cell",1,8,,143.0629,True,H3 La O3,La2 O6,57,,False,2,False
4031444,200,,,1,36,36,535.7672,True,F5 N3 W,W4 N12 F20,74,1.1041,False,0,True
4031676,200,,,1,28,28,522.4447,True,C2 Ag Cl2 F6 N2 Sb,Ag2 Sb2 C4 N4 Cl4 F12,51,1.126,True,0,True
4031679,200,ordered,partial or mixed site occupancy,1,2,,27.8386,False,,Re1.28 Ru0.72,75,,False,1,False
4031870,200,size_within_limit,180 sites > 150,1,180,,1886.2739,True,C30.67 H21.33 N2.67 O5.33,H64 C92 N8 O16,8,0.9035,True,0,False
4031924,200,,,1,132,132,1297.9348,True,C18 H14 O,H56 C72 O4,8,0.9292,True,0,True
4031979,200,ordered,partial or mixed site occupancy,1,398,,3844.1698,False,,B4 P4 H188 Ir4 C160 N8 Cl8 F16,77,,True,0,False
4032074,200,ordered,partial or mixed site occupancy,1,284,,2372.9243,False,,H136 C108 N8 O12,8,,True,0,False
4032196,200,,,1,116,116,1205.9532,True,C24 H28 Br2 O4,H56 C48 Br4 O8,35,0.9294,True,1,True
4032271,200,ordered,partial or mixed site occupancy,1,264,,1692.6743,False,,H76 C60 S4 N16 O8 F12,16,,True,0,False
4032578,200,,,1,132,132,1304.3146,True,C27 H29 N5 O5,H58 C54 N10 O10,8,0.8345,True,0,True
4032651,200,size_within_limit,184 sites > 150,1,184,,1535.6525,True,C17 H26 O3,H104 C68 O12,8,0.8787,True,0,False
4032690,200,,,1,76,76,792.1085,True,C11 H12 Cl F6 N6 Ni P,Ni2 P2 H24 C22 N12 Cl2 F12,28,0.9495,True,0,True
4032693,200,,,1,128,128,1273.2869,True,C16 H13 N O2,H52 C64 N4 O8,8,0.8598,True,0,True
4032941,200,size_within_limit,256 sites > 150,1,256,,2296.6174,True,C25 H34 N2 O2 S,H136 C100 S4 N8 O8,16,0.8825,True,0,False
4033085,200,,,1,120,120,1101.6507,True,C26 H31 O P S,P2 H62 C52 S2 O2,16,0.9498,True,0,True
4033365,200,,,1,110,110,1059.095,True,C24 H25 N O5,H50 C48 N2 O10,8,0.8399,True,0,True
4033373,200,size_within_limit,156 sites > 150,1,156,,1351.7968,True,C12 H19 N O7,H76 C48 N4 O28,8,0.8079,True,0,False
4033389,200,size_within_limit,432 sites > 150,1,432,,5364.8495,True,C51 H66 N6 O3 S3,H216 C180 S12 N24,16,,True,2,False
4033450,200,,,1,112,112,992.9558,True,C22 H28 N2 O4,H56 C44 N4 O8,8,0.8158,True,0,True
4033556,200,,,1,70,70,641.3548,True,C16 H17 N O,H34 C32 N2 O2,8,0.9295,True,0,True
4033617,200,size_within_limit,180 sites > 150,1,180,,1973.2562,True,C23 H18 N2 S Se,H72 C92 Se4 S4 N8,34,0.929,True,0,False
4033650,200,,,1,132,132,1369.9768,True,C11 H13 Cl N4 O3 Se,H52 C44 Se4 N16 Cl4 O12,34,0.8197,True,0,True
4033657,200,,,1,92,92,801.8059,True,C18 H24 O4,H48 C36 O8,8,0.8765,True,0,True
4033837,200,,,1,114,114,1213.0218,True,C36 H16 F4 S,H32 C72 S2 F8,16,0.949,True,0,True
4034053,200,,,1,106,106,1052.4343,True,C24 H23 N O4 S,H46 C48 S2 N2 O8,16,0.8201,True,1,True
4034058,200,,,1,146,146,1547.794,True,C36 H26 Cu N4 O4 S2,Cu2 H52 C72 S4 N8 O8,29,0.9492,True,0,True
4034067,200,,,1,74,74,818.2455,True,C20 H14 Cl N O,H28 C40 N2 Cl2 O2,17,0.9499,True,0,True
4034280,200,,,1,140,140,1426.8057,True,C17 H13 F N2 O2,H52 C68 N8 O8 F4,9,0.8653,True,0,True
4034306,200,size_within_limit,212 sites > 150,1,212,,2047.8191,True,C92 H92 O28,H92 C92 O28,8,0.9491,True,0,False
4034434,200,size_within_limit,164 sites > 150,1,164,,1579.1152,True,C18 H18 O5,H72 C72 O20,8,0.9295,True,1,False
4034533,200,size_within_limit,220 sites > 150,1,220,,2046.204,True,C23 H25 N3 O4,H100 C92 N12 O16,8,0.82,True,0,False
4034562,200,size_within_limit,376 sites > 150,1,376,,3825.0102,True,C25 H18 N2 O S,H144 C200 S8 N16 O8,16,0.8593,True,0,False
4034615,200,ordered,partial or mixed site occupancy,1,600,,6318.3791,False,,H200 Pd16 C260 Br16 N32 O36,46,,True,0,False
4034753,200,size_within_limit,472 sites > 150,1,472,,4751.5767,True,C21 H26 B N3 O7 S,B8 H208 C168 S8 N24 O56,16,,True,0,False
4034869,200,size_within_limit,264 sites > 150,1,264,,2650.1471,True,C18 H14 O,H112 C144 O8,8,0.9295,True,0,False
4034875,200,size_within_limit,288 sites > 150,1,288,,2566.8697,True,C26 H40 O5 Si,Si4 H160 C104 O20,14,0.8399,True,1,False
4034915,200,,,1,124,124,1302.1682,True,C15 H11 N3 O2,H44 C60 N12 O8,8,0.9295,True,0,True
4034927,200,,,1,78,78,727.0086,True,C16 H18 N2 O3,H36 C32 N4 O6,8,0.949,True,0,True
4035129,200,,,1,108,108,1121.4843,True,C13 H9 N3 O S,H36 C52 S4 N12 O4,16,0.9492,True,0,True
4035199,200,size_within_limit,200 sites > 150,1,200,,1958.8175,True,C23 H20 N3 O3,H84 C92 N12 O12,8,0.9036,True,1,False
4035216,200,size_within_limit,216 sites > 150,1,216,,2635.1826,True,C24 H22 S6 Si2,Si8 H88 C96 S24,16,0.9284,True,0,False
4035416,200,size_within_limit,164 sites > 150,1,164,,4074.2234,True,C90 H60 N6 O6 Re2,Re2 H60 C90 N6 O6,75,0.9486,True,0,False
4035419,200,size_within_limit,204 sites > 150,1,204,,2121.7222,True,C26 H19 N3 O2 S,H76 C104 S4 N12 O8,16,0.7997,True,0,False
4035502,200,,,1,116,116,1123.142,True,C13 H11 N3 O2,H44 C52 N12 O8,8,0.9293,True,0,True
4035930,200,,,1,120,120,1036.1438,True,C22 H30 O8,H60 C44 O16,8,0.7672,True,0,True
4036018,200,,,1,116,116,1129.9482,True,C14 H10 N2 O3,H40 C56 N8 O12,8,0.9595,True,0,True
4036083,200,ordered,partial or mixed site occupancy,1,1040,,7958.7619,False,,Si16 H416 C344 N16 O8,14,,True,0,False
4036108,200,size_within_limit,168 sites > 150,1,168,,1823.2536,True,C19 H16 Cl N3 O3,H64 C76 N12 Cl4 O12,17,0.9292,True,0,False
4036433,200,size_within_limit,240 sites > 150,1,240,,2443.0604,True,C33 H24 N2 S,H96 C132 S4 N8,16,0.9493,True,1,False
4036773,200,size_within_limit,272 sites > 150,1,272,,3288.6518,True,C38 H22 Cl6 O2,H88 C152 Cl24 O8,17,0.9491,True,0,False
4036821,200,size_within_limit,208 sites > 150,1,208,,1725.027,True,C21 H29 N O,H116 C84 N4 O4,8,0.9489,True,0,False
4036918,200,,,1,80,80,859.2547,True,C19 H17 I N2 S,H34 C38 S2 I2 N4,53,0.9297,True,0,True
4036974,200,size_within_limit,196 sites > 150,1,196,,1889.4557,True,C20 H22 N2 O4 S,H88 C80 S4 N8 O16,16,0.944,True,0,False
4037218,200,size_within_limit,304 sites > 150,1,304,,2784.9925,True,C14 H19 N O4,H152 C112 N8 O32,8,0.8591,True,0,False
4037270,200,size_within_limit,176 sites > 150,1,176,,1679.7373,True,C20 H16 N O7,H64 C80 N4 O28,8,0.824,True,0,False
4037664,200,,,1,60,60,584.931,True,C3 H8 Cl N O2,H32 C12 N4 Cl4 O8,17,0.8899,True,0,True
4037748,200,size_within_limit,156 sites > 150,1,156,,1610.9652,True,C19 H15 F2 N O2,H60 C76 N4 O8 F8,9,0.899,True,0,False
4037781,200,size_within_limit,180 sites > 150,1,180,,2509.101,True,C53 H30 O7,H60 C106 O14,8,0.8207,True,0,False
4037871,200,size_within_limit,256 sites > 150,1,256,,2579.4987,True,C29 H26 Br F3 N2 O3,H104 C116 Br4 N8 O12 F12,35,0.8194,True,0,False
4038216,200,size_within_limit,300 sites > 150,1,300,,2993.8336,True,C34 H32 N4 O3 P2,P8 H128 C136 N16 O12,15,0.8298,True,0,False
4038346,200,size_within_limit,356 sites > 150,1,356,,3995.9455,True,C37 H40 N4 O6 S2,H160 C148 S8 N16 O24,16,0.815,True,0,False
4038457,200,ordered,partial or mixed site occupancy,1,684,,6952.3876,False,,H304 C324 N16 Cl8 O16,17,,True,1,False
4038726,200,size_within_limit,306 sites > 150,1,306,,3664.6412,True,C80 H64 Cl6 N2 Pd,H128 Pd2 C160 N4 Cl12,46,0.9289,True,0,False
4038918,200,ordered,partial or mixed site occupancy,1,2208,,6485.3643,False,,H383.852 C287.892 N31.988 O15.996,8,,True,0,False
4039017,200,,,1,80,40,963.9636,True,C6 H7 Cl2 N3 Pt S,H28 Pt4 C24 S4 N12 Cl8,78,0.9496,True,0,True
4060337,200,size_within_limit,392 sites > 150,1,392,,3981.4506,True,C33 H55 N5 Ni Si4,Si16 Ni4 H220 C132 N20,28,0.9393,True,0,False
4060645,200,size_within_limit,228 sites > 150,1,228,,2722.3664,True,C22 H22 O9 Os3 Sb,Sb4 H88 Os12 C88 O36,76,0.8744,True,0,False
4060681,200,ordered,partial or mixed site occupancy,1,300,,19815.6024,False,,Mo12 Ir12 C216 O48,77,,False,1,False
4060889,200,ordered,partial or mixed site occupancy,1,304,,2662.8652,False,,Zr4 Si4 H104 C120 S8 Cl8,40,,True,0,False
4061204,200,ordered,partial or mixed site occupancy,1,496,,2927.7542,False,,Li8 H160 C112 Se8 O16,34,,True,0,False
4061271,200,ordered,partial or mixed site occupancy,1,1016,,9114.0172,False,,P16 H488 Ir8 C312 N16 O28 F96,77,,True,1,False
4061305,200,ordered,partial or mixed site occupancy,1,498,,5508.7282,False,,Na2 P16 H182 Pt4 C232 N16 Cl8 O1 F24,78,,True,1,False
4061308,200,ordered,partial or mixed site occupancy,1,182,,1558.0375,False,,Al2 H104 C66 N8,13,,True,0,False
4061383,200,ordered,partial or mixed site occupancy,1,310,,3044.8434,False,,B2 H78 Pt2 C122 S2 N8 F48,78,,True,0,False
4061422,200,ordered,partial or mixed site occupancy,1,416,,2613.8792,False,,Si8 H108 Os4 C56 S4 N4 O12 F12,76,,True,1,False
4061601,200,size_within_limit,500 sites > 150,1,500,,4954.6919,True,C33 H75 B9 Cl2 N O7 Y,Y4 B36 H288 C132 N4 Cl8 O28,39,,True,1,False
4061605,200,size_within_limit,336 sites > 150,1,336,,3473.2014,True,C19 H18 Fe O2 P Re,Fe8 Re8 P8 H144 C152 O16,75,0.9286,True,0,False
4061627,200,size_within_limit,208 sites > 150,1,208,,2192.4805,True,C31 H49 Cl2 F6 N4 O7 Rh S4,H98 Rh2 C62 S8 N8 Cl4 O14 F12,45,0.8315,True,0,False
4061912,200,size_within_limit,208 sites > 150,1,208,,2631.0294,True,C52 H38 N2 O7 P2 Ru3,P4 H76 Ru6 C104 N4 O14,44,0.88,True,0,False
4062135,200,size_within_limit,688 sites > 150,1,688,,7325.0784,True,C20 H17 Mo N3 O2,Mo16 H272 C320 N48 O32,42,,True,0,False
4062218,200,ordered,partial or mixed site occupancy,1,340,,2932.1901,False,,Y4 Si8 H196 C96 N8 O4,39,,True,0,False
4062635,200,size_within_limit,376 sites > 150,1,376,,4287.6919,True,C37 H35 Cl6 N5 O10 Ru,H140 Ru4 C148 N20 Cl24 O40,44,0.9281,True,0,False
4062638,200,size_within_limit,316 sites > 150,1,316,,2903.2359,True,C34 H44 Th,Th4 H176 C136,90,0.9286,True,0,False
4062666,200,,,1,94,94,1226.2574,True,C15 H17 N O10 Os3 Sn,Sn2 H34 Os6 C30 N2 O20,76,0.7863,True,0,True
4062705,200,size_within_limit,152 sites > 150,1,152,,1728.4207,True,C14 H12 B Br F4 Fe O5,Fe4 B4 H48 C56 Br4 O20 F16,35,0.9495,True,0,False
4062921,200,size_within_limit,672 sites > 150,1,672,,6547.5384,True,C14 H25 Na O Sb,Na16 Sb16 H400 C224 O16,51,,True,0,False
4063020,200,size_within_limit,600 sites > 150,1,600,,5548.9029,True,C30 H42 N P Ti,Ti8 P8 H336 C240 N8,22,,True,0,False
4063216,200,size_within_limit,1728 sites > 150,1,1728,,14880.8639,True,C35 H68 O P2 Pt S,P32 H1088 Pt16 C560 S16 O16,78,,True,0,False
4063368,200,size_within_limit,232 sites > 150,1,232,,2529.8599,True,C13 H7 F5 O4,H56 C104 O32 F40,9,0.853,True,0,False
4063764,200,ordered,partial or mixed site occupancy,1,452,,4632.1482,False,,Li4 Cr4 H220 C188 N8 Cl8 O8,24,,True,1,False
4063815,200,size_within_limit,216 sites > 150,1,216,,2141.5451,True,C41 H53 Cl5 N4 O4 Pt,H106 Pt2 C82 N8 Cl10 O8,78,0.9491,True,0,False
4064168,200,size_within_limit,560 sites > 150,1,560,,5101.1811,True,C25 H40 N4 Ti,Ti8 H320 C200 N32,22,,True,1,False
4064225,200,,,1,90,90,1139.3309,True,C21 H11 Co3 Fe O9,Fe2 Co6 H22 C42 O18,27,0.9292,True,0,True
4064259,200,size_within_limit,392 sites > 150,1,392,,4581.1554,True,C75 H77 F9 N6 O22 Ru4 S3,H154 Ru8 C150 S6 N12 O44 F18,44,0.8591,True,0,False
4064340,200,ordered,partial or mixed site occupancy,1,192,,1740.5719,False,,Li2 B4 H106 C69 N4 O2,8,,True,0,False
4064441,200,size_within_limit,256 sites > 150,1,256,,2523.9296,True,C31 H31 F Ge,Ge4 H124 C124 F4,32,0.9491,True,0,False
4064535,200,size_within_limit,436 sites > 150,1,436,,4084.7039,True,C35 H66 Mg N6 O,Mg4 H264 C140 N24 O4,12,,True,0,False
4065057,200,size_within_limit,212 sites > 150,1,212,,2226.5471,True,C22 H22 F6 P2 Ru,P8 H88 Ru4 C88 F24,44,0.9494,True,0,False
4065114,200,size_within_limit,268 sites > 150,1,268,,3528.5124,True,C34 H10 B F20 O P,B4 P4 H40 C136 O4 F80,15,0.9387,True,0,False
4065304,200,size_within_limit,328 sites > 150,1,328,,3430.6341,True,C32 H40 Cl2 N4 P2 Pd2,P8 H160 Pd8 C128 N16 Cl8,46,0.9492,True,0,False
4065317,200,,,1,142,142,1406.459,True,C22 H38 Cl2 Fe N4 O2 P2,Fe2 P4 H76 C44 N8 Cl4 O4,26,0.7849,True,0,True
4065557,200,size_within_limit,252 sites > 150,1,252,,2333.6812,True,C22 H36 N2 Ni P2,Ni4 P8 H144 C88 N8,28,0.9499,True,0,False
4065855,200,ordered,partial or mixed site occupancy,1,1360,,12160.019,False,,Fe16 B16 P32 H688 C368 Br16 N48 O48 F64,35,,True,0,False
4066225,200,ordered,partial or mixed site occupancy,1,364,,2797.1039,False,,H152 Rh4 C120 N8 Cl4 O4,45,,True,0,False
4066243,200,ordered,partial or mixed site occupancy,1,342,,2740.8659,False,,Mo2 H180 C120 N4 O2,42,,True,0,False
4066384,200,size_within_limit,368 sites > 150,1,368,,4786.357,True,C43 H37 Cl F3 N O3 P2 Pd S,P8 H148 Pd4 C172 S4 N4 Cl4 O12 F12,46,0.9486,True,0,False
4066404,200,ordered,partial or mixed site occupancy,1,578,,4232.9604,False,,Zn20 H280 C118 N24 O16,30,,True,0,False
4066994,200,size_within_limit,252 sites > 150,1,252,,2384.2474,True,C23 H37 Cl Si U,U4 Si4 H148 C92 Cl4,92,0.8323,True,0,False
4067437,200,size_within_limit,272 sites > 150,1,272,,3045.3398,True,C28 H31 Cl5 N P Pd Ru,P4 H124 Pd4 Ru4 C112 N4 Cl20,46,0.9493,True,0,False
4067470,200,size_within_limit,208 sites > 150,1,208,,2092.7004,True,C17 H23 B7 Fe N O2 P,Fe4 B28 P4 H92 C68 N4 O8,26,0.8808,True,0,False
4067700,200,size_within_limit,400 sites > 150,1,400,,3959.3703,True,C36 H54 Cl4 N2 O3 Ti,Ti4 H216 C144 N8 Cl16 O12,22,0.9489,True,0,False
4067726,200,ordered,partial or mixed site occupancy,1,250,,2472.3434,False,,Zn4 P4 H103.43 C105.372 Cl7.314,30,,True,0,False
4068167,200,size_within_limit,592 sites > 150,1,592,,5416.8451,True,C60 H82 N4 Ni2,Ni8 H328 C240 N16,28,,True,0,False
4068219,200,size_within_limit,208 sites > 150,1,208,,1949.3643,True,C39 H57 N4 O Sc Si2,Sc2 Si4 H114 C78 N8 O2,21,0.9493,True,0,False
4068619,200,,,1,146,146,1606.5791,True,C26 H22 F12 N10 Ni P2,Ni2 P4 H44 C52 N20 F24,28,0.9293,True,0,True
4068917,200,ordered,partial or mixed site occupancy,1,452,,2946.3849,False,,Ni4 P4 H172 C112 Br4 N4,35,,True,0,False
4069058,200,ordered,partial or mixed site occupancy,1,96,,1801.4054,False,,P6 C69.116,15,,True,1,False
4069123,200,size_within_limit,372 sites > 150,1,372,,3460.4345,True,C31 H56 N3 O Si Y,Y4 Si4 H224 C124 N12 O4,39,0.9291,True,0,False
4069437,200,size_within_limit,284 sites > 150,1,284,,2920.1277,True,C44 H80 N6 O2 Si8 Yb2,Yb4 Si16 H160 C88 N12 O4,70,0.9291,True,0,False
4069503,200,ordered,partial or mixed site occupancy,1,576,,5227.9931,False,,Cu8 H280 C224 N32,29,,True,0,False
4069616,200,,,1,136,136,1366.8436,True,C25 H35 B Cl3 Fe N O Sn,Fe2 Sn2 B2 H70 C50 N2 Cl6 O2,50,0.9496,True,0,True
4069742,200,,,1,50,50,739.0599,True,C11 H4 O5 S4 W,H8 W2 C22 S8 O10,74,0.9495,True,0,True
4069760,200,size_within_limit,252 sites > 150,1,252,,2555.2449,True,C29 H23 B F8 N2,B4 H92 C116 N8 F32,9,0.9589,True,0,False
4069944,200,ordered,partial or mixed site occupancy,1,274,,2342.1592,False,,P4 H148 Au4 C94 Cl4,79,,True,0,False
4069951,200,ordered,partial or mixed site occupancy,1,230,,2431.7864,False,,P4 H94 Ru2 C119 Cl8,44,,True,1,False
4069987,200,size_within_limit,300 sites > 150,1,300,,2771.4115,True,C33 H39 N O Ru,H156 Ru4 C132 N4 O4,44,0.7855,True,0,False
4070091,200,ordered,partial or mixed site occupancy,1,255,,2342.5606,False,,P2 H86 Pt2 C79 N8 O24 F8,78,,True,0,False
4070109,200,size_within_limit,228 sites > 150,1,228,,2665.1832,True,C30 H15 Co2 F3 O7,Co8 H60 C120 O28 F12,27,0.7805,True,1,False
4070122,200,size_within_limit,380 sites > 150,1,380,,3587.6215,True,C31 H56 Br Cu Ge2 N4,Cu4 Ge8 H224 C124 Br4 N16,35,0.9585,True,0,False
4070363,200,ordered,partial or mixed site occupancy,1,228,,1563.9439,False,,Co4 H96 C64 Br4,35,,True,0,False
4070470,200,size_within_limit,496 sites > 150,1,496,,4878.7768,True,C28 H30 Cu N3,Cu8 H240 C224 N24,29,,True,0,False
4070476,200,,,1,90,90,813.8243,True,C20 H22 Ni O2,Ni2 H44 C40 O4,28,0.9496,True,0,True
4070590,200,ordered,partial or mixed site occupancy,1,664,,6276.8619,False,,Ti8 H240 C224 N16 Cl16 O16 F48,22,,True,0,False
4070728,200,size_within_limit,332 sites > 150,1,332,,2968.711,True,C31 H47 Al N2 O2,Al4 H188 C124 N8 O8,13,0.7683,True,0,False
4070809,200,ordered,partial or mixed site occupancy,1,238,,2187.558,False,,Sc2 Si4 H130 C86 N8,21,,True,0,False
4070838,200,size_within_limit,276 sites > 150,1,276,,2553.2718,True,C61 H73 B Ru3,B2 H146 Ru6 C122,44,0.9292,True,0,False
4070968,200,ordered,partial or mixed site occupancy,1,346,,3530.7796,False,,Lu2 H138 C150 N4 O6,71,,True,1,False
4071195,200,size_within_limit,284 sites > 150,1,284,,3085.5547,True,C31 H33 I O3 P2 Pd,P8 H132 Pd4 C124 I4 O12,53,0.9201,True,0,False
4071319,200,size_within_limit,344 sites > 150,1,344,,3650.3637,True,C24 H50 Cl2 N4 P2 Si2 Sn2,Si8 Sn8 P8 H200 C96 N16 Cl8,50,0.93,True,0,False
4071320,200,ordered,partial or mixed site occupancy,1,384,,4247.7185,False,,Si8 Sn8 P8 H184 C136 N16,50,,True,1,False
4071385,200,size_within_limit,740 sites > 150,1,740,,6568.2541,True,C60 H114 Cl2 O6 P2 Pt,P8 H456 Pt4 C240 Cl8 O24,78,,True,1,False
4071399,200,,,1,134,134,1417.0229,True,C32 H31 I P2 Ru,P4 H62 Ru2 C64 I2,53,0.9492,True,0,True
4071514,200,size_within_limit,816 sites > 150,1,816,,8640.6483,True,C38 H47 Cl4 F3 N3 O4 P Pd S,P8 H376 Pd8 C304 S8 N24 Cl32 O32 F24,46,,True,0,False
4071515,200,,,1,118,118,1273.2858,True,C21 H31 I2 N3 O Pd,H62 Pd2 C42 I4 N6 O2,53,0.8068,True,1,True
4071624,200,size_within_limit,200 sites > 150,1,200,,2246.8416,True,C25 H19 Cl N P Pd S2,P4 H76 Pd4 C100 S8 N4 Cl4,46,0.9208,True,0,False
4071683,200,size_within_limit,164 sites > 150,1,164,,1422.3967,True,C19 H19 N2 Rh,H76 Rh4 C76 N8,45,0.8807,True,0,False
4071868,200,size_within_limit,232 sites > 150,1,232,,2284.2246,True,C22 H31 I N2 O2,H124 C88 I4 N8 O8,53,0.9288,True,0,False
4071982,200,size_within_limit,242 sites > 150,1,242,,2508.3721,True,C70 H50 Ba,Ba2 H100 C140,56,0.9488,True,0,False
4071996,200,,,1,72,72,794.2046,True,C20 H12 B2 Br2,B4 H24 C40 Br4,35,0.9495,True,0,True
4072012,200,size_within_limit,188 sites > 150,1,188,,1926.3129,True,C16 H27 I Pd S2,H108 Pd4 C64 S8 I4,53,0.9291,True,0,False
4072113,200,size_within_limit,656 sites > 150,1,656,,6757.6931,True,C58 H94 N6 Si4 Zn2,Zn8 Si16 H376 C232 N24,30,,True,0,False
4072165,200,ordered,partial or mixed site occupancy,1,428,,3480.5595,False,,B4 H184 Rh8 C112 N24 O16 F16,45,,True,0,False
4072242,200,size_within_limit,488 sites > 150,1,488,,4649.3029,True,C43 H55 F3 N2 O16 S Ta2,Ta8 H220 C172 S4 N8 O64 F12,73,,True,0,False
4072488,200,size_within_limit,316 sites > 150,1,316,,3196.2377,True,C36 H35 N3 O3 Si2,Si8 H140 C144 N12 O12,14,0.9287,True,0,False
4072572,200,ordered,partial or mixed site occupancy,1,712,,4681.6525,False,,Ti8 Si8 H296 C184 S8 N8 O8,22,,True,0,False
4072600,200,hydrogen_declared_present,"formula declares H, no H site in the cell",1,292,,2549.0436,True,C28 H42 N P Ru,P4 H168 Ru4 C112 N4,44,,False,0,False
4072745,200,size_within_limit,196 sites > 150,1,196,,1964.2012,True,C44 H43 F7 Fe P3,Fe2 P6 H86 C88 F14,26,0.9294,True,0,False
4073067,200,ordered,partial or mixed site occupancy,1,992,,10164.1773,False,,P24 H432 Ru8 C408 Cl40 F48,44,,True,0,False
4073380,200,size_within_limit,168 sites > 150,1,168,,1617.1969,True,C37 H44 O2 Ti,Ti2 H88 C74 O4,22,0.9693,True,0,False
4073722,200,size_within_limit,248 sites > 150,1,248,,2259.5525,True,C23 H35 N O2 W,H140 W4 C92 N4 O8,74,0.9496,True,0,False
4073753,200,ordered,partial or mixed site occupancy,1,256,,2204.8389,False,,B4 H108 C84 N8 O24 F16,9,,True,0,False
4073754,200,ordered,partial or mixed site occupancy,1,464,,4134.2831,False,,H208 Pd8 C194 N16 O16,46,,True,0,False
4074132,200,ordered,partial or mixed site occupancy,1,122,,1380.7234,False,,Zn2 H16 C62 F36,30,,True,0,False
4074201,200,,,1,90,90,1281.0247,True,C24 H12 Cl8 Sn,Sn2 H24 C48 Cl16,50,0.9493,True,0,True
4074207,200,ordered,partial or mixed site occupancy,1,744,,6566.0463,False,,Si28 Sn4 H424 C240 O8,50,,True,0,False
4074332,200,size_within_limit,332 sites > 150,1,332,,3371.2204,True,C34 H45 P3 Sn,Sn4 P12 H180 C136,50,0.9488,True,0,False
4074335,200,size_within_limit,340 sites > 150,1,340,,3106.2591,True,C32 H48 Cl N3 Sn,Sn4 H192 C128 N12 Cl4,50,0.9492,True,0,False
4074337,200,size_within_limit,156 sites > 150,1,156,,1600.8931,True,C16 H16 O6 Si,Si4 H64 C64 O24,14,0.9501,True,0,False
4074363,200,ordered,partial or mixed site occupancy,1,124,,972.1134,False,,H48 Pd2 C28 S2 N8 Cl4 O2,46,,True,0,False
4074372,200,size_within_limit,376 sites > 150,1,376,,3822.1367,True,C21 H19 Ir N2 O4,H152 Ir8 C168 N16 O32,77,0.9489,True,0,False
4074610,200,ordered,partial or mixed site occupancy,1,1134,,13783.5457,False,,Ag8 Sb8 P32 H457 Pt8 C512 Cl32 F48,78,,True,1,False
4074623,200,size_within_limit,368 sites > 150,1,368,,3675.5071,True,C18 H22 Ga2 N4,Ga16 H176 C144 N32,31,0.9485,True,0,False
4074931,200,,,1,148,148,1867.392,True,C29 H36 I4 Nb O P Si2,Nb2 Si4 P2 H72 C58 I8 O2,53,0.929,True,0,True
4075030,200,ordered,partial or mixed site occupancy,1,876,,6468.6912,False,,H144 Rh18 C246 O72 F108,45,,True,2,False
4075044,200,ordered,partial or mixed site occupancy,1,928,,8892.5125,False,,P32 H496 Rh16 C288 N16 O32,45,,True,0,False
4075083,200,,,1,108,108,1284.4731,True,C19 H27 Au Cl Ge I N2 Si2,Si4 Ge2 H54 Au2 C38 I2 N4 Cl2,79,0.9274,True,0,True
4075238,200,ordered,partial or mixed site occupancy,1,102,,907.3315,False,,H44 Pd2 C33 Br4 N4,46,,True,0,False
4075476,200,size_within_limit,412 sites > 150,1,412,,4448.6947,True,C47 H45 Cl6 Fe N P2 Ru,Fe4 P8 H180 Ru4 C188 N4 Cl24,44,,True,0,False
4075728,200,size_within_limit,1020 sites > 150,1,1020,,9729.7441,True,C160 H302 Cu20 Fe4 P10 Se14,Fe8 Cu40 P20 H604 C320 Se28,34,,True,0,False
4075807,200,size_within_limit,280 sites > 150,1,280,,2699.9604,True,C25 H32 B N8 O3 Re,Re4 B4 H128 C100 N32 O12,75,0.8637,True,0,False
4076252,200,size_within_limit,584 sites > 150,1,584,,5612.2934,True,C53 H75 Mo2 N7 O9,Mo8 H300 C212 N28 O36,42,,True,0,False
4076315,200,size_within_limit,520 sites > 150,1,520,,5079.2257,True,C28 H33 Cl Cr N2,Cr8 H264 C224 N16 Cl8,24,,True,0,False
4076447,200,size_within_limit,392 sites > 150,1,392,,3415.1576,True,C17 H29 Ir N2,H232 Ir8 C136 N16,77,0.9497,True,0,False
4076465,200,ordered,partial or mixed site occupancy,1,672,,6462.6708,False,,Fe4 B8 P8 H252 Pt4 C240 Br4 F96,78,,True,0,False
4076582,200,size_within_limit,240 sites > 150,1,240,,2360.9935,True,C34 H74 N6 Si4 Sn2,Si8 Sn4 H148 C68 N12,50,0.9503,True,0,False
4076600,200,ordered,partial or mixed site occupancy,1,264,,2402.0591,False,,P4 H112 Ru4 C88 N12 O4 F24,44,,True,0,False
4076622,200,ordered,partial or mixed site occupancy,1,208,,2162.3708,False,,H64 Ru8 C88 O32,44,,False,0,False
4076768,200,,,1,130,130,1442.734,True,C33 H15 B F15 N,B2 H30 C66 N2 F30,9,0.9497,True,0,True
4076797,200,size_within_limit,500 sites > 150,1,500,,5924.0968,True,C87 H23 N2 O7 Os3 P S2,P4 H92 Os12 C348 S8 N8 O28,76,,True,0,False
4076986,200,ordered,partial or mixed site occupancy,1,334,,3738.1906,False,,Mg2 Ti12 H128 C146 N16,22,,True,1,False
4077021,200,ordered,partial or mixed site occupancy,1,92,,819.4403,False,,Cu2 H42 C22 S2 N4 O8 F6,29,,True,0,False
4077175,200,,,1,76,76,846.7522,True,C24 H36 Fe2 O12 Sn2,Fe2 Sn2 H36 C24 O12,50,0.9592,True,0,True
4077232,200,size_within_limit,220 sites > 150,1,220,,1992.8442,True,C19 H31 B F4,B4 H124 C76 F16,9,0.9396,True,0,False
4077514,200,ordered,partial or mixed site occupancy,1,332,,2973.9694,False,,Fe4 P16 H168 C104 F24,26,,True,0,False
4077533,200,ordered,partial or mixed site occupancy,1,216,,2181.7719,False,,H88 Pt4 C68 N16 Cl12 O4,78,,True,1,False
4077595,200,ordered,partial or mixed site occupancy,1,148,,2091.1036,False,,H42 Ru6 C76 N2 Cl0.6 O18,44,,True,0,False
4077681,200,size_within_limit,528 sites > 150,1,528,,5240.1222,True,C26 H36 P2 Rh2,P16 H288 Rh16 C208,45,,True,0,False
4077751,200,ordered,partial or mixed site occupancy,1,560,,6288.404,False,,Gd16 Si16 H256 C224 N20 Cl8 O12,64,,True,1,False
4077811,200,size_within_limit,208 sites > 150,1,208,,2226.9472,True,C26 H24 Si2,Si8 H96 C104,14,0.9006,True,0,False
4077865,200,size_within_limit,316 sites > 150,1,316,,3241.1617,True,C34 H35 As F6 O P2,As4 P8 H140 C136 O4 F24,33,0.9992,True,0,False
4078184,200,ordered,partial or mixed site occupancy,1,568,,5085.812,False,,B8 P8 H304 Rh8 C164 N24 O4 F32,45,,True,0,False
4078568,200,size_within_limit,280 sites > 150,1,280,,3008.2443,True,C33 H29 Cl2 F2 Ir N P S,P4 H116 Ir4 C132 S4 N4 Cl8 F8,77,0.9489,True,0,False
4079039,200,size_within_limit,344 sites > 150,1,344,,4300.8412,True,C40 H32 Cl4 P4 S4 Sn2,Sn8 P16 H128 C160 S16 Cl16,50,0.9489,True,0,False
4079083,200,size_within_limit,344 sites > 150,1,344,,4181.704,True,C18 H18 Cl2 N2 O2 Ru,H144 Ru8 C144 N16 Cl16 O16,44,0.929,True,0,False
4079160,200,ordered,partial or mixed site occupancy,1,444,,4394.1693,False,,Yb4 B4 H184 C184 N16 O8,70,,True,1,False
4079275,200,size_within_limit,340 sites > 150,1,340,,3422.0447,True,C45 H38 P Rh,P4 H152 Rh4 C180,45,0.9486,True,0,False
4079468,200,ordered,partial or mixed site occupancy,1,428,,3981.446,False,,Al4 H216 C164 N16 Cl4 O8,17,,True,1,False
4079568,200,ordered,partial or mixed site occupancy,1,256,,3382.1762,False,,Ag16 H48 C104 N24 O24 F36,47,,True,0,False
4079860,200,size_within_limit,380 sites > 150,1,380,,3826.0722,True,C20.5 H20 Cl Fe N3 O2,Fe8 H160 C164 N24 Cl8 O16,26,0.8798,True,0,False
4079907,200,size_within_limit,268 sites > 150,1,268,,2841.8443,True,C31 H32 Bi N S2,Bi4 H128 C124 S8 N4,83,0.9285,True,0,False
4079956,200,size_within_limit,436 sites > 150,1,436,,3864.0049,True,C32 H66 Li N Ni O6 P2,Li4 Ni4 P8 H264 C128 N4 O24,28,,True,0,False
4080050,200,size_within_limit,288 sites > 150,1,288,,2589.807,True,C18 H17 N,H136 C144 N8,7,0.9438,True,0,False
4080082,200,size_within_limit,248 sites > 150,1,248,,2153.969,True,C23 H37 N Zn,Zn4 H148 C92 N4,30,0.9789,True,0,False
4080348,200,ordered,partial or mixed site occupancy,1,292,,2542.442,False,,Li2 Nd2 Si8 H160 C88 O8,60,,True,0,False
4080479,200,ordered,partial or mixed site occupancy,1,196,,1711.9966,False,,H96 Pd2 C58 S2 N6 Cl4 O8 F6,46,,True,0,False
4080612,200,,,1,112,112,1105.2093,True,C24 H30 Ge2,Ge4 H60 C48,32,0.9494,True,0,True
4080902,200,size_within_limit,576 sites > 150,1,576,,6153.4725,True,C62 H66 Au3 Cl2 Cu F6 P4,Cu4 P16 H264 Au12 C248 Cl8 F24,79,,True,0,False
4081050,200,size_within_limit,220 sites > 150,1,220,,2142.3122,True,C22 H29 Cl2 N Ti,Ti4 H116 C88 N4 Cl8,22,0.9498,True,0,False
4081231,200,size_within_limit,272 sites > 150,1,272,,2836.3432,True,C52 H62 Cl2 Li2 O12 P2 Pd2 S2,Li4 P4 H124 Pd4 C104 S4 Cl4 O24,46,0.949,True,0,False
4081281,200,size_within_limit,336 sites > 150,1,336,,3195.1409,True,C33 H44 Cl2 N O P W2,P4 H176 W8 C132 N4 Cl8 O4,74,0.8226,True,0,False
4081321,200,,,1,148,148,1710.3629,True,C13 H18 Au Br3 N2,H72 Au4 C52 Br12 N8,79,0.9398,True,0,True
4081417,200,ordered,partial or mixed site occupancy,1,896,,7691.2515,False,,H456 Ru8 C328 N16 O28,44,,True,0,False
4081602,200,ordered,partial or mixed site occupancy,1,356,,3747.4842,False,,Si8 Sb4 P8 H164 C124 N8 F24,51,,True,0,False
4081718,200,size_within_limit,816 sites > 150,1,816,,8436.75,True,C51 H46 B Ge P3,Ge8 B8 P24 H368 C408,32,,True,0,False
4081729,200,ordered,partial or mixed site occupancy,1,676,,6879.116,False,,P8 H336 C244 S4 N16 Cl12 O18 F12,17,,True,0,False
4081850,200,,,1,100,100,836.9864,True,C18 H30 B N,B2 H60 C36 N2,7,0.9497,True,0,True
4081947,200,size_within_limit,312 sites > 150,1,312,,4022.6817,True,C14 H7 Cl F12 O2 Os P2,P16 H56 Os8 C112 Cl8 O16 F96,76,0.9496,True,0,False
4082087,200,size_within_limit,356 sites > 150,1,356,,3550.9874,True,C35 H49 Li N2 O2,Li4 H196 C140 N8 O8,8,0.9295,True,0,False
4082425,200,size_within_limit,360 sites > 150,1,360,,3754.2328,True,C21 H16 F5 N3,H128 C168 N24 F40,9,0.8601,True,0,False
4082567,200,size_within_limit,176 sites > 150,1,176,,1712.0381,True,C26 H48 Cu F3 N4 O4 S Si,Cu2 Si2 H96 C52 S2 N8 O8 F6,29,0.9494,True,0,False
4082597,200,size_within_limit,268 sites > 150,1,268,,2573.8198,True,C27 H35 N3 O Zn,Zn4 H140 C108 N12 O4,30,0.9291,True,0,False
4082603,200,size_within_limit,332 sites > 150,1,332,,3242.6278,True,C25 H37 B F3 N10 O4 P S W,B4 P4 H148 W4 C100 S4 N40 O16 F12,74,0.9287,True,0,False
4082745,200,ordered,partial or mixed site occupancy,1,122,,1253.7866,False,,Gd2 Si2 H66 C48 N4,64,,True,0,False
4082826,200,size_within_limit,308 sites > 150,1,308,,5439.8583,True,C107 F3 N10 O25 Ru4 S5,Ru8 C214 S10 N20 O50 F6,44,0.9313,True,0,False
4082857,200,size_within_limit,160 sites > 150,1,160,,1658.0381,True,C38 H33 Cl N4 O3 Pt,H66 Pt2 C76 N8 Cl2 O6,78,0.9287,True,0,False
4082949,200,size_within_limit,200 sites > 150,1,200,,2022.4989,True,C19 H21 B Cl F N6 Os,B4 H84 Os4 C76 N24 Cl4 F4,76,0.9163,True,0,False
4083024,200,ordered,partial or mixed site occupancy,1,552,,4969.0319,False,,Zn8 H264 C200 N16 O20,30,,True,0,False
4083080,200,ordered,partial or mixed site occupancy,1,248,,2679.5713,False,,H96 Au4 C76 S8 N12 O20 F24,79,,True,0,False
4083175,200,size_within_limit,484 sites > 150,1,484,,5125.3507,True,C46 H60 B Cl2 F4 Ge3 P3 Pt3,Ge12 B4 P12 H236 Pt12 C184 Cl8 F16,78,,True,1,False
4083263,200,ordered,partial or mixed site occupancy,1,332,,2832.1791,False,,H176 Rh4 C116 N8 Cl4,45,,True,0,False
4083316,200,ordered,partial or mixed site occupancy,1,696,,6935.3582,False,,Si12 H268 C308 N12 O8,14,,True,0,False
4083348,200,ordered,partial or mixed site occupancy,1,108,,743.9711,False,,H38 C24 N2 O8 F12,9,,True,0,False
4083720,200,size_within_limit,456 sites > 150,1,456,,4672.1031,True,C56 H53 Fe P3 Se,Fe4 P12 H212 C224 Se4,34,,True,0,False
4083941,200,size_within_limit,232 sites > 150,1,232,,2550.4619,True,C63 H43 Fe2 O5 P Ru2,Fe4 P2 H86 Ru4 C126 O10,44,0.9288,True,0,False
4084047,200,,,1,88,88,880.6035,True,C16 H22 Cr2 O2 P2,Cr4 P4 H44 C32 O4,24,0.7085,True,0,True
4084171,200,size_within_limit,168 sites > 150,1,168,,1804.5746,True,C15 H22 Br N O2 Sn,Sn4 H88 C60 Br4 N4 O8,50,0.9287,True,0,False
4084189,200,size_within_limit,176 sites > 150,1,176,,1968.7692,True,C13 H25 B I3 N S,B4 H100 C52 S4 I12 N4,53,0.9596,True,1,False
4084638,200,,,1,52,52,599.0284,True,C6 H14 Cl2 O2 Sn2,Sn4 H28 C12 Cl4 O4,50,0.9794,True,0,True
4084778,200,,,1,114,114,1070.048,True,C18 H31 N3 Ni O2 P2,Ni2 P4 H62 C36 N6 O4,28,0.9502,True,0,True
4084942,200,ordered,partial or mixed site occupancy,1,624,,6187.7852,False,,B4 P8 H188 Pd4 C216 S4 N4 O24 F60,46,,True,0,False
4085079,200,size_within_limit,644 sites > 150,1,644,,6868.0639,True,C63 H62 F24 Ge2 N2 O8,Ge8 H248 C252 N8 O32 F96,32,,True,1,False
4085398,200,ordered,partial or mixed site occupancy,1,292,,2319.3537,False,,P8 H104 C60 N16 F48,15,,True,0,False
4085564,200,size_within_limit,452 sites > 150,1,452,,5141.493,True,C56 H46 Cl6 P3 Pt Sb,Sb4 P12 H184 Pt4 C224 Cl24,78,,True,0,False
4085718,200,size_within_limit,212 sites > 150,1,212,,2096.1484,True,C18 H31 I N P Pd,P4 H124 Pd4 C72 I4 N4,53,0.9299,True,1,False
4085731,200,size_within_limit,164 sites > 150,1,164,,1622.2649,True,C33 H42 N O4 P Si,Si2 P2 H84 C66 N2 O8,15,0.9495,True,0,False
4085747,200,size_within_limit,342 sites > 150,1,342,,3883.5988,True,C23 H29 Co I N P2,Co6 P12 H174 C138 I6 N6,53,0.9285,True,0,False
4085764,200,size_within_limit,280 sites > 150,1,280,,2547.3092,True,C27 H33 Mn N6 O3,Mn4 H132 C108 N24 O12,25,0.9496,True,0,False
4085843,200,ordered,partial or mixed site occupancy,1,476,,4376.8397,False,,Ta4 H232 C194 N12,73,,True,0,False
4085877,200,size_within_limit,328 sites > 150,1,328,,3521.1617,True,C15 H23 N Si2,Si16 H184 C120 N8,14,0.9294,True,0,False
4086407,200,size_within_limit,204 sites > 150,1,204,,1905.7525,True,C18 H26 Cl Ir N2 O2 S,H104 Ir4 C72 S4 N8 Cl4 O8,77,0.9491,True,0,False
4086415,200,size_within_limit,824 sites > 150,1,824,,9336.2837,True,C41 H47 F6 Fe Ni O2 P3 S2,Fe8 Ni8 P24 H376 C328 S16 O16 F48,28,,True,0,False
4086714,200,size_within_limit,240 sites > 150,1,240,,2362.1116,True,C20 H31 N O5 P2 W,P8 H124 W4 C80 N4 O20,74,0.9495,True,0,False
4086773,200,ordered,partial or mixed site occupancy,1,180,,1594.5096,False,,Co4 H80 C52 N12 O12,27,,True,0,False
4086962,200,size_within_limit,524 sites > 150,1,524,,4968.0047,True,C28 H34 N3 Ni0.5,Ni4 H272 C224 N24,28,,True,0,False
4087079,200,size_within_limit,632 sites > 150,1,632,,6878.3821,True,C33 H37 Ca I2 N5 O,Ca8 H296 C264 I16 N40 O8,53,,True,0,False
4087313,200,size_within_limit,192 sites > 150,1,192,,2144.2155,True,C22 H18 Au Br N6,H72 Au4 C88 Br4 N24,79,0.9489,True,0,False
4087658,200,size_within_limit,752 sites > 150,1,752,,8316.0811,True,C84 H94 N8 Y2,Y8 H376 C336 N32,39,,True,0,False
4087785,200,size_within_limit,776 sites > 150,1,776,,7367.8298,True,C60 H116 Cl4 Cu10 N4,Cu40 H464 C240 N16 Cl16,29,,True,0,False
4087801,200,ordered,partial or mixed site occupancy,1,476,,4271.1505,False,,Y4 Si16 P4 H252 C140 N12,39,,True,0,False
4088224,200,size_within_limit,340 sites > 150,1,340,,3557.8592,True,C36 H41 Cl Co N2 P3 Si,Co4 Si4 P12 H164 C144 N8 Cl4,27,0.9293,True,0,False
4088758,200,size_within_limit,278 sites > 150,1,278,,2920.3693,True,C70 H60 Co F N2 O3 P2,Co2 P4 H120 C140 N4 O6 F2,27,0.9491,True,0,False
4088922,200,size_within_limit,484 sites > 150,1,484,,4685.7575,True,C38 H73 Ca K N4 Si4,K4 Ca4 Si16 H292 C152 N16,20,,True,0,False
4089222,200,size_within_limit,196 sites > 150,1,196,,1958.058,True,C43 H43 Cl3 Ir N5 O3,H86 Ir2 C86 N10 Cl6 O6,77,0.8697,True,1,False
4089281,200,ordered,partial or mixed site occupancy,1,856,,6917.2896,False,,Y4 Si12 H444 C268 N8 O12,39,,True,0,False
4089499,200,size_within_limit,168 sites > 150,1,168,,1756.0397,True,C15 H22 I N2 P Pt,P4 H88 Pt4 C60 I4 N8,78,0.949,True,0,False
4100011,200,ordered,partial or mixed site occupancy,1,796,,6399.347,False,,B16 P8 H432 Rh8 C224 O32,45,,True,0,False
4100413,200,ordered,partial or mixed site occupancy,1,696,,7201.6996,False,,H312 C216 N48 O90,8,,True,1,False
4100418,200,ordered,partial or mixed site occupancy,1,266,,4375.6607,False,,K20 Na6 P4 Pd2 W38 O178,74,,False,1,False
4100617,200,size_within_limit,264 sites > 150,1,264,,3267.6816,True,C32 H20 N O9 P Ru3,P4 H80 Ru12 C128 N4 O36,44,0.9386,True,0,False
4100795,200,,,1,134,134,1453.891,True,C36 H32 N O3 Si,Si2 H54 C70 N2 O6,14,0.9586,True,1,True
4101025,200,size_within_limit,156 sites > 150,1,156,,2015.4522,True,C33 H26 Cl10 N6 O2 Ru,H52 Ru2 C66 N12 Cl20 O4,44,0.9293,True,0,False
4101089,200,ordered,partial or mixed site occupancy,1,422,,3322.8666,False,,H130 C138 S4 N8 Cl18 O8,17,,True,0,False
4101219,200,ordered,partial or mixed site occupancy,1,440,,4436.2472,False,,K6 Ni4 Ge18 H230 C128 N16 O36,32,,True,1,False
4101289,200,size_within_limit,256 sites > 150,1,256,,2517.2794,True,C21 H33 B N6 P2 Ru,B4 P8 H132 Ru4 C84 N24,44,0.929,True,0,False
4101334,200,size_within_limit,254 sites > 150,1,254,,2913.8583,True,C73 H50 O4,H100 C146 O8,8,0.7585,True,0,False
4101410,200,ordered,partial or mixed site occupancy,1,285,,5376.3579,False,,Ge53.908 C38.66 N13.44 O139.846,32,,True,1,False
4101530,200,ordered,partial or mixed site occupancy,1,70,,1876.0766,False,,K9.2 Zn8 Sn10 S34 N2.8,50,,False,1,False
4101799,200,size_within_limit,180 sites > 150,1,180,,1902.1356,True,C23 H19 Cl O2,H76 C92 Cl4 O8,17,0.6985,True,0,False
4102105,200,,,1,77,77,863.5011,True,C35 H24 Cu2 N2 O14,Cu2 H24 C35 N2 O14,29,0.9493,True,0,True
4102465,200,,,1,144,144,1336.1321,True,C23 H43 B O4 Si,Si2 B2 H86 C46 O8,14,0.9302,True,1,True
4102499,200,,,1,112,112,1054.2566,True,C12 H14 N2,H56 C48 N8,7,0.9495,True,0,True
4102519,200,size_within_limit,276 sites > 150,1,276,,2657.2446,True,C17 H36 Cl2 Cu N5 O8,Cu4 H144 C68 N20 Cl8 O32,29,0.959,True,0,False
4102530,200,,,1,68,68,686.0419,True,C16 H8 N6 O4,H16 C32 N12 O8,8,0.95,True,0,True
4102777,200,size_within_limit,352 sites > 150,1,352,,2971.8877,True,C32 H53 N2 P,P4 H212 C128 N8,15,0.9498,True,0,False
4102858,200,size_within_limit,160 sites > 150,1,160,,1503.5819,True,C19 H18 N2 O,H72 C76 N8 O4,8,0.9295,True,0,False
4102879,200,,,1,32,32,797.0057,True,As4 S4,As16 S16,33,2.2315,False,0,True
4103230,200,ordered,partial or mixed site occupancy,1,194,,2045.8133,False,,Cr4 Fe2 H68 C82 N24 Cl8,26,,True,0,False
4103335,200,size_within_limit,328 sites > 150,1,328,,3442.4857,True,C77.5 H83 N2 O3 P2 Si3 Y,Y2 Si6 P4 H158 C148 N4 O6,39,0.9489,True,1,False
4104059,200,ordered,partial or mixed site occupancy,1,6312,,115401.7207,False,,Cd72.96 H2496 Pb23.04 C2688 O648,82,,True,0,False
4104264,200,ordered,partial or mixed site occupancy,1,218,,2285.446,False,,Cu2 B2 H60 C97 N8 F40,29,,True,1,False
4104521,200,size_within_limit,520 sites > 150,1,520,,4534.5192,True,C48 H76 Cl2 P2 Pd2,P8 H304 Pd8 C192 Cl8,46,,True,0,False
4104570,200,,,1,20,20,578.9776,True,Ba Hg2 Tl2,Ba4 Tl8 Hg8,81,2.8524,False,0,True
4104759,200,size_within_limit,152 sites > 150,1,152,,1479.8256,True,C26 H12,H48 C104,6,0.971,True,0,False
4104763,200,ordered,partial or mixed site occupancy,1,994,,8236.2889,False,,In16 H43.824 C128.496 N68.26 O98.832,49,,True,1,False
4104896,200,ordered,partial or mixed site occupancy,1,380,,3115.7504,False,,H144 C112 S12 N16 O28,16,,True,0,False
4104915,200,,,1,82,82,820.0604,True,C14 H16 N2 O8 S,H32 C28 S2 N4 O16,16,0.8393,True,0,True
4104955,200,ordered,partial or mixed site occupancy,1,340,,3694.5356,False,,Fe4 H128 C132 S8 N24 O28,26,,True,0,False
4105034,200,size_within_limit,318 sites > 150,1,318,,2759.4326,True,C62 H95 P Si,Si2 P2 H190 C124,15,0.9498,True,0,False
4105040,200,,,1,4,1,45.9562,True,Cu,Cu4,29,2.5328,False,0,True
4105217,200,,,1,46,23,755.5359,True,Cs2 K O14 Si4 U2,Cs4 K2 U4 Si8 O28,92,1.6015,False,0,True
4105323,200,size_within_limit,472 sites > 150,1,472,,4347.3716,True,C55 H61 Ge N,Ge4 H244 C220 N4,32,,True,0,False
4105468,200,size_within_limit,152 sites > 150,1,152,,1304.3267,True,C56 H90 Br2 Cu4,Cu4 H90 C56 Br2,35,0.95,True,0,False
4105518,200,size_within_limit,652 sites > 150,1,652,,6513.7056,True,C34.5 H36 B Cl F2 N4 Pt S2,B8 H288 Pt8 C276 S16 N32 Cl8 F16,78,,True,0,False
4105692,200,size_within_limit,720 sites > 150,1,720,,6565.8367,True,C18 H22 N2 O3,H352 C288 N32 O48,8,,True,0,False
4105932,200,,,1,104,104,1180.2214,True,C12 H10 Br2 O2,H40 C48 Br8 O8,35,0.9498,True,0,True
4106505,200,ordered,partial or mixed site occupancy,1,328,,3256.3993,False,,Fe4 H136 C120 N24 Cl8 O32,26,,True,0,False
4106511,200,,,1,120,120,1063.3613,True,C15 H35 Cl2 Fe N7,Fe2 H70 C30 N14 Cl4,26,0.9792,True,0,True
4106596,200,size_within_limit,720 sites > 150,1,720,,7409.534,True,C74 H77 B F24 N Ni P2,Ni4 B4 P8 H308 C296 N4 F96,28,,True,1,False
4106714,200,ordered,partial or mixed site occupancy,1,285,,2543.249,False,,H152 C94 S7 N16 O6 F6,16,,True,0,False
4106989,200,,,1,149,149,1467.2354,True,C58 H66 Mn6 N19,Mn6 H66 C58 N19,25,0.9295,True,0,True
4107063,200,,,1,84,84,825.0718,True,C18 H19 N O3 S,H38 C36 S2 N2 O6,16,0.9495,True,0,True
4107221,200,ordered,partial or mixed site occupancy,1,768,,8086.8211,False,,Cu8 H192 C312.032 N84.016 Cl16 O64,29,,True,1,False
4107624,200,ordered,partial or mixed site occupancy,1,294,,2708.0233,False,,K2 Si2 B2 H148 C108 N4 O14 F4,19,,True,0,False
4107764,200,,,1,128,128,1126.2919,True,C9 H18 N2 Pt S2,H72 Pt4 C36 S8 N8,78,0.9574,True,0,True
4108022,200,,,1,116,58,1633.5794,True,C10 H10 Cl6 Co N2,Co4 H40 C40 N8 Cl24,27,0.8702,True,0,True
4108027,200,,,1,116,58,1596.7263,True,C10 H10 Cl6 Co N2,Co4 H40 C40 N8 Cl24,27,0.8804,True,0,True
4108099,200,,,1,104,104,1029.7579,True,C24 H22 O4 S2,H44 C48 S4 O8,16,0.9497,True,0,True
4108246,200,size_within_limit,228 sites > 150,1,228,,2036.3571,True,C44 H65 N4 Nb,Nb2 H130 C88 N8,41,0.929,True,0,False
4108282,200,size_within_limit,160 sites > 150,1,160,,1599.248,True,C30 H40 O7 Ru S2,H80 Ru2 C60 S4 O14,44,0.9394,True,0,False
4108419,200,,,1,102,102,864.1362,True,C19 H28 O4,H56 C38 O8,8,0.8404,True,0,True
4108485,200,,,1,102,102,1130.2777,True,C16 H18 F3 N6 O6 Re S,Re2 H36 C32 S2 N12 O12 F6,75,0.9014,True,0,True
4108638,200,size_within_limit,3040 sites > 150,1,3040,,39013.1999,True,C342 H288 B16 Co8 F64 N72 O6,Co32 B40 H1128 C1368 N288 O24 F160,27,,True,1,False
4108686,200,size_within_limit,208 sites > 150,1,208,,2324.8455,True,C10 H24 F6 O6 P4 S2,P16 H96 C40 S8 O24 F24,16,0.9792,True,0,False
4108979,200,,,1,76,76,763.1307,True,C18 H14 F N O4,H28 C36 N2 O8 F2,9,0.9496,True,0,True
4109089,200,ordered,partial or mixed site occupancy,1,372,,3665.5518,False,,Al4 H188 C148 N8 Cl4 O8,17,,True,1,False
4109139,200,size_within_limit,320 sites > 150,1,320,,2992.4686,True,C9 H9 N O,H144 C144 N16 O16,8,0.8406,True,0,False
4109144,200,size_within_limit,856 sites > 150,1,856,,8137.9865,True,C44 H52 N6 Ni2 O3,Ni16 H416 C352 N48 O24,28,,True,0,False
4109323,200,size_within_limit,340 sites > 150,1,340,,3378.7106,True,C36 H40 F6 N2 Th,Th4 H160 C144 N8 F24,90,0.9303,True,0,False
4109608,200,ordered,partial or mixed site occupancy,1,528,,4968.9392,False,,Si4 P8 H244 Pt4 C212.006 F20,78,,True,0,False
4109747,200,size_within_limit,308 sites > 150,1,308,,3307.3201,True,C78 H168 K4 N14 O24 Pd2 Sn18,K4 Sn18 H168 Pd2 C78 N14 O24,50,0.8542,True,0,False
4109765,200,ordered,partial or mixed site occupancy,1,48,,1287.4077,False,,Ca18 Zn8.204 Bi18,83,,False,0,False
4109770,200,ordered,partial or mixed site occupancy,1,392,,2981.5986,False,,H176 C136 O32,8,,True,0,False
4109777,200,ordered,partial or mixed site occupancy,1,250,,2283.7202,False,,H112 C84 N4 Cl4 O24,17,,True,0,False
4109911,200,,,1,94,94,891.2163,True,C15 H30 Al2,Al4 H60 C30,13,0.9594,True,0,True
4110049,200,ordered,partial or mixed site occupancy,1,79,,794.9544,False,,H28 C40,6,,True,1,False
4110075,200,ordered,partial or mixed site occupancy,1,1036,,9233.1506,False,,H368 Ru16 C368 S8 N48 O56 F24,44,,True,0,False
4110097,200,,,1,92,92,889.4645,True,C16 H23 N O5 S,H46 C32 S2 N2 O10,16,0.8603,True,0,True
4110142,200,size_within_limit,172 sites > 150,1,172,,1904.4742,True,C20 H13 Br F4 N4 O,H52 C80 Br4 N16 O4 F16,35,0.7945,True,0,False
4110145,200,size_within_limit,348 sites > 150,1,348,,3965.8357,True,C24 H36 Mn3 Mo2 N16 O6,Mn12 Mo8 H144 C96 N64 O24,42,0.8909,True,0,False
4110180,200,size_within_limit,152 sites > 150,1,152,,1468.71,True,C34 H35 Cu N2 O4,Cu2 H70 C68 N4 O8,29,0.9492,True,0,False
4110259,200,,,1,142,142,1375.8823,True,C14 H18 Cl N2 Pd0.5,H72 Pd2 C56 N8 Cl4,46,0.9295,True,0,True
4110421,200,ordered,partial or mixed site occupancy,1,960,,6016.9576,False,,H272 C304 N48,7,,True,0,False
4110649,200,size_within_limit,664 sites > 150,1,664,,6401.0246,True,C33 H36 N5 O9,H288 C264 N40 O72,8,,True,0,False
4110724,200,ordered,partial or mixed site occupancy,1,322,,3169.7927,False,,K4 Ge2 H156 C108 N12 O32,32,,True,0,False
4110764,200,,,1,58,58,831.5404,True,C10 H10 Br2 Cl4 Cu N2,Cu2 H20 C20 Br4 N4 Cl8,35,0.879,True,0,True
4110801,200,ordered,partial or mixed site occupancy,1,968,,7536.116,False,,Sc8 H456 C264 O48,21,,True,1,False
4110806,200,ordered,partial or mixed site occupancy,1,320,,2642.2423,False,,P4 H136 Rh4 C88 F24,45,,True,1,False
4110859,200,ordered,partial or mixed site occupancy,1,1468,,15426.6069,False,,Li4 Ti8 P24 H588 C660 S48 N48 O40,22,,True,1,False
4110897,200,,,1,128,128,1201.0545,True,C27 H34 Ga N Si,Ga2 Si2 H68 C54 N2,31,0.9501,True,0,True
4110972,200,size_within_limit,536 sites > 150,1,536,,4858.9751,True,C51 H79 N2 P Ti,Ti4 P4 H316 C204 N8,22,,True,0,False
4111110,200,ordered,partial or mixed site occupancy,1,480,,4740.6692,False,,Ti4 Al4 B4 H176 C168 N16 Cl8 F80,22,,True,0,False
4111277,200,size_within_limit,184 sites > 150,1,184,,1668.8813,True,C14 H22 N O4,H108 C56 N4 O16,8,0.7633,True,1,False
4111330,200,size_within_limit,276 sites > 150,1,276,,2480.7788,True,C29 H38 O2,H152 C116 O8,8,0.8186,True,0,False
4111729,200,size_within_limit,604 sites > 150,1,604,,6040.8273,True,C86 H160 Ge18 K4 N8 O24 Pd2,K8 Ge36 H320 Pd4 C172 N16 O48,46,,True,0,False
4111799,200,,,1,68,68,785.4437,True,C16 H8 N4 S4,H16 C36 S8 N8,16,0.9409,True,1,True
4111800,200,,,1,76,76,830.268,True,C22 H12 S4,H24 C44 S8,16,0.915,True,0,True
4111881,200,,,1,128,128,1156.8643,True,C12 H15 N O4,H60 C48 N4 O16,8,0.8451,True,0,True
4111900,200,ordered,partial or mixed site occupancy,1,944,,6584.3631,False,,H172 Ru8 C232 N32 Cl68 O2,44,,True,0,False
4111905,200,size_within_limit,296 sites > 150,1,296,,2909.8011,True,C35 H33 N O3 S2,H132 C140 S8 N4 O12,16,0.7993,True,0,False
4112156,200,size_within_limit,408 sites > 150,1,408,,4633.3563,True,C47 H31 B F20 O Si Zr,Zr4 Si4 B4 H124 C188 O4 F80,40,,True,0,False
4112193,200,size_within_limit,288 sites > 150,1,288,,2544.346,True,C20 H46 B2 Br2 P2,B8 P8 H184 C80 Br8,35,0.9788,True,0,False
4112295,200,size_within_limit,152 sites > 150,1,152,,1502.8675,True,C31 H37 Cl2 N5 Zn,Zn2 H74 C62 N10 Cl4,30,0.9287,True,0,False
4112331,200,ordered,partial or mixed site occupancy,1,932,,9547.2104,False,,Fe8 P8 H384 C476 N8 Cl8 O32,26,,True,1,False
4112598,200,ordered,partial or mixed site occupancy,1,264,,2827.1318,False,,H90 C118 N12 Cl11.98 O10 F12,17,,True,1,False
4112880,200,,,1,76,76,1071.5405,True,Eu H2 K3 O10 Si3,K12 Eu4 Si12 H8 O40,63,0.9532,False,0,True
4112904,200,ordered,partial or mixed site occupancy,1,816,,7456.0816,False,,V8 H400 C280 S8 N16 O24 F24,23,,True,0,False
4112946,200,size_within_limit,386 sites > 150,1,386,,3521.6017,True,C58 H118 Fe Mg4 N8 Na4,Na8 Mg8 Fe2 H236 C116 N16,26,0.9788,True,0,False
4112959,200,hydrogen_declared_present,"formula declares H, no H site in the cell",1,108,,2347.3056,True,C48 H86 Ni2 O2 P2,Ni4 P4 C96 O4,28,,True,1,False
4113120,200,ordered,partial or mixed site occupancy,1,1672,,19992.0789,False,,K4 Na8 H462 W144 C204 N34 O671.2,74,,True,1,False
4113179,200,size_within_limit,216 sites > 150,1,216,,2089.1731,True,C38 H56 Cl4 N4 O4 Pd2,H112 Pd4 C76 N8 Cl8 O8,46,0.9692,True,0,False
4113194,200,size_within_limit,352 sites > 150,1,352,,3351.0145,True,C42 H42 N2 Si Zr,Zr4 Si4 H168 C168 N8,40,0.9291,True,0,False
4113556,200,ordered,partial or mixed site occupancy,1,552,,4284.6077,False,,Si8 H224 C167.96 O20,14,,True,0,False
4113743,200,size_within_limit,532 sites > 150,1,532,,5213.4887,True,C54 H65 K2 O12,K8 H260 C216 O48,19,,True,0,False
4113780,200,,,1,82,82,881.5064,True,C18 H12 Cd N4 O6,Cd2 H24 C36 N8 O12,48,0.9493,True,1,True
4113829,200,size_within_limit,456 sites > 150,1,456,,4517.3129,True,C49 H55 B Cl4 N4 W,B4 H220 W4 C196 N16 Cl16,74,,True,0,False
4113888,200,size_within_limit,164 sites > 150,1,164,,1466.6314,True,C14 H23 N3 O,H92 C56 N12 O4,8,0.8699,True,0,False
4114283,200,ordered,partial or mixed site occupancy,1,128,,1537.9158,False,,Fe8 P8 N24 O32 F32,26,,False,0,False
4114484,200,ordered,partial or mixed site occupancy,1,268,,4329.1434,False,,Na2 Re9.96 H144 Os2.04 C76 Se16 N16,76,,True,1,False
4114535,200,size_within_limit,216 sites > 150,1,216,,1903.7999,True,C41 H64 Fe N2,Fe2 H128 C82 N4,26,0.9289,True,1,False
4114621,200,size_within_limit,560 sites > 150,1,560,,5099.2426,True,C42 H91 Ge3 I Si3,Si12 Ge12 H364 C168 I4,53,,True,0,False
4114638,200,size_within_limit,204 sites > 150,1,204,,1992.6211,True,C26 H23 N O,H92 C104 N4 O4,8,0.9394,True,0,False
4115068,200,ordered,partial or mixed site occupancy,1,666,,5388.191,False,,Zn4 B4 H246 C222 N24 Cl12 O8,30,,True,0,False
4115078,200,size_within_limit,164 sites > 150,1,164,,2299.103,True,C16 H12 Cu S12,Cu4 H48 C64 S48,29,0.9485,True,0,False
4115117,200,,,1,120,60,1816.3892,True,C6 H6 Te2,Te16 H48 C56,52,0.9792,True,1,True
4115243,200,size_within_limit,288 sites > 150,1,288,,3166.8254,True,C31 H58 F12 N6 O25 P4 Ru2 S6,P8 H116 Ru4 C62 S12 N12 O50 F24,44,0.8217,True,0,False
4115254,200,size_within_limit,248 sites > 150,1,248,,2930.1779,True,C28 H27 I2 Ir O P2 S,P8 H108 Ir4 C112 S4 I8 O4,77,0.9285,True,0,False
4115259,200,ordered,partial or mixed site occupancy,1,128,,1230.4963,False,,H44 C64 N8 O4 F4,9,,True,0,False
4115284,200,size_within_limit,184 sites > 150,1,184,,2670.7047,True,C54.3 H36.6 Cl9.6 N2 O10 S2,H56 C100 S4 N4 O20,16,0.949,True,1,False
4115396,200,size_within_limit,380 sites > 150,1,380,,3380.2591,True,C27 H63 Ge Li Si3,Li4 Si12 Ge4 H252 C108,32,0.9589,True,0,False
4115404,200,ordered,partial or mixed site occupancy,1,308,,2318.4878,False,,Li4 P4 H132 C96 N4 O16,15,,True,0,False
4115635,200,hydrogen_declared_present,"formula declares H, no H site in the cell",1,182,,1805.0678,True,C41 H43 Fe N2 O3 P,Fe2 P2 H86 C82 N4 O6,26,,False,1,False
4115702,200,ordered,partial or mixed site occupancy,1,960,,7756.5154,False,,Si16 H432 C352,14,,True,0,False
4116018,200,hydrogen_declared_present,"formula declares H, no H site in the cell",1,34,,718.1119,True,C10 H14 Cl3 N O Pt S,Pt2 C20 S2 N2 Cl6 O2,78,,True,1,False
4116325,200,ordered,partial or mixed site occupancy,1,144,,1086.4643,False,,U4 H52 C20 N8 O4 F24,92,,True,1,False
4116800,200,hydrogen_declared_present,"formula declares H, no H site in the cell",1,208,,1900.2768,True,C30 H62 O8 P2 Rh2,P4 H124 Rh4 C60 O16,45,,False,0,False
4116923,200,hydrogen_declared_present,"formula declares H, no H site in the cell",1,344,,3202.6869,True,C70 H92 Co2 N8,Co4 H184 C140 N16,27,,False,0,False
4117428,200,ordered,partial or mixed site occupancy,1,344,,3903.194,False,,Fe4 H128 C152 I8 N24 O2,53,,False,0,False
4117467,200,size_within_limit,714 sites > 150,1,714,,7273.0109,True,C96 H126 Ag14 Cl2,Ag42 H378 C288 Cl6,47,,True,0,False
4117746,200,size_within_limit,294 sites > 150,1,294,,2554.9963,True,C36 H58 Cl N3 O2,H168 C108 N9 Cl3 O6,17,0.8402,True,1,False
4117776,200,ordered,partial or mixed site occupancy,1,268,,2194.4379,False,,K2 Y2 Si12 H138 C54 N6 O6,39,,True,0,False
4117810,200,size_within_limit,312 sites > 150,1,312,,3046.3011,True,C39 H36 O2 Si,Si4 H144 C156 O8,14,0.9492,True,1,False
4117896,200,size_within_limit,172 sites > 150,1,172,,1732.8304,True,C40 H42 Cl2 Si2,Si4 H84 C80 Cl4,17,0.9013,True,0,False
4117914,200,size_within_limit,488 sites > 150,1,488,,4813.1437,True,C27 H28 Cl2 N2 O Ru,H224 Ru8 C216 N16 Cl16 O8,44,,True,0,False
4118077,200,ordered,partial or mixed site occupancy,1,116,,1320.2726,False,,Li28 Nd10 Si22 N38 O14 F4,60,,False,0,False
4118161,200,size_within_limit,232 sites > 150,1,232,,2595.2129,True,C32 H73 P Si8 Sn Ti,Ti2 Si16 Sn2 P2 H146 C64,50,0.9789,True,0,False
4118194,200,size_within_limit,156 sites > 150,1,156,,1641.2084,True,C11 H18 Cu F3 N2 O3 S,Cu4 H72 C44 S4 N8 O12 F12,29,0.9792,True,0,False
4118371,200,ordered,partial or mixed site occupancy,1,44,,377.196,False,,Zn2 H12.68 C6 N2 O12,30,,True,2,False
4118390,200,,,1,88,88,817.0409,True,C21 H21 N O,H42 C42 N2 O2,8,0.8397,True,0,True
4118427,200,size_within_limit,168 sites > 150,1,168,,1700.8346,True,C19 H19 Br O3,H76 C76 Br4 O12,35,0.8276,True,0,False
4118535,200,ordered,partial or mixed site occupancy,1,4920,,142648.6677,False,,K144.24 Nb1152 O3600,41,,False,2,False
4118588,200,ordered,partial or mixed site occupancy,1,212,,4101.1708,False,,Ho8 H56 C84 N4 O48,67,,True,1,False
4118714,200,ordered,partial or mixed site occupancy,1,822,,9404.0481,False,,Co12 H308 W8 C304 N100 O62,74,,True,0,False
4118765,200,size_within_limit,284 sites > 150,1,284,,2717.0562,True,C22 H40 Cl2 N6 Ti,Ti4 H160 C88 N24 Cl8,22,0.9295,True,0,False
4118835,200,ordered,partial or mixed site occupancy,1,228,,2150.937,False,,Fe2 As1.4 P0.6 H108 C86 N2 O16 F12,33,,True,0,False
4118839,200,size_within_limit,332 sites > 150,1,332,,2886.4719,True,C24 H52 Co N2 O4,Co4 H208 C96 N8 O16,27,0.9093,True,1,False
4118964,200,size_within_limit,192 sites > 150,1,192,,1766.9011,True,C37 H53 Br F O2 P Pd,P2 H106 Pd2 C74 Br2 O4 F2,46,0.9495,True,0,False
4119346,200,,,1,74,74,753.8577,True,C19 H14 O4,H28 C38 O8,8,0.9492,True,0,True
4119570,200,size_within_limit,296 sites > 150,1,296,,2974.3127,True,C35 H30 Fe N4 O4,Fe4 H120 C140 N16 O16,26,0.949,True,0,False
4119790,200,size_within_limit,208 sites > 150,1,208,,2153.692,True,C74 H86 B2 Br2 F30 N2 O6 P4 Re2,Re2 B2 P4 H86 C74 Br2 N2 O6 F30,75,0.93,True,0,False
4119846,200,size_within_limit,728 sites > 150,1,728,,7184.0003,True,C68 H87 F14 N9 Ni3 O,Ni12 H348 C272 N36 O4 F56,28,,True,0,False
4119892,200,size_within_limit,636 sites > 150,1,636,,5749.0756,True,C60 H92 B Co N O P2 Si,Co4 Si4 B4 P8 H368 C240 N4 O4,27,,True,0,False
4119990,200,ordered,partial or mixed site occupancy,1,568,,5316.3888,False,,H192 Au8 C192 N32 Cl8 O32,79,,True,0,False
4120005,200,size_within_limit,616 sites > 150,1,616,,5778.0965,True,C32 H34 N4 O7,H272 C256 N32 O56,8,,True,0,False
4120087,200,size_within_limit,608 sites > 150,1,608,,7384.4515,True,C52 H80 B2 F8 N8 O2,B8 H320 C208 N32 O8 F32,9,,True,0,False
4120154,200,size_within_limit,202 sites > 150,1,202,,2718.2808,True,C51 H40 Cu F6 N4 O6 S10,Cu2 H60 C88 S20 N8 O12 F12,29,0.949,True,1,False
4120162,200,ordered,partial or mixed site occupancy,1,212,,1933.5425,False,,H76 C96 S4 N4 O16,16,,True,1,False
4120191,200,ordered,partial or mixed site occupancy,1,110,,1067.6897,False,,Cu1.542 P2 H54 C48 Cl1.542 O0.458,29,,True,0,False
4120350,200,ordered,partial or mixed site occupancy,1,572,,5010.2578,False,,B4 H288 Ir4 C238 N8,77,,True,0,False
4120365,200,ordered,partial or mixed site occupancy,1,5456,,238128.1619,False,,B72 H1056 Pd48 C1824 N288 O1068.8 F144,46,,True,0,False
4120374,200,size_within_limit,224 sites > 150,1,224,,2265.2926,True,C104 H84 F24 N8 P4,P4 H84 C104 N8 F24,15,0.9492,True,0,False
4120561,200,ordered,partial or mixed site occupancy,1,2364,,21309.8479,False,,H576 Pd24 C536 N182.512 O336.352 F80,46,,True,0,False
4120582,200,size_within_limit,166 sites > 150,1,166,,1655.8503,True,C30 H38 N6 O9,H76 C60 N12 O18,8,0.858,True,0,False
4121065,200,size_within_limit,766 sites > 150,1,766,,8832.6493,True,C156 H167 Br4 N36 Ni8 O12,Ni16 H334 C312 Br8 N72 O24,35,,True,0,False
4121200,200,,,1,77,77,738.7388,True,C33 H34 B Li N2 O6,Li1 B1 H34 C33 N2 O6,8,0.9492,True,0,True
4121253,200,ordered,partial or mixed site occupancy,1,336,,2960.4626,False,,Si4 H160 C152,14,,True,0,False
4121279,200,ordered,partial or mixed site occupancy,1,134,,1032.3831,False,,H64 C32 S8 O8,16,,True,0,False
4121529,200,ordered,partial or mixed site occupancy,1,69,,569.5315,False,,Ni1 P2 H33 C20 F5,28,,True,0,False
4121542,200,size_within_limit,864 sites > 150,1,864,,8874.1371,True,C49 H51 Cl4 P3 Ru,P24 H408 Ru8 C392 Cl32,44,,True,0,False
4121682,200,ordered,partial or mixed site occupancy,1,262,,2098.3888,False,,P4 H128 Ru2 C88 N2 O4,44,,True,0,False
4121767,200,ordered,partial or mixed site occupancy,1,1000,,16933.882,False,,Zn24 H299.2 Pd8 C425.6 I48 Br8 N116.8,53,,True,1,False
4121964,200,size_within_limit,200 sites > 150,1,200,,1968.2838,True,C22 H23 N O3 S,H92 C88 S4 N4 O12,16,0.8802,True,0,False
4122000,200,ordered,partial or mixed site occupancy,1,780,,8106.9933,False,,B8 P8 H252 Rh4 C316 N8 O4 F96,45,,True,0,False
4122234,200,size_within_limit,152 sites > 150,1,152,,1928.46,True,C18 H8 Cl2 N6 O4,H32 C72 N24 Cl8 O16,17,0.9294,True,0,False
4122237,200,ordered,partial or mixed site occupancy,1,108,,1099.1156,False,,H40 C41 N16 Cl6 O4,17,,True,1,False
4122614,200,size_within_limit,400 sites > 150,1,400,,3539.875,True,C41 H56 N2 Ni,Ni4 H224 C164 N8,28,0.9494,True,0,False
4122667,200,size_within_limit,244 sites > 150,1,244,,2377.4044,True,C30 H29 N Si,Si4 H116 C120 N4,14,0.9489,True,0,False
4122717,200,size_within_limit,280 sites > 150,1,280,,8175.0211,True,C2 H N O1.17 Zn0.67,Zn32 H48 C96 N48 O56,30,0.9492,True,1,False
4122784,200,size_within_limit,268 sites > 150,1,268,,2675.9294,True,C24 H36 Na O2 P2 Rh S,Na4 P8 H144 Rh4 C96 S4 O8,45,0.9495,True,0,False
4122820,200,ordered,partial or mixed site occupancy,1,212,,1893.3642,False,,H108 C68 Br4 N8 O20,35,,True,0,False
4122909,200,size_within_limit,308 sites > 150,1,308,,3242.336,True,C55 H78 Ir2 N12 O15 S4,H132 Ir4 C110 S8 N24 O30,77,0.9492,True,1,False
4123421,200,size_within_limit,336 sites > 150,1,336,,10001.6548,True,C42 H25 O13 Zn4,Zn16 H100 C168 O52,30,0.9481,True,0,False
4123506,200,size_within_limit,632 sites > 150,1,632,,5499.4838,True,C29 H43 Cl N3 O Os P,P8 H344 Os8 C232 N24 Cl8 O8,76,,True,0,False
4123560,200,ordered,partial or mixed site occupancy,1,354,,2853.3831,False,,Ni6 B2 H178 C104 Se8 Cl4 F8,34,,True,0,False
4123629,200,size_within_limit,448 sites > 150,1,448,,5017.7251,True,C21 H24 Cl6 N2 O3,H192 C168 N16 Cl48 O24,17,,True,0,False
4123736,200,ordered,partial or mixed site occupancy,1,408,,3289.0928,False,,Zn8 H128 C152 N16 O32,30,,True,0,False
4123795,200,size_within_limit,252 sites > 150,1,252,,2396.3509,True,C23 H31 N O8,H124 C92 N4 O32,8,0.8792,True,0,False
4123876,200,size_within_limit,336 sites > 150,1,336,,3190.7728,True,C18 H19 N O3 S,H152 C144 S8 N8 O24,16,0.9494,True,0,False
4124099,200,ordered,partial or mixed site occupancy,1,80,,933.3349,False,,K5.76 Ga5.76 Si10.24 O44.368,31,,False,1,False
4124398,200,ordered,partial or mixed site occupancy,1,344,,3719.2486,False,,Zr2 Fe2 B2 P2 H104 C142 O2 F40,40,,True,0,False
4124408,200,size_within_limit,544 sites > 150,1,544,,4716.498,True,C28 H38 O2,H304 C224 O16,8,,True,0,False
4124587,200,ordered,partial or mixed site occupancy,1,456,,4132.3055,False,,Ca4 Fe4 P12 H248 C104 N36 O32,26,,True,1,False
4124645,200,size_within_limit,288 sites > 150,1,288,,5400.4017,True,O2 Si,Si96 O192,14,1.4886,False,0,False
4124899,200,size_within_limit,272 sites > 150,1,272,,2867.3968,True,C32 H26 Br Cl2 N3 O4,H104 C128 Br4 N12 Cl8 O16,35,0.9292,True,0,False
4124910,200,ordered,partial or mixed site occupancy,1,192,,1664.8208,False,,H64 C104,6,,True,0,False
4125011,200,ordered,partial or mixed site occupancy,1,1340,,12203.2074,False,,Sn43.2348 B16 H576 C416 N32,50,,True,1,False
4125161,200,size_within_limit,340 sites > 150,1,340,,11767.2052,True,C196 Cu24 O120,Cu24 C196 O120,29,1.1082,True,0,False
4125224,200,ordered,partial or mixed site occupancy,1,594,,5524.0851,False,,Rb2 H284 Au2 C148 Br8 O138,79,,True,0,False
4125352,200,size_within_limit,340 sites > 150,1,340,,3029.0652,True,C26 H47 N5 O7,H188 C104 N20 O28,8,0.8181,True,1,False
4125651,200,size_within_limit,280 sites > 150,1,280,,2739.3708,True,C38 H30 O2,H120 C152 O8,8,0.9491,True,0,False
4125702,200,,,1,100,100,1246.3321,True,C13 H7 Cl3 O2,H28 C52 Cl12 O8,17,0.9486,True,0,True
4125819,200,size_within_limit,176 sites > 150,1,176,,1997.7635,True,C20 H13 B F6 N2 O2,B4 H52 C80 N8 O8 F24,9,0.8019,True,0,False
4125864,200,size_within_limit,656 sites > 150,1,656,,8027.9679,True,C37 H23 B2 Cl4 F8 Fe N7,Fe8 B16 H184 C296 N56 Cl32 F64,26,,True,0,False
4125994,200,size_within_limit,304 sites > 150,1,304,,2709.352,True,C30 H42 O3 Zr,Zr4 H168 C120 O12,40,0.9498,True,0,False
4126471,200,size_within_limit,172 sites > 150,1,172,,1663.4203,True,C14 H20 N2 O6 S,H80 C56 S4 N8 O24,16,0.8694,True,0,False
4126676,200,ordered,partial or mixed site occupancy,1,464,,7315.9588,False,,Gd32 H168 C72 N24 O156,64,,True,0,False
4126877,200,ordered,partial or mixed site occupancy,1,2452,,36026.5901,False,,Co80 P28 H895.9968 C864 N288 O64 F168,27,,True,0,False
4126973,200,size_within_limit,186 sites > 150,1,186,,2267.6608,True,C28 H31 B4 Cl F8 N17 O2 Ru2,B8 H62 Ru4 C56 N34 Cl2 O4 F16,44,0.9487,True,0,False
4127035,200,size_within_limit,268 sites > 150,1,268,,2476.5433,True,C29 H33 Fe N3 O,Fe4 H132 C116 N12 O4,26,0.9499,True,0,False
4127324,200,size_within_limit,180 sites > 150,1,180,,1983.11,True,C15 H19 Au B Cl2 F4 N2 O,B4 H76 Au4 C56 N12 Cl8 O4 F16,79,0.9486,True,1,False
4127382,200,ordered,partial or mixed site occupancy,1,152,,1412.7964,False,,Ni2 H82 C48 S8 N10,28,,True,0,False
4127596,200,,,1,112,112,1156.5624,True,C12 H10 O6,H40 C48 O24,8,0.9299,True,0,True
4127814,200,size_within_limit,696 sites > 150,1,696,,6763.7279,True,C33 H46 B Cl N2 O4,B8 H368 C264 N16 Cl8 O32,17,,True,0,False
4127826,200,size_within_limit,864 sites > 150,1,864,,7606.3772,True,C64 H129 K N16 O P4 Tb,K4 Tb4 P16 H516 C256 N64 O4,65,,True,0,False
4127868,200,ordered,partial or mixed site occupancy,1,270,,2404.6679,False,,B2 P2 H140 Ru2 C106 N8 Cl2 O2,44,,True,0,False
4127878,200,,,1,148,148,1397.0965,True,C18 H15 N O3,H60 C72 N4 O12,8,0.9499,True,0,True
4127933,200,ordered,partial or mixed site occupancy,1,472,,4319.0376,False,,P20 H196 C172 N8 O36,15,,True,0,False
4127983,200,ordered,partial or mixed site occupancy,1,692,,5930.0385,False,,Na4 Co8 H272 C228 S4 N24 O60 F12,27,,True,0,False
4128004,200,ordered,partial or mixed site occupancy,1,476,,2357.7519,False,,H152 Ru4 C88 N12 Cl4,44,,True,0,False
4128073,200,ordered,partial or mixed site occupancy,1,19,,237.4987,False,,C10.674 Cl1 O3.9996,17,,True,1,False
4128366,200,size_within_limit,318 sites > 150,1,318,,3771.9649,True,C21 H26 B Br2 N O2,B6 H156 C126 Br12 N6 O12,35,0.9295,True,0,False
4128391,200,size_within_limit,252 sites > 150,1,252,,3526.5635,True,C13 H38 I7 N3 Pb2,H152 Pb8 C52 I28 N12,82,0.8654,True,0,False
4128424,200,ordered,partial or mixed site occupancy,1,504,,3744.9497,False,,Li8 B8 H232 C144 O36,8,,True,0,False
4128438,200,,,1,113,113,3663.8348,True,C62 H32 Cr3 O16,Cr3 H32 C62 O16,24,0.929,True,1,True
4128710,200,,,1,90,90,834.019,True,C16 H22 N2 O4 S,H44 C32 S2 N4 O8,16,0.8799,True,0,True
4128840,200,,,1,94,94,1014.6292,True,C22 H19 N5 O,H38 C44 N10 O2,8,0.8799,True,1,True
4128970,200,ordered,partial or mixed site occupancy,1,154,,1376.8485,False,,Co2 P4 H80 C54 N2 F8,27,,True,0,False
4128980,200,parsed,ValueError: Invalid CIF file with no structures!,,,,,,,,,,,3,False
4129523,200,ordered,partial or mixed site occupancy,1,1600,,19021.6862,False,,Cu72 P40 H632 C736 Cl36,29,,True,1,False
4129606,200,size_within_limit,200 sites > 150,1,200,,1993.0393,True,C22 H21 F3 O4,H84 C88 O16 F12,9,0.9493,True,0,False
4130301,200,size_within_limit,324 sites > 150,1,324,,7248.3718,True,C24 H6 O18 Zn6,Zn36 H36 C144 O108,30,0.93,True,1,False
4130491,200,ordered,partial or mixed site occupancy,1,516,,4818.0223,False,,Sb32 H288 Pd16 C96,51,,True,0,False
4130494,200,size_within_limit,242 sites > 150,1,242,,2310.9692,True,C20.5 H28 Cl F3 N2 O5 S,H112 C82 S4 N8 Cl4 O20 F12,17,0.9494,True,0,False
4130646,200,,,1,140,140,1945.831,True,C33 H20 P S15 V,V2 P2 H40 C66 S30,23,0.9284,True,0,True
4130667,200,ordered,partial or mixed site occupancy,1,592,,4588.4632,False,,Ce4 H288 C128 N28 Cl24,58,,True,0,False
4130905,200,size_within_limit,184 sites > 150,1,184,,1932.0542,True,C24 H15 B F5 N,B4 H60 C96 N4 F20,9,0.9295,True,0,False
4130941,200,,,1,128,128,1354.0349,True,C7 H18 Cl4 Cu N2,Cu4 H72 C28 N8 Cl16,29,0.9597,True,0,True
4131208,200,size_within_limit,1572 sites > 150,1,1572,,22834.9805,True,C156 H144 Cl3 Co12 O60 S18,Co48 H576 C624 S72 Cl12 O240,27,,True,0,False
4131322,200,size_within_limit,936 sites > 150,1,936,,9495.2668,True,C48 H60 Fe N3 Nb P4,Nb8 Fe8 P32 H480 C384 N24,41,,True,0,False
4131469,200,,,1,114,114,1226.9087,True,C19 H30 N2 S2 Si4,Si8 H60 C38 S4 N4,16,0.9491,True,0,True
4131535,200,size_within_limit,856 sites > 150,1,856,,7469.3031,True,C80 H128 N4 Si2,Si8 H512 C320 N16,14,,True,0,False
4131619,200,size_within_limit,528 sites > 150,1,528,,5093.2427,True,C32 H27 N3 O4,H216 C256 N24 O32,8,,True,0,False
4131706,200,ordered,partial or mixed site occupancy,1,284,,2508.1495,False,,H72 Pb8 C12 I28 N20,82,,True,0,False
4131821,200,size_within_limit,768 sites > 150,1,768,,8724.6688,True,C50 H36 Au2 F6 P2,P16 H288 Au16 C400 F48,79,,True,0,False
4131919,200,ordered,partial or mixed site occupancy,1,1168,,5596.2713,False,,Ca8 H422 C210 O20,20,,True,0,False
4132040,200,ordered,partial or mixed site occupancy,1,1460,,11898.5785,False,,Sb8 H548.7704 C515.0304 N8 Cl59.6064 O10.9016,51,,True,0,False
4132291,200,size_within_limit,212 sites > 150,1,212,,2134.3808,True,C24 H24 N2 O2 S,H96 C96 S4 N8 O8,16,0.9287,True,0,False
4132321,200,size_within_limit,504 sites > 150,1,504,,4849.2937,True,C13 H14 O,H252 C234 O18,8,,True,0,False
4132700,200,,,1,90,90,978.3034,True,C19 H20 I N O3 S,H40 C38 S2 I2 N2 O6,53,0.9293,True,0,True
4132708,200,ordered,partial or mixed site occupancy,1,818,,8512.1728,False,,Hg8 H380 C318 S12 I16 O72,80,,True,0,False
4132822,200,ordered,partial or mixed site occupancy,1,336,,11207.3892,False,,Zr24 H40 C94.9328 O128,40,,True,0,False
4132887,200,,,1,116,116,1168.8319,True,C25 H27 Br2 N O3,H54 C50 Br4 N2 O6,35,0.8032,True,0,True
4133017,200,size_within_limit,308 sites > 150,1,308,,3897.2619,True,C32 H30 N6 O8 U,U4 H120 C128 N24 O32,92,0.9491,True,0,False
4133182,200,ordered,partial or mixed site occupancy,1,880,,8484.2625,False,,Ni8 H448 C368 Br8 N32,35,,True,0,False
4133187,200,ordered,partial or mixed site occupancy,1,2301,,15481.7905,False,,V54 H830.232 C396 S18 N18 O177,23,,True,2,False
4133396,200,size_within_limit,304 sites > 150,1,304,,3230.1066,True,C39 H33 Ge N O2,Ge4 H132 C156 N4 O8,32,0.949,True,0,False
4133414,200,size_within_limit,340 sites > 150,1,340,,3721.2056,True,C37 H27 F12 N4 O P3 Ru,P12 H108 Ru4 C148 N16 O4 F48,44,0.9489,True,0,False
4133536,200,ordered,partial or mixed site occupancy,1,2392,,90535.7091,False,,V120 H480 W24 C960 S24 N120 O608,74,,True,1,False
4133609,200,size_within_limit,172 sites > 150,1,172,,1817.5037,True,C33 H35 Cl F3 Fe O8 P3 Pt S,Fe2 P6 H70 Pt2 C66 S2 Cl2 O16 F6,78,0.8656,True,0,False
4133695,200,ordered,partial or mixed site occupancy,1,866,,7300.7161,False,,Na2 In4 P6 H264 C288 N24 O24 F36,49,,True,0,False
4133985,200,size_within_limit,432 sites > 150,1,432,,14632.9562,True,Cs8 In27 Sb19,Cs64 In216 Sb152,55,,False,0,False
4134048,200,ordered,partial or mixed site occupancy,1,176,,3686.3681,False,,Ti1.86 Co4.14 H48 C84 N12 O26,27,,True,2,False
4134273,200,size_within_limit,164 sites > 150,1,164,,2097.52,True,C10 H20 F4 I4 N2 Pb,H80 Pb4 C40 I16 N8 F16,82,0.8899,True,0,False
4134329,200,ordered,partial or mixed site occupancy,1,592,,4068.7675,False,,Fe4 H258.096 C196 N12,26,,True,0,False
4134424,200,ordered,partial or mixed site occupancy,1,304,,2287.3073,False,,B4 H92 C92 N8 O8 F24,9,,True,0,False
4134473,200,,,1,60,60,541.6206,True,F H8 N2 O3 P,P4 H32 N8 O12 F4,15,0.8222,False,0,True
4134629,200,size_within_limit,186 sites > 150,1,186,,1808.0672,True,C31 H42 B10 N2 O8,B20 H84 C62 N4 O16,8,0.8001,True,0,False
4134719,200,,,1,148,148,1528.4389,True,C18 H15 O3 P,P4 H60 C72 O12,15,0.9498,True,0,True
4134723,200,,,1,108,108,1008.5499,True,C17 H27 Cl2 N O7,H54 C34 N2 Cl4 O14,17,0.8799,True,0,True
4134809,200,size_within_limit,264 sites > 150,1,264,,2883.8387,True,C68 H56 O8,H112 C136 O16,8,0.9291,True,0,False
4134982,200,parsed,ValueError: len(items)=69742 is not a multiple of n=8717,,,,,,,,,,,0,False
4135159,200,size_within_limit,384 sites > 150,1,384,,3493.485,True,C29 H60 N2 P2 Si2 Zn,Zn4 Si8 P8 H240 C116 N8,30,0.9499,True,0,False
4135293,200,,,1,132,132,1385.4518,True,C16 H30 B20,B40 H60 C32,6,0.9293,True,0,True
4135424,200,,,1,148,148,1466.8091,True,C52 H56 F24 N6 O6 P4,P4 H56 C52 N6 O6 F24,15,0.9292,True,0,True
4135430,200,size_within_limit,415 sites > 150,1,415,,4732.4987,True,C73 H109 F9 N3 O6 P5.5 Pt2,P11 H218 Pt4 C146 N6 O12 F18,78,,True,0,False
4135470,200,ordered,partial or mixed site occupancy,1,208,,6568.0211,False,,Ca111.648 Lu1.336 Al7.016 Bi88,83,,False,1,False
4135506,200,ordered,partial or mixed site occupancy,1,312,,3380.65,False,,Bi4 H96 C128 S8 N12 O24 F24,83,,True,0,False
4300102,200,size_within_limit,316 sites > 150,1,316,,3374.7433,True,C36 H37 Ir N O P S2,P4 H148 Ir4 C144 S8 N4 O4,77,0.9448,True,0,False
4300108,200,size_within_limit,404 sites > 150,1,404,,4547.4518,True,C49 H42 Br Cl2 N3 O Os P2,P8 H168 Os4 C196 Br4 N12 Cl8 O4,76,,True,0,False
4300377,200,size_within_limit,364 sites > 150,1,364,,4097.4189,True,C44 H39 Cu I N3 P2 S,Cu4 P8 H156 C176 S4 I4 N12,53,0.9289,True,0,False
4301075,200,ordered,partial or mixed site occupancy,1,2672,,29871.3672,False,,Ga16 H1060 C1172 N110 O166,31,,True,0,False
4301190,200,size_within_limit,384 sites > 150,1,384,,3901.8502,True,C38 H46 Cl2 Mg2 N4 O4,Mg8 H184 C152 N16 Cl8 O16,17,0.9297,True,0,False
4301283,200,size_within_limit,208 sites > 150,1,208,,2281.2374,True,C26 H18 Cl2 Fe N4 Pd,Fe4 H72 Pd4 C104 N16 Cl8,46,0.9292,True,0,False
4301369,200,size_within_limit,288 sites > 150,1,288,,2988.2466,True,C36 H25 Li N10,Li4 H100 C144 N40,7,0.9335,True,0,False
4301385,200,ordered,partial or mixed site occupancy,1,49,,653.4071,False,,Eu3 Al25.04 V1 Au7.102,79,,False,1,False
4301465,200,size_within_limit,236 sites > 150,1,236,,2811.1521,True,C24 H26 Cl4 Ga N2 P Se,Ga4 P4 H104 C96 Se4 N8 Cl16,34,0.9488,True,0,False
4301466,200,size_within_limit,616 sites > 150,1,616,,6231.3936,True,C24 H44 Cl4 Ga N2 P Se,Ga8 P8 H352 C192 Se8 N16 Cl32,34,,True,0,False
4301565,200,size_within_limit,324 sites > 150,1,324,,3268.9942,True,C30 H42 N3 O3 P3,P12 H168 C120 N12 O12,15,0.929,True,0,False
4301700,200,size_within_limit,192 sites > 150,1,192,,3508.3358,True,C40 H54 Ir2 Zr2,Zr8 H16 Ir8 C160,77,1.3723,True,1,False
4301776,200,ordered,partial or mixed site occupancy,1,522,,5775.1891,False,,Ag18 C216 S18 N36 O18,47,,True,1,False
4301903,200,ordered,partial or mixed site occupancy,1,5392,,61156.7485,False,,Co144 H1344 C1696 N1184 O656,27,,True,1,False
4301989,200,ordered,partial or mixed site occupancy,1,150,,1709.5825,False,,Re4 H40 C72 N4 O20,75,,True,0,False
4302021,200,ordered,partial or mixed site occupancy,1,884,,9255.694,False,,Cu16 P16 H326 C344 I16 N32 O64,53,,True,0,False
4302416,200,size_within_limit,344 sites > 150,1,344,,3411.4479,True,C24 H42 Fe N12 O6 Tb,Tb4 Fe4 H168 C96 N48 O24,65,0.9287,True,0,False
4302449,200,ordered,partial or mixed site occupancy,1,272,,2046.9971,False,,Mn2 H92 C68 S12 N4 Cl12,25,,True,1,False
4302786,200,size_within_limit,584 sites > 150,1,584,,6483.4517,True,C33 H30 Fe N2 Ni O2 P2 S2,Fe8 Ni8 P16 H240 C264 S16 N16 O16,28,,True,0,False
4302802,200,size_within_limit,152 sites > 150,1,152,,1443.097,True,C14 H15 Co N2 O6,Co4 H60 C56 N8 O24,27,0.8405,True,0,False
4302891,200,ordered,partial or mixed site occupancy,1,1640,,13229.6166,False,,Ni8 H864 C424 S40 N64,28,,True,0,False
4302927,200,,,1,92,92,869.7021,True,B5 H5 Na2 O11,Na8 B20 H20 O44,11,0.8373,False,0,True
4303215,200,size_within_limit,221 sites > 150,1,221,,2020.6346,True,C84 H124 K O12,K1 H124 C84 O12,19,0.9297,True,0,False
4303386,200,size_within_limit,276 sites > 150,1,276,,2741.2698,True,C54 H75 N4 O Se Si2 Yb,Yb2 Si4 H150 C108 Se2 N8 O2,70,0.9289,True,1,False
4303445,200,,,1,80,80,733.761,True,C12 H20 N4 O4,H40 C24 N8 O8,8,0.9794,True,0,True
4303451,200,,,1,112,112,1128.9554,True,C16 H20 Ag2 F6 N4 O8,Ag4 H40 C32 N8 O16 F12,47,0.9794,True,0,True
4303610,200,ordered,partial or mixed site occupancy,1,656,,8372.0136,False,,H296 Ru8 C256 Se8 N16 Cl32,44,,True,1,False
4303829,200,size_within_limit,520 sites > 150,1,520,,4935.971,True,C26 H32 Cl N2 O3 Re,Re8 H256 C208 N16 Cl8 O24,75,,True,0,False
4303973,200,size_within_limit,464 sites > 150,1,464,,4781.6415,True,C22 H31 Co S4,Co8 H248 C176 S32,27,,True,0,False
4304032,200,ordered,partial or mixed site occupancy,1,280,,3258.376,False,,P4 H90 Ru2 C106 S4 N16 Cl18 O4 F24,44,,True,0,False
4304106,200,,,1,148,148,1549.4944,True,C16 H14 N2 Ni O2 S2,Ni4 H56 C64 S8 N8 O8,28,0.9494,True,0,True
4304288,200,ordered,partial or mixed site occupancy,1,150,,1565.4938,False,,H52 Ru2 C52 N18 Cl2 O14,44,,True,1,False
4304917,200,ordered,partial or mixed site occupancy,1,440,,4946.4395,False,,P16 H172 Ru4 C204 N12 Cl12 O16,44,,True,1,False
4304918,200,size_within_limit,412 sites > 150,1,412,,4400.4233,True,C48 H42 Cl N2 O5 P4 Ru,P16 H168 Ru4 C192 N8 Cl4 O20,44,,True,0,False
4305062,200,ordered,partial or mixed site occupancy,1,416,,3716.936,False,,Y4 H220 C132 N16 Cl8 O16,39,,True,0,False
4305499,200,ordered,partial or mixed site occupancy,1,376,,4217.5981,False,,Mn12 H96 C176 N48 O40,25,,True,1,False
4305523,200,size_within_limit,252 sites > 150,1,252,,3015.5549,True,C23 H24 Cl Fe N5 O5 S4,Fe4 H96 C92 S16 N20 Cl4 O20,26,0.8173,True,0,False
4305587,200,,,1,25,25,263.2203,True,C4 H6 Co N14,Co1 H6 C4 N14,27,0.9301,True,0,True
4305599,200,size_within_limit,204 sites > 150,1,204,,2409.7004,True,C12 H22 B N6 Na O3 S6,Na4 B4 H88 C48 S24 N24 O12,16,0.7542,True,0,False
4305854,200,size_within_limit,900 sites > 150,1,900,,9506.7314,True,C24 H21 Er N4,Er18 H378 C432 N72,68,,True,0,False
4305865,200,ordered,partial or mixed site occupancy,1,532,,4913.4662,False,,Ca4 Si8 H304 C180 N16 O8,20,,True,0,False
4306000,200,ordered,partial or mixed site occupancy,1,116,,1194.0318,False,,P4 H50 C56 N2 O2.64,15,,True,0,False
4306084,200,size_within_limit,280 sites > 150,1,280,,3142.3618,True,C11 H11 Ag F3 N5 O3 S,Ag8 H88 C88 S8 N40 O24 F24,47,0.8788,True,0,False
4306261,200,ordered,partial or mixed site occupancy,1,202,,1712.7239,False,,Cu2 H61 C53 N8 Cl1 O12 F24,29,,True,0,False
4306681,200,size_within_limit,340 sites > 150,1,340,,4404.0505,True,C16 H47 Cl9 Ga2 N2 P2 Si7,Ga8 Si28 P8 H188 C64 N8 Cl36,31,0.9785,True,0,False
4306909,200,ordered,partial or mixed site occupancy,1,432,,4794.09,False,,H208 Pd4 C190 S16,46,,True,1,False
4306956,200,ordered,partial or mixed site occupancy,1,184,,1702.9573,False,,Nb4 Si8 H96 C56 Cl4,41,,True,0,False
4307200,200,,,1,24,24,411.909,True,Cs F3 O V,Cs4 V4 O4 F12,55,1.5999,False,0,True
4307255,200,size_within_limit,316 sites > 150,1,316,,3227.4409,True,C41 H33 Cl O P2 Ru,P8 H132 Ru4 C164 Cl4 O4,44,0.9492,True,0,False
4307317,200,ordered,partial or mixed site occupancy,1,1232,,14610.2309,False,,Cu40 Ge8 H320 W72 C400 N80 O308,74,,True,1,False
4307506,200,size_within_limit,204 sites > 150,1,204,,1835.3469,True,C17 H23 Fe N6 O4,Fe4 H92 C68 N24 O16,26,0.9496,True,0,False
4307607,200,ordered,partial or mixed site occupancy,1,712,,7192.3426,False,,Li8 Al8 Si24 H320 C248 N24 Cl8,17,,True,1,False
4307921,200,ordered,partial or mixed site occupancy,1,15,,495.8361,False,,Gd6 Ge2.99928 I6,64,,False,1,False
4308134,200,size_within_limit,184 sites > 150,1,184,,1718.2499,True,C14 H22 Cl Fe N5 O3,Fe4 H88 C56 N20 Cl4 O12,26,0.7755,True,0,False
4308381,200,size_within_limit,464 sites > 150,1,464,,4510.3426,True,C32 H68 N4 O8 Zn4,Zn16 H272 C128 N16 O32,30,,True,0,False
4308416,200,size_within_limit,304 sites > 150,1,304,,3154.9385,True,C15 H17 Ag N2 O2 S,Ag8 H136 C120 S8 N16 O16,47,0.9293,True,0,False
4308612,200,,,1,88,88,973.5755,True,C5 H5 K,K8 H40 C40,19,1.0491,True,0,True
4308647,200,size_within_limit,288 sites > 150,1,288,,2998.9693,True,C38 H30 O2 P2,P8 H120 C152 O8,15,0.949,True,0,False
4308866,200,ordered,partial or mixed site occupancy,1,380,,4467.0885,False,,H200 Os4 C144 N8 Cl4 O12,76,,True,1,False
4308890,200,ordered,partial or mixed site occupancy,1,404,,4334.7556,False,,Ni4 H160 C172 S8 N40,28,,True,0,False
4309134,200,,,1,89,89,907.8926,True,C24 H36 Cl2 Fe N18 O8,Fe1 H36 C24 N18 Cl2 O8,26,0.9395,True,1,True
4309299,200,ordered,partial or mixed site occupancy,1,28,,767.116,False,,Li3.6 Eu8 Mg4.4 Sn12,63,,False,1,False
4309347,200,,,1,64,64,587.391,True,C10 H12 Co N O7 P,Co2 P2 H24 C20 N2 O14,27,0.8375,True,0,True
4309497,200,ordered,partial or mixed site occupancy,1,62,,703.6159,False,,Eu2 H18 C24 O16.962,63,,True,1,False
4309642,200,size_within_limit,444 sites > 150,1,444,,4719.6819,True,C30 H60 Au Cl N12 Na2 O20,Na8 H180 Au4 C120 N48 Cl4 O80,79,,True,1,False
4309648,200,size_within_limit,268 sites > 150,1,268,,2208.674,True,C18 H40 N6 Ni O2,Ni4 H160 C72 N24 O8,28,0.836,True,0,False
4309990,200,,,1,106,106,978.8615,True,C18 H30 N2 S3,H60 C36 S6 N4,16,0.9593,True,0,True
4310077,200,,,1,112,112,1028.7464,True,C6 H11 Nd O10,Nd4 H44 C24 O40,60,0.8468,True,0,True
4310111,200,size_within_limit,336 sites > 150,1,336,,4117.6097,True,C41 H31 Cl6 Ir O3 P2,P8 H124 Ir4 C164 Cl24 O12,77,0.9282,True,0,False
4310155,200,ordered,partial or mixed site occupancy,1,556,,5535.7236,False,,Cu8 H272 C216 Br16 N32 O9.4,35,,True,2,False
4310233,200,size_within_limit,808 sites > 150,1,808,,8434.9005,True,C30 H56 N5 O5 Re S4,Re8 H448 C240 S32 N40 O40,75,,True,0,False
4310584,200,size_within_limit,152 sites > 150,1,152,,2264.0752,True,Np3 O13 Se3,Np24 Se24 O104,93,1.6487,False,0,False
4310868,200,,,1,124,124,1508.1666,True,C13 H10 Mn Ni2 O3 S2,Mn4 Ni8 H40 C52 S8 O12,28,0.7206,True,0,True
4311019,200,size_within_limit,592 sites > 150,1,592,,5580.1413,True,C58 H82 Cl2 Fe2 N4,Fe8 H328 C232 N16 Cl8,26,,True,1,False
4311120,200,size_within_limit,236 sites > 150,1,236,,2240.4079,True,C9 H28 Ag B18 Co N2,Co4 Ag4 B72 H112 C36 N8,47,0.9893,True,0,False
4311310,200,,,1,110,110,1061.4355,True,C32 H60 Cl4 N4 Ni2 O8,Ni2 H60 C32 N4 Cl4 O8,28,0.9497,True,0,True
4311524,200,size_within_limit,320 sites > 150,1,320,,3530.617,True,C10 H12 Cu Mo3 N2 O12,Cu8 Mo24 H96 C80 N16 O96,42,0.8178,True,0,False
4311771,200,ordered,partial or mixed site occupancy,1,326,,3478.6713,False,,B4 P8 H134 Pt4 C136 N2 Cl8 O2 F16,78,,True,1,False
4311857,200,ordered,partial or mixed site occupancy,1,146,,1365.6844,False,,H54 Ru2 C46 S6 N6 Cl4 O18,44,,True,0,False
4311919,200,ordered,partial or mixed site occupancy,1,196,,2286.1481,False,,Bi4 H112 C52 I6.784 Br13.216 N8,83,,True,1,False
4311951,200,size_within_limit,224 sites > 150,1,224,,1903.6654,True,C12 H54 N6 O32 P8,P16 H108 C24 N12 O64,15,0.8395,True,0,False
4312065,200,ordered,partial or mixed site occupancy,1,386,,4410.8729,False,,Sn12 H158 Ir6 C196 O13,77,,True,0,False
4312069,200,size_within_limit,160 sites > 150,1,160,,1762.8654,True,C16 H18 Cl2 Mo O3,Mo4 H72 C64 Cl8 O12,42,0.9385,True,0,False
4312163,200,size_within_limit,392 sites > 150,1,392,,4081.0246,True,C48 H42 Cl O4 P2 Rh,P8 H168 Rh4 C192 Cl4 O16,45,0.929,True,0,False
4312259,200,ordered,partial or mixed site occupancy,1,664,,4903.9377,False,,H220 Ru8 C188 N16 Cl4 O24,44,,True,0,False
4312348,200,size_within_limit,348 sites > 150,1,348,,3866.8625,True,C38 H26 F12 Fe2 N4 O4 Zn,Zn4 Fe8 H104 C152 N16 O16 F48,30,0.9482,True,0,False
4312393,200,ordered,partial or mixed site occupancy,1,280,,4174.3916,False,,Cu24 H64 C80 S64 Br32 O8,35,,True,1,False
4312414,200,,,1,148,148,1332.0043,True,C10 H32 N4 O22 S4 U2,U4 H64 C20 S8 N8 O44,92,0.9367,True,1,True
4312429,200,ordered,partial or mixed site occupancy,1,700,,9006.7779,False,,Fe8 P16 H260 Pt8 C324 S8 Br8 Cl60,78,,True,0,False
4312441,200,ordered,partial or mixed site occupancy,1,290,,3267.4191,False,,Mn10 H82 C81.2444 N10 Cl18.4852 O46.5966,25,,True,31,False
4312447,200,size_within_limit,464 sites > 150,1,464,,4349.3154,True,C16 H35 Cl N6 Ni O,Ni8 H264 C128 N48 Cl8 O8,28,,True,1,False
4312498,200,,,1,104,104,1128.3078,True,C16 H21 F2 Fe N3 O4 P4 S,Fe2 P8 H42 C32 S2 N6 O8 F4,26,0.9293,True,0,True
4312499,200,,,1,60,60,620.9978,True,C6 H6 O2 S,H24 C24 S4 O8,16,0.8401,True,0,True
4312608,200,ordered,partial or mixed site occupancy,1,808,,8984.02,False,,Nd12 H360 C284 N56 Cl36 O44,60,,True,2,False
4312731,200,size_within_limit,280 sites > 150,1,280,,3265.6441,True,C32 H24 Cd2 Cl2 N10,Cd8 H96 C128 N40 Cl8,48,0.9289,True,0,False
4312771,200,,,1,108,108,1301.3472,True,C12 H8 N4 Pt S2,H32 Pt4 C48 S8 N16,78,0.9409,True,0,True
4313014,200,size_within_limit,248 sites > 150,1,248,,2780.1145,True,C17 H32 Cu N6 O15 Pt,Cu4 H88 Pt4 C68 N24 O60,78,0.8993,True,1,False
4313036,200,ordered,partial or mixed site occupancy,1,524,,4932.2709,False,,H176 Ru8 C197.6 N32 Cl17.2,44,,True,1,False
4313372,200,size_within_limit,616 sites > 150,1,616,,7420.7822,True,C28 H27 O15 P Pt Ru5,P8 H216 Ru40 Pt8 C224 O120,78,,True,0,False
4313644,200,ordered,partial or mixed site occupancy,1,560,,5517.0035,False,,Cu4 Ni8 H208 C108 N44 Cl16 O112,29,,True,1,False
4313743,200,hydrogen_declared_present,"formula declares H, no H site in the cell",1,464,,4920.534,True,C19 H27 Cl5 Co N5 Zn,Zn8 Co8 H216 C152 N40 Cl40,30,,False,0,False
4313758,200,ordered,partial or mixed site occupancy,1,612,,6322.16,False,,Sn12 H308 C238 O48,50,,True,1,False
4313835,200,ordered,partial or mixed site occupancy,1,132,,1394.2603,False,,Zn4 H32 C48 N40,30,,True,0,False
4313840,200,size_within_limit,164 sites > 150,1,164,,1693.767,True,C18 H18 N3 P Se,P4 H72 C72 Se4 N12,34,0.8794,True,0,False
4313851,200,size_within_limit,472 sites > 150,1,472,,4928.385,True,C49 H51 B2 F8 N4 P3 Re,Re4 B8 P12 H204 C196 N16 F32,75,,True,0,False
4314100,200,size_within_limit,244 sites > 150,1,244,,2557.9711,True,C18 H30 Cu F6 P3 S2 Ti,Ti4 Cu4 P12 H120 C72 S8 F24,29,0.9594,True,0,False
4314286,200,size_within_limit,424 sites > 150,1,424,,4394.7383,True,C52 H44 N8 V2,V8 H176 C208 N32,23,,True,0,False
4314555,200,ordered,partial or mixed site occupancy,1,820,,6922.7093,False,,Mn4 Fe12 H364 C184 N72 Cl16 O104,26,,True,0,False
4314768,200,,,1,88,44,2959.521,True,Au12 K23 Sn9,K46 Sn18 Au24,79,2.6735,False,0,True
4314815,200,ordered,partial or mixed site occupancy,1,464,,4098.3241,False,,Zn8 H134 C158 N26 O58,30,,True,0,False
4314882,200,ordered,partial or mixed site occupancy,1,170,,1877.5783,False,,P4 H48.536 Ru2 C69.024 S4 N13.512 O2 F24,44,,True,0,False
4315320,200,size_within_limit,464 sites > 150,1,464,,4310.1928,True,C14 H32 Cl2 N7 P3,P24 H256 C112 N56 Cl16,17,,True,0,False
4315427,200,ordered,partial or mixed site occupancy,1,888,,8824.3872,False,,Ni12 P8 H404 C302 S8 N72 Cl28 O24,28,,True,2,False
4315437,200,size_within_limit,160 sites > 150,1,160,,1715.6977,True,C42 H33 B Cl Cu P2,Cu2 B2 P4 H66 C84 Cl2,29,0.949,True,0,False
4315469,200,size_within_limit,380 sites > 150,1,380,,4244.1998,True,C42 H45 Cl Cu In P2 S3,In4 Cu4 P8 H180 C168 S12 Cl4,49,0.9487,True,0,False
4316263,200,size_within_limit,488 sites > 150,1,488,,4632.1543,True,C42 H72 Cl N2 O4 V,V4 H288 C168 N8 Cl4 O16,23,,True,1,False
4316378,200,ordered,partial or mixed site occupancy,1,906,,7974.1738,False,,Ni18 H347.76 C312 O95.94,28,,True,1,False
4316496,200,ordered,partial or mixed site occupancy,1,20,,532.5404,False,,Cs2 Np4 Se12,93,,False,0,False
4316647,200,ordered,partial or mixed site occupancy,1,756,,7040.0498,False,,Ce4 H292 C160 N112 O180,58,,True,1,False
4316844,200,ordered,partial or mixed site occupancy,1,186,,3296.2483,False,,Zr6 P18 C54 N18 O81,40,,True,0,False
4316942,200,ordered,partial or mixed site occupancy,1,144,,1308.9745,False,,H74 C46 S4 N6 O12,16,,True,0,False
4316977,200,,,1,136,136,1515.6517,True,C24 H27 Cu O8 S8,Cu2 H54 C48 S16 O16,29,0.8392,True,0,True
4317051,200,size_within_limit,368 sites > 150,1,368,,3701.6431,True,C44 H41 B Cu N5,Cu4 B4 H164 C176 N20,29,0.9292,True,0,False
4317128,200,ordered,partial or mixed site occupancy,1,548,,5599.0707,False,,Pr0.4564 Y17.5436 H254 C160 O90,59,,True,1,False
4317162,200,ordered,partial or mixed site occupancy,1,370,,3263.6275,False,,Ni4 B2 H174 C132 S4 N14 O4 F6,28,,True,0,False
4317294,200,,,1,108,108,1467.7356,True,C10 H10 Br2 Hg N4,Hg4 H40 C40 Br8 N16,80,0.8593,True,0,True
4317306,200,,,1,80,80,848.6217,True,C21 H16 Au N S,H32 Au2 C42 S2 N2,79,0.9291,True,0,True
4317407,200,,,1,136,136,1386.4762,True,C15 H13 B F4 O,B4 H52 C60 O4 F16,9,0.9396,True,0,True
4317582,200,size_within_limit,580 sites > 150,1,580,,7019.8215,True,C44 H68 Cl3 N4 O22 Pr S4,Pr4 H240 C176 S16 N16 Cl12 O116,59,,True,1,False
4317605,200,ordered,partial or mixed site occupancy,1,344,,3444.3559,False,,V4 Fe12 H132 C72 S20 N32 Cl12 O12,26,,True,0,False
4317625,200,ordered,partial or mixed site occupancy,1,1860,,13846.6492,False,,Zn48 H720 C441.44 N76.72 O156,30,,True,0,False
4317865,200,size_within_limit,412 sites > 150,1,412,,4186.7098,True,C32 H54 F6 Li2 N4 O Si4,Li8 Si16 H216 C128 N16 O4 F24,14,,True,0,False
4317947,200,ordered,partial or mixed site occupancy,1,150,,1453.5398,False,,Hg2 H60 C48 N8 Cl4 O18,80,,True,0,False
4318190,200,ordered,partial or mixed site occupancy,1,36,,474.7962,False,,Ag12 C6 O17.99982,47,,True,2,False
4318748,200,size_within_limit,272 sites > 150,1,272,,2481.9997,True,C20 H26 Cu N10 O11,Cu4 H104 C80 N40 O44,29,0.6949,True,0,False
4319388,200,,,1,68,68,734.3357,True,C10 H8 Ba2 N4 O10,Ba4 H16 C20 N8 O20,56,0.813,True,0,True
4319446,200,ordered,partial or mixed site occupancy,1,336,,3198.662,False,,B4 Mo4 H141.6 C92 S20 N28,42,,True,1,False
4319660,200,size_within_limit,342 sites > 150,1,342,,3243.0128,True,C144 H182 I2 N12 Rh2,H182 Rh2 C144 I2 N12,53,0.9488,True,1,False
4319686,200,ordered,partial or mixed site occupancy,1,132,,1439.1459,False,,Mn2 P2 H40 C60 N18,25,,True,0,False
4320128,200,,,1,24,24,543.9139,True,Ca2 Ge2 In Li,Li4 Ca8 In4 Ge8,49,2.7183,False,0,True
4320176,200,ordered,partial or mixed site occupancy,1,208,,1737.4844,False,,H92 C48 N24 O38,8,,True,0,False
4320245,200,ordered,partial or mixed site occupancy,1,492,,5326.8429,False,,Co4 H188 C258 N22 Cl12,27,,True,2,False
4320351,200,size_within_limit,452 sites > 150,1,452,,5252.2633,True,C128 H84 Cd6 O4 Pt4,Cd12 H168 Pt8 C256 O8,78,,True,0,False
4320362,200,size_within_limit,688 sites > 150,1,688,,8928.8996,True,C33 H26 Cl4 Mn4 O15 P2 S2,Mn32 P16 H208 C264 S16 Cl32 O120,25,,True,0,False
4320395,200,ordered,partial or mixed site occupancy,1,660,,7172.9153,False,,P16 H256 Ru8 C148 S24 N24 O100 F48,44,,True,1,False
4321048,200,ordered,partial or mixed site occupancy,1,131,,1322.2938,False,,Mn3 H49.42 C54 N4 O18,25,,True,1,False
4321178,200,ordered,partial or mixed site occupancy,1,672,,6915.5081,False,,Re4 B3.644 P16 H312.88 C257.456 N15.288 Cl0.356 O32,75,,True,1,False
4321181,200,,,1,132,132,1347.5906,True,C20 H32 Cl4 Cu2 N8,Cu4 H64 C40 N16 Cl8,29,0.8524,True,0,True
4321195,200,size_within_limit,232 sites > 150,1,232,,2974.7992,True,C126 H88 B2 F40 P4 Rh2 S4,B2 P4 H64 Rh2 C116 S4 F40,45,0.9491,True,1,False
4321465,200,ordered,partial or mixed site occupancy,1,244,,2198.6782,False,,Si4 H92 C116 O16,14,,True,1,False
4321512,200,,,1,88,88,1047.2729,True,C40 H34 Br2 Cu2 N2 O6 P2,Cu2 P2 H34 C40 Br2 N2 O6,35,0.929,True,0,True
4321544,200,,,1,68,68,690.4711,True,C18 H37 Co Fe N11 O4,Fe1 Co1 H33 C18 N11 O4,27,0.7652,True,1,True
4321714,200,size_within_limit,208 sites > 150,1,208,,2007.7698,True,C28 H23 P,P4 H92 C112,15,0.9495,True,0,False
4321981,200,,,1,142,142,1524.6686,True,C40 H30 Sn,Sn2 H60 C80,50,0.7991,True,0,True
4322141,200,size_within_limit,196 sites > 150,1,196,,2064.4736,True,C12 H30 Cl4 P2 Re,Re4 P8 H120 C48 Cl16,75,0.7262,True,0,False
4322184,200,,,1,148,74,1417.8701,True,C10 H14 O12 Zn,Zn4 H56 C40 O48,30,0.9,True,0,True
4322223,200,ordered,partial or mixed site occupancy,1,430,,2192.35,False,,Re4 P4 H132 C72 N2 Cl12,75,,True,0,False
4322274,200,,,1,56,56,589.1712,True,C12 H8 Mo N2 O4 Zn,Zn2 Mo2 H16 C24 N4 O8,42,0.7893,True,0,True
4322321,200,size_within_limit,376 sites > 150,1,376,,3685.6319,True,C40 H44 Al Li N8,Li4 Al4 H176 C160 N32,13,0.9493,True,0,False
4322322,200,,,1,118,118,1154.1335,True,C48 H60 Al Li N8,Li1 Al1 H60 C48 N8,13,0.9492,True,0,True
4322464,200,size_within_limit,896 sites > 150,1,896,,9027.2752,True,C48 H50 Cs D12 O6 P,Cs8 P8 H448 C384 O48,55,,True,1,False
4322892,200,,,1,116,58,1255.6175,True,C4 H16 Cl4 Cu N2 O2,Cu4 H64 C16 N8 Cl16 O8,29,0.7935,True,0,True
4323000,200,size_within_limit,236 sites > 150,1,236,,2430.0882,True,C59 H52 B N P2 Pd S2,B2 P4 H104 Pd2 C118 S4 N2,46,0.9387,True,0,False
4323040,200,,,1,112,112,1081.1818,True,C19 H29 B F4 Ir O P,B2 P2 H58 Ir2 C38 O2 F8,77,0.7872,True,2,True
4323225,200,ordered,partial or mixed site occupancy,1,378,,4119.336,False,,Cu4 P4 H144 C162 S4 N12 O30 F12,29,,False,1,False
4323269,200,size_within_limit,512 sites > 150,1,512,,5118.3279,True,C48 H72 Li N4 S2 Sm,Li4 Sm4 H288 C192 S8 N16,62,,True,0,False
4323478,200,,,1,112,112,1273.8608,True,C12 H12 As Cl2 N,As4 H48 C48 N4 Cl8,33,0.9296,True,0,True
4323518,200,,,1,32,32,1006.2449,True,Sb4 Sn3 Sr,Sr4 Sn12 Sb16,51,2.7877,False,0,True
4323707,200,,,1,62,62,725.6963,True,C24 H10 Cr2 F20 O4 P2,Cr2 P2 H10 C24 O4 F20,24,0.8468,True,0,True
4323721,200,ordered,partial or mixed site occupancy,1,526,,5422.3097,False,,Co6 B4 H170 C176 N18 Cl8 O8 F96,27,,True,0,False
4323743,200,ordered,partial or mixed site occupancy,1,492,,4855.5031,False,,H216 C229.2 N16 Cl10.4,17,,True,2,False
4323895,200,size_within_limit,408 sites > 150,1,408,,4226.4927,True,C56 H112 Cl16 Mn4 O14 Sn2,Mn8 Sn4 H224 C112 Cl32 O28,50,,True,0,False
4323930,200,size_within_limit,388 sites > 150,1,388,,3995.9367,True,C42 H42 B2 Fe N6 O4,Fe4 B8 H168 C168 N24 O16,26,0.9587,True,0,False
4324030,200,ordered,partial or mixed site occupancy,1,44,,520.4147,False,,Cd1 Ni1 H12 C20 N6,48,,True,1,False
4324244,200,ordered,partial or mixed site occupancy,1,430,,3513.4393,False,,Al32 H176 S9 Cl2 O162,17,,False,0,False
4324374,200,ordered,partial or mixed site occupancy,1,476,,4375.7302,False,,Dy8 H164 C170 N12 O52,66,,True,1,False
4324463,200,ordered,partial or mixed site occupancy,1,236,,1745.2495,False,,B4 H104 C76 N4 O4,8,,True,0,False
4324476,200,size_within_limit,616 sites > 150,1,616,,6390.858,True,C69 H73 Fe4 N4 S4,Fe16 H292 C276 S16 N16,26,,True,1,False
4324771,200,size_within_limit,156 sites > 150,1,156,,1683.7571,True,C9 H16.5 Cd2.5 O11,Cd10 H66 C36 O44,48,0.7405,True,1,False
4324783,200,size_within_limit,192 sites > 150,1,192,,2121.2759,True,C24 H19 N2 P S2,P4 H76 C96 S8 N8,16,0.9289,True,0,False
4324854,200,ordered,partial or mixed site occupancy,1,308,,2639.5654,False,,Mn4 H103.56 C81.04 N22.52 Cl4 O28,25,,True,0,False
4324882,200,size_within_limit,228 sites > 150,1,228,,1995.7841,True,C36 H68 N6 Na2 O2,Na4 H136 C72 N12 O4,11,0.9299,True,0,False
4324944,200,,,1,102,102,1114.5963,True,C26 H18 Cl2 N4 Pt,H36 Pt2 C52 N8 Cl4,78,0.9492,True,0,True
4325017,200,size_within_limit,376 sites > 150,1,376,,3909.8988,True,C11 H21 B10 Co O2 S2,Co8 B80 H168 C88 S16 O16,27,0.9595,True,0,False
4325063,200,size_within_limit,504 sites > 150,1,504,,4670.6243,True,C24 H32 Cu N2 O4,Cu8 H256 C192 N16 O32,29,,True,1,False
4325134,200,size_within_limit,208 sites > 150,1,208,,2080.8273,True,C16 H21 Cl2 F6 N4 O P Ru,P4 H84 Ru4 C64 N16 Cl8 O4 F24,44,0.9497,True,0,False
4325155,200,size_within_limit,156 sites > 150,1,156,,1653.9593,True,C24 H46 Cu2 P4 S2,Cu4 P8 H92 C48 S4,29,0.9298,True,0,False
4325168,200,size_within_limit,304 sites > 150,1,304,,3995.2571,True,C35 H21 Br3 Cl3 F6 N5 O P Re,Re4 P4 H84 C140 Br12 N20 Cl12 O4 F24,75,0.9485,True,0,False
4325356,200,ordered,partial or mixed site occupancy,1,1132,,15083.373,False,,Mn40 Bi4 H360 C504 O180,83,,True,2,False
4325578,200,size_within_limit,192 sites > 150,1,192,,1996.3656,True,C41 H48 N2 P2 Si2 Th,Th2 Si4 P4 H96 C82 N4,90,0.9492,True,0,False
4325853,200,ordered,partial or mixed site occupancy,1,448,,4512.1918,False,,B40 P16 H224 Pd4 Pt4 C132 S4 Cl8 O8,78,,True,0,False
4325988,200,size_within_limit,190 sites > 150,1,190,,1992.795,True,C94 H76 N8 O8 S2 Zn2,Zn2 H76 C94 S2 N8 O8,30,0.9279,True,0,False
4326068,200,,,1,24,8,621.7748,True,As3 Cd4 K,K3 Cd12 As9,48,2.6451,False,0,True
4326163,200,size_within_limit,194 sites > 150,1,194,,2145.8845,True,C41 H40 Fe2 N12 O S4,Fe4 H74 C82 S8 N24 O2,26,0.8498,True,1,False
4326192,200,ordered,partial or mixed site occupancy,1,644,,6542.3512,False,,Ni12 P8 H256 C220 N56 O4 F48,28,,True,0,False
4326299,200,size_within_limit,2592 sites > 150,1,2592,,318768.753,True,C90 H54 Cu3 N0 O15,Cu48 H864 C1440 O240,29,,True,0,False
4326468,200,size_within_limit,194 sites > 150,1,194,,1901.1294,True,C40 H50 Cl N2 O3 Re,Re2 H100 C80 N4 Cl2 O6,75,0.949,True,0,False
4326672,200,size_within_limit,300 sites > 150,1,300,,3792.7233,True,C36 H26 Fe In2 N6 O Se5,In8 Fe4 H96 C144 Se20 N24 O4,49,0.9287,True,1,False
4326924,200,,,1,148,148,2306.1492,True,Cs2 O24 Si10 U,Cs8 U4 Si40 O96,92,1.574,False,0,True
4326936,200,size_within_limit,288 sites > 150,1,288,,2993.0587,True,C28 H34 B N6 S2 Y,Y4 B4 H136 C112 S8 N24,39,0.9292,True,0,False
4327160,200,,,1,112,112,1041.8574,True,C18 H23 Co N3 O11,Co2 H46 C36 N6 O22,27,0.8178,True,0,True
4327191,200,,,1,114,114,1004.914,True,C22 H28 N2 Ni O4,Ni2 H56 C44 N4 O8,28,0.8952,True,0,True
4327267,200,,,1,106,106,964.1492,True,C19 H27 N O6,H54 C38 N2 O12,8,0.8873,True,0,True
4327286,200,ordered,partial or mixed site occupancy,1,760,,6739.7695,False,,Fe8 H424 C280 N16,26,,True,0,False
4327555,200,ordered,partial or mixed site occupancy,1,144,,2344.6932,False,,Cu8 H40 C48 Br31.848 N8 Cl8,35,,True,1,False
4327564,200,size_within_limit,256 sites > 150,1,256,,2880.7674,True,C22 H34 Br2 Cl2 Hg N2 Pt,Hg4 H136 Pt4 C88 Br8 N8 Cl8,80,0.9494,True,0,False
4327671,200,geometry_sane,two atoms 0.483 A apart,1,364,,4220.0933,True,C88 H80 Cl F3 N4 O4 P4 Re2 S,Re4 P8 H160 C176 N8 Cl4 O4,75,0.4827,True,1,False
4327877,200,ordered,partial or mixed site occupancy,1,1644,,17484.8979,False,,Gd8 H588 C567.04 N72 Cl24 O63.04,64,,True,1,False
4327963,200,ordered,partial or mixed site occupancy,1,134,,1301.735,False,,Si2 H68 C54 S2 O6,16,,True,0,False
4328101,200,size_within_limit,180 sites > 150,1,180,,1701.8334,True,C12 H28 Br Cr N3,Cr4 H112 C48 Br4 N12,35,0.9794,True,0,False
4328628,200,ordered,partial or mixed site occupancy,1,400,,4357.5378,False,,Cu8 H124 C128 N52 Cl16 O68,29,,True,0,False
4328956,200,,,1,130,130,1383.3119,True,C12 H16 Cl2 Fe N24 O10,Fe2 H32 C24 N48 Cl4 O20,26,0.9131,True,0,True
4328978,200,size_within_limit,179 sites > 150,1,179,,1836.5906,True,C58 H96 As4 I2 O18 Pt,As4 H96 Pt1 C58 I2 O18,78,0.9489,True,0,False
4329004,200,ordered,partial or mixed site occupancy,1,284,,4628.9908,False,,Na24 Co4 Pd48 Se32 O160,46,,False,0,False
4329069,200,ordered,partial or mixed site occupancy,1,342,,3210.6954,False,,Ni2 B2 H132 C112 S4 N8 O4 F48,28,,True,0,False
4329166,200,size_within_limit,438 sites > 150,1,438,,4968.6029,True,C67 H99 Cu10 N8 O29 P6,Cu20 P12 H198 C134 N16 O58,29,,True,0,False
4329256,200,size_within_limit,328 sites > 150,1,328,,3263.6758,True,C14 H18 B7 Cl Ru,B56 H144 Ru8 C112 Cl8,44,0.9288,True,0,False
4329553,200,ordered,partial or mixed site occupancy,1,468,,4764.7149,False,,Co4 P4 H172 C234 N24 Cl4 O16,27,,True,0,False
4329678,200,,,1,132,132,1523.458,True,C14 H8 N4 O4 Pt S2,H32 Pt4 C56 S8 N16 O16,78,0.6416,True,0,True
4329927,200,ordered,partial or mixed site occupancy,1,270,,2773.163,False,,Yb2 Cu2 H58 C90 S12 N4 O16 F36,70,,True,0,False
4329939,200,size_within_limit,172 sites > 150,1,172,,1628.9621,True,C12 H26 Br2 Hg N2,Hg4 H104 C48 Br8 N8,80,0.9782,True,0,False
4330031,200,size_within_limit,436 sites > 150,1,436,,4516.2083,True,C51 H40 Eu N9 O8,Eu4 H160 C204 N36 O32,63,,True,0,False
4330141,200,ordered,partial or mixed site occupancy,1,17,,236.5869,False,,Sr3 Pr1 Fe1.5 Co1.5 O8.4068,59,,False,1,False
4330163,200,ordered,partial or mixed site occupancy,1,268,,2767.1547,False,,Cu4 H96 C84 N24 Cl8 O16 F24,29,,True,0,False
4330331,200,size_within_limit,296 sites > 150,1,296,,3185.4615,True,C36 H26 Cl2 Cu2 N8,Cu8 H104 C144 N32 Cl8,29,0.9288,True,0,False
4330388,200,size_within_limit,296 sites > 150,1,296,,2736.5075,True,C7 H20 B10,B80 H160 C56,6,0.9492,True,0,False
4330728,200,,,1,86,86,1049.792,True,C20 H16 Br F3 O3 S Te,Te2 H28 C40 S2 Br2 O6 F6,52,0.9492,True,1,True
4330908,200,ordered,partial or mixed site occupancy,1,604,,5408.8817,False,,U4 H336 C164 S20 N32 O8,92,,True,0,False
4330916,200,ordered,partial or mixed site occupancy,1,193,,1563.5691,False,,Cu2 B3 H68 C56 N16 F13,29,,True,0,False
4331114,200,ordered,partial or mixed site occupancy,1,486,,3937.7571,False,,P8 H232 Rh4 C150.028 N4 O8,45,,True,1,False
4331229,200,,,1,122,122,1384.0231,True,C23 H26 Cl2 F3 O4 P S Si,Si2 P2 H52 C46 S2 Cl4 O8 F6,17,0.949,True,0,True
4331253,200,,,1,124,124,1331.8666,True,C28 H30 N2 Si2,Si4 H60 C56 N4,14,0.9294,True,0,True
4331268,200,,,1,128,128,1361.1775,True,C12 H10 Eu N O9,Eu4 H36 C48 N4 O36,63,0.8453,True,1,True
4331270,200,,,1,128,128,1368.4002,True,C12 H10 N O9 Sm,Sm4 H36 C48 N4 O36,62,0.8289,True,1,True
4331363,200,size_within_limit,472 sites > 150,1,472,,4606.5487,True,C88 H134 Li4 O10,Li8 H268 C176 O20,8,,True,0,False
4331520,200,size_within_limit,1312 sites > 150,1,1312,,15308.6521,True,C150 H106 Cu6 F36 N18 O12,Cu24 H424 C600 N72 O48 F144,29,,True,0,False
4331535,200,ordered,partial or mixed site occupancy,1,408,,4339.5715,False,,Fe4 H132 C204 N28 O4 F32,26,,True,0,False
4331568,200,ordered,partial or mixed site occupancy,1,444,,4591.6673,False,,Ga4 H176 C196 Br8 N32 Cl4 O20,35,,True,0,False
4331658,200,ordered,partial or mixed site occupancy,1,328,,4020.553,False,,Zr4 Co4 P12 H100 C80 S12 O72 F36,40,,True,1,False
4331886,200,,,1,90,90,855.0883,True,C17 H23 N3 Pd S,H46 Pd2 C34 S2 N6,46,0.9498,True,0,True
4331942,200,size_within_limit,332 sites > 150,1,332,,3641.9947,True,C40 H36 Ni O P2 S3,Ni4 P8 H144 C160 S12 O4,28,0.9289,True,0,False
4331991,200,ordered,partial or mixed site occupancy,1,406,,3827.5322,False,,Mg6 H168 C96 S12 N12 O98,16,,True,1,False
4332018,200,ordered,partial or mixed site occupancy,1,436,,2866.2224,False,,P8 H176 Ir4 C108 I4 O4,77,,True,0,False
4332021,200,ordered,partial or mixed site occupancy,1,218,,2236.8743,False,,Co4 H80 C72 N8 O36,27,,True,0,False
4332097,200,ordered,partial or mixed site occupancy,1,456,,4439.0595,False,,Mn4 Fe8 B8 H168 C120 N80 O24,26,,True,0,False
4332218,200,size_within_limit,520 sites > 150,1,520,,5662.4468,True,C22 H20 Cu F12 N4 O6,Cu8 H160 C176 N32 O48 F96,29,,True,0,False
4332255,200,size_within_limit,316 sites > 150,1,316,,2914.1733,True,C18 H37 N3 O17 P3 Tb,Tb4 P12 H148 C72 N12 O68,65,0.819,True,0,False
4332399,200,size_within_limit,212 sites > 150,1,212,,1891.622,True,C12 H28 Br2 Mn N8 O2,Mn4 H112 C48 Br8 N32 O8,35,0.7076,True,0,False
4332423,200,size_within_limit,1040 sites > 150,1,1040,,10957.9213,True,C42 H46 Er2 N16 O24,Er16 H368 C336 N128 O192,68,,True,0,False
4332576,200,ordered,partial or mixed site occupancy,1,281,,2664.7801,False,,Ni3 H90 C126 S6 N12 O12,28,,True,0,False
4332614,200,size_within_limit,168 sites > 150,1,168,,1640.9965,True,C14 H32 Mo8 N4 O26,Mo16 H64 C28 N8 O52,42,0.9992,True,0,False
4332957,200,size_within_limit,618 sites > 150,1,618,,5588.1792,True,C106 H192 Cu4 N4 O12,Cu8 H372 C208 N8 O22,29,,True,1,False
4333018,200,,,1,132,132,1244.7702,True,C20 H38 Cl4 O2 Os2,H76 Os4 C40 Cl8 O4,76,0.8292,True,0,True
4333051,200,size_within_limit,414 sites > 150,1,414,,4590.8143,True,C90 H77 Mn7 N8 O25,Mn14 H154 C180 N16 O50,25,,True,0,False
4333083,200,,,1,94,94,912.8694,True,C22 H54 O12 P2 S2 Sn2,Sn2 P2 H54 C22 S2 O12,50,0.8199,True,0,True
4333203,200,ordered,partial or mixed site occupancy,1,840,,11567.0564,False,,Re16 H288 C368 S8 N16 O120,75,,True,1,False
4333341,200,size_within_limit,152 sites > 150,1,152,,2072.6149,True,C16 H11 N6 Ni S4,Ni4 H44 C64 S16 N24,28,0.9294,True,0,False
4333537,200,ordered,partial or mixed site occupancy,1,1744,,14139.1636,False,,Cu16 H880 C576 N48 O32,29,,True,1,False
4333605,200,size_within_limit,624 sites > 150,1,624,,6692.3451,True,C16.66667 H21 Cl2 F6 N4.33333 Os P,P12 H252 Os12 C200 N52 Cl24 F72,76,,True,1,False
4333658,200,ordered,partial or mixed site occupancy,1,78,,1210.9952,False,,Zn47.13 Au29.07,79,,False,0,False
4334066,200,size_within_limit,592 sites > 150,1,592,,6505.763,True,C33 H26 Cl2 F6 N5 Os P,P8 H208 Os8 C264 N40 Cl16 F48,76,,True,0,False
4334141,200,size_within_limit,194 sites > 150,1,194,,2089.7831,True,C38 H49 Mo N5 O S3,Mo2 H98 C76 S6 N10 O2,42,0.9287,True,0,False
4334176,200,ordered,partial or mixed site occupancy,1,484,,4879.7861,False,,Er4 P8 H207.2 C168 N24 O65.6,68,,True,0,False
4334499,200,size_within_limit,452 sites > 150,1,452,,5429.9177,True,C49 H40 B F15 Ge N2 O P2 Si2,Si8 Ge4 B4 P8 H160 C196 N8 O4 F60,32,,True,0,False
4334570,200,size_within_limit,206 sites > 150,1,206,,2105.4185,True,C38 H46 Mn N4 Ni2 O12,Mn2 Ni4 H92 C76 N8 O24,28,0.9491,True,0,False
4334663,200,size_within_limit,164 sites > 150,1,164,,1742.1048,True,C10 H24 Cl4 P2 Si,Si4 P8 H96 C40 Cl16,17,0.9797,True,0,False
4334781,200,size_within_limit,188 sites > 150,1,188,,2053.1241,True,C40 H32 B N11 O8 P2,B2 P4 H64 C80 N22 O16,15,0.9491,True,0,False
4334854,200,size_within_limit,324 sites > 150,1,324,,3675.0048,True,C68 H56 B4 F24 P4 Pt2 S4,B8 P8 H112 Pt4 C136 S8 F48,78,0.9493,True,0,False
4334957,200,size_within_limit,172 sites > 150,1,172,,2030.7044,True,C14 H24 Cl3 Ga N4 O3,Ga4 H72 C56 N16 Cl12 O12,31,0.9101,True,1,False
4335194,200,,,1,76,76,975.1963,True,C5 H6 Cl Ir N4 O2,H24 Ir4 C20 N16 Cl4 O8,77,0.9793,True,0,True
4335248,200,size_within_limit,268 sites > 150,1,268,,2626.9708,True,C22 H27 Gd N4 Ni O12,Gd4 Ni4 H108 C88 N16 O48,64,0.8107,True,0,False
4335854,200,size_within_limit,248 sites > 150,1,248,,2971.0118,True,C12 H10 I N5 O2 S,H80 C96 S8 I8 N40 O16,53,0.8621,True,0,False
4335885,200,ordered,partial or mixed site occupancy,1,114,,1538.4033,False,,Mn1 Fe1 H28.98 C54 Br6 N6 O16,35,,True,2,False
4335946,200,size_within_limit,1818 sites > 150,1,1818,,21810.2036,True,C147 H102 Cl6 N24 O12 Pd12,H612 Pd72 C882 N144 Cl36 O72,46,,True,0,False
4336165,200,ordered,partial or mixed site occupancy,1,194,,1837.5967,False,,Co6 H84 C44 N44 O12,27,,True,0,False
4336321,200,,,1,80,20,1075.0762,True,Ag O3 Sb,Ag16 Sb16 O48,51,1.9632,False,0,True
4336350,200,size_within_limit,552 sites > 150,1,552,,5576.6915,True,C63 H61 F6 O2 P5 Ru,P20 H244 Ru4 C252 O8 F24,44,,True,0,False
4336530,200,size_within_limit,168 sites > 150,1,168,,1904.8641,True,C19 H11 N3 O8 U,U4 H44 C76 N12 O32,92,0.8193,True,0,False
4336801,200,,,1,24,24,384.275,True,Cl2 D2 Mn O,Mn4 H8 Cl8 O4,25,0.9584,False,0,True
4336883,200,ordered,partial or mixed site occupancy,1,66,,1333.8993,False,,Sr12 Zn17.442 Au36.558,79,,False,0,False
4336934,200,,,1,40,20,389.5528,True,Cu3 Fe4 Lu O12,Lu2 Fe8 Cu6 O24,71,1.9394,False,0,True
4336959,200,size_within_limit,552 sites > 150,1,552,,6180.9409,True,C99 H33 Cl2 Co N P2,Co4 P8 H132 C396 N4 Cl8,27,,True,0,False
4337004,200,ordered,partial or mixed site occupancy,1,398,,3157.4934,False,,Ti2 H200 C144 N4,22,,True,0,False
4337460,200,ordered,partial or mixed site occupancy,1,318,,3321.451,False,,Fe4 B6 H134 C110 N32 O2 F24,26,,True,0,False
4337529,200,ordered,partial or mixed site occupancy,1,85,,764.5269,False,,Cu3 H20 C22 S2 N10 O14,29,,True,0,False
4337530,200,,,1,124,124,1356.3862,True,C11 H8 Cl Cu N5 O5,Cu4 H32 C44 N20 Cl4 O20,29,0.9291,True,0,True
4337612,200,ordered,partial or mixed site occupancy,1,199,,1912.0129,False,,Mn4 P2 H70 C77 N8 Cl2 O23 F2,25,,True,0,False
4337665,200,size_within_limit,156 sites > 150,1,156,,2822.6086,True,Mo6 O24 Rb8 Th,Rb32 Th4 Mo24 O96,90,1.7399,False,0,False
4337718,200,size_within_limit,288 sites > 150,1,288,,3307.208,True,C24 H32 Cl6 Ge2 N4 P4,Ge8 P16 H128 C96 N16 Cl24,32,0.9889,True,0,False
4337908,200,size_within_limit,292 sites > 150,1,292,,2763.772,True,C28 H40 Al Cl2 N2,Al4 H160 C112 N8 Cl8,17,0.949,True,0,False
4337912,200,size_within_limit,336 sites > 150,1,336,,3513.8552,True,C41 H36 N O2 P3 Ru,P12 H144 Ru4 C164 N4 O8,44,0.949,True,0,False
4338275,200,size_within_limit,304 sites > 150,1,304,,3054.4973,True,C27 H34 Cu2 N6 O7,Cu8 H136 C108 N24 O28,29,0.8193,True,0,False
4338283,200,ordered,partial or mixed site occupancy,1,1484,,14020.2615,False,,V4 H768 W68 C352 S8 N36 O248,74,,True,0,False
4338505,200,ordered,partial or mixed site occupancy,1,432,,4037.5335,False,,Ce2 P12 H152 C164 S4 N18 O20,58,,True,0,False
4338536,200,,,1,10,10,257.6483,True,Au2 Ba Sn2,Ba2 Sn4 Au4,79,2.7301,False,0,True
4338656,200,ordered,partial or mixed site occupancy,1,28,,553.9503,False,,Ca6 Ge7.142 Au14.858,79,,False,0,False
4338692,200,size_within_limit,396 sites > 150,1,396,,3856.7415,True,C76 H92 Co2 N16 O12,Co4 H184 C152 N32 O24,27,0.8394,True,0,False
4338884,200,ordered,partial or mixed site occupancy,1,294,,3192.7058,False,,Mn2 H106 C148 N24 Cl8 O4,25,,True,1,False
4339004,200,ordered,partial or mixed site occupancy,1,432,,5457.0781,False,,Mn22 P8 H145.18 C113.8 O88,25,,True,1,False
4339614,200,ordered,partial or mixed site occupancy,1,356,,3300.9737,False,,Ce4 Ni8 H128 C80 S8 N24 O74,58,,True,1,False
4339726,200,ordered,partial or mixed site occupancy,1,356,,3563.9389,False,,Ni4 H140 C140 S4 N16 Cl12 O24,28,,True,0,False
4339731,200,ordered,partial or mixed site occupancy,1,304,,2938.9276,False,,Ni4 H116 C124 N16 Cl4 O28,28,,True,0,False
4340008,200,size_within_limit,328 sites > 150,1,328,,16911.0013,True,C24 O13 Zn4,Zn32 C192 O104,30,1.2567,True,0,False
4340097,200,ordered,partial or mixed site occupancy,1,2096,,19377.3331,False,,Ag32 H672 C672 N128 O160,47,,True,1,False
4340100,200,size_within_limit,246 sites > 150,1,246,,3637.3603,True,C90 H90 Cu6 N6 O54,Cu6 H90 C90 N6 O54,29,0.8484,True,1,False
4340206,200,ordered,partial or mixed site occupancy,1,1020,,10687.0838,False,,Cu16 H462 C324 N58 Cl16 O99.96,29,,True,0,False
4340470,200,size_within_limit,812 sites > 150,1,812,,10845.8565,True,C48.5 H33 Br10 Cl N4 O4 Zn,Zn8 H264 C388 Br80 N32 Cl8 O32,35,,True,0,False
4340592,200,size_within_limit,456 sites > 150,1,456,,5468.053,True,C26 H21 Cl2 Ge O5 P W,Ge8 P8 H168 W8 C208 Cl16 O40,74,,True,0,False
4340709,200,ordered,partial or mixed site occupancy,1,460,,5137.0687,False,,Mo8 H124 C200 N24 Cl8 O8 F72,42,,True,0,False
4340884,200,ordered,partial or mixed site occupancy,1,264,,2246.1393,False,,Fe8 Ni4 H80 C40 S8 I8 N24 O16,53,,True,0,False
4341236,200,size_within_limit,392 sites > 150,1,392,,3988.2977,True,C40 H36 Co F20 N,Co4 H144 C160 N4 F80,27,0.9798,True,0,False
4341397,200,size_within_limit,744 sites > 150,1,744,,6815.6447,True,C66 H104 B2 I N12 Tm,Tm4 B8 H416 C264 I4 N48,69,,True,0,False
4341603,200,size_within_limit,152 sites > 150,1,152,,1414.3238,True,C7 H18 B11 N O,B44 H72 C28 N4 O4,8,0.9298,True,0,False
4341718,200,,,1,110,110,1196.8392,True,C24 H20 Fe N8 Se2,Fe2 H40 C48 Se4 N16,34,0.8151,True,0,True
4341734,200,,,1,96,96,778.9208,True,C14 H24 Co N2 O7,Co2 H48 C28 N4 O14,27,0.9893,True,0,True
4341938,200,,,1,144,144,1474.684,True,C17 H13 N3 O2 Pt,H52 Pt4 C68 N12 O8,78,0.9282,True,0,True
4341968,200,ordered,partial or mixed site occupancy,1,1184,,14007.5838,False,,Sn64 H528 C288 S96 O48,50,,True,0,False
4341995,200,ordered,partial or mixed site occupancy,1,239,,2200.7015,False,,H65.2 Ru4 C83.2 N16 Cl6 O32.6 F4,44,,True,1,False
4342233,200,size_within_limit,258 sites > 150,1,258,,2775.3274,True,C55 H53 Cl7 F6 N2 O2 P3 Rh,P6 H106 Rh2 C110 N4 Cl14 O4 F12,45,0.9487,True,0,False
4342339,200,,,1,80,80,1066.2614,True,Al F30 Na3 U6,Na6 U12 Al2 F60,92,1.8057,False,1,True
4342393,200,size_within_limit,264 sites > 150,1,264,,2296.1731,True,C19 H33 Cl F6 N5 P Zn,Zn4 P4 H132 C76 N20 Cl4 F24,30,0.9495,True,0,False
4342810,200,size_within_limit,360 sites > 150,1,360,,3269.9255,True,C10 H24 B10 Os,B80 H192 Os8 C80,76,0.9495,True,0,False
4342883,200,ordered,partial or mixed site occupancy,1,308,,3422.5784,False,,Dy4 Mo4 H100 C104 N56 O28,66,,True,0,False
4342987,200,,,1,132,132,1347.5828,True,C10 H16 F2 N2 O2 Se,H64 C40 Se4 N8 O8 F8,34,0.9689,True,0,True
4343011,200,size_within_limit,336 sites > 150,1,336,,3953.1253,True,C76 H68 B2 F8 Fe2 Mo2 N2 O4 P4,Fe4 B4 Mo4 P8 H136 C152 N4 O8 F16,42,0.9488,True,0,False
4343181,200,ordered,partial or mixed site occupancy,1,42,,536.6471,False,,Cs2 Ti6 Se4 O22.02 F7.98,55,,False,2,False
4343336,200,ordered,partial or mixed site occupancy,1,178,,1217.4124,False,,Re2 H66 C36 N4 O22,75,,True,0,False
4343415,200,ordered,partial or mixed site occupancy,1,660,,5993.4149,False,,K4 Fe4 H228 C244 N24 Cl24 O24,26,,True,0,False
4343446,200,size_within_limit,264 sites > 150,1,264,,2761.243,True,C22 H26 F6 N2 O7 S2 Sn,Sn4 H104 C88 S8 N8 O28 F24,50,0.9299,True,0,False
4343463,200,size_within_limit,372 sites > 150,1,372,,3899.6876,True,C42 H38 F8 P4 Pd,P16 H152 Pd4 C168 F32,46,0.9486,True,0,False
4343468,200,ordered,partial or mixed site occupancy,1,648,,5576.757,False,,Ag4 P20 H212 Pd4 C228 F56,47,,True,0,False
4343656,200,,,1,76,76,976.3947,True,Cl2 H9 N7 Os,H36 Os4 N28 Cl8,76,1.1263,False,0,True
4343856,200,,,1,44,22,591.0797,True,Eu3 O7 Os,Eu12 Os4 O28,76,1.9538,False,0,True
4343926,200,size_within_limit,168 sites > 150,1,168,,1529.1993,True,C7 H21 N3 O8 S3,H84 C28 S12 N12 O32,16,0.9792,True,0,False
4343953,200,size_within_limit,360 sites > 150,1,360,,4359.8722,True,C45 H39 F6 N4 O0.5 P2 Ru,P8 H136 Ru4 C172 N16 F24,44,0.9489,True,1,False
4343985,200,size_within_limit,192 sites > 150,1,192,,1900.4319,True,C38 H42 Cl2 N6 O6 V2,V4 H84 C76 N12 Cl4 O12,23,0.9297,True,0,False
4344540,200,size_within_limit,300 sites > 150,1,300,,2776.9975,True,C28 H32 Cl Co N6 O7,Co4 H128 C112 N24 Cl4 O28,27,0.949,True,0,False
4344569,200,size_within_limit,624 sites > 150,1,624,,6250.6972,True,C27 H36 Co N8 O6,Co8 H288 C216 N64 O48,27,,True,0,False
4344579,200,ordered,partial or mixed site occupancy,1,296,,3448.3778,False,,Fe6 H99 C119 S20 N8 Cl9 O12 F12,26,,True,0,False
4344782,200,ordered,partial or mixed site occupancy,1,728,,6145.1657,False,,Fe4 P8 H372 C256 Br4 O2,35,,True,1,False
4344792,200,ordered,partial or mixed site occupancy,1,220,,2064.178,False,,Zr2 P4 H92 C92 N2 Cl6,40,,True,0,False
4345022,200,,,1,138,138,1413.8562,True,C62 H66 Mo2 N2 O4 S2,Mo2 H66 C62 S2 N2 O4,42,0.949,True,0,True
4345027,200,ordered,partial or mixed site occupancy,1,306,,2999.9868,False,,Re6 H120 C120 N12 Cl6 O30,75,,True,0,False
4345030,200,size_within_limit,236 sites > 150,1,236,,2902.889,True,C22 H20 F3 Mn N5 O6 P S,Mn4 P4 H80 C88 S4 N20 O24 F12,25,0.9291,True,0,False
4345042,200,ordered,partial or mixed site occupancy,1,1116,,10943.2364,False,,K24 Co12 H408 C324 S36 N48 O84,27,,True,0,False
4345046,200,size_within_limit,552 sites > 150,1,552,,5626.7373,True,C32 H28 Cu N3 Na O4,Na8 Cu8 H224 C256 N24 O32,29,,True,0,False
4345184,200,size_within_limit,552 sites > 150,1,552,,5355.7468,True,C55 H65 B2 N14 Se U,U4 B8 H260 C220 Se4 N56,92,,True,0,False
4345314,200,ordered,partial or mixed site occupancy,1,452,,4171.517,False,,P8 H160 W4 C156 S8 N8 O28 F24,74,,True,0,False
4345394,200,size_within_limit,332 sites > 150,1,332,,3383.8079,True,C34 H31 Cu Gd N6 O10,Gd4 Cu4 H124 C136 N24 O40,64,0.9291,True,0,False
4345432,200,ordered,partial or mixed site occupancy,1,652,,4948.3034,False,,V8 H280 C208 N8 O28,23,,True,0,False
4345517,200,,,1,98,98,1128.0352,True,C24 H17 Cl4 N3 Pt,H34 Pt2 C48 N6 Cl8,78,0.9491,True,0,True
4345520,200,,,1,116,116,1271.3353,True,C29 H21 Cl4 N3 Pt,H42 Pt2 C58 N6 Cl8,78,0.9496,True,0,True
4345622,200,ordered,partial or mixed site occupancy,1,614,,5796.6878,False,,Sm10 P12 H308 C168 N4 O94,62,,True,0,False
4345712,200,size_within_limit,158 sites > 150,1,158,,2399.408,True,C36 H22 Cl2 F10 Ir N6 P Pt,P2 H44 Ir2 Pt2 C72 N12 Cl4 F20,78,0.9287,True,0,False
4346089,200,ordered,partial or mixed site occupancy,1,788,,9387.6948,False,,Dy8 H216 C288 S24 N32 Cl16 O48 F144,66,,True,0,False
4346130,200,size_within_limit,848 sites > 150,1,848,,11497.5754,True,C78 H88 Cl4 Dy8 N28 O18,Dy32 H304 C312 N112 Cl16 O72,66,,True,1,False
4346315,200,ordered,partial or mixed site occupancy,1,164,,2241.8673,False,,Pu4 H95.04 C32 N8 Cl24,94,,True,1,False
4346373,200,size_within_limit,356 sites > 150,1,356,,3843.7874,True,C24 H54 Cl P3 Se6 U,U4 P12 H216 C96 Se24 Cl4,92,0.9784,True,0,False
4346849,200,ordered,partial or mixed site occupancy,1,876,,6056.85,False,,Zn12 H352 C232 N16 Cl8 O48,30,,True,0,False
4346854,200,ordered,partial or mixed site occupancy,1,640,,7827.7287,False,,H262.752 Pt8 C254.752 N40 Cl44.256 O24,78,,True,1,False
4347010,200,ordered,partial or mixed site occupancy,1,360,,3291.5693,False,,Zn0.4 Co1.6 B4 H184 C128 N12 O6.5 F16,30,,True,0,False
4347078,200,ordered,partial or mixed site occupancy,1,472,,3709.8948,False,,B4 H172 Ir4 C184 S4 N8,77,,True,1,False
4347161,200,size_within_limit,1008 sites > 150,1,1008,,15677.2038,True,C36 H56 Cl4 N8 Nb4 S4,Nb36 H504 C324 S36 N72 Cl36,41,,True,0,False
4347189,200,ordered,partial or mixed site occupancy,1,228,,2647.6589,False,,H52 Ru4 C108 N8 O16.2 F32,44,,True,1,False
4347293,200,size_within_limit,1980 sites > 150,1,1980,,20749.282,True,C74 H86 Br Ga N2 Ni,Ga12 Ni12 H1032 C888 Br12 N24,35,,True,0,False
4347384,200,ordered,partial or mixed site occupancy,1,518,,6748.1805,False,,Na4 Ni16 P6 H174 C204 N24 O66,28,,True,2,False
4347723,200,ordered,partial or mixed site occupancy,1,864,,5399.4807,False,,P16 H324 Pt8 C212 N4 O4,78,,True,0,False
4347783,200,,,1,148,148,1361.2969,True,C8 H16 N4 O8 Si,Si4 H64 C32 N16 O32,14,0.8395,True,0,True
4347852,200,size_within_limit,248 sites > 150,1,248,,2543.0728,True,C29 H26 F N O2 Pt S2,H104 Pt4 C116 S8 N4 O8 F4,78,0.9485,True,0,False
4347911,200,size_within_limit,548 sites > 150,1,548,,5631.8637,True,C68 H56 B Cu F4 N4 O P2,Cu4 B4 P8 H224 C272 N16 O4 F16,29,,True,0,False
4348161,200,size_within_limit,232 sites > 150,1,232,,2618.5358,True,C12 H36 Br4 P4 Re2,Re8 P16 H144 C48 Br16,75,0.9791,True,0,False
4348235,200,size_within_limit,424 sites > 150,1,424,,4665.9259,True,C18 H18 Fe N12 O3 Pt,Fe8 H144 Pt8 C144 N96 O24,78,,True,0,False
4348245,200,,,1,104,104,1011.2353,True,C24 H23 N5,H46 C48 N10,7,0.9294,True,0,True
4348353,200,size_within_limit,240 sites > 150,1,240,,3000.3084,True,C29 H17 Br4 N3 O6 U,U4 H68 C116 Br16 N12 O24,92,0.929,True,0,False
4348354,200,size_within_limit,316 sites > 150,1,316,,3938.4383,True,C36 H26 Br3 N3 O12 U2,U8 H92 C144 Br12 N12 O48,92,0.9289,True,1,False
4348599,200,size_within_limit,654 sites > 150,1,654,,9358.352,True,C45 H39 Fe4 N3 O18,Fe24 H234 C270 N18 O108,26,,True,0,False
4348607,200,ordered,partial or mixed site occupancy,1,592,,8561.1647,False,,Cd16 H112 C208 N16 O64,48,,True,0,False
4348612,200,ordered,partial or mixed site occupancy,1,1572,,15860.9915,False,,Ga16 H228 C708 N84 O28 F160,31,,True,0,False
4348842,200,size_within_limit,440 sites > 150,1,440,,4499.8294,True,C20 H31 I2 N Si,Si8 H248 C160 I16 N8,53,,True,0,False
4348960,200,size_within_limit,408 sites > 150,1,408,,5160.8366,True,C45 H51 Co3 N9 O18,Co12 H148 C156 N28 O64,27,,True,1,False
4349106,200,size_within_limit,384 sites > 150,1,384,,3644.7916,True,C36 H44 B Dy N2 O12,Dy4 B4 H176 C144 N8 O48,66,0.9486,True,0,False
4349297,200,ordered,partial or mixed site occupancy,1,100,,1070.5487,False,,H33.36 Ru2 C44 N2 Cl2.64 O12,44,,True,0,False
4349398,200,size_within_limit,358 sites > 150,1,358,,4473.3844,True,C80 H72 Gd4 N4 O22,Gd8 H138 C160 N8 O44,64,0.9286,True,1,False
4349451,200,size_within_limit,2752 sites > 150,1,2752,,26149.8551,True,C62 H96 N2 Na2 Ni2 O4 P4,Na32 Ni32 P64 H1536 C992 N32 O64,28,,True,0,False
4349619,200,ordered,partial or mixed site occupancy,1,360,,2917.1824,False,,H88 C144 N24 O32,8,,True,0,False
4349826,200,size_within_limit,192 sites > 150,1,192,,2241.8513,True,C16 H11 N13 O6 Zn2,Zn8 H44 C64 N52 O24,30,0.9492,True,0,False
4349957,200,size_within_limit,222 sites > 150,1,222,,2374.1237,True,C90 H92 Na4 O16 P6 Re6 S8,Na4 Re6 P6 H92 C90 S8 O16,75,0.9491,True,1,False
4350274,200,,,1,26,26,436.9814,True,C4 H4 I2 N2 Zn,Zn2 H8 C8 I4 N4,53,0.9499,True,0,True
4350408,200,ordered,partial or mixed site occupancy,1,188,,1814.0947,False,,Dy8 H68 C48 O58,66,,True,0,False
4350419,200,,,1,92,92,1172.0998,True,C9 H9 Ni S2 Se2,Ni4 H36 C36 Se8 S8,34,0.9298,True,0,True
4350723,200,,,1,80,80,820.3684,True,C3 H8 Mn N2 O6,Mn4 H32 C12 N8 O24,25,0.906,True,0,True
4350795,200,size_within_limit,568 sites > 150,1,568,,5055.2833,True,C44 H84 Cl4 N4 P4 Re2,Re8 P16 H336 C176 N16 Cl16,75,,True,0,False
4500025,200,,,1,84,84,787.9965,True,C7 H7 N7,H28 C28 N28,7,0.8799,True,0,True
4500081,200,size_within_limit,196 sites > 150,1,196,,2141.081,True,C24 H20 O4 Si,Si4 H80 C96 O16,14,0.8301,True,0,False
4500233,200,,,1,64,64,688.118,True,C14 H13 Cl N2 Pd S,H26 Pd2 C28 S2 N4 Cl2,46,0.9295,True,0,True
4500260,200,ordered,partial or mixed site occupancy,1,332,,3715.4987,False,,Cu8 H90 C128 N32 O43,29,,True,1,False
4500372,200,ordered,partial or mixed site occupancy,1,168,,1838.2315,False,,Ag4 B4 H44 C68 N12 O12 F16,47,,True,1,False
4500411,200,size_within_limit,180 sites > 150,1,180,,1561.6346,True,C24 H53 Cl N6 Ni O7,Ni2 H102 C48 N12 Cl2 O14,28,0.9199,True,1,False
4500581,200,,,1,104,104,1146.8355,True,C7 H8 O9 S Sm,Sm4 H32 C28 S4 O36,62,0.8494,True,0,True
4500995,200,size_within_limit,304 sites > 150,1,304,,10853.7528,True,C50 H96 Fe2 N2 O21,Fe16 H48 C144 O96,26,0.9293,True,1,False
4501112,200,size_within_limit,184 sites > 150,1,184,,1688.1773,True,C14 H20 Mn N2 O9,Mn4 H80 C56 N8 O36,25,0.8617,True,0,False
4501421,200,size_within_limit,440 sites > 150,1,440,,4566.6265,True,C78 H78 Cl2 N28 O38 Rb2,Rb4 H144 C156 N56 Cl4 O76,37,,True,1,False
4501519,200,ordered,partial or mixed site occupancy,1,220,,2687.5322,False,,Na8 Sn8 H48 C96 O52,50,,True,1,False
4501598,200,ordered,partial or mixed site occupancy,1,326,,3066.845,False,,Cd6 H132 C80 S4 N16 O76,48,,True,0,False
4501634,200,ordered,partial or mixed site occupancy,1,251,,2455.2598,False,,Sn3 P4 H116 C98 S4 O22,50,,True,1,False
4501657,200,,,1,128,128,1427.1527,True,C48 H38 Cu4 N28 O8 S2,Cu4 H38 C48 S2 N28 O8,29,0.9294,True,0,True
4501962,200,ordered,partial or mixed site occupancy,1,510,,5988.8743,False,,Er10 H74 C146 N4 O60 F108,68,,True,1,False
4502192,200,size_within_limit,284 sites > 150,1,284,,2862.8388,True,C28 H30 Cd Fe N4 O7,Cd4 Fe4 H120 C112 N16 O28,48,0.8601,True,0,False
4502388,200,size_within_limit,344 sites > 150,1,344,,3916.3588,True,C16 H20 Br Cl N O2 P S,P8 H160 C128 S8 Br8 N8 Cl8 O16,35,0.9483,True,0,False
4502437,200,,,1,105,35,1768.4555,True,Cl F8 O4 Pb4.5,Pb27 Cl6 O24 F48,82,1.4316,False,1,True
4502604,200,,,1,120,120,1370.046,True,C12 H10 Cu I N6,Cu4 H40 C48 I4 N24,53,0.8301,True,0,True
4502638,200,ordered,partial or mixed site occupancy,1,178,,1500.1159,False,,H82 C70 N2 O8,8,,True,0,False
4502658,200,ordered,partial or mixed site occupancy,1,118,,1247.9561,False,,Zn4 H42 C46 N8 O16,30,,True,0,False
4503151,200,size_within_limit,220 sites > 150,1,220,,2463.7578,True,C23 H20 Ag F3 N2 O3 S3,Ag4 H80 C92 S12 N8 O12 F12,47,0.929,True,0,False
4503222,200,,,1,92,92,1018.6323,True,C16 H16 Br2 Cu N6 O5,Cu2 H32 C32 Br4 N12 O10,35,0.6688,True,0,True
4503252,200,,,1,93,93,943.2281,True,C34 H40 Cd N14 O2 S2,Cd1 H40 C34 S2 N14 O2,48,0.8097,True,0,True
4503268,200,size_within_limit,216 sites > 150,1,216,,2408.8488,True,C26 H16 N6 O4 S2,H64 C104 S8 N24 O16,16,0.8801,True,0,False
4503466,200,ordered,partial or mixed site occupancy,1,768,,7563.8939,False,,H252 C256 N88 O122,8,,True,0,False
4503472,200,size_within_limit,172 sites > 150,1,172,,1962.7048,True,C10 H12 Co N18 S2,Co4 H48 C40 S8 N72,27,0.9301,True,0,False
4503812,200,,,1,92,92,808.1595,True,C26 H46 Cu2 N4 O14,Cu2 H46 C26 N4 O14,29,0.8378,True,1,True
4503962,200,size_within_limit,250 sites > 150,1,250,,2560.3586,True,C67 H49 N5 O4,H98 C134 N10 O8,8,0.9089,True,0,False
4503989,200,size_within_limit,248 sites > 150,1,248,,3095.1175,True,C12 H8 Cl2 F6 N2 Pd,H64 Pd8 C96 N16 Cl16 F48,46,0.8986,True,0,False
4504385,200,size_within_limit,284 sites > 150,1,284,,2776.3629,True,C15 H15 N4 O1.5,H120 C120 N32 O12,8,0.857,True,0,False
4504470,200,ordered,partial or mixed site occupancy,1,99,,1092.3269,False,,Ce2 H30 Pt2 C28 N4 Cl4 O27,78,,True,1,False
4504483,200,,,1,28,28,361.5923,True,Fe2 H Na O8 P2,Na2 Fe4 P4 H2 O16,26,0.8201,False,0,True
4504561,200,size_within_limit,336 sites > 150,1,336,,3147.0546,True,C10 H27 I N4,H216 C80 I8 N32,53,0.7202,True,0,False
4504590,200,,,1,56,56,572.7645,True,C2 H6 Cl N5,H24 C8 N20 Cl4,17,0.8305,True,0,True
4504782,200,size_within_limit,180 sites > 150,1,180,,4060.6508,True,C48 H30 N4 O8,H60 C96 N8 O16,8,0.8394,True,0,False
4504818,200,size_within_limit,176 sites > 150,1,176,,1757.8688,True,C40 H38 Br2 N6 O2,H76 C80 Br4 N12 O4,35,0.8294,True,0,False
4504862,200,,,1,128,128,1290.54,True,C15 H12 Cl N3 O,H48 C60 N12 Cl4 O4,17,0.8933,True,0,True
4504901,200,size_within_limit,300 sites > 150,1,300,,2900.3012,True,C31 H32 O11 S,H128 C124 S4 O44,16,0.9293,True,0,False
4504911,200,,,1,124,124,1155.9445,True,C24 H30 N4 O4,H60 C48 N8 O8,8,0.8284,True,0,True
4505056,200,,,1,80,80,925.6977,True,C12 H16 Ag Cl N4 O6,Ag2 H32 C24 N8 Cl2 O12,47,0.9699,True,0,True
4505142,200,,,1,70,70,752.3758,True,C10 H40 Mn2 N10 S6 Sn2,Mn2 Sn2 H40 C10 S6 N10,50,0.9195,True,0,True
4505225,200,,,1,92,92,986.52,True,C20 H16 N4 O6,H32 C40 N8 O12,8,0.8599,True,0,True
4505310,200,,,1,66,66,549.6106,True,C11 H18 N2 O2,H36 C22 N4 O4,8,0.8799,True,0,True
4505600,200,,,1,58,58,654.6418,True,C14 H8 Cd N2 O4,Cd2 H16 C28 N4 O8,48,0.9291,True,0,True
4505627,200,size_within_limit,176 sites > 150,1,176,,1787.0447,True,C19 H17 F N2 O5,H68 C76 N8 O20 F4,9,0.9391,True,0,False
4505797,200,size_within_limit,184 sites > 150,1,184,,2118.155,True,C20 H18 Ag Cl O4 S2,Ag4 H72 C80 S8 Cl4 O16,47,0.9278,True,0,False
4505852,200,,,1,60,30,738.389,True,C6 H4 Cl Cu N2 S,Cu4 H16 C24 S4 N8 Cl4,29,0.8782,True,0,True
4506314,200,size_within_limit,210 sites > 150,1,210,,2048.8959,True,C20 H22 Cu1.5 N O8,Cu6 H88 C80 N4 O32,29,0.8439,True,0,False
4506360,200,ordered,partial or mixed site occupancy,1,1280,,27317.8765,False,,Co48 H128 C616 S48 N132 O88,27,,True,1,False
4506443,200,,,1,103,103,1120.2513,True,C40 H28 Ce2 Co N12 O20,Ce2 Co1 H28 C40 N12 O20,58,0.8422,True,0,True
4506481,200,ordered,partial or mixed site occupancy,1,212,,1773.4966,False,,H76 C72 N4 Cl8 O16,17,,True,0,False
4506483,200,size_within_limit,312 sites > 150,1,312,,3446.4914,True,C36 H24 F6 N3 O6 P3,P12 H96 C144 N12 O24 F24,15,0.9488,True,0,False
4507123,200,parsed,ValueError: Invalid CIF file with no structures!,,,,,,,,,,,3,False
4507126,200,,,1,138,138,1580.6464,True,C33 H27 Cl2 N5 O2,H54 C66 N10 Cl4 O4,17,0.7955,True,0,True
4507141,200,ordered,partial or mixed site occupancy,1,136,,1180.7727,False,,H68 Ru2 C56 N4,44,,True,1,False
4507236,200,,,1,120,120,1114.4208,True,C7 H6 N2,H48 C56 N16,7,0.8601,True,0,True
4507334,200,,,1,120,120,1130.3936,True,C12 H12 N2 O4,H48 C48 N8 O16,8,0.8135,True,0,True
4507386,200,ordered,partial or mixed site occupancy,1,106,,869.2151,False,,H35.988 C42 N2 O4,8,,True,0,False
4507889,200,ordered,partial or mixed site occupancy,1,70,,650.8555,False,,H28 C34 N4 O2,8,,True,0,False
4507959,200,ordered,partial or mixed site occupancy,1,776,,14986.7064,False,,Na16 La20 Mo116 N12 O584,57,,False,1,False
4508025,200,,,1,52,52,449.7052,True,C8 H14 O4,H28 C16 O8,8,0.9491,True,0,True
4508059,200,size_within_limit,540 sites > 150,1,540,,5451.8361,True,C64 H46 Cd2 N12 O11,Cd8 H184 C256 N48 O44,48,,True,0,False
4508074,200,size_within_limit,172 sites > 150,1,172,,1759.3156,True,C16 H17 Mo N3 O6,Mo4 H68 C64 N12 O24,42,0.7174,True,0,False
4508090,200,,,1,94,94,935.2909,True,C16 H17 O11 P2 Tb,Tb2 P4 H34 C32 O22,65,0.8202,True,0,True
4508174,200,,,1,124,124,1385.3113,True,C12 H10 Br N3 O4 S,H40 C48 S4 Br4 N12 O16,35,0.7729,True,0,True
4508328,200,size_within_limit,296 sites > 150,1,296,,2776.6127,True,C28 H36 O8 Zn2,Zn8 H144 C112 O32,30,0.9686,True,0,False
4508412,200,ordered,partial or mixed site occupancy,1,400,,3820.1574,False,,H176 C192 O16,8,,True,1,False
4508669,200,size_within_limit,714 sites > 150,1,714,,6923.141,True,C56 H73 Ag Cl3 N28 O30.5,Ag4 H240 C224 N112 Cl12 O122,47,,True,1,False
4508964,200,size_within_limit,212 sites > 150,1,212,,2235.9076,True,C23 H18 F3 N4 O4 S,H72 C92 S4 N16 O16 F12,16,0.8603,True,0,False
4508987,200,,,1,96,96,811.9107,True,C17 H25 N O5,H50 C34 N2 O10,8,0.8005,True,0,True
4509077,200,ordered,partial or mixed site occupancy,1,372,,3088.3488,False,,Cu4 H88 C112 N40 Cl12 O16,29,,True,0,False
4509188,200,,,1,84,84,775.7262,True,C17 H20 N2 O3,H40 C34 N4 O6,8,0.8603,True,0,True
4509405,200,,,1,122,122,1245.9689,True,C32 H20 N8 Pt,H40 Pt2 C64 N16,78,0.9293,True,0,True
4509410,200,ordered,partial or mixed site occupancy,1,122,,1313.9988,False,,Zn2 H42 C58 N12 O6,30,,True,1,False
4510061,200,ordered,partial or mixed site occupancy,1,900,,6771.4544,False,,H401.9958 C341.9982 O36,8,,True,0,False
4510198,200,,,1,98,98,1170.6139,True,C20 H18 N4 O6 Zn,Zn2 H36 C40 N8 O12,30,0.8456,True,0,True
4510369,200,size_within_limit,496 sites > 150,1,496,,5980.0122,True,C56 H40 O20 Pb8,H160 Pb32 C224 O80,82,,True,0,False
4510602,200,size_within_limit,172 sites > 150,1,172,,1902.3222,True,C21 H17 N O3 S,H68 C84 S4 N4 O12,16,0.8596,True,0,False
4510965,200,,,1,104,104,1002.1078,True,C21 H19 N4 O8,H38 C42 N8 O16,8,1.0309,True,0,True
4511046,200,ordered,partial or mixed site occupancy,1,426,,2552.6085,False,,H108.12 C78.06 S6 N18 Cl6 O18,17,,True,0,False
4511374,200,size_within_limit,236 sites > 150,1,236,,2211.852,True,C24 H29 N O5,H116 C96 N4 O20,8,0.839,True,0,False
4511424,200,size_within_limit,594 sites > 150,1,594,,9929.5661,True,C22 H28 Br4 Cu2 N20 O2,Cu18 H180 C180 Br36 N180,35,,True,1,False
4511905,200,size_within_limit,256 sites > 150,1,256,,2441.1169,True,C28 H29 Cl F N O4,H116 C112 N4 Cl4 O16 F4,17,0.8213,True,0,False
4512131,200,size_within_limit,216 sites > 150,1,216,,2070.2274,True,C21 H25 Co N5 O2,Co4 H100 C84 N20 O8,27,0.9194,True,0,False
4512192,200,ordered,partial or mixed site occupancy,1,567,,5377.9934,False,,Cu18 Mo36 P3 H90 C126 N72 O120,42,,True,1,False
4512214,200,size_within_limit,1024 sites > 150,1,1024,,12010.0685,True,C62 H48 N6 O10 Zn2,Zn16 H384 C496 N48 O80,30,,True,0,False
4512268,200,size_within_limit,324 sites > 150,1,324,,2858.4924,True,C12 H36 Ni3 O30,Ni12 H144 C48 O120,28,0.7938,True,0,False
4512444,200,size_within_limit,232 sites > 150,1,232,,2361.2422,True,C34 H20 O4,H80 C136 O16,8,0.9488,True,0,False
4512465,200,ordered,partial or mixed site occupancy,1,304,,5395.1115,False,,K8 Nd4 Mn4 V52 C12 N4 O204,60,,True,1,False
4512541,200,ordered,partial or mixed site occupancy,1,580,,5377.1654,False,,Cu12 H264 C188 N48 O56,29,,True,0,False
4512629,200,,,1,148,148,1348.2223,True,C8 H17 B10 N O,B40 H68 C32 N4 O4,8,0.8404,True,0,True
4512649,200,,,1,50,25,489.1528,True,C5 H9 N2 O8 Tm,Tm2 H18 C10 N4 O16,69,0.8584,True,0,True
4512826,200,size_within_limit,196 sites > 150,1,196,,2299.362,True,C19 H16 Ag F3 N4 O5 S,Ag4 H64 C76 S4 N16 O20 F12,47,0.8586,True,1,False
4512895,200,ordered,partial or mixed site occupancy,1,952,,11723.5901,False,,Co16 H336 C424 N32 O128,27,,True,0,False
4513132,200,ordered,partial or mixed site occupancy,1,856,,5953.2565,False,,Gd4 Fe12 H304 C164 N8 O76,64,,True,0,False
4513257,200,,,1,104,104,1236.1094,True,C22 H18 F4 I2 N2 O2 S2,H36 C44 S4 I4 N4 O4 F8,53,0.8512,True,0,True
4513311,200,ordered,partial or mixed site occupancy,1,48,,440.0672,False,,H17 C25 N3,7,,True,0,False
4513451,200,size_within_limit,280 sites > 150,1,280,,3280.1025,True,C40 H20 N10,H80 C160 N40,7,0.9487,True,0,False
4513452,200,ordered,partial or mixed site occupancy,1,212,,2409.1157,False,,H56 C92 N20,7,,True,1,False
4513520,200,size_within_limit,216 sites > 150,1,216,,5768.0987,True,C30 I9 N6 O6 Pb3,Pb12 C120 I36 N24 O24,82,1.1953,True,0,False
4513570,200,,,1,80,20,1191.2655,True,As4 O6,As32 O48,33,1.797,False,0,True
4513574,200,,,1,80,20,1055.6309,True,As4 O6,As32 O48,33,1.7945,False,0,True
4513668,200,ordered,partial or mixed site occupancy,1,130,,1499.4201,False,,H45 C29 S1 I1 N2 O1,53,,True,0,False
4513669,200,size_within_limit,220 sites > 150,1,220,,2181.5093,True,C23 H27 I N2 O S,H108 C92 S4 I4 N8 O4,53,0.851,True,0,False
4513706,200,ordered,partial or mixed site occupancy,1,136,,1105.3753,False,,H60 C46 N4 O14,8,,True,0,False
4513935,200,,,1,120,120,1179.6367,True,C29 H25 N O5,H50 C58 N2 O10,8,0.9295,True,1,True
4513977,200,,,1,68,68,746.3749,True,C16 H15 Br O2,H30 C32 Br2 O4,35,0.929,True,0,True
4514057,200,size_within_limit,304 sites > 150,1,304,,2715.3104,True,C25 H44 Mn N O3 P2,Mn4 P8 H176 C100 N4 O12,25,0.846,True,0,False
4514127,200,,,1,120,120,1201.2506,True,C13 H11 N O5,H44 C52 N4 O20,8,0.9933,True,0,True
4514128,200,,,1,48,48,552.655,True,C4 H3 K O4,K4 H12 C16 O16,19,1.0872,True,0,True
4514328,200,size_within_limit,208 sites > 150,1,208,,1811.5779,True,C22 H27 F O2,H108 C88 O8 F4,9,0.9494,True,0,False
4514514,200,size_within_limit,156 sites > 150,1,156,,3041.5514,True,C44 H26 O8,H52 C88 O16,8,0.9291,True,0,False
4514524,200,parsed,ValueError: Invalid CIF file with no structures!,,,,,,,,,,,3,False
4514785,200,,,1,148,148,1391.938,True,C15 H17 N O4,H68 C60 N4 O16,8,0.8602,True,0,True
4514931,200,size_within_limit,348 sites > 150,1,348,,3458.7792,True,C168 H160 N4 O8 P4 Pd4,P4 H160 Pd4 C168 N4 O8,46,0.9259,True,0,False
4514995,200,size_within_limit,180 sites > 150,1,180,,1843.131,True,C14 H14 Fe2 N2 O13,Fe8 H56 C56 N8 O52,26,0.8489,True,0,False
4515104,200,size_within_limit,228 sites > 150,1,228,,2432.1191,True,C24 H17 N5 Ni O9 S,Ni4 H68 C96 S4 N20 O36,28,0.8585,True,0,False
4515399,200,size_within_limit,238 sites > 150,1,238,,2387.1233,True,C36 H44 K2 O36 Zn,K4 Zn2 H88 C72 O72,30,0.8174,True,0,False
4515437,200,size_within_limit,180 sites > 150,1,180,,2048.4015,True,C26 H13 N6,H52 C104 N24,7,0.9289,True,0,False
4515467,200,,,1,148,148,1416.2009,True,C17 H15 N O4,H60 C68 N4 O16,8,0.8801,True,0,True
4515510,200,,,1,76,76,790.3935,True,C19 H13 N O4 S,H26 C38 S2 N2 O8,16,0.9293,True,0,True
4515598,200,parsed,ValueError: Invalid CIF file with no structures!,,,,,,,,,,,4,False
4515681,200,size_within_limit,248 sites > 150,1,248,,2711.6859,True,C38 H22 Cl2,H88 C152 Cl8,17,0.9494,True,0,False
4515869,200,size_within_limit,200 sites > 150,1,200,,1964.099,True,C21 H23 Br N4 Pt,H92 Pt4 C84 Br4 N16,78,0.9496,True,0,False
4516114,200,size_within_limit,476 sites > 150,1,476,,5007.5498,True,C48 H40 Co F12 N8 O8 P2,Co4 P8 H160 C192 N32 O32 F48,27,,True,0,False
4516120,200,,,1,136,136,1351.7956,True,C16 H14 Cl N O2,H56 C64 N4 Cl4 O8,17,0.8399,True,0,True
4516380,200,ordered,partial or mixed site occupancy,1,208,,4055.5216,False,,Cu16 H24 C80 I8 N16 O40,53,,True,1,False
4516546,200,ordered,partial or mixed site occupancy,1,392,,2942.317,False,,H194 C128 N6 O16,8,,True,0,False
4516766,200,ordered,partial or mixed site occupancy,1,164,,1352.1539,False,,Cs4 H76 C44 O16,55,,True,0,False
4516853,200,,,1,108,108,1266.734,True,C13 H11 Br2 N,H44 C52 Br8 N4,35,0.8599,True,0,True
4517014,200,,,1,74,74,779.0525,True,C14 H14 Br N3 O4 S,H28 C28 S2 Br2 N6 O8,35,0.8199,True,0,True
4517034,200,size_within_limit,208 sites > 150,1,208,,2011.1993,True,C9.5 H13 N O2 Zn0.5,Zn4 H104 C76 N8 O16,30,0.9294,True,0,False
4517038,200,,,1,54,54,511.5124,True,C20 H22 N2 O10,H22 C20 N2 O10,8,0.854,True,0,True
4517111,200,ordered,partial or mixed site occupancy,1,256,,2460.3001,False,,H80 C112 N8 Cl8 O16,17,,True,0,False
4517114,200,ordered,partial or mixed site occupancy,1,256,,2475.4635,False,,H80 C112 N8 Cl8 O16,17,,True,0,False
4517164,200,ordered,partial or mixed site occupancy,1,144,,1050.4826,False,,H58 C50 S2 N2,16,,True,0,False
4517560,200,ordered,partial or mixed site occupancy,1,64,,368.4553,False,,Na12 Ni4 H20.0016,28,,False,0,False
4517580,200,,,1,90,90,921.4726,True,C23 H19 Br N2,H38 C46 Br2 N4,35,0.8605,True,0,True
4517734,200,size_within_limit,380 sites > 150,1,380,,4854.7957,True,C22.5 H17 Au Cl6 O,H136 Au8 C180 Cl48 O8,79,0.9485,True,0,False
4517768,200,size_within_limit,320 sites > 150,1,320,,2747.7033,True,C30 H45 Br N2 O2,H180 C120 Br4 N8 O8,35,0.82,True,0,False
4517851,200,size_within_limit,208 sites > 150,1,208,,2032.1853,True,C25 H23 F N2 O,H92 C100 N8 O4 F4,9,0.8797,True,0,False
4518292,200,size_within_limit,192 sites > 150,1,192,,2056.2086,True,C26 H17 N O2 S2,H68 C104 S8 N4 O8,16,0.9487,True,0,False
4518326,200,,,1,100,100,947.5031,True,C28 H22,H44 C56,6,0.9297,True,0,True
4518329,200,size_within_limit,204 sites > 150,1,204,,2271.4939,True,C64 H80 Cu4 N64 O8,Cu4 H64 C72 N56 O8,29,0.8125,True,1,False
4518494,200,,,1,108,108,1167.8904,True,C26 H23 Au Cl Fe2 P,Fe4 P2 H46 Au2 C52 Cl2,79,0.9287,True,0,True
4518611,200,,,1,82,82,794.4996,True,C18 H18 O4 S,H36 C36 S2 O8,16,0.8197,True,0,True
4518764,200,,,1,106,106,977.6127,True,C24 H25 N O3,H50 C48 N2 O6,8,0.9241,True,0,True
4518840,200,size_within_limit,448 sites > 150,1,448,,4487.1566,True,C34 H22,H176 C272,6,,True,0,False
4518884,200,,,1,102,102,1410.3811,True,C20 H17 Cd N3 O10,Cd2 H34 C40 N6 O20,48,0.8193,True,0,True
4518930,200,ordered,partial or mixed site occupancy,1,376,,5150.0187,False,,La4 Zn4 H116 C192 N16 O40,57,,True,0,False
4519006,200,size_within_limit,524 sites > 150,1,524,,5241.9085,True,C36 H25 N2 O2.5,H200 C288 N16 O20,8,,True,0,False
4519052,200,size_within_limit,278 sites > 150,1,278,,2846.8366,True,C51 H61 Al2 Cl3 N4 O16 Rb2,Rb4 Al4 H122 C102 N8 Cl6 O32,37,0.9499,True,0,False
4519141,200,ordered,partial or mixed site occupancy,1,780,,16419.9571,False,,Ho24 H138 C354 N12 O156,67,,True,1,False
4519197,200,,,1,124,124,1070.0082,True,C9 H19 N O2,H76 C36 N4 O8,8,0.9499,True,0,True
4519261,200,,,1,102,102,1001.8305,True,C56 H44 N2,H44 C56 N2,7,0.9499,True,0,True
4519300,200,size_within_limit,368 sites > 150,1,368,,3594.8633,True,C24 H21 N,H168 C192 N8,7,0.9498,True,0,False
4519516,200,size_within_limit,246 sites > 150,1,246,,2637.4,True,C18 H24 Cl3 Co1.5 N12 O3,Co6 H96 C72 N48 Cl12 O12,27,0.6583,True,0,False
5910017,200,,,1,12,12,206.4251,True,Ni S Sb,Ni4 Sb4 S4,51,2.3589,False,0,True
5910292,200,parsed,ValueError: Invalid CIF file with no structures!,,,,,,,,,,,3,False
6000055,200,parsed,ValueError: Invalid CIF file with no structures!,,,,,,,,,,,2,False
6000099,200,parsed,ValueError: Invalid CIF file with no structures!,,,,,,,,,,,2,False
6000297,200,parsed,ValueError: Invalid CIF file with no structures!,,,,,,,,,,,2,False
6000342,200,parsed,ValueError: Invalid CIF file with no structures!,,,,,,,,,,,2,False
6000433,200,parsed,ValueError: Invalid CIF file with no structures!,,,,,,,,,,,2,False
6000494,200,ordered,partial or mixed site occupancy,1,110,,1059.7369,False,,V8 P8 H30 N4 O54.8,23,,False,1,False
6000623,200,parsed,ValueError: Invalid CIF file with no structures!,,,,,,,,,,,2,False
6000773,200,parsed,ValueError: Invalid CIF file with no structures!,,,,,,,,,,,2,False
7000165,200,ordered,partial or mixed site occupancy,1,316,,2696.4999,False,,Ga6 H104 Ru12 C96 O28,44,,True,0,False
7000416,200,ordered,partial or mixed site occupancy,1,148,,1861.2688,False,,Ga4 P8 H77 C32 O24 F2,31,,True,0,False
7000422,200,size_within_limit,232 sites > 150,1,232,,2339.9954,True,C23 H29 Al Li N3 O,Li4 Al4 H116 C92 N12 O4,13,0.9488,True,0,False
7000466,200,ordered,partial or mixed site occupancy,1,396,,3454.653,False,,Ni8 H176 C112 Br16 N16,35,,True,0,False
7000572,200,size_within_limit,296 sites > 150,1,296,,3142.981,True,C30 H27 B F15 P,B4 P4 H108 C120 F60,15,0.9591,True,0,False
7000605,200,ordered,partial or mixed site occupancy,1,960,,10504.8196,False,,Fe8 P32 H384 C416 N16 Cl16,26,,True,1,False
7000740,200,size_within_limit,800 sites > 150,1,800,,7829.4774,True,C96 H98 B2 Ir2 N O P,B8 P4 H388 Ir8 C384 N4 O4,77,,True,2,False
7000749,200,,,1,86,86,821.7341,True,C14 H22 N4 O2 Zn,Zn2 H44 C28 N8 O4,30,0.95,True,0,True
7001020,200,ordered,partial or mixed site occupancy,1,306,,2098.5668,False,,Ni2 H104 C88 S8 O8,28,,True,0,False
7001076,200,size_within_limit,292 sites > 150,1,292,,3398.3063,True,C25 H31 Cl7 N6 O2 Pd2,H124 Pd8 C100 N24 Cl28 O8,46,0.8801,True,0,False
7001339,200,size_within_limit,1600 sites > 150,1,1600,,16136.5145,True,C25 H20 N4 O,H640 C800 N128 O32,8,,True,0,False
7001368,200,,,1,104,104,1012.1843,True,C27 H23 Fe N,Fe2 H46 C54 N2,26,0.9006,True,0,True
7001763,200,ordered,partial or mixed site occupancy,1,104,,1069.1078,False,,K2 B2 H42 C38 S6 N6 O2,19,,True,0,False
7001905,200,ordered,partial or mixed site occupancy,1,50,,528.1813,False,,Ca10 Cu0.2 P6 H1.28 O25.84,29,,False,1,False
7002094,200,,,1,148,148,1537.4647,True,C28 H33 B Cl2 F4 N4 O Pd,B2 H66 Pd2 C56 N8 Cl4 O2 F8,46,0.9495,True,0,True
7002190,200,ordered,partial or mixed site occupancy,1,440,,3760.3165,False,,P8 H93.76 Au8 C150.88 Cl13.76 F32,79,,True,0,False
7002217,200,size_within_limit,452 sites > 150,1,452,,4841.8924,True,C57 H38 Eu N11 O6,Eu4 H152 C228 N44 O24,63,,True,0,False
7002486,200,,,1,106,106,1199.6515,True,C56 H42 Cu2 I2 P2 S2,Cu2 P2 H42 C56 S2 I2,53,0.949,True,0,True
7002737,200,size_within_limit,392 sites > 150,1,392,,5051.4064,True,C30 H18 Dy2 N36 O12,Dy8 H72 C120 N144 O48,66,0.929,True,0,False
7002869,200,hydrogen_declared_present,"formula declares H, no H site in the cell",1,18,,266.0086,True,As Ce F2 H4 N O4,Ce2 As2 N2 O8 F4,58,,False,1,False
7002921,200,,,1,136,136,1826.5851,True,C22 H30 Br2 Cl8 Ga4 Si2,Ga8 Si4 H60 C44 Br4 Cl16,35,0.9591,True,0,True
7003101,200,parsed,ValueError: Invalid CIF file with no structures!,,,,,,,,,,,3,False
7003158,200,ordered,partial or mixed site occupancy,1,380,,3348.1265,False,,Cd4 Ni8 H140 C64 S24 N60,48,,False,0,False
7003219,200,size_within_limit,196 sites > 150,1,196,,2168.1188,True,C21 H22 Cl2 N P Pd S,P4 H88 Pd4 C84 S4 N4 Cl8,46,0.949,True,0,False
7003392,200,size_within_limit,444 sites > 150,1,444,,4072.3359,True,C38 H66 Cl Ga N2 Ni P2,Ga4 Ni4 P8 H264 C152 N8 Cl4,31,,True,0,False
7003481,200,ordered,partial or mixed site occupancy,1,68,,644.7802,False,,Zn2 H22 C26 N2 O13,30,,True,0,False
7003534,200,size_within_limit,276 sites > 150,1,276,,2540.3125,True,C36 H72 B20 N8 Zr2,Zr4 B40 H144 C72 N16,40,0.7159,True,0,False
7003728,200,,,1,70,70,752.3045,True,C22 H20 Ag2 F6 N12 O6 S2,Ag2 H20 C22 S2 N12 O6 F6,47,0.9495,True,0,True
7003746,200,size_within_limit,216 sites > 150,1,216,,2043.9447,True,C20 H24 B Ir N8,B4 H96 Ir4 C80 N32,77,0.9491,True,0,False
7003765,200,ordered,partial or mixed site occupancy,1,302,,2871.4585,False,,H146 Ru2 C122 N8 Cl2 O2,44,,True,1,False
7003875,200,ordered,partial or mixed site occupancy,1,88,,701.349,False,,H42 C26 N14 O4,8,,True,0,False
7004175,200,size_within_limit,160 sites > 150,1,160,,1603.9995,True,C26 H45 F3 Ir2 O3 P2 S,P4 H86 Ir4 C52 S2 O6 F6,77,0.9491,True,1,False
7004322,200,size_within_limit,164 sites > 150,1,164,,2149.6957,True,C16 H16 I S8,H64 C64 S32 I4,53,0.9303,True,0,False
7004560,200,,,1,92,92,994.0857,True,C22 H13 F6 N3 O Pt,H26 Pt2 C44 N6 O2 F12,78,0.9495,True,0,True
7004871,200,size_within_limit,624 sites > 150,1,624,,7122.158,True,C31 H40 Cl2 P4 Pt,P32 H320 Pt8 C248 Cl16,78,,True,0,False
7005026,200,size_within_limit,936 sites > 150,1,936,,10934.041,True,C105 H86 Cl13 Cu6 N19 O3 P2,Cu24 P8 H344 C420 N76 Cl52 O12,29,,True,0,False
7005648,200,size_within_limit,204 sites > 150,1,204,,1986.8622,True,C16 H16 Cu N8 O8 S2,Cu4 H64 C64 S8 N32 O32,29,0.8524,True,0,False
7005687,200,size_within_limit,260 sites > 150,1,260,,2735.867,True,C27 H22 B F14 P,B4 P4 H88 C108 F56,15,0.959,True,0,False
7005705,200,ordered,partial or mixed site occupancy,1,98,,1226.2368,False,,Zr2 Si4 H44 C35 N2 Cl6 O4,40,,True,1,False
7005753,200,,,1,138,138,1757.4006,True,C32 H28 Fe2 N12 Ni O6,Fe4 Ni2 H32 C64 N24 O12,28,0.9291,True,1,True
7005963,200,size_within_limit,288 sites > 150,1,288,,2581.8008,True,C10 H21 N3 O2,H168 C80 N24 O16,8,0.8295,True,0,False
7006029,200,ordered,partial or mixed site occupancy,1,616,,7132.0015,False,,P8 H224 Pd8 C248 S8 N32 Cl4 O40 F24,46,,True,1,False
7006371,200,size_within_limit,1008 sites > 150,1,1008,,10418.9775,True,C51 H68 Ag B Cl2 F4 O2 P2,Ag8 B8 P16 H528 C400 O16 F32,47,,True,1,False
7006433,200,,,1,50,50,424.4783,True,C8 H13 N O3,H26 C16 N2 O6,8,0.8477,True,0,True
7006541,200,size_within_limit,388 sites > 150,1,388,,3661.7052,True,C27 H58 Li4 N6 S Si,Li16 Si4 H232 C108 S4 N24,16,0.8053,True,0,False
7006713,200,size_within_limit,543 sites > 150,1,543,,5256.2233,True,C24 H39 Cl3 Fe N10 O13.5,Fe6 H234 C144 N60 Cl18 O81,26,,True,1,False
7006789,200,ordered,partial or mixed site occupancy,1,176,,1728.3822,False,,Sb8 H108 Pt4 C40 I4,78,,True,0,False
7006794,200,ordered,partial or mixed site occupancy,1,424,,4506.5067,False,,Ni1.48 P10 H182 Pt6.52 Au4 C206 O14,79,,True,0,False
7006864,200,size_within_limit,206 sites > 150,1,206,,2064.9545,True,C36 H57 Mo N3 O S3 Si2,Si4 Mo2 H114 C72 S6 N6 O2,42,0.9493,True,0,False
7006911,200,size_within_limit,372 sites > 150,1,372,,3590.3941,True,C30 H56 Mo N6,Mo4 H224 C120 N24,42,0.7826,True,0,False
7007010,200,size_within_limit,196 sites > 150,1,196,,1967.1642,True,C26 H44 Cu4 N16 O8,Cu8 H88 C52 N32 O16,29,0.6023,True,0,False
7007159,200,ordered,partial or mixed site occupancy,1,314,,3135.4846,False,,Cu2 H77.9 C126.6 N8 O64.3 F9.9,29,,True,1,False
7007355,200,,,1,124,124,1128.6187,True,C2 H18 B10 S,B40 H72 C8 S4,16,0.9793,True,1,True
7007431,200,,,1,147,147,1446.6967,True,C24 H21 B Fe O2,Fe3 B3 H63 C72 O6,26,0.9492,True,0,True
7007481,200,size_within_limit,544 sites > 150,1,544,,5687.6771,True,C48 H78 Br3 N8 O12 Yb,Yb4 H256 C192 Br12 N32 O48,70,,True,1,False
7007563,200,ordered,partial or mixed site occupancy,1,308,,1579.9771,False,,P8 H88 C52 N8 Cl8,17,,True,1,False
7007756,200,ordered,partial or mixed site occupancy,1,696,,4269.716,False,,B72 H272 C120 N8,7,,True,0,False
7007803,200,size_within_limit,302 sites > 150,1,302,,3258.62,True,C68 H58 B2 F8 Fe N2 P4 S8,Fe2 B4 P8 H116 C136 S16 N4 F16,26,0.7194,True,0,False
7008070,200,size_within_limit,220 sites > 150,1,220,,2593.7104,True,C18 H24 Cd I2 N6 O4,Cd4 H96 C72 I8 N24 O16,53,0.8493,True,0,False
7008140,200,,,1,88,88,1276.0558,True,C16 H16 Al2 F8 N2,Al4 H32 C32 N4 F16,13,0.8502,True,0,True
7008199,200,size_within_limit,560 sites > 150,1,560,,6640.6883,True,C22 H30 Cl4 Fe2 Mo O7 P2 S2,Fe16 Mo8 P16 H240 C176 S16 Cl32 O56,42,,True,0,False
7008230,200,ordered,partial or mixed site occupancy,1,376,,4182.8648,False,,Na8 Mo28 H96 C50 N34 O132,42,,True,1,False
7008253,200,size_within_limit,268 sites > 150,1,268,,2791.949,True,C80 H40 Cu2 N4 S8,Cu4 H80 C160 S16 N8,29,0.9792,True,0,False
7008267,200,ordered,partial or mixed site occupancy,1,540,,8538.2045,False,,La4 Mo88 P8 N44 O380,57,,False,1,False
7008435,200,size_within_limit,200 sites > 150,1,200,,1985.9898,True,C22 H25 N2 P,P4 H100 C88 N8,15,0.9582,True,0,False
7008464,200,size_within_limit,300 sites > 150,1,300,,3367.8274,True,C29 H35 B N7 Rh Te2,B4 Te8 H140 Rh4 C116 N28,52,0.9479,True,0,False
7008499,200,ordered,partial or mixed site occupancy,1,576,,5877.6784,False,,H240 Pt8 C192 S16 Br16 N32 O16,78,,True,0,False
7008865,200,size_within_limit,696 sites > 150,1,696,,7832.8486,True,C46 H36 Br2 P2 Pt,P16 H288 Pt8 C368 Br16,78,,True,0,False
7008875,200,size_within_limit,1296 sites > 150,1,1296,,12367.0651,True,C58 H92 Li2 N3 O4 Si2 Sm,Li16 Sm8 Si16 H736 C464 N24 O32,62,,True,1,False
7008879,200,ordered,partial or mixed site occupancy,1,408,,8326.6419,False,,Fe16 C223.44 N47.72 Cl12 O96,26,,True,1,False
7009080,200,size_within_limit,516 sites > 150,1,516,,5874.8446,True,C64 H54 P4 Pb S6,P16 H216 Pb4 C256 S24,82,,True,0,False
7009216,200,ordered,partial or mixed site occupancy,1,420,,4166.5037,False,,Cu4 H193.6 C78.4 Br8 N75.2 O56,35,,True,1,False
7009234,200,ordered,partial or mixed site occupancy,1,130,,1539.2067,False,,Tl2 B2 H45 C55 S6 N12 Cl3,81,,True,0,False
7009539,200,size_within_limit,836 sites > 150,1,836,,9361.1863,True,C104 H88 Cl2 Co Mn2 N2 O2 P8,Mn8 Co4 P32 H352 C416 N8 Cl8 O8,27,,True,0,False
7009726,200,,,1,136,136,1209.1532,True,C4 H16 Al N3 O8 P2,Al4 P8 H64 C16 N12 O32,15,0.849,True,0,True
7009809,200,,,1,122,122,1301.2886,True,C27 H25 Mo O7 P,Mo2 P2 H50 C54 O14,42,0.9294,True,0,True
7009948,200,ordered,partial or mixed site occupancy,1,560,,6594.99,False,,Ni25.084 P8 H163 Pd26.916 C262 N1 O68,46,,True,0,False
7009968,200,size_within_limit,616 sites > 150,1,616,,5941.3498,True,C26 H38 B9 O3 Ta,Ta8 B72 H304 C208 O24,73,,True,0,False
7010199,200,size_within_limit,168 sites > 150,1,168,,2322.1191,True,C18 H8 O12 Ru4,H32 Ru16 C72 O48,44,0.9795,True,0,False
7010692,200,ordered,partial or mixed site occupancy,1,500,,4860.1874,False,,B8 P8 H216 Rh8 C132 Cl8 O8 F88,45,,True,0,False
7010708,200,,,1,122,122,1144.2101,True,C18 H30 Cd N4 O6 S2,Cd2 H60 C36 S4 N8 O12,48,0.9095,True,0,True
7010813,200,size_within_limit,264 sites > 150,1,264,,3105.1007,True,C21 H17 F18 O9 Tb,Tb4 H68 C84 O36 F72,65,0.7876,True,0,False
7011014,200,ordered,partial or mixed site occupancy,1,244,,1963.2394,False,,Fe4 Si8 H120 C48 N8 Cl4 O4,26,,True,0,False
7011234,200,ordered,partial or mixed site occupancy,1,134,,1342.664,False,,Zn2 B4 H36 C44 N20 F16,30,,True,0,False
7011298,200,,,1,114,114,1314.696,True,C22 H18 Co N6 O10,Co2 H36 C44 N12 O20,27,0.9289,True,0,True
7011463,200,ordered,partial or mixed site occupancy,1,1536,,14383.8543,False,,La36 U4 H372 C384 S24 N72 Cl60 O104 F72,92,,True,1,False
7011595,200,,,1,110,110,1094.5509,True,C18 H20 N12 Ni O4,Ni2 H40 C36 N24 O8,28,0.7546,True,0,True
7011714,200,,,1,63,63,674.9625,True,C20 H18 N4 O15 P2 V4,V4 P2 H18 C20 N4 O15,23,0.8204,True,0,True
7011936,200,,,1,46,46,598.8778,True,C2 H4 F6 Hg O8 S2,Hg2 H8 C4 S4 O16 F12,80,0.9602,True,0,True
7011952,200,,,1,98,98,972.9153,True,C19 H25 K N2 O2,K2 H50 C38 N4 O4,19,0.8671,True,0,True
7012345,200,size_within_limit,160 sites > 150,1,160,,1386.9502,True,C10 H24 Cl2 N2 O2,H96 C40 N8 Cl8 O8,17,0.791,True,0,False
7012406,200,ordered,partial or mixed site occupancy,1,204,,1593.0585,False,,K2 Co2 H90.722 C51.432 N13.858 O9.998,27,,True,0,False
7012439,200,,,1,80,80,1095.1539,True,C6 H9 B Cl3 P,B4 P4 H36 C24 Cl12,17,0.8869,True,0,True
7012489,200,,,1,140,140,1382.7988,True,C23 H41 N3 Pb Si2,Si4 H82 Pb2 C46 N6,82,0.9292,True,0,True
7012511,200,ordered,partial or mixed site occupancy,1,112,,1115.5976,False,,Cu2 H42 C44 N6 Cl2 O15.25,29,,True,1,False
7012752,200,ordered,partial or mixed site occupancy,1,182,,1626.7235,False,,Si8 H90 C54 N4 Cl2,17,,True,0,False
7012903,200,size_within_limit,368 sites > 150,1,368,,3976.6342,True,C35 H38 Cl4 F6 N6 O P Rh,P4 H152 Rh4 C140 N24 Cl16 O4 F24,45,0.9489,True,0,False
7012915,200,ordered,partial or mixed site occupancy,1,80,,948.6795,False,,Sn2 H12 C32 Cl4 F24,50,,True,0,False
7013149,200,size_within_limit,944 sites > 150,1,944,,9791.8167,True,C59 H53 Cl N O3 P2 Ru,P16 H408 Ru8 C472 N8 Cl8 O24,44,,True,1,False
7013239,200,size_within_limit,152 sites > 150,1,152,,1664.0203,True,C14 H19 Cl2 Ga N2,Ga4 H76 C56 N8 Cl8,31,0.8268,True,0,False
7013341,200,size_within_limit,188 sites > 150,1,188,,1985.0719,True,C14 H22 Cl F6 P Ru S2,P4 H88 Ru4 C56 S8 Cl4 F24,44,0.945,True,0,False
7013511,200,size_within_limit,576 sites > 150,1,576,,6388.7304,True,C31 H27 N3 Ni O6 P2 S2,Ni8 P16 H216 C248 S16 N24 O48,28,,True,0,False
7013548,200,,,1,148,148,1689.6976,True,C16 H13 Cl N4 O P Rh,P4 H52 Rh4 C64 N16 Cl4 O4,45,0.9593,True,0,True
7013936,200,size_within_limit,168 sites > 150,1,168,,1523.9416,True,C15 H20 N2 O4 Pd,H80 Pd4 C60 N8 O16,46,0.8396,True,0,False
7013958,200,size_within_limit,176 sites > 150,1,176,,2118.9608,True,C21 H57 Ce O3 Si6,Ce2 Si12 H114 C42 O6,58,0.9718,True,1,False
7014194,200,size_within_limit,260 sites > 150,1,260,,3465.0008,True,C27 H26 Au2 Br4 Cl4 P2,P8 H104 Au8 C108 Br16 Cl16,79,0.9484,True,0,False
7014229,200,,,1,114,114,1130.8374,True,C23 H30 Cl In N2,In2 H60 C46 N4 Cl2,49,0.9496,True,0,True
7014382,200,size_within_limit,224 sites > 150,1,224,,2304.4165,True,C19 H31 N2 P S Si2,Si8 P4 H124 C76 S4 N8,16,0.851,True,0,False
7014437,200,,,1,62,62,644.8753,True,C12 H10 Co N8,Co2 H20 C24 N16,27,0.9298,True,0,True
7014690,200,size_within_limit,568 sites > 150,1,568,,5542.6871,True,C72 H64 N4 V2,V8 H256 C288 N16,23,,True,0,False
7014833,200,ordered,partial or mixed site occupancy,1,240,,2541.7882,False,,Co2 P6 H72 C92 N23.52 F36,27,,True,1,False
7015001,200,size_within_limit,176 sites > 150,1,176,,1958.1452,True,C17 H19 Mo O6 P,Mo4 P4 H76 C68 O24,42,0.9791,True,0,False
7015006,200,size_within_limit,212 sites > 150,1,212,,2304.8314,True,C16 H27 Cr O6 P Si2,Cr4 Si8 P4 H108 C64 O24,24,0.9792,True,0,False
7015009,200,,,1,108,108,1235.7032,True,C19 H25 Mo O6 P Si2,Si4 Mo2 P2 H50 C38 O12,42,0.95,True,0,True
7015105,200,ordered,partial or mixed site occupancy,1,234,,2124.5328,False,,Li4 Si4 H120 C76 N12 O4,14,,True,0,False
7015164,200,,,1,132,132,1350.8881,True,C15 H14 N4,H56 C60 N16,7,0.8738,True,0,True
7015386,200,size_within_limit,436 sites > 150,1,436,,4668.8788,True,C41 H43 Cl Co2 F6 N6 O10,Co8 H172 C164 N24 Cl4 O40 F24,27,,True,0,False
7015544,200,ordered,partial or mixed site occupancy,1,407,,4632.4663,False,,Mo2 H136 W12 C192 S1 N8 O50,74,,True,1,False
7015762,200,size_within_limit,1050 sites > 150,1,1050,,12259.3754,True,C95 H74 Mn3 O18,Mn18 H378 C558 O96,25,,True,2,False
7016208,200,ordered,partial or mixed site occupancy,1,632,,6220.2001,False,,B8 H336 C176 N72 Cl16 O8,17,,True,0,False
7016264,200,size_within_limit,656 sites > 150,1,656,,7318.9226,True,C31 H24 B2 F15 N9 Ti,Ti8 B16 H192 C248 N72 F120,22,,True,0,False
7016394,200,,,1,56,56,632.7052,True,C18 H24 Au2 Cl2 N8 P2,P2 H24 Au2 C18 N8 Cl2,79,0.9498,True,0,True
7016401,200,size_within_limit,312 sites > 150,1,312,,3503.1835,True,C16 H15 Br N2 O4 Pt,H120 Pt8 C128 Br8 N16 O32,78,0.9477,True,0,False
7016410,200,,,1,112,112,1196.9194,True,C18 H16 Co2 N12 O8,Co4 H32 C36 N24 O16,27,0.8993,True,0,True
7016415,200,size_within_limit,176 sites > 150,1,176,,1581.3225,True,C16 H24 N2 O2,H96 C64 N8 O8,8,0.9296,True,0,False
7016452,200,size_within_limit,416 sites > 150,1,416,,4752.0965,True,C52 H30 Ag F16 N3 P2,Ag4 P8 H120 C208 N12 F64,47,,True,0,False
7016868,200,ordered,partial or mixed site occupancy,1,364,,3657.6983,False,,Zn4 P4 H152 C140 N12 Cl16 O20,30,,True,0,False
7016955,200,size_within_limit,316 sites > 150,1,316,,3734.7825,True,C35 H34 Au Br3 Cl2 N4,H136 Au4 C140 Br12 N16 Cl8,79,0.9245,True,0,False
7016999,200,ordered,partial or mixed site occupancy,1,843,,9679.9347,False,,Co21 H330 C288 N72 Cl6 O99,27,,True,1,False
7017005,200,,,1,88,88,943.7796,True,C19 H16 Cl Co N3 O4,Co2 H32 C38 N6 Cl2 O8,27,0.9015,True,0,True
7017118,200,size_within_limit,196 sites > 150,1,196,,2022.1713,True,C20 H20 N2 O4 Pd S2,H80 Pd4 C80 S8 N8 O16,46,0.9295,True,0,False
7017270,200,ordered,partial or mixed site occupancy,1,262,,2654.6916,False,,Cu2 Ni4 H96 C89 Br8 N12 Cl8 O21.5,35,,True,0,False
7017382,200,size_within_limit,792 sites > 150,1,792,,7806.6662,True,C41 H56 Mg N4,Mg8 H424 C328 N32,12,,True,1,False
7017627,200,ordered,partial or mixed site occupancy,1,512,,5532.3587,False,,P8 H144 Ru8 C200 N48 Cl8 O16 F48,44,,True,0,False
7017884,200,size_within_limit,324 sites > 150,1,324,,3100.4527,True,C58 H77 F12 Ir2 N11 P2,P4 H154 Ir4 C116 N22 F24,77,0.9288,True,0,False
7017905,200,size_within_limit,235 sites > 150,1,235,,2326.3561,True,C32 H106 N24 Ni4 O43 Sb4 V16,V16 Ni4 Sb4 H104 C32 N24 O51,51,0.8995,True,1,False
7017911,200,ordered,partial or mixed site occupancy,1,424,,3812.9381,False,,H160 Rh8 C128 N32 F48,45,,True,0,False
7017924,200,ordered,partial or mixed site occupancy,1,234,,2613.0014,False,,P4 H104 Au6 C88 S4 N12 Cl6 O8,79,,True,0,False
7018082,200,size_within_limit,436 sites > 150,1,436,,3988.4337,True,C44 H59 B N4 Ti,Ti4 B4 H236 C176 N16,22,,True,0,False
7018103,200,size_within_limit,352 sites > 150,1,352,,3670.9736,True,C24 H18 S2,H144 C192 S16,16,0.9487,True,0,False
7018232,200,size_within_limit,184 sites > 150,1,184,,2103.1752,True,C24 H18 Br2 S Te,Te4 H72 C96 S4 Br8,52,0.9496,True,1,False
7018351,200,size_within_limit,232 sites > 150,1,232,,2283.458,True,C18 H26 N3 O10 Yb,Yb4 H104 C72 N12 O40,70,0.7974,True,0,False
7018391,200,ordered,partial or mixed site occupancy,1,219,,2005.149,False,,Cu3 Mo8 H60 C60 N30 O26,42,,True,0,False
7018395,200,size_within_limit,408 sites > 150,1,408,,4639.38,True,C26 H18 Cl2 Fe N2 O2,Fe8 H144 C208 N16 Cl16 O16,26,,True,0,False
7018581,200,,,1,112,112,1085.0418,True,C18 H32 Cl2 N2 Si Zn,Zn2 Si2 H64 C36 N4 Cl4,30,0.9484,True,0,True
7018594,200,size_within_limit,220 sites > 150,1,220,,2380.2626,True,C26 H19 Cl2 N3 O3 Pd S,H76 Pd4 C104 S4 N12 Cl8 O12,46,0.9485,True,0,False
7018739,200,size_within_limit,272 sites > 150,1,272,,2476.5964,True,C47 H62 Cu2 N4 O21,Cu4 H124 C94 N8 O42,29,0.7678,True,0,False
7019047,200,size_within_limit,368 sites > 150,1,368,,3622.1083,True,C32 H45 N9 O5 Ti,Ti4 H180 C128 N36 O20,22,0.8586,True,0,False
7019123,200,size_within_limit,152 sites > 150,1,152,,1641.4541,True,C30 H36 Br4 N4 Ni2,Ni4 H72 C60 Br8 N8,35,0.8899,True,0,False
7019133,200,,,1,132,132,1650.0005,True,C9 H12 Cl3 N4 O2 P3,P12 H48 C36 N16 Cl12 O8,17,0.9295,True,0,True
7019463,200,size_within_limit,250 sites > 150,1,250,,2312.4283,True,C45 H67 N9 O3 Zr,Zr2 H134 C90 N18 O6,40,0.88,True,0,False
7019517,200,size_within_limit,516 sites > 150,1,516,,5219.314,True,C63 H58 Ge Ir O3 P3,Ge4 P12 H232 Ir4 C252 O12,77,,True,0,False
7019729,200,ordered,partial or mixed site occupancy,1,440,,3447.7993,False,,B4 P4 H132 C144 F60,15,,True,0,False
7019798,200,ordered,partial or mixed site occupancy,1,1324,,11483.7545,False,,V16 H566 C320 N172 O184,23,,True,1,False
7019820,200,,,1,44,44,482.5879,True,C H2 N6 O2,H8 C4 N24 O8,8,0.8383,True,0,True
7019897,200,ordered,partial or mixed site occupancy,1,250,,1870.963,False,,Re2 H74 C94 N8 O10,75,,True,0,False
7019999,200,ordered,partial or mixed site occupancy,1,524,,4127.1212,False,,Y8 H148 C184 N8 Cl4 O48,39,,True,0,False
7020089,200,size_within_limit,164 sites > 150,1,164,,1701.6575,True,C88 H68 Cl2 P4 Rh2,P4 H68 Rh2 C88 Cl2,45,0.9462,True,0,False
7020188,200,size_within_limit,1530 sites > 150,1,1530,,20992.8239,True,C88 H118 N24 O33 Pd2 S10,H548 Pd16 C584 S20 N188 O174,46,,True,1,False
7020247,200,size_within_limit,272 sites > 150,1,272,,2558.2693,True,C7 H19 N3 O3 Pd S,H152 Pd8 C56 S8 N24 O24,46,0.8009,True,0,False
7020785,200,size_within_limit,384 sites > 150,1,384,,3952.1059,True,C27 H38 Co3 F6 N10 O11 P,Co12 P4 H152 C108 N40 O44 F24,27,0.8796,True,0,False
7021116,200,ordered,partial or mixed site occupancy,1,776,,7539.5442,False,,H304 W16 C160 N32 Cl96 O32,74,,True,0,False
7021292,200,size_within_limit,324 sites > 150,1,324,,3058.1324,True,C30 H42 K2 N4 O3,K8 H168 C120 N16 O12,19,0.9288,True,0,False
7021480,200,size_within_limit,312 sites > 150,1,312,,3634.0765,True,C10 H14 Co3 N8 O8,Co24 H80 C80 N64 O64,27,0.8503,True,1,False
7021599,200,,,1,100,100,934.444,True,C8 H24 Cu2 N16,Cu4 H48 C16 N32,29,0.8996,True,0,True
7021623,200,size_within_limit,496 sites > 150,1,496,,5055.9672,True,C52 H52 Cu2 N12 O6,Cu8 H208 C208 N48 O24,29,,True,0,False
7021762,200,,,1,124,124,1235.3087,True,C12 H10 Fe N O6 P,Fe4 P4 H40 C48 N4 O24,26,0.82,True,0,True
7021861,200,size_within_limit,312 sites > 150,1,312,,3316.2416,True,C22 H20 N4 O4 Pd2,H120 Pd12 C132 N24 O24,46,0.9488,True,0,False
7022026,200,size_within_limit,276 sites > 150,1,276,,3866.1403,True,Ca10 K O28 V7,K6 Ca60 V42 O168,23,1.687,False,1,False
7022168,200,size_within_limit,332 sites > 150,1,332,,3569.0279,True,C33 H30 Cl3 Mn3 N6 O8,Mn12 H120 C132 N24 Cl12 O32,25,0.8507,True,0,False
7022422,200,size_within_limit,728 sites > 150,1,728,,7112.0884,True,C32 H41 Co2 N14 O2,Co16 H328 C256 N112 O16,27,,True,0,False
7022467,200,size_within_limit,344 sites > 150,1,344,,4072.8509,True,C19 H10 F9 O3 P S,P8 H80 C152 S8 O24 F72,16,0.949,True,0,False
7022823,200,size_within_limit,334 sites > 150,1,334,,4204.0665,True,C72 H52 Cl14 Co N10 O12 P6,Co2 P12 H104 C144 N20 Cl28 O24,27,0.9284,True,0,False
7022825,200,size_within_limit,342 sites > 150,1,342,,3635.9245,True,C74 H62 Cl2 Cu N12 O14 P6,Cu2 P12 H124 C148 N24 Cl4 O28,29,0.9489,True,0,False
7022858,200,size_within_limit,308 sites > 150,1,308,,3157.2308,True,C33 H36 Cl2 N2 O3 Pd,H144 Pd4 C132 N8 Cl8 O12,46,0.7436,True,0,False
7022906,200,ordered,partial or mixed site occupancy,1,564,,5102.3432,False,,P8 H264 Ru4 C236 S8 O4,44,,True,0,False
7022979,200,ordered,partial or mixed site occupancy,1,208,,1603.1615,False,,Fe4 H92 C64 S4 N4,26,,True,0,False
7023387,200,,,1,119,119,1653.9641,True,C36 H38 Co5 N26 O14,Co5 H38 C36 N26 O14,27,0.8597,True,0,True
7023546,200,ordered,partial or mixed site occupancy,1,496,,4898.2072,False,,B4 H228 Rh4 C222 N20 Cl8,45,,True,0,False
7023563,200,ordered,partial or mixed site occupancy,1,768,,8178.1619,False,,Fe20 H288 C296 N84 Cl8 O56,26,,True,2,False
7024244,200,ordered,partial or mixed site occupancy,1,568,,6008.5187,False,,Cr8 P16 H228 C252 N8 O36,24,,True,0,False
7024576,200,ordered,partial or mixed site occupancy,1,94,,1124.0734,False,,Ni1 Sb2 Mo12 P1 H20 C6 N4 O44,51,,True,1,False
7024583,200,ordered,partial or mixed site occupancy,1,252,,2113.6196,False,,Cu8 H104 C80 N8 O24,29,,True,0,False
7024776,200,ordered,partial or mixed site occupancy,1,1200,,23356.045,False,,Na64 Ni24 P24 W156 O778,74,,False,1,False
7024785,200,size_within_limit,536 sites > 150,1,536,,5827.7907,True,C68 H54 Fe N7 P3 Ru,Fe4 P12 H216 Ru4 C272 N28,44,,True,0,False
7024950,200,,,1,95,95,856.2693,True,C28 H56 Cu N6 O2 S2,Cu1 H56 C28 S2 N6 O2,29,0.9793,True,0,True
7025085,200,size_within_limit,180 sites > 150,1,180,,2252.5619,True,C19 H18 Ag Br Cl3 N2 P,Ag4 P4 H72 C76 Br4 N8 Cl12,47,0.8693,True,0,False
7025103,200,,,1,57,57,598.4045,True,C22 H16 Cl2 Cu N8 O8,Cu1 H16 C22 N8 Cl2 O8,29,0.9499,True,1,True
7025503,200,size_within_limit,372 sites > 150,1,372,,3541.5724,True,C38 H50 N2 Ni O2,Ni4 H200 C152 N8 O8,28,0.9492,True,0,False
7025505,200,size_within_limit,208 sites > 150,1,208,,2271.4575,True,C23 H19 Br N5 O3 Re,Re4 H76 C92 Br4 N20 O12,75,0.9302,True,0,False
7025582,200,ordered,partial or mixed site occupancy,1,500,,4948.9098,False,,Yb4 H252 C200 N8 O16,70,,True,1,False
7025592,200,ordered,partial or mixed site occupancy,1,560,,4750.2999,False,,Sm4 Si8 B4 H300 C176 N12 O8,62,,True,0,False
7025670,200,size_within_limit,252 sites > 150,1,252,,2372.9939,True,C52 H70 Ce2 S2,Ce4 H140 C104 S4,58,0.9499,True,0,False
7025780,200,size_within_limit,236 sites > 150,1,236,,2599.7078,True,C26 H26 Br2 O2 P2 Pt,P8 H104 Pt4 C104 Br8 O8,78,0.9493,True,0,False
7025893,200,size_within_limit,184 sites > 150,1,184,,1944.6609,True,C8 H26 As N6 Nd Se4,Nd4 As4 H104 C32 Se16 N24,60,0.9091,True,0,False
7025932,200,,,1,40,40,932.2289,True,Fe Sb3 Sm,Sm8 Fe8 Sb24,62,2.6016,False,0,True
7026159,200,size_within_limit,282 sites > 150,1,282,,3027.9421,True,C48 H72 Cl6 Co3 N8 O4,Co6 H144 C96 N16 Cl12 O8,27,0.9297,True,0,False
7026222,200,size_within_limit,904 sites > 150,1,904,,10226.6185,True,C97 H119 Au3 N6 O,H476 Au12 C388 N24 O4,79,,True,0,False
7026392,200,size_within_limit,416 sites > 150,1,416,,4196.4251,True,C12 H36 Ga3 La,La8 Ga24 H288 C96,57,,True,0,False
7026534,200,ordered,partial or mixed site occupancy,1,284,,3457.4072,False,,Tb2 Ni4 H90 C109.2 N18 Cl4 O44.6,65,,True,1,False
7026800,200,,,1,62,62,645.1748,True,C8 H16 Cl2 N2 O Pt S,H32 Pt2 C16 S2 N4 Cl4 O2,78,0.9797,True,0,True
7026914,200,ordered,partial or mixed site occupancy,1,156,,1571.3091,False,,Mn2 H58 C68 N8 Cl2 O14,25,,True,0,False
7026988,200,ordered,partial or mixed site occupancy,1,304,,3190.2614,False,,P2 H118 Ru2 C114 N20 Cl3.4 O25.6 F12,44,,True,1,False
7027048,200,hydrogen_declared_present,"formula declares H, no H site in the cell",1,1280,,12312.2873,True,C50 H86 Ca F14 N3 O P Ti4,Ca8 Ti32 P8 H688 C400 N24 O8 F112,22,,False,0,False
7027197,200,hydrogen_declared_present,"formula declares H, no H site in the cell",1,852,,10730.2225,True,C88 H108 Au2 Cl2 N16 O14 P8,P32 H320 Au8 C352 N64 O76,79,,False,1,False
7027238,200,size_within_limit,452 sites > 150,1,452,,4337.8911,True,C48 H56 B2 O4 P2 Pt,B8 P8 H224 Pt4 C192 O16,78,,True,0,False
7027245,200,ordered,partial or mixed site occupancy,1,400,,4583.4259,False,,Sm4 H176 C178.4 N32 Cl4.8,62,,True,1,False
7027280,200,ordered,partial or mixed site occupancy,1,1120,,11164.4425,False,,Nd8 Cu8 H392 C280 N40 Cl40 O296,60,,True,0,False
7027287,200,ordered,partial or mixed site occupancy,1,264,,3155.6905,False,,Ag6 H104 C79.08 S32 N8 Cl6 O26,47,,True,1,False
7027316,200,size_within_limit,688 sites > 150,1,688,,7785.1775,True,C79 H78 F12 Hg3 O4 P6 Si2,Si8 Hg12 P24 H264 C316 O16 F48,80,,True,1,False
7027407,200,size_within_limit,192 sites > 150,1,192,,1887.453,True,C20 H21 Cr O9,Cr4 H72 C80 O36,24,0.9296,True,1,False
7027450,200,size_within_limit,364 sites > 150,1,364,,3902.1525,True,C35 H30 Cl3 N9 O14 Pt2,H112 Pt8 C140 N36 Cl12 O56,78,0.8592,True,1,False
7027541,200,ordered,partial or mixed site occupancy,1,416,,4564.1518,False,,P8 H172 Rh8 C174 Cl20 O24,45,,True,0,False
7027600,200,size_within_limit,240 sites > 150,1,240,,2653.1834,True,C28 H26 Ag O2 P S2,Ag4 P4 H104 C112 S8 O8,47,0.9296,True,0,False
7027639,200,,,1,144,144,1993.8103,True,C18 H8 O8 Re2 S,Re8 H28 C72 S4 O32,75,0.9396,True,1,True
7027648,200,size_within_limit,440 sites > 150,1,440,,4128.8361,True,C21 H24 Fe N6 O3,Fe8 H192 C168 N48 O24,26,,True,0,False
7027888,200,,,1,90,90,1181.0903,True,C22 H11 Co3 O8 S,Co6 H22 C44 S2 O16,27,0.9295,True,0,True
7028076,200,size_within_limit,204 sites > 150,1,204,,2336.5593,True,C22 H23 S4 Ti Tl,Ti4 Tl4 H92 C88 S16,81,0.9289,True,0,False
7028079,200,ordered,partial or mixed site occupancy,1,288,,2489.6796,False,,Li2 Cu2 Si8 H172 C76 N4 O8,29,,True,1,False
7028861,200,,,1,86,86,1022.1741,True,C16 H14 Br2 F6 N2 O2 Pt,H28 Pt2 C32 Br4 N4 O4 F12,78,0.9496,True,0,True
7028995,200,size_within_limit,364 sites > 150,1,364,,3958.643,True,C45 H40 Cl N3 O Zn,Zn4 H160 C180 N12 Cl4 O4,30,0.9489,True,0,False
7029030,200,size_within_limit,300 sites > 150,1,300,,3588.7916,True,C32 H32 I N4 O4 Ru2,H128 Ru8 C128 I4 N16 O16,53,0.8595,True,0,False
7029342,200,size_within_limit,384 sites > 150,1,384,,4251.1835,True,C27 H48 B20 Cl2 P Rh S2,B80 P4 H184 Rh4 C104 S8,45,0.9277,True,2,False
7029739,200,,,1,88,88,946.9003,True,C20 H14 Cl2 Cu N2 O5,Cu2 H28 C40 N4 Cl4 O10,29,0.8147,True,0,True
7029941,200,ordered,partial or mixed site occupancy,1,256,,2513.9288,False,,H88 Pt4 C72 N24 Cl12 O20,78,,True,0,False
7030114,200,ordered,partial or mixed site occupancy,1,120,,918.1524,False,,K2 H58 C29.994 N8,19,,True,0,False
7030166,200,size_within_limit,416 sites > 150,1,416,,4229.5602,True,C53 H41 B Fe N6 O2,Fe4 B4 H164 C212 N24 O8,26,,True,0,False
7030198,200,ordered,partial or mixed site occupancy,1,1648,,18535.9389,False,,Mn48 H336 C448 N48 Cl64 O192,25,,True,0,False
7030261,200,size_within_limit,488 sites > 150,1,488,,4983.8936,True,C28 H28 B N2 P Se,B8 P8 H224 C224 Se8 N16,34,,True,1,False
7030918,200,size_within_limit,312 sites > 150,1,312,,2821.1329,True,C28 H44 B2 N4,B8 H176 C112 N16,7,0.9491,True,0,False
7030995,200,size_within_limit,328 sites > 150,1,328,,3802.3415,True,C40 H18 B3 F20 N,B12 H72 C160 N4 F80,9,0.9387,True,0,False
7031022,200,,,1,78,78,898.1754,True,C15 H16 Cl2 Hg N4 O,Hg2 H32 C30 N8 Cl4 O2,80,0.8177,True,0,True
7031038,200,ordered,partial or mixed site occupancy,1,504,,3960.9861,False,,H152 C200 N24 O24,8,,True,0,False
7031064,200,ordered,partial or mixed site occupancy,1,293,,2805.3266,False,,Fe2 P4 H152 C116 N6 O1,26,,True,1,False
7031199,200,size_within_limit,352 sites > 150,1,352,,3883.5235,True,C19 H22 I N Se,H176 C152 Se8 I8 N8,53,0.9488,True,0,False
7031427,200,size_within_limit,152 sites > 150,1,152,,1871.1932,True,C25 H32 Ge4 N4 O S10,Ge8 H64 C50 S20 N8 O2,32,0.8201,True,0,False
7031468,200,ordered,partial or mixed site occupancy,1,1980,,17401.386,False,,Zr18 H954 C738 N18 O72,40,,True,0,False
7031696,200,,,1,144,144,1422.131,True,C48 H76 N16 Ni4 O12,Ni4 H68 C46 N16 O10,28,0.9296,True,1,True
7031919,200,size_within_limit,192 sites > 150,1,192,,2008.6427,True,C19 H17 Cd N3 O7 S,Cd4 H68 C76 S4 N12 O28,48,0.8497,True,0,False
7032100,200,,,1,112,56,1298.457,True,C13 H10 Br2 N2 O,H40 C52 Br8 N8 O4,35,0.86,True,0,True
7032517,200,size_within_limit,880 sites > 150,1,880,,9087.2959,True,C45 H57 Ba K N6,K8 Ba8 H456 C360 N48,56,,True,0,False
7032573,200,,,1,118,118,1243.5766,True,C29 H23 N3 O3 S,H46 C58 S2 N6 O6,16,0.8207,True,0,True
7032578,200,size_within_limit,488 sites > 150,1,488,,4738.3395,True,C35 H26,H208 C280,6,,True,0,False
7032937,200,size_within_limit,216 sites > 150,1,216,,2385.6035,True,C26 H22 Cl2 N P Pt S,P4 H88 Pt4 C104 S4 N4 Cl8,78,0.9289,True,0,False
7033013,200,,,1,84,84,1254.1016,True,C8 H4 Cd N8,Cd4 H16 C32 N32,48,0.9303,True,0,True
7033354,200,size_within_limit,160 sites > 150,1,160,,1601.7127,True,C13 H14 N4 O8 Zn,Zn4 H56 C52 N16 O32,30,0.7766,True,0,False
7033437,200,size_within_limit,608 sites > 150,1,608,,7951.1291,True,C36 H16 F4 Mn4 O12 S4,Mn32 H128 C288 S32 O96 F32,25,,True,0,False
7033600,200,size_within_limit,180 sites > 150,1,180,,1801.6269,True,C76 H68 Cl2 Mn4 N8 O20 P2,Mn4 P2 H68 C76 N8 Cl2 O20,25,0.9293,True,0,False
7033832,200,size_within_limit,194 sites > 150,1,194,,1836.1729,True,C42 H48 Cu N4 O2,Cu2 H96 C84 N8 O4,29,0.9494,True,0,False
7033968,200,,,1,108,108,1377.1707,True,C12 H9 Br2 F Hg N2,Hg4 H36 C48 Br8 N8 F4,80,0.9481,True,0,True
7034067,200,ordered,partial or mixed site occupancy,1,468,,4065.0827,False,,Yb4 Si4 B8 P8 H216 C144 S4 N4 O8,70,,True,0,False
7034194,200,ordered,partial or mixed site occupancy,1,436,,3140.7941,False,,P8 H184 C132 N8 O4,15,,True,0,False
7034599,200,ordered,partial or mixed site occupancy,1,1040,,11358.5462,False,,Cu12 H484 C216 N112 Cl71.9996 O77,29,,True,0,False
7034931,200,ordered,partial or mixed site occupancy,1,205,,2570.4345,False,,H80 C96 Br2 N14 O12,35,,True,0,False
7035307,200,ordered,partial or mixed site occupancy,1,292,,4308.304,False,,Ni8 Mo4 H71.8 C130.6 N48 O14.6,42,,True,1,False
7035386,200,size_within_limit,328 sites > 150,1,328,,3296.443,True,C27 H46 Cl2 N2 O2 Pd S2,H184 Pd4 C108 S8 N8 Cl8 O8,46,0.9294,True,0,False
7035511,200,ordered,partial or mixed site occupancy,1,2590,,49704.376,False,,Zn60 H576 C792 N364 Cl37.44 O31.68,30,,True,2,False
7035596,200,,,1,110,110,1304.9373,True,C26 H20 Cl2 Co N4 S2,Co2 H40 C52 S4 N8 Cl4,27,0.9494,True,0,True
7035634,200,size_within_limit,554 sites > 150,1,554,,5391.4095,True,C49.5 H80 Al N2 Na O3 Si2,Na4 Al4 Si8 H320 C198 N8 O12,14,,True,0,False
7035639,200,size_within_limit,340 sites > 150,1,340,,2981.1366,True,C38 H40 Mg N2 O4,Mg4 H160 C152 N8 O16,12,0.9295,True,0,False
7035672,200,size_within_limit,340 sites > 150,1,340,,3870.9715,True,C39 H32 F6 Fe N O P3 Pt S,Fe4 P12 H128 Pt4 C156 S4 N4 O4 F24,78,0.928,True,0,False
7035987,200,,,1,124,62,1165.4942,True,C10 H17 O2 P S,P4 H68 C40 S4 O8,16,0.738,True,0,True
7036016,200,size_within_limit,408 sites > 150,1,408,,4232.5984,True,C74 H82 Fe4 Mn4 N14 O26,Mn8 Fe8 H164 C148 N28 O52,26,,True,0,False
7036233,200,ordered,partial or mixed site occupancy,1,286,,3185.8247,False,,B2 H78 Ir2 C134 N2 Cl4 F56,77,,True,1,False
7036736,200,size_within_limit,372 sites > 150,1,372,,4743.4002,True,C11 H10 Fe2 O6 Se2,Fe24 H120 C132 Se24 O72,34,0.9585,True,0,False
7036749,200,size_within_limit,188 sites > 150,1,188,,2007.9364,True,C20 H12 Co N10 O4,Co4 H48 C80 N40 O16,27,0.9287,True,0,False
7036750,200,size_within_limit,188 sites > 150,1,188,,1852.2097,True,C20 H12 Co N10 O4,Co4 H48 C80 N40 O16,27,0.9281,True,0,False
7036849,200,size_within_limit,440 sites > 150,1,440,,5795.7609,True,C46 H60 Cl2 Mn2 N8 O16,Mn8 H176 C168 N32 Cl8 O48,25,,True,1,False
7036987,200,size_within_limit,200 sites > 150,1,200,,2308.3571,True,C18 H26 Fe I2 P2 Si,Fe4 Si4 P8 H104 C72 I8,53,0.9491,True,0,False
7037107,200,,,1,76,76,678.6779,True,C16 H16 N6,H32 C32 N12,7,0.9502,True,0,True
7037335,200,ordered,partial or mixed site occupancy,1,166,,1411.5631,False,,Al2 Ge2 H84 C52 Cl2,32,,True,0,False
7037402,200,size_within_limit,460 sites > 150,1,460,,5009.3948,True,C49 H48 Cd2 N8 O12,Cd8 H176 C196 N32 O48,48,,True,1,False
7037741,200,size_within_limit,636 sites > 150,1,636,,6261.0854,True,C62 H86 Al2 N4 O P2 Si2,Al8 Si8 P8 H344 C248 N16 O4,15,,True,0,False
7038688,200,size_within_limit,2784 sites > 150,1,2784,,34508.7997,True,C286 H308 Cl4 Cu20 N20 O58,Cu80 H1232 C1144 N80 Cl16 O232,29,,True,0,False
7038765,200,size_within_limit,184 sites > 150,1,184,,1916.5143,True,C18 H16 F6 N3 Ni P S,Ni4 P4 H64 C72 S4 N12 F24,28,0.9491,True,0,False
7038824,200,size_within_limit,504 sites > 150,1,504,,5125.6531,True,C28 H29 Br N2 Ni O2,Ni8 H232 C224 Br8 N16 O16,35,,True,0,False
7039080,200,size_within_limit,284 sites > 150,1,284,,2726.764,True,C34 H35 Fe P,Fe4 P4 H140 C136,26,0.9291,True,0,False
7039382,200,ordered,partial or mixed site occupancy,1,334,,3433.287,False,,Dy2 Cu4 H148 C96 S8 N20 Cl2 O28,66,,True,0,False
7039667,200,ordered,partial or mixed site occupancy,1,848,,6875.4202,False,,B8 P16 H460 Ir8 C260 N16 Cl8,77,,True,0,False
7039828,200,ordered,partial or mixed site occupancy,1,254,,2504.0447,False,,H104 Au4 C104 Br4 N16 O10,79,,True,1,False
7039848,200,,,1,24,24,653.1255,True,Ba Ce2 In2 Se7,Ba2 Ce4 In4 Se14,58,2.5708,False,0,True
7040024,200,ordered,partial or mixed site occupancy,1,392,,3812.2835,False,,P1 H150 Ru2 Au7 C134 N22 Cl20 O2 F6,79,,True,1,False
7040193,200,,,1,148,148,1468.2082,True,C28 H32 N6 O7 Zn,Zn2 H64 C56 N12 O14,30,0.8601,True,0,True
7040358,200,ordered,partial or mixed site occupancy,1,467,,4634.0244,False,,Cu8 H220 C208 S16 O2,29,,True,0,False
7040443,200,ordered,partial or mixed site occupancy,1,456,,4074.8597,False,,Tb4 H192 C96 N24 Cl12 O84,65,,True,0,False
7040455,200,ordered,partial or mixed site occupancy,1,426,,4209.0894,False,,Y4 H220 C160 N16 O2,39,,True,0,False
7040458,200,size_within_limit,260 sites > 150,1,260,,2948.9437,True,C26 H24 Cl2 F3 N3 O3 Pd S3,H96 Pd4 C104 S12 N12 Cl8 O12 F12,46,0.9288,True,0,False
7040527,200,,,1,146,146,1399.3321,True,C5 H12 N9 O10.5,H48 C20 N36 O42,8,0.8165,True,0,True
7040716,200,ordered,partial or mixed site occupancy,1,384,,3685.7731,False,,Fe8 B4 H140 C132 N52 Cl4 O18,26,,True,0,False
7040925,200,ordered,partial or mixed site occupancy,1,486,,7980.1772,False,,Gd9 H97 C144 N12 O45,64,,True,1,False
7040972,200,,,1,80,80,1363.7186,True,C2 H10 Bi I4 N O2,Bi4 H40 C8 I16 N4 O8,83,0.8627,True,0,True
7041034,200,ordered,partial or mixed site occupancy,1,488,,4405.2656,False,,Tb8 H182 C202 N34 O26,65,,True,0,False
7041093,200,size_within_limit,260 sites > 150,1,260,,2712.1947,True,C24 H28 Fe3 N2 O6 P2,Fe12 P8 H112 C96 N8 O24,26,0.8715,True,0,False
7041164,200,size_within_limit,284 sites > 150,1,284,,3434.7899,True,C34 H22 Cl Fe Mn N8 O4,Mn4 Fe4 H88 C136 N32 Cl4 O16,26,0.9492,True,0,False
7041338,200,size_within_limit,312 sites > 150,1,312,,2824.3889,True,C14 H19 N2 O3 P,P8 H152 C112 N16 O24,15,0.9295,True,0,False
7041433,200,size_within_limit,208 sites > 150,1,208,,2196.4175,True,C22 H50 Co2 Er F6 O20 P7,Er2 Co4 P14 H92 C44 O40 F12,68,0.9302,True,1,False
7041582,200,ordered,partial or mixed site occupancy,1,576,,4730.8248,False,,Cu18 H239.292 C126 S18 N36 Cl18,29,,True,0,False
7041631,200,ordered,partial or mixed site occupancy,1,144,,1429.4181,False,,Si8 H60 C48 Cl6 F2,17,,True,0,False
7041753,200,size_within_limit,156 sites > 150,1,156,,1676.7285,True,C14 H16 Br Mn N4 O3,Mn4 H64 C56 Br4 N16 O12,35,0.933,True,0,False
7041883,200,size_within_limit,464 sites > 150,1,464,,4232.8141,True,C34 H70 Li2 N8 Zn2,Li8 Zn8 H280 C136 N32,30,,True,0,False
7041914,200,size_within_limit,172 sites > 150,1,172,,1599.8278,True,C35 H42 Cu N4 O4,Cu2 H84 C70 N8 O8,29,0.8489,True,0,False
7042396,200,size_within_limit,936 sites > 150,1,936,,9527.0843,True,C43.67 H54 Co2 N4 O2 S4,Co18 H450 C378 S36 N36 O18,27,,True,1,False
7042501,200,,,1,140,140,1428.0873,True,C2 H12 N16 O4 Zn,Zn4 H48 C8 N64 O16,30,0.7835,True,0,True
7042597,200,size_within_limit,376 sites > 150,1,376,,3661.402,True,C39 H43 Cl2 N5 O4 Th,Th4 H172 C156 N20 Cl8 O16,90,0.9453,True,0,False
7042654,200,ordered,partial or mixed site occupancy,1,468,,4281.5079,False,,P4 H196 Au8 C164 N8 Cl16,79,,True,1,False
7042748,200,ordered,partial or mixed site occupancy,1,118,,1244.0219,False,,P4 H36 Pd6 C44 N2 Cl6 O4,46,,True,0,False
7042855,200,,,1,60,60,719.1398,True,C4 H8 Cl2 Si,Si4 H32 C16 Cl8,17,0.9894,True,0,True
7042903,200,ordered,partial or mixed site occupancy,1,1672,,15986.9228,False,,B16 H560 C784 N32 F160,9,,True,0,False
7042993,200,ordered,partial or mixed site occupancy,1,276,,2335.0957,False,,P4 H108 C84 S12 O30,16,,True,0,False
7043608,200,,,1,110,110,1155.273,True,C26 H16 Co N2 O10,Co2 H32 C52 N4 O20,27,0.8199,True,0,True
7043634,200,ordered,partial or mixed site occupancy,1,1088,,13719.6969,False,,Fe8 Ni8 B8 P32 H440 C464 S16 Br8 N8 O24 F32,35,,True,0,False
7043844,200,size_within_limit,284 sites > 150,1,284,,2959.9098,True,C34 H24 Co N10 O2,Co4 H96 C136 N40 O8,27,0.9294,True,0,False
7043860,200,ordered,partial or mixed site occupancy,1,472,,3341.4078,False,,B72 H200 Ru8 C96,44,,True,0,False
7044021,200,size_within_limit,216 sites > 150,1,216,,2150.3941,True,C42 H48 I2 N14 U2,U4 H96 C84 I4 N28,92,0.9488,True,0,False
7044028,200,size_within_limit,368 sites > 150,1,368,,3317.2898,True,C11 H25 Cu N3 O6,Cu8 H200 C88 N24 O48,29,0.8997,True,0,False
7044080,200,size_within_limit,172 sites > 150,1,172,,1940.4275,True,C16 H14 Co F6 N2 O4,Co4 H56 C64 N8 O16 F24,27,0.9297,True,0,False
7044398,200,ordered,partial or mixed site occupancy,1,262,,2291.2349,False,,B4 P4 H136 C80 N8 O12 F16,15,,True,0,False
7044447,200,size_within_limit,1545 sites > 150,1,1545,,15972.897,True,C201 H201 Br Cu18 N45 Na O48,Na3 Cu54 H603 C603 Br3 N135 O144,35,,True,1,False
7044603,200,ordered,partial or mixed site occupancy,1,592,,5095.935,False,,P8 H244 Ru8 C200 N8 Cl28,44,,True,0,False
7044630,200,size_within_limit,960 sites > 150,1,960,,9456.5415,True,C52 H0.12 N2 O4 Pt2,H480 Pt16 C416 N16 O32,78,,True,1,False
7044852,200,ordered,partial or mixed site occupancy,1,416,,3808.9492,False,,P8 H144 Ru4 C136 S8 N24 O8 F48,44,,True,0,False
7044873,200,size_within_limit,410 sites > 150,1,410,,4163.2917,True,C95 H103 La S6,La2 H206 C190 S12,57,,True,1,False
7044899,200,ordered,partial or mixed site occupancy,1,760,,9834.5727,False,,Cu4.38 H304 Au67.62 C336 S48,79,,True,2,False
7044920,200,size_within_limit,364 sites > 150,1,364,,3842.7688,True,C48 H36 Cu N3 O P2,Cu4 P8 H144 C192 N12 O4,29,0.9484,True,1,False
7045052,200,size_within_limit,556 sites > 150,1,556,,6481.8357,True,C64 H52 N12 Ni O10,Ni4 H208 C256 N48 O40,28,,True,0,False
7045132,200,ordered,partial or mixed site occupancy,1,300,,3022.8782,False,,Cu12 H64 C96 N48 O56,29,,True,0,False
7045528,200,ordered,partial or mixed site occupancy,1,440,,5287.3826,False,,P16 H176 C200 S8 Br30.9076,35,,True,1,False
7045572,200,ordered,partial or mixed site occupancy,1,632,,4245.8934,False,,Dy4 H252 C152 N4 O28,66,,True,0,False
7045627,200,ordered,partial or mixed site occupancy,1,332,,3044.6153,False,,U4 H88 C136 N8 O40,92,,True,0,False
7045628,200,size_within_limit,532 sites > 150,1,532,,6005.8391,True,C61 H46 N2 O22 U2,U8 H184 C244 N8 O88,92,,True,0,False
7045654,200,size_within_limit,484 sites > 150,1,484,,5007.7015,True,C62 H50 Cl N O2 P4 Ru,P16 H200 Ru4 C248 N4 Cl4 O8,44,,True,0,False
7045671,200,size_within_limit,226 sites > 150,1,226,,2211.6967,True,C46 H49 N6 O9 S2 Yb,Yb2 H98 C92 S4 N12 O18,70,0.8823,True,0,False
7045722,200,size_within_limit,262 sites > 150,1,262,,2948.3987,True,C45 H31 La2 N13 O40,La4 H62 C90 N26 O80,57,0.7951,True,0,False
7045750,200,size_within_limit,228 sites > 150,1,228,,2566.1101,True,C31 H18 Cu N4 O3,Cu4 H72 C124 N16 O12,29,0.9288,True,0,False
7045878,200,,,1,92,92,945.2763,True,C9 H7 N7,H28 C36 N28,7,0.9227,True,0,True
7046083,200,ordered,partial or mixed site occupancy,1,434,,3851.5497,False,,Cr2 B2 P10 H180.16 C185 N2 O8,24,,True,0,False
7046099,200,,,1,48,48,635.4143,True,C10 H8 Bi Cl3 N2,Bi2 H16 C20 N4 Cl6,83,0.9496,True,0,True
7046113,200,size_within_limit,352 sites > 150,1,352,,5533.0643,True,C23 H13 Mn N3 O4,Mn8 H104 C184 N24 O32,25,0.929,True,0,False
7046116,200,ordered,partial or mixed site occupancy,1,254,,2336.9346,False,,Cu4 H116 C79 N16 Cl8 O15,29,,True,0,False
7046214,200,ordered,partial or mixed site occupancy,1,620,,6767.8915,False,,B16 H184 Ru16 C200 N112 O32,44,,True,1,False
7046352,200,,,1,124,124,1331.1349,True,C40 H44 N6 O30 Yb2 Zn2,Yb2 Zn2 H44 C40 N6 O30,70,0.9293,True,0,True
7046358,200,ordered,partial or mixed site occupancy,1,784,,7644.682,False,,Mg8 H356 C340 N68,12,,True,0,False
7046506,200,size_within_limit,380 sites > 150,1,380,,4995.1854,True,C156 H160 F12 N12 O28 Ru8 S4,H160 Ru8 C156 S4 N12 O28 F12,44,0.9482,True,0,False
7046741,200,size_within_limit,156 sites > 150,1,156,,1490.7516,True,C8 H18 Co N4 O8,Co4 H72 C32 N16 O32,27,0.8588,True,0,False
7046936,200,size_within_limit,298 sites > 150,1,298,,2924.9684,True,C56 H62 N8 Ni2 O21,Ni4 H124 C112 N16 O42,28,0.8017,True,0,False
7046979,200,,,1,114,114,1090.8072,True,C28 H24 Cu N2 O2,Cu2 H48 C56 N4 O4,29,0.9492,True,0,True
7047009,200,size_within_limit,328 sites > 150,1,328,,3366.1595,True,C41 H36 Br Cu Fe2 Ti,Ti4 Fe8 Cu4 H144 C164 Br4,35,0.9487,True,0,False
7047242,200,,,1,52,52,750.1008,True,C8 H10 Cu2 I3 N O2,Cu4 H20 C16 I6 N2 O4,53,0.9297,True,0,True
7047288,200,ordered,partial or mixed site occupancy,1,525,,7225.2793,False,,Gd18 H140.94 C189 N27 O138,64,,True,0,False
7047420,200,ordered,partial or mixed site occupancy,1,428,,3980.1904,False,,Mn4 Ni8 H150 C156 S8 N26 O16,28,,True,0,False
7047425,200,ordered,partial or mixed site occupancy,1,232,,1959.6017,False,,Bi4 H116 C56 N16 O38,83,,True,1,False
7047621,200,size_within_limit,192 sites > 150,1,192,,1965.2081,True,C8 H28 Mn N6 O Se3 Sn,Mn4 Sn4 H112 C32 Se12 N24 O4,50,0.8202,True,0,False
7047730,200,,,1,135,135,1372.1927,True,C17 H24 Cl Ge N O,Ge3 H72 C51 N3 Cl3 O3,32,0.9294,True,0,True
7047919,200,size_within_limit,880 sites > 150,1,880,,7915.412,True,C7.5 H13.5 Cu N O4.5,Cu32 H432 C240 N32 O144,29,,True,0,False
7048091,200,size_within_limit,396 sites > 150,1,396,,4309.3736,True,C42 H36 Cl4 Co3 F2 N12,Co12 H144 C168 N48 Cl16 F8,27,0.9391,True,0,False
7048141,200,size_within_limit,238 sites > 150,1,238,,2569.5686,True,C52 H38 Cl4 Dy F4 K N4 O15,K2 Dy2 H76 C104 N8 Cl8 O30 F8,66,0.8493,True,0,False
7048148,200,ordered,partial or mixed site occupancy,1,258,,1736.6099,False,,P4 H102 C78 N2 O2,15,,True,0,False
7048179,200,ordered,partial or mixed site occupancy,1,448,,3886.5286,False,,Re8 H136 C128 N40 Cl8 O32,75,,True,0,False
7048217,200,ordered,partial or mixed site occupancy,1,364,,3783.0041,False,,Dy4 Zn4 H152 C124 Br8 N12 O56,66,,True,1,False
7048379,200,ordered,partial or mixed site occupancy,1,322,,2998.9508,False,,B12 H124 Pd6 C80 N28 F48,46,,True,0,False
7048586,200,size_within_limit,180 sites > 150,1,180,,1733.1694,True,C16 H22 Cl2 Fe N4,Fe4 H88 C64 N16 Cl8,26,0.9499,True,0,False
7048654,200,ordered,partial or mixed site occupancy,1,520,,5290.266,False,,H168 Pt8 C256 N32 O8 F24,78,,True,0,False
7048939,200,size_within_limit,356 sites > 150,1,356,,3982.8159,True,C45 H32 Ag2 Cl2 N4 Pt2 S2,Ag8 H128 Pt8 C180 S8 N16 Cl8,78,0.9488,True,0,False
7049306,200,,,1,100,100,985.1773,True,C21 H21 N6 O2,H42 C42 N12 O4,8,0.9299,True,0,True
7049371,200,ordered,partial or mixed site occupancy,1,232,,1869.1576,False,,Zn2 H102 C74 N18 O14,30,,True,0,False
7049526,200,ordered,partial or mixed site occupancy,1,2456,,27667.9586,False,,Cd48 Ag32 H864 C976 S128 N32,48,,True,1,False
7049624,200,ordered,partial or mixed site occupancy,1,1232,,13132.5639,False,,Zn48 H320 C448 N64 O304,30,,True,0,False
7049637,200,size_within_limit,484 sites > 150,1,484,,4892.0923,True,C57 H51 Ir N6 O6,H204 Ir4 C228 N24 O24,77,,True,0,False
7049688,200,,,1,103,103,1042.8659,True,C39 H52 Au B F4 I N5,B1 H52 Au1 C39 I1 N5 F4,79,0.9499,True,0,True
7049759,200,ordered,partial or mixed site occupancy,1,620,,7064.7676,False,,P20 H220 Au4 C282 N8 Cl20 O16 F24,79,,True,0,False
7049782,200,size_within_limit,204 sites > 150,1,204,,2069.6107,True,C54 H40 Cl2 N4 O2,H80 C108 N8 Cl4 O4,17,0.8804,True,0,False
7049902,200,,,1,120,120,1627.8964,True,C7 H14 Bi Br5 N2 O,Bi4 H56 C28 Br20 N8 O4,83,0.8369,True,0,True
7049910,200,ordered,partial or mixed site occupancy,1,1728,,8676.7187,False,,Ag32 H544 C320 N64,47,,True,0,False
7050288,200,,,1,54,54,550.1069,True,C8 H14 F3 P S,P2 H28 C16 S2 F6,16,0.8804,True,0,True
7050339,200,size_within_limit,198 sites > 150,1,198,,2005.7799,True,C24 H56 Cl5 Fe5 O9,Fe10 H112 C48 Cl10 O18,26,0.9793,True,0,False
7050521,200,size_within_limit,296 sites > 150,1,296,,3632.3939,True,C36 H24 Cl6 O6 W2,H96 W8 C144 Cl24 O24,74,0.9485,True,0,False
7050825,200,size_within_limit,152 sites > 150,1,152,,1532.3967,True,C28 H28 Ag2 Cl2 N8 O8,Ag4 H56 C56 N16 Cl4 O16,47,0.9293,True,0,False
7050837,200,,,1,52,52,547.4315,True,C2 H5 Cu O4 P,Cu4 P4 H20 C8 O16,29,0.9297,True,0,True
7051433,200,size_within_limit,288 sites > 150,1,288,,3164.602,True,C18 H10 Mn N2 O4 S,Mn8 H80 C144 S8 N16 O32,25,0.9291,True,0,False
7051474,200,ordered,partial or mixed site occupancy,1,168,,1533.1967,False,,H16 C40 N16 F48,9,,True,0,False
7051587,200,size_within_limit,776 sites > 150,1,776,,6469.3242,True,C74 H112 Li2 N6,Li8 H448 C296 N24,7,,True,0,False
7051688,200,size_within_limit,204 sites > 150,1,204,,1941.4165,True,C26 H23 O P,P4 H92 C104 O4,15,0.9233,True,0,False
7051843,200,,,1,96,96,904.3525,True,C10 H10 N2 O2,H40 C40 N8 O8,8,0.9173,True,0,True
7052187,200,size_within_limit,664 sites > 150,1,664,,6469.0036,True,C22 H44 N4 O8 P2 Pd S2,P16 H352 Pd8 C176 S16 N32 O64,46,,True,0,False
7052286,200,size_within_limit,1062 sites > 150,1,1062,,13797.9184,True,C252 H108 Cu9 F108 N18 O36,Cu18 H216 C504 N36 O72 F216,29,,True,0,False
7052816,200,size_within_limit,174 sites > 150,1,174,,1741.2925,True,C40 H36 Cl2 N2 O7,H72 C80 N4 Cl4 O14,17,0.9494,True,0,False
7053000,200,size_within_limit,172 sites > 150,1,172,,1940.1534,True,C18 H14 O9 Zn2,Zn8 H56 C72 O36,30,0.8527,True,0,False
7053030,200,,,1,65,65,655.5931,True,C26 H24 N2 O10 S2 Zn,Zn1 H24 C26 S2 N2 O10,30,0.791,True,1,True
7053196,200,size_within_limit,240 sites > 150,1,240,,2814.1261,True,C57 H45 Cl9 N6 O2 Zn,Zn2 H90 C114 N12 Cl18 O4,30,0.9491,True,0,False
7053326,200,size_within_limit,472 sites > 150,1,472,,4455.0941,True,C86 F32,C344 F128,9,,True,0,False
7053338,200,size_within_limit,332 sites > 150,1,332,,3270.3057,True,C78 H70 Dy2 N4 O12,Dy4 H140 C156 N8 O24,66,0.9488,True,0,False
7053500,200,ordered,partial or mixed site occupancy,1,574,,5472.1855,False,,Cu16 H232 C184 N48 O81.262,29,,True,1,False
7053615,200,size_within_limit,492 sites > 150,1,492,,5863.5458,True,C56 H56 Cl9 N2 P4 Rh,P16 H216 Rh4 C220 N8 Cl28,45,,True,1,False
7053662,200,size_within_limit,446 sites > 150,1,446,,3934.9996,True,C68 H118 Fe2 N6 O23 V6,V12 Fe4 H236 C136 N12 O46,26,,True,1,False
7053914,200,size_within_limit,576 sites > 150,1,576,,5896.7851,True,C33 H33 Cl3 O3,H264 C264 Cl24 O24,17,,True,0,False
7053929,200,size_within_limit,576 sites > 150,1,576,,6536.2895,True,C33 H33 I3 O3,H264 C264 I24 O24,53,,True,0,False
7053955,200,,,1,80,80,757.8486,True,C22 H16 O2,H32 C44 O4,8,0.9494,True,0,True
7054111,200,ordered,partial or mixed site occupancy,1,67,,587.5812,False,,Mg2 H28 C14 N2 O19,12,,True,0,False
7054296,200,size_within_limit,312 sites > 150,1,312,,3413.421,True,C37.25 H76 Cl3 Co4 Gd N16 O30.75,Gd2 Co8 H136 C72 N32 Cl6 O56,64,0.839,True,1,False
7054301,200,size_within_limit,516 sites > 150,1,516,,5789.0687,True,C51 H46 Dy4 N10 O18,Dy16 H184 C204 N40 O72,66,,True,0,False
7054464,200,ordered,partial or mixed site occupancy,1,320,,3341.3532,False,,Cd4 H124 C108 N40 O10,48,,True,0,False
7054470,200,,,1,72,72,740.7864,True,C30 H24 Mo2 N4 O12,Mo2 H24 C30 N4 O12,42,0.8399,True,0,True
7054495,200,size_within_limit,194 sites > 150,1,194,,2000.459,True,C40 H44 Fe N8 O2 Se2,Fe2 H88 C80 Se4 N16 O4,34,0.8187,True,1,False
7054650,200,ordered,partial or mixed site occupancy,1,276,,1934.5822,False,,H80 C84 N24 O16,8,,True,0,False
7054831,200,,,1,120,120,1507.0683,True,C30 H20 F3 Ir N6,H40 Ir2 C60 N12 F6,77,0.9292,True,0,True
7054921,200,,,1,104,104,955.7095,True,C21 H26 N2 O3,H52 C42 N4 O6,8,0.8199,True,0,True
7054990,200,size_within_limit,160 sites > 150,1,160,,1717.9329,True,C12 H19 Cl3 N4 Ni O,Ni4 H76 C48 N16 Cl12 O4,28,0.9492,True,0,False
7055032,200,size_within_limit,272 sites > 150,1,272,,3353.3984,True,C13 H14 Cl2 Co N2 Se2,Co8 H112 C104 Se16 N16 Cl16,34,0.9283,True,0,False
7055256,200,size_within_limit,180 sites > 150,1,180,,1706.3559,True,C15 H21 N4 O5,H84 C60 N16 O20,8,0.86,True,0,False
7055404,200,ordered,partial or mixed site occupancy,1,224,,3103.1896,False,,Er4 H84 C72 N24 O36,68,,True,0,False
7055660,200,size_within_limit,336 sites > 150,1,336,,3361.2816,True,C26 H48 Au N S8,H192 Au4 C104 S32 N4,79,0.9593,True,0,False
7055839,200,,,1,116,116,1362.283,True,C10 H11 Cl2 N3 O2 Ru,H44 Ru4 C40 N12 Cl8 O8,44,0.6348,True,0,True
7055845,200,ordered,partial or mixed site occupancy,1,728,,4604.6513,False,,Eu4 Si8 H304 C140 N24 Cl4 O12,63,,True,0,False
7056234,200,,,1,92,46,991.6097,True,C11 H10 O S,H40 C44 S4 O4,16,0.952,True,0,True
7056439,200,size_within_limit,168 sites > 150,1,168,,1866.1041,True,C10 H8 N2 O,H64 C80 N16 O8,8,0.8829,True,0,False
7056733,200,size_within_limit,160 sites > 150,1,160,,1672.1727,True,C17 H20 N2 Pt,H80 Pt4 C68 N8,78,0.9293,True,0,False
7056736,200,,,1,116,116,1290.6146,True,C35 H18 N4 O,H36 C70 N8 O2,8,0.9287,True,0,True
7057066,200,ordered,partial or mixed site occupancy,1,684,,6541.013,False,,Ag12 H264 C244.08 N56 Cl12 O52,47,,True,1,False
7057221,200,size_within_limit,160 sites > 150,1,160,,1561.6667,True,C18 H17 N5,H68 C72 N20,7,0.9293,True,0,False
7057226,200,,,1,100,50,1501.2936,True,C10 H6 Cl6 Cu N2,Cu4 H24 C40 N8 Cl24,29,0.93,True,0,True
7057289,200,size_within_limit,168 sites > 150,1,168,,1716.1922,True,C42 H36 N2 O P2 Pt,P4 H72 Pt2 C84 N4 O2,78,0.929,True,0,False
7057321,200,,,1,90,90,968.1184,True,C17 H12 N4 O10 Zn2,Zn4 H24 C34 N8 O20,30,0.8359,True,0,True
7057371,200,size_within_limit,616 sites > 150,1,616,,6938.7988,True,C39 H32 Br2 O P2 Pt,P16 H256 Pt8 C312 Br16 O8,78,,True,0,False
7057452,200,ordered,partial or mixed site occupancy,1,2616,,20893.1361,False,,Eu16 H752 C896 N64 O96,63,,True,0,False
7057519,200,ordered,partial or mixed site occupancy,1,190,,1601.485,False,,Ti6 H82 C56 O28,22,,True,0,False
7057549,200,ordered,partial or mixed site occupancy,1,242,,2609.8251,False,,Hg2 P4 H80.5 C95 N13.5 O8 F24,80,,True,0,False
7057854,200,ordered,partial or mixed site occupancy,1,504,,5084.7214,False,,H264 C172 I12 N32 O12 F4,53,,True,0,False
7058200,200,ordered,partial or mixed site occupancy,1,216,,1897.08,False,,H88 C92 O16,8,,True,0,False
7058285,200,size_within_limit,688 sites > 150,1,688,,6855.2774,True,C64 H72 Gd4 N12 O20,Gd16 H288 C256 N48 O80,64,,True,0,False
7058759,200,size_within_limit,284 sites > 150,1,284,,2936.0442,True,C12 H16 N36 O5 Zn2,Zn8 H64 C48 N144 O20,30,0.8485,True,0,False
7058772,200,size_within_limit,160 sites > 150,1,160,,1667.5032,True,C22 H16 O Se,H64 C88 Se4 O4,34,0.9491,True,0,False
7058955,200,,,1,120,120,1069.3677,True,C24 H27 N3 O6,H54 C48 N6 O12,8,0.8451,True,0,True
7059055,200,ordered,partial or mixed site occupancy,1,616,,5189.5681,False,,H288 C108 S24 N56 O120,16,,True,0,False
7059365,200,parsed,ValueError: Invalid CIF file with no structures!,,,,,,,,,,,4,False
7059595,200,,,1,108,108,1170.8289,True,C27 H20 N4 O3,H40 C54 N8 O6,8,0.86,True,0,True
7059718,200,size_within_limit,172 sites > 150,1,172,,1457.9837,True,C14 H21 N5 O3,H84 C56 N20 O12,8,0.8188,True,0,False
7059909,200,ordered,partial or mixed site occupancy,1,316,,3162.6283,False,,Zn4 H122.4 C156 N8 O17.2,30,,True,0,False
7059910,200,ordered,partial or mixed site occupancy,1,280,,2106.2527,False,,H88 C104 N16 O8,8,,True,0,False
7060035,200,ordered,partial or mixed site occupancy,1,164,,1261.7914,False,,H60 C54 S2 N8 O6,16,,True,0,False
7060241,200,ordered,partial or mixed site occupancy,1,212,,2114.2842,False,,H56 C80 S4 I4 N4 O16 F24,53,,True,0,False
7060366,200,size_within_limit,162 sites > 150,1,162,,1669.6851,True,C14 H19 Cl N3 O2 Pd0.5 S,H76 Pd2 C56 S4 N12 Cl4 O8,46,0.7882,True,0,False
7060385,200,size_within_limit,275 sites > 150,1,275,,3190.6877,True,C66 H54 F9 N3 P4.5 Ru,P9 H108 Ru2 C132 N6 F18,44,0.9493,True,1,False
7060430,200,,,1,122,122,1241.202,True,C33 H27 B0 Br N2,H50 C66 Br2 N4,35,0.9295,True,1,True
7060828,200,,,1,126,126,1376.197,True,C26 H20 Fe N14 S2,Fe2 H40 C52 S4 N28,26,0.8832,True,0,True
7060970,200,size_within_limit,172 sites > 150,1,172,,2399.6055,True,C20 H15 N3 O4 Zn,Zn4 H60 C80 N12 O16,30,0.9489,True,0,False
7061223,200,,,1,116,116,1351.3649,True,C16 H3 F7 N2 S,H12 C64 S4 N8 F28,16,0.9293,True,0,True
7061309,200,,,1,132,132,1231.0769,True,C31 H30 O5,H60 C62 O10,8,0.9495,True,0,True
7061324,200,ordered,partial or mixed site occupancy,1,128,,1347.0998,False,,Mn4 H32 C48 S4 N8 O16,25,,True,0,False
7061341,200,ordered,partial or mixed site occupancy,1,223,,1495.7343,False,,Cu2 H78 C58 N10 O14,29,,True,0,False
7061600,200,ordered,partial or mixed site occupancy,1,556,,5239.0651,False,,Dy4 Zn8 H224 C192 Br8 N20 O75.2,66,,True,1,False
7061916,200,,,1,96,48,1287.9756,True,C5 H13 Br3 Cl N Pb,H52 Pb4 C20 Br12 N4 Cl4,82,0.958,True,0,True
7061967,200,size_within_limit,330 sites > 150,1,330,,3187.9499,True,C48 H54 O6 Pb2,H162 Pb6 C144 O18,82,0.9499,True,1,False
7062018,200,ordered,partial or mixed site occupancy,1,1432,,14051.0315,False,,P16 H462.432 C593.648 N72 Cl59.216,17,,True,0,False
7062095,200,size_within_limit,304 sites > 150,1,304,,3057.2476,True,C40 H31 N O4,H124 C160 N4 O16,8,0.8676,True,0,False
7062161,200,size_within_limit,176 sites > 150,1,176,,1891.3624,True,C25 H16 O2 Se,H64 C100 Se4 O8,34,0.9297,True,0,False
7062282,200,size_within_limit,156 sites > 150,1,156,,1607.2799,True,C39 H30 N4 O5,H60 C78 N8 O10,8,0.8597,True,0,False
7062300,200,,,1,144,144,1355.7548,True,C13.5 H16 N4 Ni O1.5,Ni4 H64 C54 N16 O6,28,0.8398,True,0,True
7062308,200,parsed,ValueError: Invalid CIF file with no structures!,,,,,,,,,,,4,False
7062463,200,,,1,109,109,1073.7659,True,C44 H38 Cd3 N4 O20,Cd3 H38 C44 N4 O20,48,0.7807,True,0,True
7062585,200,parsed,ValueError: Invalid CIF file with no structures!,,,,,,,,,,,4,False
7062689,200,size_within_limit,232 sites > 150,1,232,,2262.0251,True,C22 H26 N2 O7 U,U4 H104 C88 N8 O28,92,0.929,True,1,False
7062740,200,size_within_limit,168 sites > 150,1,168,,1726.243,True,C13 H19 Br Mn N5 O3,Mn4 H76 C52 Br4 N20 O12,35,0.9794,True,0,False
7062742,200,size_within_limit,216 sites > 150,1,216,,2104.6705,True,C17 H27 Br Mn N5 O3,Mn4 H108 C68 Br4 N20 O12,35,0.979,True,0,False
7062759,200,size_within_limit,198 sites > 150,1,198,,2005.4902,True,C45 H37 Co N5 O11,Co2 H74 C90 N10 O22,27,0.8199,True,0,False
7062845,200,size_within_limit,152 sites > 150,1,152,,1800.5321,True,C17 H9 Cl N7 O3 Re,Re4 H36 C68 N28 Cl4 O12,75,0.9496,True,0,False
7063147,200,ordered,partial or mixed site occupancy,1,84,,1129.2113,False,,Na10.02 Bi9.98 P12 Cl4 O48,83,,False,2,False
7063248,200,ordered,partial or mixed site occupancy,1,294,,2818.1638,False,,Cu8 H122 C90 S8 N24 Cl2 O17,29,,True,2,False
7063364,200,,,1,90,90,887.7046,True,C22 H19 N3 O,H38 C44 N6 O2,8,0.9296,True,0,True
7063456,200,size_within_limit,368 sites > 150,1,368,,3153.6201,True,C39 H47 N3 O S Ti,Ti4 H188 C156 S4 N12 O4,22,0.8584,True,0,False
7063480,200,,,1,92,92,920.0754,True,C2 H7 N6 Na O7,Na4 H28 C8 N24 O28,11,0.8022,True,0,True
7063611,200,parsed,ValueError: len(items)=22718 is not a multiple of n=2839,,,,,,,,,,,0,False
7063713,200,ordered,partial or mixed site occupancy,1,204,,1860.9622,False,,Co2 H60 C84 N12 Cl4 O10 F4,27,,True,0,False
7063741,200,ordered,partial or mixed site occupancy,1,130,,1558.7484,False,,Sr2 Y2 H28 C48 N10 O38,39,,True,0,False
7063787,200,size_within_limit,176 sites > 150,1,176,,2223.7734,True,C6 H24 Cu I5 N6 Ni Pb,Cu4 Ni4 H96 Pb4 C24 I20 N24,82,0.8885,True,0,False
7063884,200,,,1,90,90,889.4219,True,C26 H14 Cu O4,Cu2 H28 C52 O8,29,0.9499,True,0,True
7063993,200,ordered,partial or mixed site occupancy,1,508,,12131.5301,False,,Na12 La6 Bi14 Sb6 W76 C18 N8 O356,83,,True,2,False
7064182,200,ordered,partial or mixed site occupancy,1,440,,4107.9032,False,,Ho4 H196 C160 N16 Cl16 O24,67,,True,1,False
7064263,200,ordered,partial or mixed site occupancy,1,260,,2194.3686,False,,Ni4 H64 C88 S8 N24 O8,28,,True,0,False
7064293,200,ordered,partial or mixed site occupancy,1,208,,2090.978,False,,H76.8 C61.44 I8 N30.72 O15.36,53,,True,0,False
7064377,200,size_within_limit,184 sites > 150,1,184,,1792.3517,True,C16 H18 Mo N2 O9,Mo4 H72 C64 N8 O36,42,0.8023,True,0,False
7100007,200,size_within_limit,176 sites > 150,1,176,,1693.8725,True,C20 H20 O3 S,H80 C80 S4 O12,16,0.8996,True,0,False
7100036,200,size_within_limit,960 sites > 150,1,960,,11329.1148,True,C78 H60 D6 N3 P6 Se6 U,U6 P36 H396 C468 Se36 N18,92,,True,0,False
7100151,200,ordered,partial or mixed site occupancy,1,638,,7585.7691,False,,Cd3 H240 C240 N18 Cl18 O62,48,,True,2,False
7100341,200,size_within_limit,164 sites > 150,1,164,,1842.666,True,C38 H32 O6 S6,H64 C76 S12 O12,16,0.7379,True,0,False
7100490,200,,,1,100,100,1099.7971,True,C14 H8 N2 O,H32 C56 N8 O4,8,0.9296,True,0,True
7100906,200,ordered,partial or mixed site occupancy,1,968,,10870.3261,False,,C656 F288,9,,True,0,False
7100911,200,ordered,partial or mixed site occupancy,1,3712,,46825.3324,False,,In96 H192 C960 N384 O1143.04,49,,True,1,False
7101157,200,size_within_limit,278 sites > 150,1,278,,3170.5427,True,C56 H48 B F24 N6 O3 Re,Re2 B2 H96 C112 N12 O6 F48,75,0.7369,True,0,False
7101327,200,size_within_limit,680 sites > 150,1,680,,6162.3683,True,C22 H56 N3 Sc Si3,Sc8 Si24 H448 C176 N24,21,,True,0,False
7101522,200,size_within_limit,560 sites > 150,1,560,,5363.6537,True,C30 H33 N6 Rh,H264 Rh8 C240 N48,45,,True,0,False
7101647,200,size_within_limit,153 sites > 150,1,153,,1817.8178,True,C72 H54 Co3 N4 O12 S8,Co3 H54 C72 S8 N4 O12,27,0.9286,True,0,False
7101649,200,size_within_limit,202 sites > 150,1,202,,2156.0656,True,C21.5 H21.5 Br Cl1.5 N2 O3,H86 C86 Br4 N8 Cl6 O12,35,0.9489,True,1,False
7101690,200,ordered,partial or mixed site occupancy,1,304,,3152.5367,False,,Ga16 H160 C112 N16,31,,True,0,False
7101718,200,size_within_limit,380 sites > 150,1,380,,3466.8016,True,C39 H48 B Cl N6,B4 H192 C156 N24 Cl4,17,0.789,True,0,False
7101743,200,,,1,80,80,739.4718,True,C15 H19 N O5,H38 C30 N2 O10,8,0.8197,True,0,True
7101855,200,size_within_limit,280 sites > 150,1,280,,2781.4836,True,C34 H30 N2 O4,H120 C136 N8 O16,8,0.9394,True,0,False
7101860,200,ordered,partial or mixed site occupancy,1,552,,5518.2901,False,,Cu8 H166 C196 N50 O83,29,,True,1,False
7101939,200,,,1,60,60,666.4756,True,C8 H4 N4 Ni2 O10 S2,Ni4 H8 C16 S4 N8 O20,28,0.8425,True,0,True
7101980,200,size_within_limit,162 sites > 150,1,162,,1678.5661,True,C38 H39 N Ni P2,Ni2 P4 H78 C76 N2,28,0.929,True,0,False
7101981,200,size_within_limit,204 sites > 150,1,204,,2071.6462,True,C44 H52 Cl N2 Ni P2,Ni2 P4 H104 C88 N4 Cl2,28,0.9287,True,0,False
7102045,200,size_within_limit,164 sites > 150,1,164,,1665.2133,True,C15 H16 Cd N4 O5,Cd4 H64 C60 N16 O20,48,0.9492,True,0,False
7102214,200,size_within_limit,716 sites > 150,1,716,,8072.4935,True,C40.5 H37 Ag Cl F3 O3 P3 S,Ag8 P24 H296 C324 S8 Cl8 O24 F24,47,,True,0,False
7102220,200,size_within_limit,384 sites > 150,1,384,,3486.6195,True,C17 H24 Cl2 O5,H192 C136 Cl16 O40,17,0.9588,True,0,False
7102460,200,size_within_limit,1120 sites > 150,1,1120,,9324.5779,True,C32 H84 N8 O16,H672 C256 N64 O128,8,,True,0,False
7102608,200,ordered,partial or mixed site occupancy,1,240,,2088.8768,False,,B6 H120 C84 N10 O2 F12,9,,True,0,False
7102802,200,ordered,partial or mixed site occupancy,1,492,,2822.9085,False,,Na4 Zn4 H212 C88 N16,30,,True,0,False
7102895,200,size_within_limit,792 sites > 150,1,792,,7775.1067,True,C148 H196 Cl4 N8 O34 P4 Pt2,P8 H392 Pt4 C296 N16 Cl8 O68,78,,True,0,False
7103146,200,size_within_limit,792 sites > 150,1,792,,11298.9875,True,C48 H40 N10 O12 Zn4,Zn32 H200 C384 N80 O96,30,,True,1,False
7103203,200,,,1,136,136,1255.8964,True,C16 H14 O4,H56 C64 O16,8,0.8613,True,0,True
7103938,200,ordered,partial or mixed site occupancy,1,238,,2494.4462,False,,P3 H80 Ru2 C96 N12 O6 F24,44,,True,1,False
7104107,200,size_within_limit,200 sites > 150,1,200,,2083.3111,True,C13 H10 K O,K8 H80 C104 O8,19,0.9396,True,0,False
7104113,200,size_within_limit,716 sites > 150,1,716,,6610.9891,True,C64 H104 Ga2 N8 Yb,Yb4 Ga8 H416 C256 N32,70,,True,0,False
7104195,200,size_within_limit,168 sites > 150,1,168,,1978.7839,True,C38 H36 Cl6 P2 Zn2,Zn4 P4 H72 C76 Cl12,30,0.9289,True,0,False
7104299,200,ordered,partial or mixed site occupancy,1,336,,4512.4828,False,,Sm2 H80 C144 S16 N16 O63.786,62,,True,2,False
7104362,200,size_within_limit,272 sites > 150,1,272,,2652.191,True,C18 H12 O4,H96 C144 O32,8,0.9494,True,1,False
7104627,200,ordered,partial or mixed site occupancy,1,276,,2945.9725,False,,H104 Ru4 C108 N20 Cl12 O20,44,,True,0,False
7104649,200,parsed,ValueError: Invalid CIF file with no structures!,,,,,,,,,,,3,False
7104814,200,ordered,partial or mixed site occupancy,1,1366,,17987.0832,False,,Zn16 H456 C552 N168 Cl30 O121,30,,True,1,False
7105246,200,ordered,partial or mixed site occupancy,1,1560,,15343.6249,False,,H576 C736 Cl56,17,,True,1,False
7105533,200,,,1,132,132,1338.1764,True,C16 H13 Br O3,H52 C64 Br4 O12,35,0.8402,True,0,True
7105559,200,size_within_limit,184 sites > 150,1,184,,1857.7378,True,C19 H20 B F2 N3 O,B4 H80 C76 N12 O4 F8,9,0.8206,True,0,False
7105830,200,size_within_limit,156 sites > 150,1,156,,1466.5155,True,C33 H38 N3 O3 Re,Re2 H76 C66 N6 O6,75,0.9125,True,0,False
7106257,200,size_within_limit,324 sites > 150,1,324,,4404.8914,True,C11 H4 Br3 F4 N3 O2,H48 C132 Br36 N36 O24 F48,35,0.8393,True,0,False
7106299,200,size_within_limit,676 sites > 150,1,676,,6499.4632,True,C55 H84 F N11 O18,H336 C220 N44 O72 F4,9,,True,0,False
7106545,200,size_within_limit,284 sites > 150,1,284,,2852.3165,True,C31 H29 N5 O6,H116 C124 N20 O24,8,0.8595,True,1,False
7106607,200,,,1,108,108,1074.4488,True,C24 H25 O4 P,P2 H50 C48 O8,15,0.8376,True,0,True
7106823,200,ordered,partial or mixed site occupancy,1,196,,1712.378,False,,H80 C64 N8 O28,8,,True,0,False
7106894,200,size_within_limit,240 sites > 150,1,240,,2494.4011,True,C39 H72 Fe N4 Si4,Fe2 Si8 H144 C78 N8,26,0.929,True,0,False
7106930,200,ordered,partial or mixed site occupancy,1,1200,,9726.3134,False,,Cu8 H640 C400 N32 O48,29,,True,0,False
7107376,200,size_within_limit,764 sites > 150,1,764,,7067.9674,True,C69 H108 Fe2 N4 O2 Si4 Y2,Y8 Fe8 Si16 H432 C276 N16 O8,39,,True,0,False
7107539,200,,,1,124,124,1284.3747,True,C15 H13 N3,H52 C60 N12,7,0.8805,True,0,True
7107657,200,ordered,partial or mixed site occupancy,1,1112,,9797.3198,False,,Cd8 H452 C372 N12 O76,48,,True,2,False
7107707,200,,,1,124,124,1141.1982,True,C28 H30 N4,H60 C56 N8,7,0.8566,True,0,True
7107817,200,ordered,partial or mixed site occupancy,1,1724,,49163.2211,False,,Ce16 H432 C754 N164 O222,58,,True,1,False
7107926,200,ordered,partial or mixed site occupancy,1,1768,,24500.1805,False,,Zn63.84 H240 C504.24 N264.48 O170.32,30,,True,1,False
7107940,200,,,1,122,122,1231.0946,True,C14 H22 O20 P2 V3,V6 P4 H44 C28 O40,23,0.8494,True,0,True
7108001,200,size_within_limit,236 sites > 150,1,236,,2418.6909,True,C19 H31 B2 Cl4 O2 P,B8 P4 H124 C76 Cl16 O8,17,0.9487,True,0,False
7108071,200,ordered,partial or mixed site occupancy,1,330,,3054.3424,False,,K4 Ge18 H168 C84 N12 O24,32,,True,0,False
7108073,200,,,1,86,86,833.5811,True,C23 H19 N,H38 C46 N2,7,0.9293,True,0,True
7108159,200,,,1,112,112,1087.301,True,C6 H14 Cl Li N2 O4,Li4 H56 C24 N8 Cl4 O16,17,0.7319,True,0,True
7108180,200,size_within_limit,152 sites > 150,1,152,,1572.4628,True,C19 H17 P S,P4 H68 C76 S4,16,0.9286,True,0,False
7108268,200,ordered,partial or mixed site occupancy,1,308,,2582.4196,False,,Co20 P20 H112 C16 N20 O80,27,,True,0,False
7108311,200,,,1,72,72,1669.6791,True,O48 Si24,Si24 O48,14,1.5794,False,0,True
7108580,200,,,1,136,68,1566.0326,True,C16 H10 F4 O2 S2,H40 C64 S8 O8 F16,16,0.93,True,0,True
7108650,200,size_within_limit,268 sites > 150,1,268,,3565.9144,True,C49 H70 Cl2 Li N7 O Si2 Y2,Li2 Y4 Si4 H140 C98 N14 Cl4 O2,39,0.9287,True,0,False
7108737,200,,,1,132,66,2407.5458,True,Cs4 Mo5 O22 P2,Cs16 Mo20 P8 O88,55,1.499,False,0,True
7108763,200,size_within_limit,296 sites > 150,1,296,,2848.0072,True,C19 H14 O4,H112 C152 O32,8,0.9292,True,0,False
7108819,200,size_within_limit,282 sites > 150,1,282,,2989.0285,True,C57 H70 Br4 O10,H140 C114 Br8 O20,35,0.9295,True,0,False
7108940,200,size_within_limit,316 sites > 150,1,316,,3125.5189,True,C48 H26 N4 Pt,H104 Pt4 C192 N16,78,0.949,True,1,False
7109015,200,ordered,partial or mixed site occupancy,1,1208,,10261.9474,False,,Ni8 H416 C480 S16 N48,28,,True,0,False
7109046,200,size_within_limit,164 sites > 150,1,164,,1791.7306,True,C36 H28 Bi K O16,K2 Bi2 H56 C72 O32,83,0.949,True,0,False
7109108,200,size_within_limit,248 sites > 150,1,248,,2610.8082,True,C27 H31 F N P Pt,P4 H124 Pt4 C108 N4 F4,78,0.9493,True,0,False
7109109,200,ordered,partial or mixed site occupancy,1,176,,1746.5855,False,,P2 H82.922 Pt2 C68.376 N5.402 O1.572 F8,78,,True,2,False
7109133,200,size_within_limit,164 sites > 150,1,164,,1441.4696,True,C16 H20 O5,H80 C64 O20,8,0.8199,True,0,False
7109286,200,,,1,112,112,1110.0771,True,C32 H46 Ag2 B2 F8 N18 O4,Ag2 B2 H46 C32 N18 O4 F8,47,0.8596,True,0,True
7109327,200,,,1,118,118,1118.5925,True,C24 H29 N O5,H58 C48 N2 O10,8,0.9298,True,0,True
7109442,200,size_within_limit,516 sites > 150,1,516,,5844.1158,True,C53 H48 Cl6 Cu2 F6 N4 O6 P2 S2,Cu8 P8 H192 C212 S8 N16 Cl24 O24 F24,29,,True,0,False
7109466,200,ordered,partial or mixed site occupancy,1,354,,3828.9681,False,,H135.84 C132.02 S32 Cl8 O32,17,,True,0,False
7109528,200,ordered,partial or mixed site occupancy,1,412,,11675.7456,False,,Cu18 H54 C197.36 N9.36 O98,29,,True,1,False
7109610,200,ordered,partial or mixed site occupancy,1,1364,,14643.8772,False,,Cr28 Cu4 Ni4 H680 C410 N20 O156 F32,29,,True,0,False
7109632,200,size_within_limit,172 sites > 150,1,172,,2058.5149,True,C17 H19 Cl2 N O Pd Se2,H76 Pd4 C68 Se8 N4 Cl8 O4,46,0.8193,True,0,False
7109634,200,,,1,80,80,756.3345,True,C12 H21 F2 N O3 S,H42 C24 S2 N2 O6 F4,16,0.8799,True,0,True
7109713,200,size_within_limit,372 sites > 150,1,372,,4703.083,True,C26 H23 Cd N9 O7,Cd6 H114 C156 N54 O42,48,0.9286,True,1,False
7110001,200,,,1,74,74,783.9312,True,C20 H15 N S,H30 C40 S2 N2,16,0.8599,True,0,True
7110017,200,ordered,partial or mixed site occupancy,1,328,,3778.7051,False,,H180 Au4 C124 N8 O10,79,,True,1,False
7110413,200,ordered,partial or mixed site occupancy,1,414,,4877.589,False,,Mn10 H120 C150 N60 Cl8 O54,25,,True,1,False
7110679,200,ordered,partial or mixed site occupancy,1,440,,4725.8775,False,,Cd4 H80 Pt4 C195.96 N4 Cl12.08,78,,True,1,False
7110687,200,size_within_limit,882 sites > 150,1,882,,10982.6848,True,C36 H48 N2 O10 Rh2,H432 Rh18 C324 N18 O90,45,,True,0,False
7112036,200,,,1,140,140,1164.4918,True,C12 H18 N2 O3,H72 C48 N8 O12,8,0.8393,True,0,True
7112491,200,ordered,partial or mixed site occupancy,1,556,,3409.0321,False,,Li4 Si8 H200 C108 S4 N4 Cl8 O12,17,,True,1,False
7112792,200,ordered,partial or mixed site occupancy,1,372,,3076.8535,False,,H120 C132 Br12 N12 O18,35,,True,0,False
7112852,200,ordered,partial or mixed site occupancy,1,396,,3727.1087,False,,B6 P2 H158 C168 N14 O12 F24,15,,True,0,False
7113397,200,,,1,126,126,1216.888,True,C29 H29 Ir N3 P,P2 H58 Ir2 C58 N6,77,0.9428,True,0,True
7113420,200,size_within_limit,176 sites > 150,1,176,,1717.0137,True,C35 H46 B Fe O2 S3,Fe2 B2 H92 C70 S6 O4,26,0.9493,True,0,False
7114343,200,size_within_limit,452 sites > 150,1,452,,5484.7029,True,C51 H30 F21 O8 P2 Tm,Tm4 P8 H120 C204 O32 F84,69,,True,0,False
7114363,200,ordered,partial or mixed site occupancy,1,262,,2827.6535,False,,Zn16 Si2 H56 C96 O60,30,,True,0,False
7114429,200,size_within_limit,288 sites > 150,1,288,,3880.063,True,C30 H36 I3 La N14,La4 H96 C120 I12 N56,57,0.9291,True,1,False
7114569,200,ordered,partial or mixed site occupancy,1,644,,6217.5743,False,,H240 Ir8 C256 N24 Cl16 O8 F16,77,,True,0,False
7114765,200,size_within_limit,196 sites > 150,1,196,,1828.3388,True,C21 H22 N2 O4,H88 C84 N8 O16,8,0.8294,True,0,False
7114915,200,size_within_limit,188 sites > 150,1,188,,1996.6438,True,C16 H52 N12 Ni2 S8 Sb4,Ni4 Sb8 H104 C32 S16 N24,51,0.899,True,0,False
7114982,200,ordered,partial or mixed site occupancy,1,184,,1751.1046,False,,Cu4 Si2 B4 H52 C24 N48 O8 F28,29,,True,1,False
7115098,200,,,1,112,112,1081.5993,True,C17 H27 Mo N3 O8,Mo2 H54 C34 N6 O16,42,0.8401,True,0,True
7115149,200,size_within_limit,200 sites > 150,1,200,,1955.1911,True,C35 H54 Al2 Li2 N2 O5,Li4 Al4 H108 C70 N4 O10,13,0.9491,True,0,False
7115448,200,size_within_limit,196 sites > 150,1,196,,2036.6221,True,C27 H22,H88 C108,6,0.9289,True,0,False
7115452,200,,,1,78,78,887.6497,True,C13 H15 Fe2 O6 P S2,Fe4 P2 H30 C26 S4 O12,26,0.9592,True,0,True
7115483,200,size_within_limit,344 sites > 150,1,344,,3136.3312,True,C16 H21 N3 O3,H168 C128 N24 O24,8,0.9495,True,0,False
7115506,200,,,1,120,120,1189.9492,True,C16 H12 O2,H48 C64 O8,8,0.93,True,0,True
7115530,200,ordered,partial or mixed site occupancy,1,258,,2485.0115,False,,Na2 Ga2 Mo2 H118 C104 N4 O14,42,,True,0,False
7115705,200,,,1,54,54,512.8708,True,C11 H12 N2 O2,H24 C22 N4 O4,8,0.9498,True,0,True
7115950,200,ordered,partial or mixed site occupancy,1,540,,11617.9932,False,,Cu18 H72 C216 O126,29,,True,0,False
7116171,200,size_within_limit,208 sites > 150,1,208,,1830.0554,True,C18 H28 F3 Ir N2,H112 Ir4 C72 N8 F12,77,0.95,True,1,False
7116286,200,ordered,partial or mixed site occupancy,1,118,,1253.5836,False,,Si2 H48 C52 N2 Cl6 O4,17,,True,0,False
7116297,200,,,1,128,128,1361.2463,True,C14 H14 O2 S2,H56 C56 S8 O8,16,0.929,True,0,True
7116308,200,size_within_limit,1196 sites > 150,1,1196,,12328.9724,True,C45 H77 Ca2 Cl4 N20 O18.5,Ca16 H480 C360 N160 Cl32 O148,20,,True,1,False
7116788,200,,,1,112,112,1022.7023,True,C13 H13 N O,H52 C52 N4 O4,8,0.8965,True,0,True
7116841,200,,,1,126,126,1283.1922,True,C32 H24 N4 Ni S2,Ni2 H48 C64 S4 N8,28,0.9292,True,0,True
7116999,200,size_within_limit,166 sites > 150,1,166,,1720.2143,True,C38 H40 Br2 N Sb Si,Si2 Sb2 H80 C76 Br4 N2,51,0.9493,True,0,False
7117022,200,,,1,36,36,358.6503,True,C8 H10 N14 O4,H10 C8 N14 O4,8,0.8804,True,0,True
7117094,200,size_within_limit,244 sites > 150,1,244,,2455.4657,True,C34 H22 Fe N4,Fe4 H88 C136 N16,26,0.9488,True,0,False
7117415,200,ordered,partial or mixed site occupancy,1,1008,,9297.2607,False,,Sn8 H544 Pt8 C364 N16,78,,True,0,False
7117427,200,ordered,partial or mixed site occupancy,1,856,,5091.4778,False,,Mg4 Sb4 H256 C232 N8 Cl4 O4,51,,True,0,False
7117515,200,size_within_limit,216 sites > 150,1,216,,1972.9354,True,C38 H50 B20,B40 H100 C76,6,0.9494,True,0,False
7117577,200,,,1,96,96,908.8269,True,C25 H20 O3,H40 C50 O6,8,0.9295,True,0,True
7117905,200,,,1,144,144,2494.4351,True,F4 Re S,Re24 S24 F96,75,1.7898,False,0,True
7117979,200,size_within_limit,2064 sites > 150,1,2064,,22042.148,True,C84 H60 B3 Co N6 O18,Co12 B36 H720 C1008 N72 O216,27,,True,0,False
7118021,200,,,1,148,148,1487.1814,True,C20 H14 N2 O,H56 C80 N8 O4,8,0.9294,True,0,True
7118258,200,,,1,94,94,1026.2361,True,C38 H42 Cl6 Cu2 N6,Cu2 H42 C38 N6 Cl6,29,0.9295,True,0,True
7118296,200,ordered,partial or mixed site occupancy,1,1172,,12977.775,False,,Dy12 Fe24 H428 C404 N24 O172,66,,True,1,False
7118358,200,size_within_limit,224 sites > 150,1,224,,2524.7548,True,C14 H7 F5 N2,H56 C112 N16 F40,9,0.8624,True,0,False
7118677,200,ordered,partial or mixed site occupancy,1,188,,1820.0074,False,,H72 C52 S4 N12 Cl12 O16,17,,True,0,False
7118742,200,,,1,126,126,1366.0762,True,C18 H18 B F20 O2 S4,B2 H36 C36 S8 O4 F40,16,0.9494,True,0,True
7118861,200,ordered,partial or mixed site occupancy,1,624,,5135.99,False,,Na4 H292 C200 Br4 N12 O40,35,,True,0,False
7118997,200,size_within_limit,282 sites > 150,1,282,,2828.3447,True,C51 H68 I2 N10 O10,H136 C102 I4 N20 O20,53,0.8793,True,1,False
7119025,200,,,1,100,100,1085.7466,True,C11 H10 N2 S2,H40 C44 S8 N8,16,0.8796,True,0,True
7119171,200,ordered,partial or mixed site occupancy,1,808,,8197.8708,False,,Cd8 B4 H224 C280 N40 O32 F16,48,,True,0,False
7119313,200,ordered,partial or mixed site occupancy,1,272,,2969.844,False,,H60 C80 S4 O16 F108,16,,True,0,False
7119348,200,size_within_limit,776 sites > 150,1,776,,7907.8568,True,C33 H57 Nd Si6,Nd8 Si48 H456 C264,60,,True,1,False
7119414,200,,,1,80,80,797.4947,True,C16 H16 N2 O5 Zn,Zn2 H32 C32 N4 O10,30,0.9495,True,0,True
7119709,200,size_within_limit,240 sites > 150,1,240,,2981.3043,True,C32 H23 Ir N3 O,H92 Ir4 C128 N12 O4,77,0.9291,True,0,False
7119775,200,size_within_limit,976 sites > 150,1,976,,10188.2132,True,C58 H58 Cu2 N4 O0,Cu16 H464 C464 N32,29,,True,0,False
7119861,200,ordered,partial or mixed site occupancy,1,488,,4757.8907,False,,P8 H168 Pd8 C160 N32 O16 F48,46,,True,0,False
7119991,200,size_within_limit,240 sites > 150,1,240,,3152.1749,True,C18 H17 B3 La N15 O6,La4 B12 H68 C72 N60 O24,57,0.7556,True,0,False
7120052,200,size_within_limit,630 sites > 150,1,630,,11846.7546,True,C30 H30 O12 Zn2,Zn18 H234 C270 O108,30,,True,1,False
7120055,200,ordered,partial or mixed site occupancy,1,268,,2353.7082,False,,H128 C96 S8 O16,16,,True,0,False
7120116,200,,,1,102,102,924.7368,True,C23 H25 N O2,H50 C46 N2 O4,8,0.9495,True,0,True
7120143,200,ordered,partial or mixed site occupancy,1,448,,4008.3743,False,,Fe4 B4 P4 H196 C192,26,,True,0,False
7120636,200,size_within_limit,180 sites > 150,1,180,,1799.8231,True,C30 H45 N3 O9 Zn3,Zn6 H90 C60 N6 O18,30,0.9494,True,0,False
7120647,200,,,1,132,132,1319.1532,True,C12 H11 F7 O3,H44 C48 O12 F28,9,0.9497,True,0,True
7120837,200,,,1,34,34,540.2232,True,C5 H6 Br3 N O Pb,H12 Pb2 C10 Br6 N2 O2,82,0.8188,True,0,True
7120961,200,ordered,partial or mixed site occupancy,1,174,,1585.09,False,,H76 C72 N4 O16,8,,True,0,False
7120966,200,ordered,partial or mixed site occupancy,1,1112,,11645.9614,False,,H380 Pd8 C428 N16 Cl100 O8,46,,True,1,False
7121022,200,size_within_limit,236 sites > 150,1,236,,2483.7625,True,C27 H25 Cl N3 O3,H100 C112 N8 Cl4 O12,17,0.8798,True,1,False
7121050,200,ordered,partial or mixed site occupancy,1,234,,1932.0103,False,,P4 H128 Pt2 C80,78,,True,0,False
7121087,200,size_within_limit,304 sites > 150,1,304,,3116.7505,True,C35 H32 N2 O5 S2,H128 C140 S8 N8 O20,16,0.929,True,0,False
7121192,200,size_within_limit,168 sites > 150,1,168,,1629.8131,True,C21 H16 O5,H64 C84 O20,8,0.9299,True,0,False
7121215,200,ordered,partial or mixed site occupancy,1,260,,2724.0124,False,,H96 C112 N12 Cl8 O20 F4,17,,True,0,False
7121378,200,,,1,92,92,909.4683,True,C24 H18 B N3,B2 H36 C48 N6,7,0.9494,True,0,True
7121569,200,ordered,partial or mixed site occupancy,1,222,,2108.6799,False,,Cu4 H90.88 C71.552 N16 Cl8 O0.944,29,,True,0,False
7121675,200,size_within_limit,168 sites > 150,1,168,,1725.735,True,C42 H30 B F10 P,B2 P2 H60 C84 F20,15,0.949,True,0,False
7121768,200,size_within_limit,153 sites > 150,1,153,,1746.3583,True,C80 H84 N6 O12 Sn,Sn1 H64 C72 N6 O10,50,0.8397,True,1,False
7121888,200,,,1,58,58,731.0868,True,C7 H14 Br4 Cl2 N2,H28 C14 Br8 N4 Cl4,35,0.9899,True,0,True
7121935,200,ordered,partial or mixed site occupancy,1,250,,2197.0788,False,,Yb2 H130 C80 N12 O24,70,,True,0,False
7121997,200,,,1,148,148,1529.445,True,C16 H15 Cl2 N O3,H60 C64 N4 Cl8 O12,17,0.9294,True,1,True
7122200,200,size_within_limit,544 sites > 150,1,544,,4923.2808,True,C21 H41 N3 Ni P2,Ni8 P16 H328 C168 N24,28,,True,0,False
7122235,200,,,1,140,140,1452.9706,True,C26 H35 B F4 Ir2 S2,B2 H70 Ir4 C52 S4 F8,77,0.9298,True,0,True
7122286,200,,,1,92,92,1044.3029,True,C10 H5 F3 N2 O3,H20 C40 N8 O12 F12,9,0.8542,True,0,True
7122461,200,size_within_limit,390 sites > 150,1,390,,4931.1214,True,C36 H54 N77 Ni10 O17 Tb,Tb2 Ni20 H108 C72 N154 O34,65,0.9596,True,0,False
7122728,200,ordered,partial or mixed site occupancy,1,178,,1825.3435,False,,Cs4 B36 H80 C44 N4 O4,55,,True,0,False
7122748,200,ordered,partial or mixed site occupancy,1,704,,3510.7029,False,,Cd4 Co8 H160 C96 S16 N16 O52,48,,True,0,False
7122763,200,,,1,104,104,1075.3088,True,C8 H6 N O8 P Zn2,Zn8 P4 H24 C32 N4 O32,30,0.8909,True,0,True
7122882,200,ordered,partial or mixed site occupancy,1,264,,3147.709,False,,U8 H68 Ir4 C104 N40 O38,92,,True,0,False
7123215,200,parsed,ValueError: Invalid CIF file with no structures!,,,,,,,,,,,3,False
7123349,200,size_within_limit,288 sites > 150,1,288,,3311.2821,True,C44 H24 N4,H96 C176 N16,7,0.929,True,0,False
7123351,200,,,1,6,2,211.177,True,Bi,Bi6,83,3.0673,False,1,True
7123370,200,ordered,partial or mixed site occupancy,1,424,,3273.9086,False,,Sm4 Mn4 H176 C128 O27,62,,True,1,False
7123516,200,,,1,124,124,1489.8604,True,C32 H10 B F15 N2 O2,B2 H20 C64 N4 O4 F30,9,0.9499,True,0,True
7123838,200,size_within_limit,376 sites > 150,1,376,,3779.2639,True,C56 H38,H152 C224,6,0.9499,True,0,False
7123902,200,size_within_limit,392 sites > 150,1,392,,4507.782,True,C15 H24 Cl O5 P Si2 W,Si16 P8 H192 W8 C120 Cl8 O40,74,0.9494,True,0,False
7124089,200,size_within_limit,171 sites > 150,1,171,,2740.7029,True,C18 H60 Cu4 N12 Na4 O61 Ta12,Na4 Ta12 Cu4 H60 C18 N12 O61,73,0.899,True,0,False
7124202,200,size_within_limit,384 sites > 150,1,384,,3945.7576,True,C21 H20 I N O5,H160 C168 I8 N8 O40,53,0.9286,True,0,False
7124325,200,size_within_limit,256 sites > 150,1,256,,2486.2109,True,C32 H28 O4,H112 C128 O16,8,0.9489,True,0,False
7124349,200,,,1,104,104,1078.9926,True,C24 H22 N O3 P Pd,P2 H44 Pd2 C48 N2 O6,46,0.9294,True,0,True
7124452,200,,,1,128,128,1236.0458,True,C16 H12 F4,H48 C64 F16,9,0.9498,True,0,True
7124580,200,ordered,partial or mixed site occupancy,1,460,,3308.2045,False,,P8 H168 C88 N48 O40,15,,True,1,False
7124620,200,,,1,97,97,905.111,True,C39 H54 N3 Nb,Nb1 H54 C39 N3,41,0.9495,True,98,True
7124823,200,,,1,130,130,1060.2878,True,C14 H36 Cu N6 O8,Cu2 H72 C28 N12 O16,29,0.7256,True,0,True
7125005,200,ordered,partial or mixed site occupancy,1,102,,1251.3524,False,,Te2 P2 H40 C50 Cl6,52,,True,0,False
7125185,200,size_within_limit,660 sites > 150,1,660,,6291.3951,True,C125 H187 As5 Fe N8 O2 Sm2,Sm4 Fe2 As10 H374 C250 N16 O4,62,,True,0,False
7125190,200,size_within_limit,208 sites > 150,1,208,,2427.6675,True,C30 H16 Br4 N2,H64 C120 Br16 N8,35,0.939,True,0,False
7126003,200,size_within_limit,168 sites > 150,1,168,,1631.1977,True,C18 H18 F3 N O2,H72 C72 N4 O8 F12,9,0.8609,True,0,False
7126017,200,size_within_limit,360 sites > 150,1,360,,3228.7403,True,C68 H94 N10 O6 Ti2,Ti4 H188 C136 N20 O12,22,0.871,True,0,False
7126148,200,parsed,ValueError: Invalid CIF file with no structures!,,,,,,,,,,,4,False
7126214,200,,,1,106,106,1634.4344,True,C7 H25 I8 N11 Sn2,Sn4 H50 C14 I16 N22,53,0.8593,True,0,True
7126285,200,,,1,64,64,913.7083,True,C4 H6 Al Cl3 N2,Al4 H24 C16 N8 Cl12,17,0.9499,True,0,True
7126456,200,ordered,partial or mixed site occupancy,1,204,,1776.8341,False,,Na2 Cu2 P4 H88 C48 N4 O18 F24,29,,True,0,False
7126976,200,ordered,partial or mixed site occupancy,1,648,,6620.0118,False,,Hg4 H296 C236 S24 Cl24 O40,80,,True,1,False
7127099,200,size_within_limit,160 sites > 150,1,160,,1581.4821,True,C19 H17 N O3,H68 C76 N4 O12,8,0.857,True,0,False
7127161,200,size_within_limit,152 sites > 150,1,152,,1571.5567,True,C23 H13 N S,H52 C92 S4 N4,16,0.9293,True,0,False
7127757,200,size_within_limit,448 sites > 150,1,448,,4627.1644,True,C25.5 H17 F6 N5 O0.5 P Pt,P8 H136 Pt8 C204 N40 O4 F48,78,,True,0,False
7127774,200,size_within_limit,164 sites > 150,1,164,,2007.6211,True,C2.82 H3.53 Cl1.18 O1.65 P0.24 V0.24,V4 P4 H60 C48 Cl20 O28,23,0.979,True,1,False
7127843,200,size_within_limit,416 sites > 150,1,416,,4628.6045,True,C56 H92 Al10 F0.5 O50,Al20 H184 C112 O96 F4,13,,True,1,False
7128045,200,,,1,114,114,1038.2765,True,C23 H29 N5,H58 C46 N10,7,0.949,True,0,True
7128096,200,,,1,112,112,1227.8973,True,C15 H10 Cl N O,H40 C60 N4 Cl4 O4,17,0.8602,True,0,True
7128369,200,size_within_limit,624 sites > 150,1,624,,6279.8069,True,C62 H87 Al2 N5,Al8 H348 C248 N20,13,,True,0,False
7128501,200,,,1,30,30,338.2132,True,Ga2 H2 O9 S Te,Ga4 Te2 H4 S2 O18,52,0.93,False,0,True
7128505,200,ordered,partial or mixed site occupancy,1,236,,1987.6816,False,,P4 H100 C64 N8 O32,15,,True,0,False
7128554,200,size_within_limit,352 sites > 150,1,352,,3818.6477,True,C24 H16 O4,H128 C192 O32,8,0.9292,True,1,False
7129314,200,size_within_limit,340 sites > 150,1,340,,4558.3717,True,C44 H24 F6 N10 Ru,H96 Ru4 C176 N40 F24,44,0.9485,True,0,False
7129358,200,size_within_limit,536 sites > 150,1,536,,5568.6136,True,C26 H36 B Cl Si2 Sn,Si16 Sn8 B8 H288 C208 Cl8,50,,True,0,False
7129434,200,size_within_limit,520 sites > 150,1,520,,4865.1856,True,C36 H80 Gd2 O11 U,Gd8 U4 H320 C144 O44,92,,True,0,False
7129567,200,,,1,128,128,1510.2791,True,C38 H20 S6,H40 C76 S12,16,0.9303,True,1,True
7129720,200,size_within_limit,296 sites > 150,1,296,,3012.9864,True,C18 H14 Cl N O3,H112 C144 N8 Cl8 O24,17,0.9499,True,0,False
7129750,200,ordered,partial or mixed site occupancy,1,768,,7057.9585,False,,Cu6 Si6 H192 C168 N120 F36,29,,True,0,False
7129886,200,size_within_limit,384 sites > 150,1,384,,4038.5105,True,C20 H22 F3 N O2,H176 C160 N8 O16 F24,9,0.84,True,0,False
7130000,200,parsed,ValueError: Invalid CIF file with no structures!,,,,,,,,,,,3,False
7130096,200,size_within_limit,179 sites > 150,1,179,,1723.2676,True,C96 H76 N6 Ni,Ni1 H76 C96 N6,28,0.9492,True,0,False
7130205,200,ordered,partial or mixed site occupancy,1,630,,5782.0974,False,,Nb4 V4 H284 C220 N16 O30,41,,True,1,False
7130326,200,ordered,partial or mixed site occupancy,1,398,,4452.2154,False,,H112 C208 Se8 S8 F40,34,,True,0,False
7130340,200,ordered,partial or mixed site occupancy,1,2952,,58160.2757,False,,H900 Rh72 C1116 N108 O324,45,,True,0,False
7130392,200,ordered,partial or mixed site occupancy,1,410,,2634.1745,False,,Ti4 H142 C106 N2 O16,22,,True,0,False
7130485,200,,,1,136,136,1757.3624,True,C14 H3 F13 K N O Te,K4 Te4 H12 C56 N4 O4 F52,52,0.98,True,0,True
7130726,200,ordered,partial or mixed site occupancy,1,896,,9206.6005,False,,Tb16 H308 C340 N16 O128,65,,True,0,False
7130799,200,,,1,92,92,1005.4587,True,C15 H18 Er N3 O6 S3,Er2 H36 C30 S6 N6 O12,68,0.7308,True,0,True
7130803,200,ordered,partial or mixed site occupancy,1,214,,1461.7118,False,,Si2 P2 H98 C52 N12,15,,True,1,False
7130817,200,ordered,partial or mixed site occupancy,1,288,,2088.0484,False,,H88 C64 S4 N12 O28 F12,16,,True,0,False
7130859,200,size_within_limit,414 sites > 150,1,414,,5205.2283,True,C111 H84 N12,H168 C222 N24,7,,True,0,False
7131242,200,size_within_limit,320 sites > 150,1,320,,3319.3432,True,C37 H32 B N7 O S Zn,Zn4 B4 H128 C148 S4 N28 O4,30,0.9499,True,0,False
7131316,200,size_within_limit,392 sites > 150,1,392,,3936.8067,True,C23 H20 O4 S2,H160 C184 S16 O32,16,0.9288,True,0,False
7131477,200,ordered,partial or mixed site occupancy,1,392,,4920.9135,False,,Na20 Co9.768 H93.2 W38.232 O224,74,,False,0,False
7131565,200,ordered,partial or mixed site occupancy,1,252,,2841.0519,False,,K6 As14 H128 Pt4 Au6 C28 Cl2 O62,79,,True,0,False
7131731,200,size_within_limit,214 sites > 150,1,214,,2164.3529,True,C37 H42 Cl2 Cu2 F12 N8 O2 P2,Cu4 P4 H84 C74 N16 Cl4 O4 F24,29,0.9294,True,0,False
7131774,200,size_within_limit,584 sites > 150,1,584,,5264.3537,True,C32 H39 Be N,Be8 H312 C256 N8,7,,True,0,False
7131817,200,ordered,partial or mixed site occupancy,1,178,,1572.5623,False,,Ga2 H84 C60 S2 N4 O6 F6,31,,True,0,False
7131929,200,parsed,ValueError: Invalid CIF file with no structures!,,,,,,,,,,,4,False
7131949,200,parsed,ValueError: Invalid CIF file with no structures!,,,,,,,,,,,4,False
7132305,200,,,1,98,98,1111.708,True,C21 H24 I2 N2,H48 C42 I4 N4,53,0.9497,True,0,True
7132528,200,ordered,partial or mixed site occupancy,1,148,,1310.4259,False,,H60 C40 S4 Br4 N8 O12,35,,True,0,False
7132574,200,size_within_limit,192 sites > 150,1,192,,2479.5326,True,C26 H31 N O4,H92 C88 N4 O8,8,0.8601,True,1,False
7132626,200,parsed,ValueError: Invalid CIF file with no structures!,,,,,,,,,,,4,False
7132692,200,size_within_limit,344 sites > 150,1,344,,3585.632,True,C44 H36 Br Cl2 N3,H144 C176 Br4 N12 Cl8,35,0.9493,True,0,False
7132823,200,size_within_limit,168 sites > 150,1,168,,1722.7937,True,C24 H16 O2,H64 C96 O8,8,0.9294,True,0,False
7133266,200,size_within_limit,388 sites > 150,1,388,,3488.3698,True,C72 H116 Ca2 N4,Ca4 H232 C144 N8,20,0.9499,True,0,False
7133452,200,size_within_limit,344 sites > 150,1,344,,3925.8057,True,C40 H40 Cu I3 P2,Cu4 P8 H160 C160 I12,53,0.9493,True,0,False
7133453,200,size_within_limit,176 sites > 150,1,176,,2093.9071,True,C20 H20 Cu I2 P,Cu4 P4 H80 C80 I8,53,0.9498,True,0,False
7133505,200,ordered,partial or mixed site occupancy,1,448,,4381.1283,False,,Co4 P4 H180 C178 N40 Cl4 F24,27,,True,1,False
7133520,200,size_within_limit,316 sites > 150,1,316,,2985.7221,True,C41 H37 N,H148 C164 N4,7,0.88,True,0,False
7133588,200,ordered,partial or mixed site occupancy,1,183,,1614.7965,False,,Bi1 B1 H50 C64 N1 Cl1 O1 F24,83,,True,0,False
7133596,200,ordered,partial or mixed site occupancy,1,1472,,11119.6066,False,,Si16 Sn8 H776 C464 N24 O28,50,,True,0,False
7133648,200,ordered,partial or mixed site occupancy,1,1328,,11791.7645,False,,K8 Si32 H700 C432 N16 O58,19,,True,1,False
7133806,200,ordered,partial or mixed site occupancy,1,488,,4445.6977,False,,H212 C216 N20 Cl8 O8,17,,True,0,False
7134059,200,size_within_limit,472 sites > 150,1,472,,4640.192,True,C29 H26 N2 O2,H208 C232 N16 O16,8,,True,1,False
7134090,200,size_within_limit,1248 sites > 150,1,1248,,13594.0397,True,C35 H35 Au Cl2 N2 O S2,H560 Au16 C560 S32 N32 Cl32 O16,79,,True,1,False
7134589,200,size_within_limit,424 sites > 150,1,424,,4203.78,True,C25 H23 N O3 S,H184 C200 S8 N8 O24,16,,True,0,False
7134639,200,ordered,partial or mixed site occupancy,1,432,,3329.7171,False,,Al4 H220 C144 N8,13,,True,0,False
7134744,200,,,1,128,64,1481.7703,True,C10 H4 S2,H32 C80 S16,16,0.9499,True,0,True
7134932,200,,,1,96,96,964.0327,True,C25 H20 O3,H40 C50 O6,8,0.9295,True,0,True
7135134,200,ordered,partial or mixed site occupancy,1,364,,3508.3442,False,,H135.84 C164 Cl8 O48,17,,True,0,False
7135151,200,ordered,partial or mixed site occupancy,1,588,,5590.0498,False,,H223.998 C235.998 N32 Cl23.994 O12,17,,True,0,False
7135197,200,ordered,partial or mixed site occupancy,1,183,,1616.4769,False,,B20 P4 H92 Au2 C38 N8 F6,79,,True,0,False
7135275,200,size_within_limit,180 sites > 150,1,180,,1697.9925,True,C30 H48 B N7 O2 Si Ti,Ti2 Si2 B2 H96 C60 N14 O4,22,0.9498,True,0,False
7135655,200,,,1,86,86,898.4758,True,C22 H16 Br Cl O3,H32 C44 Br2 Cl2 O6,35,0.9499,True,0,True
7135666,200,ordered,partial or mixed site occupancy,1,304,,1573.814,False,,B4 H60 C72 N12 Cl4,17,,True,0,False
7135785,200,ordered,partial or mixed site occupancy,1,268,,2163.3777,False,,H104 C88 N40 O8,8,,True,0,False
7135899,200,size_within_limit,348 sites > 150,1,348,,3299.7668,True,C36 H47 B Br Fe N,Fe4 B4 H188 C144 Br4 N4,35,0.88,True,0,False
7135921,200,ordered,partial or mixed site occupancy,1,240,,2619.3784,False,,B2 H66 Rh2 C98 N6 Cl4 O6 F48,45,,True,0,False
7135953,200,,,1,112,112,1206.2052,True,C14 H8 N4 O2,H32 C56 N16 O8,8,0.9295,True,0,True
7150051,200,,,1,52,52,575.8785,True,C14 H8 N2 S2,H16 C28 S4 N4,16,0.9494,True,0,True
7150117,200,size_within_limit,264 sites > 150,1,264,,3061.3171,True,C12 H18 Br4,H136 C96 Br32,35,0.7904,True,2,False
7150629,200,ordered,partial or mixed site occupancy,1,132,,1267.8028,False,,H52 C52 Br4 O12,35,,True,0,False
7150693,200,ordered,partial or mixed site occupancy,1,1680,,11435.6247,False,,H512 C512 S16 N32 O80,16,,True,0,False
7150795,200,size_within_limit,248 sites > 150,1,248,,2239.2852,True,C24 H30 N4 O4,H120 C96 N16 O16,8,0.8112,True,0,False
7150842,200,,,1,142,142,1213.5367,True,C28 H39 N O3,H78 C56 N2 O6,8,0.839,True,0,True
7150896,200,,,1,68,68,662.6849,True,C13 H14 N2 O5,H28 C26 N4 O10,8,0.9116,True,0,True
7150900,200,,,1,142,142,1472.9685,True,C30 H36 Cl N O Si2,Si4 H72 C60 N2 Cl2 O2,17,0.9391,True,0,True
7151041,200,,,1,124,124,1089.5303,True,C10 H16 O5,H64 C40 O20,8,0.8424,True,0,True
7151042,200,size_within_limit,308 sites > 150,1,308,,2967.8377,True,C31 H33 N7 O6,H132 C124 N28 O24,8,0.8387,True,0,False
7151134,200,size_within_limit,364 sites > 150,1,364,,3442.4603,True,C39 H46 O6,H184 C156 O24,8,0.7965,True,0,False
7151255,200,,,1,76,76,651.5791,True,C12 H19 N O6,H38 C24 N2 O12,8,0.8195,True,0,True
7151322,200,ordered,partial or mixed site occupancy,1,576,,6238.9051,False,,H257.168 C254.112 N31.056 Cl4 O24,17,,True,0,False
7151338,200,size_within_limit,248 sites > 150,1,248,,2024.6521,True,C22 H33 N O6,H132 C88 N4 O24,8,0.9895,True,0,False
7151622,200,ordered,partial or mixed site occupancy,1,220,,1614.9008,False,,H76 C68 N4 O20,8,,True,0,False
7151764,200,size_within_limit,282 sites > 150,1,282,,2489.739,True,C19 H23 N O4,H138 C114 N6 O24,8,0.9298,True,0,False
7151886,200,,,1,104,104,1375.1765,True,C12 H8 I2 N4,H32 C48 I8 N16,53,0.9496,True,0,True
7151953,200,size_within_limit,304 sites > 150,1,304,,2778.546,True,C23 H43 N O8 Si,Si4 H172 C92 N4 O32,14,0.8803,True,0,False
7152057,200,size_within_limit,328 sites > 150,1,328,,3308.6594,True,C16 H19 Br O5,H152 C128 Br8 O40,35,0.9497,True,0,False
7152208,200,,,1,88,88,829.7543,True,C38 H41 N3 O6,H41 C38 N3 O6,8,0.683,True,0,True
7152418,200,ordered,partial or mixed site occupancy,1,294,,2788.1611,False,,H114 C102 S6 N30 O22,16,,True,0,False
7152632,200,size_within_limit,196 sites > 150,1,196,,1775.2329,True,C21 H23 N O4,H92 C84 N4 O16,8,0.9492,True,0,False
7152830,200,,,1,100,100,1029.7978,True,C22 H24 Br N O2,H48 C44 Br2 N2 O4,35,0.9293,True,0,True
7153313,200,,,1,96,96,897.1166,True,C22 H20 F N5,H40 C44 N10 F2,9,0.9492,True,0,True
7153403,200,ordered,partial or mixed site occupancy,1,594,,5762.6154,False,,H288.18 C258 N30,7,,True,1,False
7153546,200,size_within_limit,176 sites > 150,1,176,,1785.2291,True,C24 H18 O2,H72 C96 O8,8,0.9291,True,0,False
7153910,200,size_within_limit,372 sites > 150,1,372,,4008.699,True,C41 H36 Br2 Cl2 N8 O4,H144 C164 Br8 N32 Cl8 O16,35,0.8595,True,0,False
7153928,200,ordered,partial or mixed site occupancy,1,218,,1731.778,False,,H76 C92 N12,7,,True,0,False
7154400,200,size_within_limit,160 sites > 150,1,160,,1485.9616,True,C16 H20 O4,H80 C64 O16,8,0.8193,True,0,False
7155022,200,size_within_limit,296 sites > 150,1,296,,3648.6677,True,C36 H22 N8 O6 Rb2,Rb8 H88 C144 N32 O24,37,0.9277,True,0,False
7155711,200,ordered,partial or mixed site occupancy,1,484,,2189.9522,False,,H52 C76 N8 O4 F68,9,,True,0,False
7155798,200,,,1,112,112,1112.6259,True,C15 H10 O3,H40 C60 O12,8,0.8399,True,0,True
7155838,200,,,1,120,120,1197.8398,True,C22 H25 N3 O10,H50 C44 N6 O20,8,0.9278,True,0,True
7156054,200,size_within_limit,252 sites > 150,1,252,,2694.569,True,C31 H23 Br F N3 O4,H92 C124 Br4 N12 O16 F4,35,0.8594,True,0,False
7156084,200,,,1,104,104,1476.1685,True,C26 H19 Cl F3 N3,H38 C52 N6 Cl2 F6,17,0.8596,True,0,True
7156089,200,size_within_limit,608 sites > 150,1,608,,6073.0551,True,C36 H35 N3 O2,H280 C288 N24 O16,8,,True,0,False
7156207,200,ordered,partial or mixed site occupancy,1,920,,8573.622,False,,H456 C284 N72 O68,8,,True,0,False
7156365,200,size_within_limit,176 sites > 150,1,176,,1753.5179,True,C18 H19 N O6,H76 C72 N4 O24,8,0.9495,True,0,False
7156513,200,,,1,110,110,1181.0889,True,C29 H17 F6 N O2,H34 C58 N2 O4 F12,9,0.9197,True,0,True
7156599,200,size_within_limit,240 sites > 150,1,240,,2587.5684,True,C16 H12 Br N,H96 C128 Br8 N8,35,0.9279,True,0,False
7156658,200,size_within_limit,184 sites > 150,1,184,,1911.3744,True,C18 H20 I N O4 S2,H80 C72 S8 I4 N4 O16,53,0.929,True,0,False
7156747,200,ordered,partial or mixed site occupancy,1,232,,1518.3844,False,,H88 C56 N4 O12 F12,9,,True,0,False
7156964,200,size_within_limit,224 sites > 150,1,224,,2177.0782,True,C24 H25 N O6,H100 C96 N4 O24,8,0.9491,True,0,False
7157653,200,size_within_limit,212 sites > 150,1,212,,2267.7653,True,C19 H23 Br2 N3 O4 S2,H92 C76 S8 Br8 N12 O16,35,0.9298,True,0,False
7157852,200,size_within_limit,216 sites > 150,1,216,,2142.1163,True,C25 H23 Cl N2 O3,H92 C100 N8 Cl4 O12,17,0.8201,True,0,False
7158047,200,size_within_limit,632 sites > 150,1,632,,6654.552,True,C74 H56 F21 N O4 Sb2,Sb8 H224 C296 N4 O16 F84,51,,True,0,False
7158169,200,parsed,ValueError: Invalid CIF file with no structures!,,,,,,,,,,,4,False
7158511,200,size_within_limit,312 sites > 150,1,312,,3838.8016,True,C20 H14 Br N3 O,H112 C160 Br8 N24 O8,35,0.9297,True,0,False
7158561,200,size_within_limit,496 sites > 150,1,496,,5018.7025,True,C32 H27 N O2,H216 C256 N8 O16,8,,True,0,False
7158646,200,size_within_limit,196 sites > 150,1,196,,2085.4402,True,C26 H17 Cl N2 O3,H68 C104 N8 Cl4 O12,17,0.9299,True,0,False
7158652,200,ordered,partial or mixed site occupancy,1,126,,1035.8023,False,,H60 C44 N4 O10,8,,True,0,False
7158997,200,size_within_limit,480 sites > 150,1,480,,4986.6513,True,C31 H24 N2 O3,H192 C248 N16 O24,8,,True,0,False
7159092,200,size_within_limit,212 sites > 150,1,212,,2090.2908,True,C26 H21 F2 N3 O,H84 C104 N12 O4 F8,9,0.8799,True,0,False
7159241,200,size_within_limit,636 sites > 150,1,636,,6798.8622,True,C35 H35 Cl O5 S,H292 C284 S8 Cl8 O44,17,,True,1,False
7159446,200,size_within_limit,156 sites > 150,1,156,,1695.2921,True,C21 H15 Br N2,H60 C84 Br4 N8,35,0.9496,True,0,False
7159447,200,size_within_limit,164 sites > 150,1,164,,1811.044,True,C20 H16 Br N O3,H64 C80 Br4 N4 O12,35,0.7989,True,0,False
7159717,200,size_within_limit,240 sites > 150,1,240,,2242.8223,True,C11 H16 O3,H128 C88 O24,8,0.8204,True,0,False
7159756,200,size_within_limit,272 sites > 150,1,272,,2542.5696,True,C28 H29 Br O10,H116 C112 Br4 O40,35,0.9494,True,0,False
7159813,200,,,1,74,74,778.897,True,C17 H14 N4 O2,H28 C34 N8 O4,8,0.9298,True,0,True
7159861,200,size_within_limit,220 sites > 150,1,220,,2368.5219,True,C24 H20 N2 O7 S2,H80 C96 S8 N8 O28,16,0.9295,True,0,False
7160021,200,size_within_limit,156 sites > 150,1,156,,1597.6209,True,C17 H18 Cl N2 O S,H68 C68 S4 N8 Cl4 O4,17,0.9498,True,1,False
7160042,200,parsed,ValueError: could not convert string to float: '?',,,,,,,,,,,0,False
7160262,200,size_within_limit,300 sites > 150,1,300,,2979.3395,True,C33 H32 O8 S2,H128 C132 S8 O32,16,0.9494,True,0,False
7160267,200,,,1,72,72,717.8457,True,C19 H13 N O3,H26 C38 N2 O6,8,0.95,True,0,True
7160409,200,size_within_limit,496 sites > 150,1,496,,5163.5645,True,C36 H24 O2,H192 C288 O16,8,,True,0,False
7160479,200,ordered,partial or mixed site occupancy,1,180,,1646.8127,False,,H72 C80 N8 O4,8,,True,0,False
7160678,200,size_within_limit,372 sites > 150,1,372,,3642.3514,True,C92 H84 N8 O2,H168 C184 N16 O4,8,0.8469,True,0,False
7160697,200,size_within_limit,188 sites > 150,1,188,,2077.3258,True,C25 H18 N2 S2,H72 C100 S8 N8,16,0.9296,True,0,False
7160745,200,,,1,96,96,973.4088,True,C24 H17 N O5 S,H34 C48 S2 N2 O10,16,0.9297,True,0,True
7160749,200,parsed,ValueError: Invalid CIF file with no structures!,,,,,,,,,,,4,False
7160762,200,,,1,116,116,1195.6892,True,C31 H23 Cl N2 O,H46 C62 N4 Cl2 O2,17,0.8659,True,0,True
7160828,200,size_within_limit,320 sites > 150,1,320,,3052.8079,True,C18 H20 B N,B8 H160 C144 N8,7,0.9397,True,0,False
7160856,200,size_within_limit,260 sites > 150,1,260,,2545.5246,True,C29 H27 B F2 N2 O4,B4 H108 C116 N8 O16 F8,9,0.9496,True,0,False
7160979,200,size_within_limit,320 sites > 150,1,320,,3095.8264,True,C36 H39 N O4,H156 C144 N4 O16,8,0.9294,True,0,False
7161015,200,ordered,partial or mixed site occupancy,1,126,,1060.8096,False,,H50 C52 N2 F6,9,,True,1,False
7161058,200,,,1,116,116,1261.9454,True,C14 H11 Br N2 O,H44 C56 Br4 N8 O4,35,0.8599,True,0,True
7161218,200,size_within_limit,158 sites > 150,1,158,,1584.2221,True,C35 H35 N O5 S3,H70 C70 S6 N2 O10,16,0.9494,True,0,False
7161220,200,,,1,108,108,1084.0579,True,C10 H13 N O2 S,H52 C40 S4 N4 O8,16,0.9298,True,0,True
7161234,200,size_within_limit,900 sites > 150,1,900,,8999.8659,True,C25 H24.33 O4,H396 C432 O72,8,,True,1,False
7200150,200,,,1,92,92,919.7911,True,C5 H6 Gd Na O10,Na4 Gd4 H24 C20 O40,64,0.8443,True,0,True
7200315,200,size_within_limit,320 sites > 150,1,320,,3169.218,True,C6 H10 Ag N3,Ag16 H160 C96 N48,47,0.9585,True,0,False
7200387,200,ordered,partial or mixed site occupancy,1,126,,1370.4191,False,,Mn2 H44 C58 N14 Cl2 O5,25,,True,1,False
7200527,200,size_within_limit,200 sites > 150,1,200,,2045.5838,True,C4 H10 Ho N O9 P2,Ho8 P16 H64 C32 N8 O72,67,0.8278,True,1,False
7200549,200,,,1,56,56,768.7058,True,C4 H16 Cd2 Cl6 N2 O2,Cd4 H24 C8 N4 Cl12 O4,48,0.9615,True,1,True
7200586,200,parsed,ValueError: Invalid CIF file with no structures!,,,,,,,,,,,3,False
7200797,200,size_within_limit,528 sites > 150,1,528,,5565.0378,True,C34 H26 N2 S4,H208 C272 S32 N16,16,,True,0,False
7200916,200,ordered,partial or mixed site occupancy,1,288,,3005.4989,False,,H136 Ru4 C104 Cl2 O40.9,44,,True,1,False
7200927,200,size_within_limit,184 sites > 150,1,184,,1801.2898,True,C17 H20 B F3 N2 O3,B4 H80 C68 N8 O12 F12,9,0.9572,True,0,False
7200996,200,size_within_limit,210 sites > 150,1,210,,2197.6519,True,C52 H40 N12 O,H80 C104 N24 O2,8,0.9291,True,0,False
7201085,200,ordered,partial or mixed site occupancy,1,114,,1216.6671,False,,Zn2 H32 C48 N16 O8,30,,True,1,False
7201343,200,,,1,118,118,1029.9518,True,C8 H27 Al B5 F N6 O10 Zn,Al2 Zn2 B10 H54 C16 N12 O20 F2,30,0.8404,True,0,True
7201435,200,,,1,110,110,1420.0024,True,C20 H24 Cl6 N4 O4 U,U2 H40 C40 N8 Cl12 O8,92,0.8596,True,1,True
7201439,200,ordered,partial or mixed site occupancy,1,98,,814.1528,False,,Si2 H42 C36 S2,16,,True,0,False
7201496,200,,,1,136,136,3594.273,True,,Zn8 H48 C48 N32,30,1.0758,True,0,True
7201560,200,size_within_limit,248 sites > 150,1,248,,2459.5994,True,C17 H26 O17 Sr2,Sr8 H104 C68 O68,38,0.8202,True,0,False
7201586,200,ordered,partial or mixed site occupancy,1,5720,,40160.8337,False,,Fe16 H768 C1056 S768 O312,26,,True,2,False
7201837,200,ordered,partial or mixed site occupancy,1,178,,1184.0955,False,,Si2 H74 C54,14,,True,0,False
7201853,200,,,1,126,126,1337.3987,True,C29 H29 Au N O P S,P2 H58 Au2 C58 S2 N2 O2,79,0.9395,True,0,True
7202042,200,size_within_limit,180 sites > 150,1,180,,3252.2434,True,C22 H14 Ce O8,Ce4 H56 C88 O32,58,0.8295,True,0,False
7202107,200,ordered,partial or mixed site occupancy,1,384,,4488.0305,False,,Er18 Cu9 H96 C90 N36 O115.5,68,,True,1,False
7202275,200,,,1,116,116,1126.1342,True,C11 H12 N4 O2,H48 C44 N16 O8,8,0.8804,True,0,True
7202415,200,size_within_limit,154 sites > 150,1,154,,2121.5296,True,C33 H21 F8 I4 N5 O6,H42 C66 I8 N10 O12 F16,53,0.8419,True,1,False
7202457,200,size_within_limit,240 sites > 150,1,240,,2664.0573,True,C32 H32 N4 O4,H96 C120 N16 O8,8,0.9293,True,1,False
7202540,200,ordered,partial or mixed site occupancy,1,10,,118.5358,False,,La1.133 Ti2 O6,57,,False,1,False
7202565,200,ordered,partial or mixed site occupancy,1,236,,2385.5701,False,,H96 C120 N6 O12.788,8,,True,1,False
7202601,200,size_within_limit,304 sites > 150,1,304,,3539.3423,True,C34 H30 Cl5 N O3 P2 Pd,P8 H120 Pd4 C136 N4 Cl20 O12,46,0.841,True,0,False
7203106,200,size_within_limit,184 sites > 150,1,184,,1956.2616,True,C30 H32 F12 Mn2 N14 P2,Mn4 P4 H64 C60 N28 F24,25,0.9296,True,1,False
7203234,200,size_within_limit,552 sites > 150,1,552,,5636.4686,True,C28 H28 Ag N5 O5 S2,Ag8 H224 C224 S16 N40 O40,47,,True,0,False
7203386,200,,,1,148,148,1394.694,True,C13 H18 N5 O,H72 C52 N20 O4,8,0.9498,True,0,True
7203457,200,,,1,136,136,1322.8408,True,C13 H14 Ag N3 O3,Ag4 H56 C52 N12 O12,47,0.8994,True,0,True
7203598,200,size_within_limit,896 sites > 150,1,896,,9522.7974,True,C29 H20 F5 P Pd,P16 H320 Pd16 C464 F80,46,,True,0,False
7203815,200,,,1,6,2,180.8517,True,Sb,Sb6,51,2.8001,False,0,True
7203861,200,ordered,partial or mixed site occupancy,1,216,,2939.8534,False,,Ga24 P24 C24 N16 O120,31,,True,1,False
7203883,200,,,1,98,98,948.924,True,C22 H24 Cl N O,H48 C44 N2 Cl2 O2,17,0.9446,True,0,True
7203918,200,size_within_limit,188 sites > 150,1,188,,1895.4435,True,C25 H21 P,P4 H84 C100,15,1.0799,True,0,False
7204139,200,ordered,partial or mixed site occupancy,1,72,,835.7168,False,,H13 Pd2 C17 S21,46,,True,0,False
7204335,200,size_within_limit,456 sites > 150,1,456,,4201.3478,True,C18 H34 N4 O5,H240 C144 N32 O40,8,,True,1,False
7204470,200,,,1,92,92,926.5621,True,C10 H10 O3,H40 C40 O12,8,0.8199,True,0,True
7204587,200,,,1,80,80,784.4598,True,C24 H28 Cu2 N6 O18 P2,Cu2 P2 H28 C24 N6 O18,29,0.6682,True,0,True
7204601,200,parsed,ValueError: Invalid CIF file with no structures!,,,,,,,,,,,3,False
7204641,200,,,1,44,44,472.347,True,C2 H7 N O8 Se3 Zn,Zn2 H14 C4 Se6 N2 O16,34,0.8196,True,0,True
7204726,200,,,1,48,48,844.2368,True,C5 H2 Br2 S3,H8 C20 S12 Br8,35,0.9901,True,0,True
7204866,200,,,1,118,118,1142.1296,True,C24 H31 Cl N2 O,H62 C48 N4 Cl2 O2,17,0.8692,True,0,True
7204992,200,,,1,116,116,1158.447,True,C13 H13 N O2,H52 C52 N4 O8,8,0.8918,True,0,True
7205030,200,ordered,partial or mixed site occupancy,1,108,,1177.3947,False,,Ag55.952 Sb4 S12 I12,53,,False,1,False
7205060,200,,,1,94,94,1043.6051,True,C24 H28 Co Mo6 N12 O23,Co1 Mo6 H28 C24 N12 O23,42,0.8196,True,0,True
7205062,200,ordered,partial or mixed site occupancy,1,1024,,9370.6888,False,,Gd8 H432 C312 S32 N16 O200,64,,True,0,False
7205326,200,size_within_limit,288 sites > 150,1,288,,2826.0855,True,C24 H37 Cs O10,Cs4 H148 C96 O40,55,0.8182,True,0,False
7205387,200,,,1,104,104,1230.4318,True,C12 H8 Cu2 N4,Cu8 H32 C48 N16,29,0.9292,True,0,True
7205418,200,size_within_limit,280 sites > 150,1,280,,2755.4368,True,C27 H34 Cl N O7,H136 C108 N4 Cl4 O28,17,0.7884,True,1,False
7205508,200,,,1,100,100,897.3786,True,C22 H24 N4,H48 C44 N8,7,0.9497,True,0,True
7205600,200,,,1,110,110,1119.2373,True,C38 H46 Ag2 F12 N10 Sb2,Ag2 Sb2 H46 C38 N10 F12,51,0.9494,True,0,True
7205601,200,,,1,110,110,1078.1562,True,C38 H46 Ag2 F12 N10 P2,Ag2 P2 H46 C38 N10 F12,47,0.9493,True,0,True
7205617,200,ordered,partial or mixed site occupancy,1,264,,2689.3981,False,,H100 C136 N8 O14,8,,True,1,False
7205894,200,,,1,100,100,942.4423,True,C44 H40 Cu2 N4 O10,Cu2 H40 C44 N4 O10,29,0.825,True,0,True
7206039,200,size_within_limit,200 sites > 150,1,200,,1893.9167,True,C24 H20 B2 N4,B8 H80 C96 N16,7,0.8794,True,0,False
7206056,200,,,1,148,148,1262.9083,True,C22 H48 Br N O2,H96 C44 Br2 N2 O4,35,0.8196,True,0,True
7206150,200,ordered,partial or mixed site occupancy,1,124,,1453.5754,False,,Cu4 P2 H46 C51 I6 O1,53,,True,0,False
7206269,200,ordered,partial or mixed site occupancy,1,1152,,10745.839,False,,Mn16 H368 C431.84 S16 N32 O104,25,,True,0,False
7206309,200,ordered,partial or mixed site occupancy,1,128,,840.3022,False,,H39.99 C29.996 N8 O11.998,8,,True,0,False
7206349,200,size_within_limit,180 sites > 150,1,180,,1874.5324,True,C25 H18 N2,H72 C100 N8,7,0.888,True,0,False
7206378,200,,,1,112,112,1178.918,True,C13 H12 N2 O,H48 C52 N8 O4,8,0.8708,True,0,True
7206417,200,size_within_limit,286 sites > 150,1,286,,2988.2149,True,C132 H116 Mn4 N8 Na4 O22,Na4 Mn4 H116 C132 N8 O22,25,0.8501,True,0,False
7206456,200,size_within_limit,344 sites > 150,1,344,,3397.4495,True,C37 H43 N3 O2 Pd,H172 Pd4 C148 N12 O8,46,0.9291,True,0,False
7206538,200,ordered,partial or mixed site occupancy,1,196,,1525.6289,False,,Gd4 H48 C52 N4 O28,64,,True,0,False
7206658,200,size_within_limit,170 sites > 150,1,170,,1891.5827,True,C42 H30 Br2 N4 Ni O4 S2,Ni2 H60 C84 S4 Br4 N8 O8,35,0.8385,True,0,False
7206663,200,size_within_limit,1216 sites > 150,1,1216,,17512.9504,True,C18.5 H19.5 N2.5 O7.5 S Zn,Zn32 H384 C544 S32 N64 O160,30,,True,1,False
7206883,200,ordered,partial or mixed site occupancy,1,72,,548.6057,False,,H24 C8 S4 N4 O8 F4,16,,True,0,False
7206951,200,size_within_limit,200 sites > 150,1,200,,1940.099,True,C84 H72 N12 O28 Zn4,Zn4 H72 C84 N12 O28,30,0.8208,True,0,False
7207118,200,,,1,148,148,1656.4619,True,C16 H12 N2 O5 Pb S,H48 Pb4 C64 S4 N8 O20,82,0.9284,True,0,True
7207138,200,,,1,64,64,673.4942,True,C3 H5 N2 Na O4 S,Na4 H20 C12 S4 N8 O16,16,0.8034,True,0,True
7207269,200,,,1,52,52,612.5903,True,C13 H7 Cl3 O3,H14 C26 Cl6 O6,17,0.9498,True,0,True
7207639,200,size_within_limit,220 sites > 150,1,220,,2248.0191,True,C21 H24 N4 O5 Zn,Zn4 H96 C84 N16 O20,30,0.9292,True,0,False
7207708,200,,,1,60,60,770.2239,True,C0 H2 Eu K O9 S2,K4 Eu4 H8 S8 O36,63,0.8498,False,0,True
7207776,200,size_within_limit,376 sites > 150,1,376,,4029.4175,True,C27 H52 N12 Ni O17,Ni4 H168 C108 N48 O48,28,0.8577,True,1,False
7207892,200,size_within_limit,184 sites > 150,1,184,,1948.8076,True,C42 H32 N11 O6 Yb,Yb2 H64 C84 N22 O12,70,0.9492,True,0,False
7207935,200,ordered,partial or mixed site occupancy,1,228,,3061.0803,False,,Er4 H60 C104 O36,68,,True,1,False
7208089,200,ordered,partial or mixed site occupancy,1,64,,589.4274,False,,H24 C28 O8,8,,True,0,False
7208134,200,,,1,84,84,785.8035,True,C22 H18 O2,H36 C44 O4,8,0.9297,True,0,True
7208301,200,ordered,partial or mixed site occupancy,1,218,,2742.3678,False,,Na15.96 Co4 H24 C60 N12 O70.06,27,,True,2,False
7208501,200,ordered,partial or mixed site occupancy,1,100,,1016.2898,False,,H34 C44 N4 Cl4 O4,17,,True,0,False
7208506,200,,,1,124,124,1188.4419,True,C13 H13 N3 O2,H52 C52 N12 O8,8,0.7832,True,0,True
7208573,200,,,1,94,94,969.3653,True,C20 H17 N3 O7,H34 C40 N6 O14,8,0.8398,True,0,True
7208582,200,,,1,108,108,993.9127,True,C11 H12 N2 O2,H48 C44 N8 O8,8,0.9493,True,0,True
7208920,200,size_within_limit,304 sites > 150,1,304,,3441.5731,True,C16 H12 Co N2 O5 S2,Co8 H96 C128 S16 N16 O40,27,0.7854,True,0,False
7208976,200,size_within_limit,288 sites > 150,1,288,,2745.2421,True,C11 H13 Cu N3 O7 S,Cu8 H104 C88 S8 N24 O56,29,0.8299,True,1,False
7209074,200,,,1,148,148,1374.7791,True,C66 H78 O4,H78 C66 O4,8,0.8398,True,0,True
7209161,200,ordered,partial or mixed site occupancy,1,276,,2104.9689,False,,H96 C60 S12 O36,16,,True,0,False
7209163,200,size_within_limit,252 sites > 150,1,252,,3191.7364,True,C26 H20 F6 N8 S2 Zn,Zn4 H80 C104 S8 N32 F24,30,0.8807,True,0,False
7209191,200,ordered,partial or mixed site occupancy,1,504,,5219.784,False,,Cu12 P12 H180 C120 N60 F72,29,,True,1,False
7209227,200,ordered,partial or mixed site occupancy,1,134,,1246.0899,False,,Cu2 P6 H56 C44 N4 O20.268,29,,True,1,False
7209311,200,,,1,6,6,147.2795,True,Ag As Sr,Sr2 Ag2 As2,47,2.6148,False,1,True
7209469,200,,,1,36,36,350.5909,True,B Mn3 O5,Mn12 B4 O20,25,1.3803,False,0,True
7209561,200,ordered,partial or mixed site occupancy,1,238,,2668.174,False,,Zn6 H80 C104 N12 O28,30,,True,0,False
7209606,200,size_within_limit,220 sites > 150,1,220,,2360.4321,True,C30 H16 B Cl N6 O,B4 H64 C120 N24 Cl4 O4,17,0.9489,True,0,False
7209980,200,size_within_limit,192 sites > 150,1,192,,2916.405,True,C6 H10 I4 N4,H80 C48 I32 N32,53,0.8597,True,0,False
7210026,200,size_within_limit,256 sites > 150,1,256,,2796.997,True,C11 H7 Ag Cl F4 N3 O5,Ag8 H56 C88 N24 Cl8 O40 F32,47,0.7935,True,0,False
7210354,200,,,1,104,104,978.1361,True,C24 H22 N4 O2,H44 C48 N8 O4,8,0.8598,True,0,True
7210472,200,size_within_limit,444 sites > 150,1,444,,5367.6768,True,C30 H59 Cu4 N12 Na O40,Na4 Cu16 H96 C120 N48 O160,29,,True,1,False
7210485,200,,,1,120,60,1578.7146,True,C6 H4 Br N O2 Pb,H32 Pb8 C48 Br8 N8 O16,82,0.9284,True,0,True
7210587,200,size_within_limit,1156 sites > 150,1,1156,,12890.3218,True,C14 H72 Cu3 Ge N12 O51.5 Tb W11,Tb8 Cu24 Ge8 H408 W88 C112 N96 O412,74,,True,1,False
7210844,200,size_within_limit,222 sites > 150,1,222,,2402.8059,True,C42 H29 Mn4 N9 O27,Mn8 H58 C84 N18 O54,25,0.8493,True,0,False
7210949,200,,,1,70,70,698.7088,True,C17 H14 N2 O2,H28 C34 N4 O4,8,0.9297,True,0,True
7210987,200,size_within_limit,280 sites > 150,1,280,,2695.9084,True,C13 H13 Co N O7,Co8 H104 C104 N8 O56,27,0.8199,True,0,False
7211010,200,ordered,partial or mixed site occupancy,1,352,,5613.4276,False,,In5.14 H96 C192 N16 O34.28,49,,True,1,False
7211123,200,ordered,partial or mixed site occupancy,1,116,,1286.9234,False,,Mn0.64 Co3.36 H36 C52 N4 O20,27,,True,0,False
7211268,200,size_within_limit,552 sites > 150,1,552,,5413.3499,True,C42 H60 Ag4 Cl4 N12 O16,Ag16 H240 C168 N48 Cl16 O64,47,,True,0,False
7211447,200,size_within_limit,152 sites > 150,1,152,,1768.4348,True,C14 H14 Bi N3 O4 S2,Bi4 H56 C56 S8 N12 O16,83,0.9,True,0,False
7211505,200,,,1,140,140,1448.5013,True,C17 H11 Eu O6,Eu4 H44 C68 O24,63,0.9291,True,0,True
7211876,200,,,1,64,64,639.3808,True,C22 H24 O16 Pr2,Pr2 H24 C22 O16,59,0.7117,True,0,True
7211897,200,,,1,66,66,678.1075,True,C13 H16 Cl2 N2,H32 C26 N4 Cl4,17,0.8672,True,0,True
7212091,200,,,1,84,84,987.7712,True,C9 H7 I O4,H28 C36 I4 O16,53,0.8404,True,0,True
7212270,200,ordered,partial or mixed site occupancy,1,352,,3306.0089,False,,H116 C144 N32 O42,8,,True,0,False
7212576,200,,,1,112,112,1292.9293,True,C12 H10 Cu I N4,Cu4 H40 C48 I4 N16,53,0.9296,True,0,True
7212634,200,size_within_limit,196 sites > 150,1,196,,2081.6813,True,C52 H38 N6 P2,P4 H76 C104 N12,15,0.9492,True,0,False
7212723,200,,,1,136,136,1736.375,True,C29 H26 Br2 Cl Cu N7 S2,Cu2 H52 C58 S4 Br4 N14 Cl2,35,0.9494,True,0,True
7212934,200,ordered,partial or mixed site occupancy,1,536,,5624.817,False,,H184 C304 Cl24,17,,True,0,False
7213029,200,,,1,148,148,1408.4895,True,C17 H15 N5,H60 C68 N20,7,0.9493,True,0,True
7213123,200,ordered,partial or mixed site occupancy,1,220,,2250.5683,False,,H92 C92 O24,8,,True,1,False
7213164,200,hydrogen_declared_present,"formula declares H, no H site in the cell",1,168,,1689.3215,True,C18 H18 N2 O2 S2,H72 C72 S8 N8 O8,16,,False,1,False
7213212,200,,,1,140,140,1315.8506,True,C18 H15 N O,H60 C72 N4 O4,8,0.9416,True,0,True
7213355,200,size_within_limit,276 sites > 150,1,276,,2655.6003,True,C38 H68 Li3 N3 O20 P6,Li6 P12 H136 C76 N6 O40,15,0.9535,True,1,False
7213467,200,size_within_limit,608 sites > 150,1,608,,5855.7466,True,C16 H18 N2 S2,H288 C256 S32 N32,16,,True,0,False
7213531,200,,,1,84,84,781.3718,True,C15 H20 N2 O5,H40 C30 N4 O10,8,0.7903,True,0,True
7213821,200,size_within_limit,192 sites > 150,1,192,,2893.2269,True,C16 H20 N8 O7 S6 U,U4 H40 C64 S24 N32 O28,92,0.8599,True,1,False
7214114,200,size_within_limit,448 sites > 150,1,448,,4533.8842,True,C22 H23 F3 N4 O3 S,H184 C176 S8 N32 O24 F24,16,,True,0,False
7214177,200,size_within_limit,328 sites > 150,1,328,,4587.6439,True,C14 H6 Ag2 F10 N4 O4 S,Ag16 H48 C112 S8 N32 O32 F80,47,0.9297,True,0,False
7214285,200,size_within_limit,484 sites > 150,1,484,,4179.0389,True,C47 H66 N2 O6,H264 C188 N8 O24,8,,True,0,False
7214324,200,ordered,partial or mixed site occupancy,1,148,,1511.7512,False,,H62 C52 Br4 N12 O15,35,,True,0,False
7214426,200,size_within_limit,248 sites > 150,1,248,,1981.0031,True,C9 H21 N,H168 C72 N8,7,0.8576,True,0,False
7214476,200,size_within_limit,290 sites > 150,1,290,,3098.9342,True,C30 H25 Cd1.5 N6 O10,Cd6 H100 C120 N24 O40,48,0.8463,True,0,False
7214731,200,,,1,93,93,869.8836,True,C30 H40 N6 O16 Zn,Zn1 H40 C30 N6 O16,30,0.846,True,0,True
7214802,200,,,1,136,136,1308.4548,True,C11 H12 Mn N2 O8,Mn4 H48 C44 N8 O32,25,0.8202,True,0,True
7214821,200,ordered,partial or mixed site occupancy,1,320,,3093.7808,False,,H128 C144 N24 O20,8,,True,0,False
7214977,200,size_within_limit,204 sites > 150,1,204,,2333.2894,True,C48 H36 N4 O12 Zn2,Zn4 H72 C96 N8 O24,30,0.9285,True,0,False
7215003,200,size_within_limit,172 sites > 150,1,172,,2836.804,True,C48 H24 N4 O8 Pb2,H48 Pb4 C96 N8 O16,82,0.9292,True,0,False
7215166,200,,,1,102,102,1164.5715,True,C22 H16 Cl2 F2 Hg N6 O2,Hg2 H32 C44 N12 Cl4 O4 F4,80,0.8603,True,0,True
7215291,200,,,1,94,94,936.8261,True,C23 H19 N3 O2,H38 C46 N6 O4,8,0.9294,True,0,True
7215328,200,ordered,partial or mixed site occupancy,1,496,,5067.954,False,,Sm8 Co4 H136 C200 N16 O70,62,,True,1,False
7215497,200,,,1,68,68,686.7883,True,C8 H13 Ba Co N O10,Ba2 Co2 H26 C16 N2 O20,56,0.8322,True,0,True
7215590,200,,,1,58,58,744.4213,True,C10 H10 Cl4 N2 O2 U,U2 H20 C20 N4 Cl8 O4,92,0.7971,True,0,True
7215785,200,,,1,100,100,1364.2164,True,C5 H13 Ag2 I3 N2,Ag8 H52 C20 I12 N8,53,0.8845,True,0,True
7215917,200,size_within_limit,592 sites > 150,1,592,,10382.6929,True,C15 H11 Co N2 O6 S2,Co16 H176 C240 S32 N32 O96,27,,True,0,False
7216114,200,ordered,partial or mixed site occupancy,1,258,,2532.8708,False,,Co4 H92 C80 N24 O56,27,,True,1,False
7216161,200,size_within_limit,288 sites > 150,1,288,,2531.4084,True,C17 H18 O,H144 C136 O8,8,0.7919,True,0,False
7216294,200,size_within_limit,306 sites > 150,1,306,,3106.2355,True,C18 H17 N O2.25,H136 C144 N8 O18,8,0.9237,True,0,False
7216360,200,ordered,partial or mixed site occupancy,1,568,,5991.1151,False,,Zn8 H240 C224 Br24 N16 O40,35,,True,0,False
7216365,200,,,1,124,124,1353.4175,True,C52 H52 Br6 Hg2 N4 O8,Hg2 H52 C52 Br6 N4 O8,80,0.929,True,0,True
7216374,200,ordered,partial or mixed site occupancy,1,356,,2975.7344,False,,Co4 H132 C116 N28 O28,27,,True,0,False
7216414,200,ordered,partial or mixed site occupancy,1,1064,,10868.2498,False,,H272 C296 Cl64 O48,17,,True,0,False
7216448,200,ordered,partial or mixed site occupancy,1,5872,,54163.6961,False,,H1200 C1424 S128 N80 O681.6,16,,True,1,False
7216517,200,,,1,120,120,1210.1393,True,C11 H16 Cl N O,H64 C44 N4 Cl4 O4,17,0.8741,True,0,True
7216558,200,parsed,ValueError: Invalid CIF file with no structures!,,,,,,,,,,,3,False
7216663,200,ordered,partial or mixed site occupancy,1,120,,1379.0189,False,,H28 C56 I4 N12 F16,53,,True,0,False
7216672,200,size_within_limit,252 sites > 150,1,252,,3119.3441,True,C8 H5 K La N4 O10.5 S2,K8 La8 H40 C64 S16 N32 O84,57,0.8813,True,0,False
7216964,200,hydrogen_declared_present,"formula declares H, no H site in the cell",1,96,,932.8851,True,C9 H10 N2 O2 S,H40 C36 S4 N8 O8,16,,False,0,False
7217186,200,size_within_limit,1184 sites > 150,1,1184,,10922.1797,True,C60 H82 N2 O4,H656 C480 N16 O32,8,,True,0,False
7217662,200,,,1,110,110,1059.6295,True,C22 H24 Cl F N4 O3,H48 C44 N8 Cl2 O6 F2,17,0.8044,True,0,True
7217667,200,size_within_limit,160 sites > 150,1,160,,1612.5328,True,C23 H14 Br N O,H56 C92 Br4 N4 O4,35,0.949,True,0,False
7217685,200,size_within_limit,264 sites > 150,1,264,,2660.914,True,C24 H22 Er2 N2 O16,Er8 H88 C96 N8 O64,68,0.9,True,0,False
7217758,200,ordered,partial or mixed site occupancy,1,204,,1974.9137,False,,Mo12 H68 C46 N8 O50,42,,True,0,False
7218146,200,,,1,48,48,565.0066,True,C9 H8 Br2 N2 O2,H18 C18 Br4 N4 O4,35,0.8595,True,1,True
7218390,200,size_within_limit,424 sites > 150,1,424,,3950.7924,True,C22 H26 N3 O P,P8 H208 C176 N24 O8,15,,True,0,False
7218481,200,,,1,132,132,1207.3191,True,C8 H15 N5 O5,H60 C32 N20 O20,8,0.8203,True,0,True
7218636,200,size_within_limit,344 sites > 150,1,344,,3466.9586,True,C25 H40 B10 Co N O6 S3,Co4 B40 H160 C100 S12 N4 O24,27,0.8601,True,0,False
7218664,200,size_within_limit,800 sites > 150,1,800,,13223.2832,True,C50 H22 F16 I4 N8,H176 C400 I32 N64 F128,53,,True,0,False
7218700,200,,,1,146,146,1443.7583,True,C44 H28 O,H56 C88 O2,8,0.9294,True,0,True
7218702,200,size_within_limit,248 sites > 150,1,248,,2455.2368,True,C36 H24 O2,H96 C144 O8,8,0.9491,True,0,False
7218894,200,ordered,partial or mixed site occupancy,1,860,,8468.7842,False,,Dy8 H324 C336 N20 O104,66,,True,1,False
7219157,200,,,1,122,61,1176.0587,True,C21 H28 N4 O8,H56 C42 N8 O16,8,0.8605,True,0,True
7219208,200,,,1,144,144,1482.7685,True,C15 H16 Cl N O3,H64 C60 N4 Cl4 O12,17,0.7966,True,0,True
7219500,200,,,1,144,144,1169.595,True,C5 H11 N O,H88 C40 N8 O8,8,0.8661,True,0,True
7219544,200,ordered,partial or mixed site occupancy,1,210,,1582.9844,False,,H91 C42 N4 Cl4 O29,17,,True,1,False
7219870,200,,,1,63,63,681.3684,True,C12 H24 Cl2 Co N4 O18 Sr2,Sr2 Co1 H24 C12 N4 Cl2 O18,38,0.8131,True,0,True
7219953,200,ordered,partial or mixed site occupancy,1,196,,2881.1397,False,,Na2 Mo12 P4 H58 C34 N16 O66,42,,True,1,False
7220178,200,,,1,110,110,1065.0511,True,C26 H23 Cl N4 O,H46 C52 N8 Cl2 O2,17,0.8968,True,0,True
7220214,200,size_within_limit,248 sites > 150,1,248,,2213.1046,True,C24 H30 F2 O6,H120 C96 O24 F8,9,0.8134,True,0,False
7220235,200,size_within_limit,255 sites > 150,1,255,,3017.9711,True,C60 H72 B2 Co N24 O88 W24,Co1 B2 H56 W24 C60 N24 O88,74,0.8593,True,1,False
7220304,200,,,1,120,120,1375.8069,True,C14 H9 Br F3 N3,H36 C56 Br4 N12 F12,35,0.9283,True,0,True
7220377,200,size_within_limit,356 sites > 150,1,356,,3820.8637,True,C39 H32 Fe Mn2 N10 O5,Mn8 Fe4 H128 C156 N40 O20,26,0.8803,True,0,False
7220616,200,,,1,116,116,1212.6246,True,C18 H23 Dy N6 O9 S,Dy2 H46 C36 S2 N12 O18,66,0.8199,True,0,True
7220975,200,,,1,144,144,2064.6677,True,C20 H8 Br4 N2 O2,H32 C80 Br16 N8 O8,35,0.9495,True,0,True
7221227,200,,,1,8,8,218.0348,True,Cd Na2 Sn,Na4 Cd2 Sn2,50,2.881,False,1,True
7221246,200,,,1,15,5,287.7727,True,In2 Li3,Li9 In6,49,2.8537,False,0,True
7221587,200,ordered,partial or mixed site occupancy,1,432,,11937.9739,False,,Zn18 H90 C198 O90,30,,True,0,False
7221848,200,ordered,partial or mixed site occupancy,1,282,,2912.8169,False,,Cu2 H112 C128 N16 Cl4 O18,29,,True,1,False
7222035,200,ordered,partial or mixed site occupancy,1,164,,1206.7115,False,,H73.56 C60 N2 O6,8,,True,2,False
7222165,200,ordered,partial or mixed site occupancy,1,160,,2068.2858,False,,Li52 Si72 Ni36,28,,False,0,False
7222172,200,,,1,38,38,948.8767,True,Bi4 Cs6 O9,Cs12 Bi8 O18,83,1.9841,False,0,True
7222193,200,ordered,partial or mixed site occupancy,1,20,,473.9221,False,,Sm8 Se4.704 S7.296,62,,False,1,False
7222214,200,size_within_limit,160 sites > 150,1,160,,1563.0312,True,C33 H35 N6 Ni O5,Ni2 H70 C66 N12 O10,28,0.8672,True,0,False
7222337,200,ordered,partial or mixed site occupancy,1,30,,406.2591,False,,Ba6 Fe2.55 Ir3.45 O18,77,,False,1,False
7222716,200,,,1,36,36,1168.6392,True,Na4 Sn Te4,Na16 Sn4 Te16,52,2.7401,False,0,True
7222806,200,ordered,partial or mixed site occupancy,1,36,,869.1889,False,,Ce7.28 Lu12.72 Si16,71,,False,0,False
7222818,200,hydrogen_declared_present,"formula declares H, no H site in the cell",1,36,,841.4026,True,B6 Cs H10 N O,Cs4 B24 N4 O4,55,,False,1,False
7222880,200,,,1,28,28,699.4871,True,Fe2 Na6 Se6,Na12 Fe4 Se12,34,2.3683,False,0,True
7222907,200,ordered,partial or mixed site occupancy,1,8,,187.6405,False,,Tm4 Te0.8 Se3.2,69,,False,0,False
7222919,200,,,1,88,88,793.9242,True,C7 H10 F N O3,H40 C28 N4 O12 F4,9,0.8805,True,0,True
7223007,200,size_within_limit,720 sites > 150,1,720,,8108.2752,True,C45 H35 N5 O4 S,H280 C360 S8 N40 O32,16,,True,0,False
7223561,200,size_within_limit,212 sites > 150,1,212,,2622.116,True,C24 H18 Cl2 I2 Mn N4 O2,Mn4 H72 C96 I8 N16 Cl8 O8,53,0.8604,True,0,False
7223608,200,size_within_limit,196 sites > 150,1,196,,1868.9945,True,C40 H43 Cl Co Mn N6 O6,Mn2 Co2 H86 C80 N12 Cl2 O12,27,0.949,True,0,False
7223798,200,,,1,52,52,684.4427,True,C26 H18 Hg2 I4 N2,Hg2 H18 C26 I4 N2,80,0.9295,True,0,True
7223951,200,ordered,partial or mixed site occupancy,1,214,,2378.2423,False,,Fe6 P4 H86 C96 N2 Cl12,26,,True,1,False
7224066,200,,,1,58,58,547.2505,True,C9 H14 N O4 P,P2 H28 C18 N2 O8,15,0.9498,True,0,True
7224184,200,size_within_limit,216 sites > 150,1,216,,2956.5712,True,C12 H8 I2 N2 O2 Ru,H64 Ru8 C96 I16 N16 O16,53,0.9498,True,0,False
7224433,200,size_within_limit,152 sites > 150,1,152,,1534.3671,True,C8 H15 Ho N O12 P,Ho4 P4 H60 C32 N4 O48,67,0.8196,True,0,False
7224481,200,,,1,90,90,1316.8365,True,C20 H14 N4 O6 Zn,Zn2 H28 C40 N8 O12,30,0.8195,True,0,True
7224664,200,ordered,partial or mixed site occupancy,1,468,,5203.0083,False,,H192 C192 N12 Cl36 O24,17,,True,1,False
7224698,200,size_within_limit,196 sites > 150,1,196,,2071.8783,True,C24 H17 N4 O3 P,P4 H68 C96 N16 O12,15,0.9293,True,0,False
7224823,200,size_within_limit,172 sites > 150,1,172,,1736.7641,True,C18 H14 Cu N4 O6,Cu4 H56 C72 N16 O24,29,0.8193,True,0,False
7224867,200,size_within_limit,496 sites > 150,1,496,,5313.0473,True,C66.7 H54.8 N6 O6.7,H192 C260 N24 O20,8,,True,1,False
7224915,200,ordered,partial or mixed site occupancy,1,470,,5378.9791,False,,Fe8 H172 C220 S32 N8 Cl8 O16,26,,True,2,False
7225211,200,ordered,partial or mixed site occupancy,1,610,,5206.8937,False,,H288 C144 S16 N16 O32 F48,16,,True,0,False
7225380,200,,,1,32,32,655.3181,True,C2 H Cl5,H4 C8 Cl20,17,0.9797,True,0,True
7225820,200,size_within_limit,792 sites > 150,1,792,,8927.699,True,C62 H88 Cl4 Fe4 N16 O24,Fe16 H352 C248 N64 Cl16 O96,26,,True,1,False
7225918,200,size_within_limit,188 sites > 150,1,188,,2006.1873,True,C27 H17 Cl N2,H68 C108 N8 Cl4,17,0.9294,True,0,False
7226205,200,,,1,114,114,1083.9589,True,C3 H10 N10 Na O4.5,Na4 H40 C12 N40 O18,11,0.8195,True,0,True
7226213,200,size_within_limit,200 sites > 150,1,200,,2044.7203,True,C24 H20 N4 O2,H80 C96 N16 O8,8,0.9289,True,0,False
7226401,200,,,1,144,144,1455.817,True,C15 H13 N3 O4 S,H52 C60 S4 N12 O16,16,0.9669,True,0,True
7226451,200,size_within_limit,216 sites > 150,1,216,,1966.998,True,C6 H11 N5 O5,H88 C48 N40 O40,8,0.8304,True,0,False
7226746,200,size_within_limit,340 sites > 150,1,340,,3236.3898,True,C30 H40 Cl N O13,H160 C120 N4 Cl4 O52,17,0.8207,True,0,False
7226759,200,size_within_limit,382 sites > 150,1,382,,4119.3557,True,C47.5 H43 Cl2 N2 Rh,H172 Rh4 C190 N8 Cl8,45,0.9285,True,0,False
7226780,200,ordered,partial or mixed site occupancy,1,1074,,9760.094,False,,P22.5 H336 Os8 C404 N16 Cl8 O8 F48,76,,True,1,False
7226879,200,size_within_limit,192 sites > 150,1,192,,1993.818,True,C20 H21 N5 O2,H84 C80 N20 O8,8,0.8808,True,0,False
7227113,200,,,1,120,120,1420.8177,True,C13 H12 Cl2 N2 Zn,Zn4 H48 C52 N8 Cl8,30,0.9289,True,0,True
7227175,200,size_within_limit,300 sites > 150,1,300,,2954.5149,True,C24 H33 Er N4 O12 Zn,Er4 Zn4 H132 C96 N16 O48,68,0.929,True,0,False
7227210,200,,,1,63,63,740.4223,True,C9 H F9 N2,H3 C27 N6 F27,9,0.8485,True,0,True
7227324,200,size_within_limit,252 sites > 150,1,252,,2383.7805,True,C27 H29 Mn N O5,Mn4 H116 C108 N4 O20,25,0.9291,True,0,False
7227502,200,,,1,104,104,1542.9219,True,C10 H4 Ag B Br4 F4 N2,Ag4 B4 H16 C40 Br16 N8 F16,47,0.9503,True,0,True
7227599,200,,,1,150,150,1734.3483,True,C36 H25 Br3 Gd N3 O7,Gd2 H50 C72 Br6 N6 O14,64,0.75,True,0,True
7227680,200,,,1,72,72,719.9461,True,C14 H18 N2 O S,H36 C28 S2 N4 O2,16,0.8799,True,0,True
7228103,200,,,1,108,108,1027.4644,True,C24 H26 N2 O2,H52 C48 N4 O4,8,0.8421,True,0,True
7228209,200,size_within_limit,948 sites > 150,1,948,,10007.9373,True,C113 H104 B Cu3 F4 N4 O2 P6,Cu12 B4 P24 H416 C452 N16 O8 F16,29,,True,0,False
7228256,200,,,1,136,136,1472.1871,True,C14 H13 Br O6,H52 C56 Br4 O24,35,0.93,True,0,True
7228263,200,,,1,108,108,1060.8378,True,C12 H10 N4 O,H40 C48 N16 O4,8,0.8758,True,0,True
7228387,200,,,1,72,72,705.3915,True,C14 H12 B N O8,B2 H24 C28 N2 O16,8,0.8398,True,0,True
7228691,200,size_within_limit,1104 sites > 150,1,1104,,10371.2686,True,C90 H136 Dy6 N6 O44,Dy24 H528 C360 N24 O168,66,,True,1,False
7228772,200,size_within_limit,200 sites > 150,1,200,,1835.5514,True,C19 H22 N4 O5,H88 C76 N16 O20,8,0.8797,True,0,False
7229121,200,ordered,partial or mixed site occupancy,1,232,,2003.8281,False,,H116 Pt4 C52 S4 N16 O20 F12,78,,True,0,False
7229161,200,size_within_limit,632 sites > 150,1,632,,6053.9385,True,C67 H74 N4 O13,H296 C268 N16 O52,8,,True,0,False
7229265,200,,,1,40,40,650.0501,True,Cd2 O12 Se4 Sr2,Sr4 Cd4 Se8 O24,48,1.6791,False,0,True
7229314,200,ordered,partial or mixed site occupancy,1,165,,2452.235,False,,Zn7 H38.414 C60 N4 O40,30,,True,1,False
7229350,200,size_within_limit,384 sites > 150,1,384,,3848.8755,True,C16 H23 N5 O3 S,H184 C128 S8 N40 O24,16,0.8602,True,0,False
7229361,200,,,1,50,50,490.4486,True,C12 H8 N2 O3,H16 C24 N4 O6,8,0.9298,True,0,True
7229427,200,ordered,partial or mixed site occupancy,1,639,,8784.4961,False,,Zn9 H198 C342 S18 N54,30,,True,0,False
7229726,200,ordered,partial or mixed site occupancy,1,273,,2243.2691,False,,V2 H120 C104 N18 O2,23,,True,1,False
7229970,200,size_within_limit,160 sites > 150,1,160,,1475.1448,True,C12 H17 Cu N3 O7,Cu4 H68 C48 N12 O28,29,0.7474,True,0,False
7230269,200,ordered,partial or mixed site occupancy,1,324,,3229.7899,False,,Fe4 H130 C108 N48 O26,26,,True,1,False
7230383,200,,,1,96,96,985.2884,True,C16 H21 F3 N O6 P,P2 H42 C32 N2 O12 F6,15,0.8204,True,1,True
7230597,200,size_within_limit,176 sites > 150,1,176,,1689.0396,True,C21 H19 N3 O,H76 C84 N12 O4,8,0.9293,True,0,False
7230838,200,ordered,partial or mixed site occupancy,1,332,,2713.1917,False,,P8 H176 C76 Se8 N20 O4,34,,True,0,False
7230910,200,size_within_limit,192 sites > 150,1,192,,1913.6271,True,C29 H18 O,H72 C116 O4,8,0.9294,True,0,False
7231314,200,size_within_limit,184 sites > 150,1,184,,1675.6501,True,C18 H23 N3 O2,H92 C72 N12 O8,8,0.9499,True,0,False
7231414,200,,,1,56,56,650.4691,True,C6 H14 Mn2 N2 O12,Mn4 H12 C12 N4 O24,25,0.9565,True,1,True
7231490,200,size_within_limit,400 sites > 150,1,400,,4416.975,True,C24 H15 Cd N3 O7,Cd8 H120 C192 N24 O56,48,0.8219,True,0,False
7231555,200,ordered,partial or mixed site occupancy,1,178,,1486.5804,False,,Zn2 H38 C62 N6 O22,30,,True,1,False
7231723,200,,,1,60,60,658.6076,True,C12 H11 Li O5 S,Li2 H22 C24 S2 O10,16,0.8471,True,0,True
7231733,200,ordered,partial or mixed site occupancy,1,192,,1471.3101,False,,Sr4 H48 C48 S4 O24,38,,True,0,False
7231829,200,size_within_limit,152 sites > 150,1,152,,1508.0168,True,C14 H17 N3 O3 S,H68 C56 S4 N12 O12,16,0.9284,True,0,False
7231915,200,,,1,134,134,1383.0284,True,C29 H25 Cd N5 O7,Cd2 H50 C58 N10 O14,48,0.8087,True,0,True
7232174,200,ordered,partial or mixed site occupancy,1,342,,3822.5106,False,,Na9.5 Cu0.5 Mo24 P16 H80 C26 N13 O140,42,,True,1,False
7232436,200,size_within_limit,200 sites > 150,1,200,,2185.0588,True,C20 H14 F8 N4 O5 Zn,Zn4 H48 C80 N16 O20 F32,30,0.9882,True,1,False
7232492,200,ordered,partial or mixed site occupancy,1,216,,2017.3327,False,,H36 C84 S8 I4 N4 F20,53,,True,0,False
7232493,200,,,1,78,78,977.2741,True,C21 H9 F5 I N O2,H18 C42 I2 N2 O4 F10,53,0.9492,True,0,True
7232494,200,size_within_limit,208 sites > 150,1,208,,2102.5322,True,C28 H20 N4,H80 C112 N16,7,0.9289,True,0,False
7232553,200,,,1,84,84,911.5432,True,C8 H18 Cr K N2 O12,K2 Cr2 H36 C16 N4 O24,24,0.889,True,0,True
7232711,200,ordered,partial or mixed site occupancy,1,230,,2280.4978,False,,Cu2 P6 H86 C90 N4 O3 F12,29,,True,0,False
7232717,200,ordered,partial or mixed site occupancy,1,556,,5494.3906,False,,H248 C212 Br16 Cl16 O40,35,,True,0,False
7233182,200,,,1,72,72,704.4889,True,C32 H30 O8 S2,H30 C32 S2 O8,16,0.8398,True,0,True
7233506,200,size_within_limit,208 sites > 150,1,208,,2019.3778,True,C26 H22 N2 O2,H88 C104 N8 O8,8,0.9488,True,0,False
7233527,200,,,1,88,88,990.6675,True,C7 H4 Cd F5 O4 P,Cd4 P4 H16 C28 O16 F20,48,0.8856,True,0,True
7233535,200,size_within_limit,268 sites > 150,1,268,,2385.6294,True,C23 H34 N2 O8,H136 C92 N8 O32,8,0.9233,True,0,False
7233583,200,size_within_limit,240 sites > 150,1,240,,2408.9979,True,C31 H26 N2 Pt,H104 Pt4 C124 N8,78,0.9291,True,1,False
7233695,200,,,1,92,46,1598.3105,True,Bi I5 O15 Rb2,Rb8 Bi4 I20 O60,83,1.7937,False,0,True
7233936,200,size_within_limit,188 sites > 150,1,188,,1938.4479,True,C52 H36 Cl2 N4,H72 C104 N8 Cl4,17,0.9491,True,0,False
7234084,200,size_within_limit,216 sites > 150,1,216,,2072.0811,True,C26 H24 O4,H96 C104 O16,8,0.9287,True,0,False
7234094,200,size_within_limit,162 sites > 150,1,162,,1659.9296,True,C40 H36 N2 O2 Pt,H72 Pt2 C80 N4 O4,78,0.9494,True,0,False
7234105,200,,,1,116,116,1129.0664,True,C50 H58 F2 N4 S2,H56 C50 S2 N4 F4,16,0.9302,True,1,True
7234142,200,,,1,112,56,1404.5044,True,H2 Mn1.5 Na O8 S1.5,Na8 Mn12 H16 S12 O64,25,0.8342,False,0,True
7234147,200,size_within_limit,156 sites > 150,1,156,,2016.6843,True,C42 H26 B F2 N5 S2,B2 H52 C84 S4 N10 F4,16,0.9287,True,0,False
7234182,200,size_within_limit,166 sites > 150,1,166,,1521.6849,True,C68 H92 N2 O4,H92 C68 N2 O4,8,0.9293,True,1,False
7234461,200,size_within_limit,320 sites > 150,1,320,,3370.7173,True,C23 H14 N2 S,H112 C184 S8 N16,16,0.929,True,0,False
7234889,200,,,1,128,128,1231.5662,True,C14 H14 N4,H56 C56 N16,7,0.9499,True,0,True
7234986,200,size_within_limit,284 sites > 150,1,284,,2935.3272,True,C76 H58 N2 O6,H116 C152 N4 O12,8,0.8604,True,1,False
7234996,200,ordered,partial or mixed site occupancy,1,332,,3733.4141,False,,U8 H64 C152 N4 O96,92,,True,0,False
7235032,200,ordered,partial or mixed site occupancy,1,128,,1193.0484,False,,Cd4 H48 C24 S4 N8 Cl8 O16,48,,True,0,False
7235062,200,ordered,partial or mixed site occupancy,1,488,,5286.0227,False,,H112 Ir8 C224 N64 F56,77,,True,0,False
7235087,200,ordered,partial or mixed site occupancy,1,85,,855.2755,False,,Cu3 H22 C20 N20 Cl8 O5,29,,True,1,False
7235137,200,size_within_limit,232 sites > 150,1,232,,2271.5874,True,C28 H28 B N,B4 H112 C112 N4,7,0.9292,True,0,False
7235314,200,ordered,partial or mixed site occupancy,1,268,,1595.8267,False,,H68 C56 S8 N4 O24,16,,True,0,False
7235375,200,size_within_limit,384 sites > 150,1,384,,5178.628,True,C22 H14 Eu N5 O6,Eu8 H112 C176 N40 O48,63,0.9289,True,0,False
7235408,200,size_within_limit,572 sites > 150,1,572,,4883.9968,True,C50 H72 N2 O18 S,H288 C200 S4 N8 O72,16,,True,0,False
7235471,200,size_within_limit,172 sites > 150,1,172,,1714.7731,True,C15 H17 F3 N4 O4,H68 C60 N16 O16 F12,9,0.8772,True,0,False
7235500,200,,,1,82,82,806.1553,True,C17 H18 O6,H36 C34 O12,8,0.929,True,1,True
7235539,200,ordered,partial or mixed site occupancy,1,498,,5076.5554,False,,P12 H210 Pd6 C156 S12 N48 O45,46,,True,0,False
7235626,200,ordered,partial or mixed site occupancy,1,195,,2258.8391,False,,Cd3 H66 C64 S2 N24 O30,48,,True,1,False
7235915,200,ordered,partial or mixed site occupancy,1,294,,2667.5993,False,,H124 C112 S4 N4 O18,16,,True,0,False
7235973,200,,,1,76,76,887.4747,True,C19 H11 Cl2 N3 O2 S,H22 C38 S2 N6 Cl4 O4,17,0.8595,True,0,True
7236051,200,ordered,partial or mixed site occupancy,1,396,,8623.2756,False,,Na4 Zn16 H72 C192 O96,30,,True,0,False
7236056,200,ordered,partial or mixed site occupancy,1,172,,3927.8799,False,,Cs16 Sn24 S56 O36,55,,False,1,False
7236159,200,size_within_limit,356 sites > 150,1,356,,3226.1813,True,C33 H50 N O3 P S,P4 H200 C132 S4 N4 O12,16,0.8657,True,0,False
7236242,200,size_within_limit,216 sites > 150,1,216,,2546.8444,True,C41 H58 Ca N3 O P Se Si2,Ca2 Si4 P2 H116 C82 Se2 N6 O2,34,0.9493,True,1,False
7236382,200,,,1,100,100,1107.7554,True,C5 H6 N6 O8,H24 C20 N24 O32,8,0.959,True,0,True
7236458,200,size_within_limit,168 sites > 150,1,168,,1781.024,True,C10.5 H4.5 N0.5 O5 Tb0.5,Tb4 H36 C84 N4 O40,65,0.9497,True,0,False
7236572,200,,,1,68,68,717.882,True,C8 H8 N12 O6,H16 C16 N24 O12,8,0.9135,True,0,True
7236637,200,ordered,partial or mixed site occupancy,1,102,,1230.5797,False,,Na2 Ni6 H18 C32 S4 N0.8 O34.748,28,,True,1,False
7237130,200,ordered,partial or mixed site occupancy,1,210,,1506.0488,False,,Fe2 H48 C30 N48 Cl4 O16,26,,True,1,False
7237143,200,,,1,112,112,1094.2059,True,C22 H24 Cl2 N2 O5 Ru,H48 Ru2 C44 N4 Cl4 O10,44,0.8198,True,0,True
7237386,200,ordered,partial or mixed site occupancy,1,68,,974.606,False,,H20 Au4 C16 N8 Cl16,79,,True,0,False
7237537,200,size_within_limit,1008 sites > 150,1,1008,,11224.9544,True,C96 H30,H240 C768,6,,True,0,False
7237691,200,size_within_limit,296 sites > 150,1,296,,3847.522,True,C24 H36 Bi2 Br9 N3,Bi8 H144 C96 Br36 N12,83,0.9095,True,0,False
7237782,200,,,1,136,136,1430.0782,True,C38 H24 Cl2 N2 O2,H48 C76 N4 Cl4 O4,17,0.9495,True,0,True
7237796,200,size_within_limit,392 sites > 150,1,392,,4084.9077,True,C48 H32 F10 O4,H128 C192 O32 F40,9,0.9497,True,1,False
7237976,200,size_within_limit,320 sites > 150,1,320,,3082.2422,True,C28 H46 O2 S2 Si2,Si8 H184 C112 S8 O8,16,0.9499,True,0,False
7238002,200,size_within_limit,196 sites > 150,1,196,,2064.888,True,C27 H19 O2,H80 C108 O8,8,0.8198,True,2,False
7238035,200,size_within_limit,158 sites > 150,1,158,,1537.3941,True,C37 H37 B N2 O2,B2 H74 C74 N4 O4,8,0.9294,True,0,False
7238101,200,,,1,146,146,1675.792,True,C36 H30 I2 N2 O2 Pd,H60 Pd2 C72 I4 N4 O4,53,0.8199,True,1,True
7238331,200,size_within_limit,306 sites > 150,1,306,,3087.4534,True,C66 H54 Mn4 N8 O21,Mn8 H108 C132 N16 O42,25,0.8493,True,0,False
7238749,200,ordered,partial or mixed site occupancy,1,364,,3247.4884,False,,Ca4 Zn8 H104 C108 O64,30,,True,0,False
7238846,200,,,1,108,108,1367.514,True,C12 H6 Cd Cl2 N2 O4,Cd4 H24 C48 N8 Cl8 O16,48,0.9295,True,0,True
7239018,200,size_within_limit,488 sites > 150,1,488,,4907.9624,True,C27 H26 N2 O6,H208 C216 N16 O48,8,,True,0,False
7239219,200,,,1,50,50,481.8814,True,C24 H18 N6 O2,H18 C24 N6 O2,8,0.7636,True,1,True
7239233,200,,,1,144,144,1697.6295,True,C15 H14 N4 O2 S,H56 C60 S4 N16 O8,16,0.7454,True,0,True
7239370,200,size_within_limit,180 sites > 150,1,180,,1743.7276,True,C22 H19 N O3,H76 C88 N4 O12,8,0.9161,True,0,False
7239415,200,ordered,partial or mixed site occupancy,1,278,,1560.0358,False,,H84 C56 N2 O4 F26,9,,True,1,False
7240001,200,ordered,partial or mixed site occupancy,1,120,,1382.0895,False,,Re4 H28 C52 N8 Cl4 O12 F4,75,,True,0,False
7240011,200,size_within_limit,480 sites > 150,1,480,,5224.1926,True,C54 H44 Cd2 Cl4 N8 O8,Cd8 H176 C216 N32 Cl16 O32,48,,True,0,False
7240075,200,,,1,124,62,1119.991,True,C12 H10 N4 O4 Pt,H40 Pt4 C48 N16 O16,78,0.8214,True,0,True
7240370,200,,,1,120,120,1390.6177,True,C11 H12 Br2 N2 O3,H48 C44 Br8 N8 O12,35,0.8203,True,0,True
7240421,200,size_within_limit,440 sites > 150,1,440,,4294.2992,True,C10 H16 N12 O16 S,H128 C80 S8 N96 O128,16,,True,0,False
7240526,200,size_within_limit,320 sites > 150,1,320,,3394.1589,True,C36 H31 N5 O7 Zn,Zn4 H124 C144 N20 O28,30,0.8899,True,0,False
7240534,200,size_within_limit,248 sites > 150,1,248,,2284.9214,True,C24 H27 F N4 O6,H108 C96 N16 O24 F4,9,0.8401,True,0,False
7240750,200,size_within_limit,288 sites > 150,1,288,,2953.0733,True,C40 H28 N4,H112 C160 N16,7,0.9499,True,0,False
7240936,200,size_within_limit,228 sites > 150,1,228,,2246.4875,True,C24 H22 N4 O6 Zn,Zn4 H88 C96 N16 O24,30,0.8497,True,0,False
7241046,200,size_within_limit,516 sites > 150,1,516,,4616.379,True,C40 H76 Mn2 N2 O9,Mn8 H304 C160 N8 O36,25,,True,1,False
7241209,200,ordered,partial or mixed site occupancy,1,488,,4911.6981,False,,H144 Pb16 C208 O40,82,,True,0,False
7241666,200,size_within_limit,276 sites > 150,1,276,,2579.2458,True,C27 H33 N3 O6,H132 C108 N12 O24,8,0.9494,True,0,False
7241901,200,size_within_limit,160 sites > 150,1,160,,1866.1192,True,C36 H28 O11 Os3 P2,P4 H56 Os6 C72 O22,76,0.6918,True,0,False
7241929,200,ordered,partial or mixed site occupancy,1,162,,1526.8174,False,,Ag2 H58 C64 N8 O24,47,,True,0,False
7242041,200,size_within_limit,328 sites > 150,1,328,,3417.2009,True,C42 H34 Ag B N4,Ag4 B4 H136 C168 N16,47,0.949,True,0,False
7242211,200,,,1,116,116,1178.5059,True,C22 H14 N6 O14 Sm2,Sm4 H28 C44 N12 O28,62,0.8352,True,0,True
7242483,200,size_within_limit,616 sites > 150,1,616,,5754.5449,True,C32 H42 Br2 Zr,Zr8 H336 C256 Br16,40,,True,0,False
7242485,200,ordered,partial or mixed site occupancy,1,848,,7291.6785,False,,Zr8 H448 C380,40,,True,1,False
7242595,200,,,1,44,44,423.5819,True,C10 H9 N O2,H18 C20 N2 O4,8,0.86,True,0,True
7242610,200,size_within_limit,286 sites > 150,1,286,,2937.0504,True,C36 H64 N20 O29 Pr2,Pr4 H112 C72 N40 O58,59,0.8472,True,1,False
7242718,200,size_within_limit,1680 sites > 150,1,1680,,20619.0796,True,C51 H34 Dy F9 N4 O6,Dy16 H544 C816 N64 O96 F144,66,,True,0,False
7242886,200,size_within_limit,484 sites > 150,1,484,,4758.5447,True,C63 H52 N2 O4,H208 C252 N8 O16,8,,True,0,False
7242906,200,size_within_limit,182 sites > 150,1,182,,1483.9245,True,C15 H25 O5.5,H100 C60 O22,8,0.7307,True,0,False
7243065,200,size_within_limit,512 sites > 150,1,512,,4905.05,True,C16 H11 N O4,H176 C256 N16 O64,8,,True,0,False
7243274,200,size_within_limit,392 sites > 150,1,392,,4542.1054,True,C20 H16 Cd I2 N8 O2,Cd8 H128 C160 I16 N64 O16,53,0.8804,True,0,False
7243390,200,size_within_limit,428 sites > 150,1,428,,4133.888,True,C40 H52 N4 O10 Zn,Zn4 H208 C160 N16 O40,30,,True,0,False
7243691,200,ordered,partial or mixed site occupancy,1,292,,1811.903,False,,Na4 H80 Pb4 C40 Br12 O20,82,,True,0,False
7243720,200,,,1,107,107,1015.6218,True,C32 H54 Cl2 Cu N6 O10 S2,Cu1 H54 C32 S2 N6 Cl2 O10,29,0.8366,True,0,True
7243767,200,,,1,122,122,1172.0016,True,C26 H27 N3 O4 S,H54 C52 S2 N6 O8,16,0.8134,True,0,True
7243959,200,size_within_limit,220 sites > 150,1,220,,2323.522,True,C24 H16 N4 O10 Zn,Zn4 H64 C96 N16 O40,30,0.8702,True,0,False
7244034,200,size_within_limit,256 sites > 150,1,256,,2633.2967,True,C30 H25 N5 O2,H108 C120 N20 O8,8,0.8198,True,1,False
7244248,200,size_within_limit,372 sites > 150,1,372,,3987.824,True,C48 H34 Br2 N4 O4 Zn,Zn4 H136 C192 Br8 N16 O16,35,0.9499,True,0,False
7244444,200,,,1,102,102,1254.1027,True,C24 H16 Au2 Cu N8,Cu2 H32 Au4 C48 N16,79,0.9295,True,0,True
7244448,200,,,1,144,144,1581.6005,True,C28 H30 Au2 Cu N8 O3,Cu2 H60 Au4 C56 N16 O6,79,0.849,True,0,True
7244476,200,size_within_limit,240 sites > 150,1,240,,2305.7907,True,C11 H12 Cu F N O4,Cu8 H96 C88 N8 O32 F8,29,0.82,True,0,False
7244480,200,,,1,148,148,1538.5898,True,C13 H12 Ag B F4 N4 O2,Ag4 B4 H48 C52 N16 O8 F16,47,0.8603,True,0,True
7244636,200,,,1,120,120,1143.7828,True,C14 H13 N O2,H52 C56 N4 O8,8,0.8403,True,0,True
7244654,200,ordered,partial or mixed site occupancy,1,940,,7829.1915,False,,Li8 H384 C368 N32,7,,True,0,False
7244700,200,ordered,partial or mixed site occupancy,1,1552,,16781.3326,False,,Cu28.8 H534.8 C528 N48 O201.6,29,,True,1,False
7244817,200,ordered,partial or mixed site occupancy,1,164,,1639.6901,False,,H48 Pd4 C56 N16 O32,46,,True,0,False
7244879,200,,,1,80,80,797.5788,True,C23 H15 N O,H30 C46 N2 O2,8,0.9281,True,0,True
7244925,200,ordered,partial or mixed site occupancy,1,118,,1531.6711,False,,Ag1 H28 C54 S26 N6,47,,True,0,False
7244947,200,size_within_limit,172 sites > 150,1,172,,1778.1258,True,C22 H15 F2 N O2 S,H60 C88 S4 N4 O8 F8,16,0.9299,True,0,False
7244991,200,size_within_limit,224 sites > 150,1,224,,2226.2507,True,C20 H24 N4 O7 S,H96 C80 S4 N16 O28,16,0.7852,True,0,False
7245406,200,ordered,partial or mixed site occupancy,1,760,,6677.7975,False,,P16 H280 Ru8 C320 N24 O8,44,,True,0,False
7245457,200,size_within_limit,320 sites > 150,1,320,,3573.4041,True,C30 H36 F2 N8 O3 Ru,H144 Ru4 C120 N32 O12 F8,44,0.8376,True,0,False
7245545,200,size_within_limit,208 sites > 150,1,208,,2275.2618,True,C24 H21 Cl4 N O2,H84 C96 N4 Cl16 O8,17,0.929,True,0,False
7245687,200,ordered,partial or mixed site occupancy,1,178,,1688.0805,False,,H72 C84 N16,7,,True,0,False
7246099,200,ordered,partial or mixed site occupancy,1,28,,428.8306,False,,K5 Eu1 Mo4 O16,63,,False,0,False
7246288,200,parsed,ValueError: len(items)=29182 is not a multiple of n=3647,,,,,,,,,,,0,False
7246523,200,ordered,partial or mixed site occupancy,1,184,,1667.745,False,,H56 C68 N8 O4 F24,9,,True,0,False
7246548,200,,,1,108,108,1132.3686,True,C30 H46 Dy2 N12 O18,Dy2 H46 C30 N12 O18,66,0.8048,True,0,True
7246739,200,size_within_limit,220 sites > 150,1,220,,2167.3227,True,C24 H24 N4 O3,H96 C96 N16 O12,8,0.9295,True,0,False
7247110,200,,,1,128,128,1458.1437,True,C17 H11 N S3,H44 C68 S12 N4,16,0.9299,True,0,True
7247204,200,size_within_limit,320 sites > 150,1,320,,3242.1937,True,C39 H32 N2 O7,H128 C156 N8 O28,8,0.8201,True,0,False
7247260,200,,,1,118,118,1447.3826,True,C28 H24 Cl6 N4 Ru,H40 Ru2 C56 N8 Cl12,44,0.9268,True,1,True
7247582,200,,,1,148,148,1462.6511,True,C15 H16 Cl N O4,H64 C60 N4 Cl4 O16,17,0.8399,True,0,True
7247689,200,size_within_limit,180 sites > 150,1,180,,2016.0586,True,C3 H N5 O6,H12 C36 N60 O72,8,0.8973,True,0,False
7247729,200,ordered,partial or mixed site occupancy,1,320,,2562.9558,False,,H65 C172 Cl1,17,,True,0,False
7247790,200,size_within_limit,232 sites > 150,1,232,,2229.6978,True,C15 H12 O2,H96 C120 O16,8,0.84,True,0,False
7247854,200,ordered,partial or mixed site occupancy,1,2094,,16397.9422,False,,Cu16 Ag110 P2 H472 C432 S48 I24,53,,True,1,False
7248075,200,size_within_limit,396 sites > 150,1,396,,4217.6758,True,C102 H76 O16 P2 U2,U4 P4 H152 C204 O32,92,0.9495,True,0,False
7248119,200,size_within_limit,384 sites > 150,1,384,,3861.3719,True,C52 H38 O6,H152 C208 O24,8,0.9497,True,0,False
7248190,200,,,1,108,108,924.0089,True,C10 H12 O5,H48 C40 O20,8,0.82,True,0,True
7248233,200,ordered,partial or mixed site occupancy,1,428,,2818.0588,False,,B2 H136 Ir2 C124 N10 O11 F8,77,,True,0,False
7248439,200,,,1,128,128,1417.5576,True,C11 H9 N7 O4 Pb,H36 Pb4 C44 N28 O16,82,0.7782,True,0,True
7248572,200,,,1,76,76,734.3549,True,C16 H16 N2 O4,H32 C32 N4 O8,8,0.9293,True,1,True
7248923,200,size_within_limit,336 sites > 150,1,336,,3475.112,True,C29 H32 N14 O7 Pb2,H128 Pb8 C116 N56 O28,82,0.8141,True,0,False
7249038,200,size_within_limit,346 sites > 150,1,346,,4761.4641,True,C156 H138 Cu4 Mo8 N6 O26 P8,Cu4 Mo8 P8 H138 C156 N6 O26,42,0.9483,True,0,False
7249113,200,,,1,72,72,684.7043,True,C20 H14 O2,H28 C40 O4,8,1.0769,True,0,True
7249123,200,ordered,partial or mixed site occupancy,1,220,,1870.6656,False,,K4 H100 C48 Se2 S2 O40,34,,True,0,False
7249143,200,ordered,partial or mixed site occupancy,1,100,,942.4627,False,,H28 C40 O8 F12,9,,True,0,False
7249551,200,ordered,partial or mixed site occupancy,1,480,,3647.2963,False,,Tb8 H144 C136 N8 O60,65,,True,0,False
7249591,200,size_within_limit,312 sites > 150,1,312,,3560.0747,True,C28 H30 Cl4 Cu2 N10 S4,Cu8 H120 C112 S16 N40 Cl16,29,0.8798,True,0,False
7249666,200,,,1,76,76,915.8664,True,C8 H3 Br N4 O3,H12 C32 Br4 N16 O12,35,0.9497,True,0,True
7249752,200,parsed,ValueError: len(items)=42038 is not a multiple of n=5254,,,,,,,,,,,0,False
7249904,200,size_within_limit,344 sites > 150,1,344,,3386.9559,True,C17 H18 N3 O4 V,V8 H144 C136 N24 O32,23,0.9499,True,0,False
7249937,200,size_within_limit,208 sites > 150,1,208,,1857.8369,True,C21 H26 O5,H104 C84 O20,8,0.9498,True,0,False
7250005,200,parsed,ValueError: Invalid CIF file with no structures!,,,,,,,,,,,4,False
7250025,200,size_within_limit,292 sites > 150,1,292,,2633.2769,True,C31 H38 N2 O2,H152 C124 N8 O8,8,0.8238,True,1,False
7250039,200,ordered,partial or mixed site occupancy,1,1208,,9781.0097,False,,H512 C424 Br16 O48,35,,True,0,False
7250481,200,size_within_limit,168 sites > 150,1,168,,1823.306,True,C33 H36 Ag N9 S5,Ag2 H72 C66 S10 N18,47,0.9292,True,0,False
7250545,200,,,1,90,90,872.0113,True,C16 H18 Ag N7 O3,Ag2 H36 C32 N14 O6,47,0.8194,True,0,True
7250552,200,ordered,partial or mixed site occupancy,1,792,,6355.4688,False,,B4 H226.32 C183.9992 S23.9992 N43.9996 O49.1584 F71.9976,16,,True,0,False
7250655,200,size_within_limit,392 sites > 150,1,392,,4707.4715,True,C164 H186 Bi2 Ni4 O20 S16,Ni4 Bi2 H186 C164 S16 O20,83,0.9292,True,0,False
7250688,200,,,1,84,84,913.1289,True,C15 H13 N3 O10 U,U2 H26 C30 N6 O20,92,0.9495,True,0,True
7250905,200,ordered,partial or mixed site occupancy,1,60,,427.0675,False,,Zr2 P2 H16 C4 N2 O8 F4,40,,True,0,False
7251064,200,,,1,108,108,1187.5801,True,C11 H10 Cl N O3 S,H40 C44 S4 N4 Cl4 O12,17,0.86,True,0,True
7251112,200,ordered,partial or mixed site occupancy,1,124,,1448.0503,False,,Ag4 H32 C40 Br8 N12 O12,47,,True,0,False
7251139,200,ordered,partial or mixed site occupancy,1,244,,1316.7191,False,,B4 P4 H68 C20 N12 O4 F24,15,,True,0,False
7251308,200,ordered,partial or mixed site occupancy,1,298,,1315.4226,False,,H82 C60 N6,7,,True,0,False
7251369,200,,,1,60,60,600.4097,True,C13 H11 Cl F N O3,H22 C26 N2 Cl2 O6 F2,17,0.8207,True,0,True
7251439,200,size_within_limit,220 sites > 150,1,220,,2286.0171,True,C20 H20 Ca N4 O10,Ca4 H80 C80 N16 O40,20,0.9495,True,0,False
7251460,200,size_within_limit,252 sites > 150,1,252,,2367.1828,True,C22 H34 Cl2 N4 O,H136 C88 N16 Cl8 O4,17,0.8086,True,1,False
7251484,200,size_within_limit,288 sites > 150,1,288,,3247.4543,True,C30 H18 Ag3 N9 O9 S3,Ag12 H72 C120 S12 N36 O36,47,0.9494,True,0,False
7251697,200,size_within_limit,200 sites > 150,1,200,,2248.1618,True,C12 H10 I N O,H80 C96 I8 N8 O8,53,0.8624,True,0,False
7251724,200,,,1,44,44,437.3974,True,C10 H8 N2 O2,H16 C20 N4 O4,8,0.8199,True,0,True
7700037,200,size_within_limit,152 sites > 150,1,152,,1885.8431,True,C12 H13 Mn2 Mo N8 O2,Mn8 Mo4 H52 C48 N32 O8,42,0.8498,True,0,False
7700111,200,size_within_limit,228 sites > 150,1,228,,2298.659,True,C10.5 H12.5 Cl0.5 F3 N P0.5 Rh0.5,P4 H100 Rh4 C84 N8 Cl4 F24,45,0.899,True,0,False
7700134,200,size_within_limit,360 sites > 150,1,360,,3943.7937,True,C40 H36 Cl4 O8 Pd2,H144 Pd8 C160 Cl16 O32,46,0.9493,True,0,False
7700519,200,size_within_limit,376 sites > 150,1,376,,3540.5418,True,C22 H20 N2 O3,H160 C176 N16 O24,8,0.9492,True,0,False
7700585,200,,,1,148,148,1409.7561,True,C30 H32 Cl Mn N4 O6,Mn2 H64 C60 N8 Cl2 O12,25,0.9497,True,0,True
7700890,200,size_within_limit,432 sites > 150,1,432,,5465.0073,True,C54 H40 Cl6 Cu2 I2 N P3,Cu8 P12 H160 C216 I8 N4 Cl24,53,,True,0,False
7700986,200,,,1,28,28,383.4738,True,C2 Ba N2 O2,Ba4 C8 N8 O8,56,1.1771,True,0,True
7701247,200,size_within_limit,296 sites > 150,1,296,,2590.5534,True,C32 H40 Al2,Al8 H160 C128,13,0.917,True,0,False
7701254,200,ordered,partial or mixed site occupancy,1,122,,1198.8646,False,,Cu6 H18 C30 N10 O14 F24,29,,True,0,False
7701358,200,size_within_limit,242 sites > 150,1,242,,2711.1676,True,C54 H54 Br2 Mn N2 O4 P4,Mn2 P8 H108 C108 Br4 N4 O8,35,0.9283,True,0,False
7701486,200,,,1,114,114,1117.3957,True,C26 H22 Cu N4 O4,Cu2 H44 C52 N8 O8,29,0.9292,True,0,True
7701502,200,size_within_limit,284 sites > 150,1,284,,2697.1275,True,C35 H92 O3 Si12,Si24 H184 C70 O6,14,0.979,True,0,False
7701619,200,ordered,partial or mixed site occupancy,1,164,,1430.1164,False,,B4 H64 C68 N12,7,,True,0,False
7702099,200,,,1,92,92,1325.5714,True,C8 H24 Cl8 Nb2 Te4,Nb4 Te8 H48 C16 Cl16,52,0.9792,True,0,True
7702185,200,size_within_limit,392 sites > 150,1,392,,5727.616,True,C24 H22 Mn N2,Mn8 H176 C192 N16,25,0.9396,True,0,False
7702497,200,size_within_limit,292 sites > 150,1,292,,3314.456,True,C30 H26 Cl5 Fe N4 O7,Fe4 H104 C120 N16 Cl20 O28,26,0.9484,True,0,False
7702946,200,ordered,partial or mixed site occupancy,1,456,,4636.8706,False,,Zn16 H102.328 C152.624 N69.176 O5.176,30,,True,1,False
7702972,200,ordered,partial or mixed site occupancy,1,292,,3250.8753,False,,Li2 Ce4 P8 H166.166 C87.214 Br6 N16,58,,True,1,False
7703104,200,size_within_limit,212 sites > 150,1,212,,2224.5775,True,C46 H40 N2 O16 U2,U4 H80 C92 N4 O32,92,0.9092,True,0,False
7703159,200,size_within_limit,196 sites > 150,1,196,,1777.7799,True,C5 H17 N21 O6,H68 C20 N84 O24,8,0.854,True,1,False
7703869,200,size_within_limit,180 sites > 150,1,180,,2187.4252,True,C20 H14 Cl2 N3 O4 P W,P4 H56 W4 C80 N12 Cl8 O16,74,0.9293,True,1,False
7703977,200,ordered,partial or mixed site occupancy,1,440,,4278.1508,False,,Ti8 H224 C72 S17 N18 Cl3 O90,22,,True,0,False
7704032,200,ordered,partial or mixed site occupancy,1,246,,2659.4123,False,,Gd4 H78 C86 N24 Cl6 O38,64,,True,0,False
7704053,200,,,1,44,44,695.7371,True,Ce3 Co Cs2 F16,Cs4 Ce6 Co2 F32,58,2.0174,False,1,True
7704102,200,size_within_limit,312 sites > 150,1,312,,3515.9952,True,C18 H14 Cl2 N4 Ni,Ni8 H112 C144 N32 Cl16,28,0.9491,True,1,False
7704582,200,size_within_limit,792 sites > 150,1,792,,7388.5735,True,C42 H48 N4 Ni O4,Ni8 H384 C336 N32 O32,28,,True,1,False
7704612,200,ordered,partial or mixed site occupancy,1,168,,1364.3503,False,,Dy2 H44.3 C53.7 N12.3 O16,66,,True,0,False
7704718,200,size_within_limit,1276 sites > 150,1,1276,,14948.8875,True,C81 H62 Cl2 Co F10 N3 O0.5,Co8 H496 C648 N24 Cl16 O4 F80,27,,True,0,False
7704776,200,ordered,partial or mixed site occupancy,1,796,,10762.9103,False,,Lu4 H320.72 W36 C216.4 S18.84 I84 N32 O32.84,74,,True,0,False
7704786,200,ordered,partial or mixed site occupancy,1,53,,438.2723,False,,V6 H19 N4 O16,23,,False,1,False
7704834,200,size_within_limit,692 sites > 150,1,692,,8369.6753,True,C68 H69 Cd4 N8 O24,Cd16 H276 C272 N32 O96,48,,True,1,False
7704844,200,size_within_limit,220 sites > 150,1,220,,2320.9945,True,C22 H27 Cl2 N P2 Pt,P8 H108 Pt4 C88 N4 Cl8,78,0.9293,True,0,False
7705273,200,ordered,partial or mixed site occupancy,1,908,,10542.6688,False,,Zn10.65 Co24 P24 H410.7 C360 Se32 N24,34,,True,0,False
7705674,200,size_within_limit,864 sites > 150,1,864,,8786.9054,True,C9 H10 Cl Cu N3 O3,Cu32 H320 C288 N96 Cl32 O96,29,,True,0,False
7705702,200,ordered,partial or mixed site occupancy,1,828,,7481.654,False,,Na8 Cu4 H288 C272 N48 O48 F64,29,,True,0,False
7705761,200,ordered,partial or mixed site occupancy,1,164,,1371.3501,False,,H52.32 C60.32 S4 N12 O8,16,,True,1,False
7705942,200,ordered,partial or mixed site occupancy,1,532,,4832.2394,False,,Na36 P18 H258.892 C18 O193.6,15,,True,0,False
7705976,200,ordered,partial or mixed site occupancy,1,448,,3961.9841,False,,Cu8 H128 Rh8 C160 N48 Cl8,45,,True,0,False
7705984,200,ordered,partial or mixed site occupancy,1,424,,4226.32,False,,H168 Ru4 Rh8 C176 N48 Cl8 O4,45,,True,0,False
7706036,200,size_within_limit,240 sites > 150,1,240,,2629.9312,True,C59 H48 Mn2 N3 O5 P3,Mn4 P6 H96 C118 N6 O10,25,0.9288,True,0,False
7706082,200,size_within_limit,303 sites > 150,1,303,,3330.7942,True,C22 H30 Cl2 Fe N26 O20,Fe3 H90 C66 N78 Cl6 O60,26,0.9472,True,1,False
7706331,200,ordered,partial or mixed site occupancy,1,836,,7476.3296,False,,Fe8 B9.992 P6.008 H256 C292 N96 O4 F76.016,26,,True,1,False
7706481,200,ordered,partial or mixed site occupancy,1,696,,5584.6841,False,,Fe8 H208 C224 N80 O32,26,,True,0,False
7706595,200,size_within_limit,284 sites > 150,1,284,,2585.1839,True,C20 H35 Cl2 Cu N5 O8,Cu4 H140 C80 N20 Cl8 O32,29,0.9504,True,0,False
7706862,200,ordered,partial or mixed site occupancy,1,1360,,10477.0646,False,,Dy16 H648 C332 N40 O96,66,,True,0,False
7706876,200,size_within_limit,208 sites > 150,1,208,,2001.0028,True,C22 H27 Cl O Zr,Zr4 H108 C88 Cl4 O4,40,0.9492,True,0,False
7707033,200,,,1,92,92,1034.5147,True,C10 H8 Cl Ge N3,Ge4 H32 C40 N12 Cl4,32,0.9493,True,0,True
7707078,200,ordered,partial or mixed site occupancy,1,412,,2550.5873,False,,B8 P8 H104 C96 N8 Cl16,17,,True,1,False
7707080,200,ordered,partial or mixed site occupancy,1,158,,1592.4209,False,,B2 P4 H38 C61 N4 Cl2 O2 F30,17,,True,0,False
7707263,200,ordered,partial or mixed site occupancy,1,152,,2908.1518,False,,Cu8 H32 Pb4 C48 S32 I24,82,,True,0,False
7707409,200,size_within_limit,296 sites > 150,1,296,,2741.2692,True,C58 H85 N O P2 U,U2 P4 H170 C116 N2 O2,92,0.9287,True,0,False
7707654,200,,,1,72,72,868.1967,True,C7 H7 Br N2 Se,H28 C28 Se4 Br4 N8,35,0.9499,True,0,True
7707717,200,size_within_limit,358 sites > 150,1,358,,3799.7431,True,C82 H56 N8 O29 Zn4,Zn8 H112 C164 N16 O58,30,0.8351,True,0,False
7707882,200,size_within_limit,916 sites > 150,1,916,,9362.5103,True,C72 H99 N25 O28 Tb2 Zn3,Tb8 Zn12 H396 C288 N100 O112,65,,True,1,False
7707890,200,size_within_limit,540 sites > 150,1,540,,5234.0196,True,C47 H79 N O P2 Si4 U,U4 Si16 P8 H316 C188 N4 O4,92,,True,0,False
7707940,200,ordered,partial or mixed site occupancy,1,300,,3213.854,False,,Fe4 B8 H80 C96 N48 O8 F32,26,,True,0,False
7707949,200,size_within_limit,194 sites > 150,1,194,,2080.2607,True,C96 H84 Au4 O2 P4 S4,P4 H84 Au4 C96 S4 O2,79,0.9492,True,0,False
7708262,200,size_within_limit,512 sites > 150,1,512,,4696.9538,True,C23 H35 Mn O3 P2,Mn8 P16 H280 C184 O24,25,,True,0,False
7708418,200,ordered,partial or mixed site occupancy,1,744,,9507.1695,False,,Fe8 Sb8 P8 H304 Pd8 C288 N32 F48,51,,True,2,False
7708505,200,,,1,150,150,1773.1167,True,C36 H30 Cl2 O4 P2 U,U2 P4 H60 C72 Cl4 O8,92,0.9493,True,0,True
7708681,200,ordered,partial or mixed site occupancy,1,248,,2589.7805,False,,Cu2 B2 P4 H100 C108 N4 O2 F8,29,,True,1,False
7708713,200,,,1,20,20,447.723,True,Cd Cl2 O Pb,Cd4 Pb4 Cl8 O4,82,2.2082,False,0,True
7708795,200,ordered,partial or mixed site occupancy,1,1299,,11791.0697,False,,Zn18 H288 C432 N72 Cl71.9994 O18,30,,True,2,False
7709146,200,ordered,partial or mixed site occupancy,1,736,,8443.1255,False,,B8 As8 H268 W8 Au16 C252 N48 Cl52 O16,79,,True,0,False
7709718,200,size_within_limit,156 sites > 150,1,156,,1431.7498,True,C13 H19 Ag N2 O4,Ag4 H76 C52 N8 O16,47,0.9499,True,0,False
7709818,200,ordered,partial or mixed site occupancy,1,302,,2773.1811,False,,B8 H154 C120 N14,7,,True,0,False
7709849,200,size_within_limit,262 sites > 150,1,262,,2739.5946,True,C49 H63 Cd3 I2 N5 O9,Cd6 H126 C98 I4 N10 O18,53,0.9285,True,0,False
7710033,200,size_within_limit,344 sites > 150,1,344,,4651.0646,True,C15 H12 Br6 Dy O9,Dy8 H96 C120 Br48 O72,66,0.8157,True,0,False
7710509,200,ordered,partial or mixed site occupancy,1,300,,2562.3709,False,,Si8 Ge4 H156 C92 Cl4,32,,True,0,False
7710563,200,size_within_limit,204 sites > 150,1,204,,2234.5416,True,C17 H24 Bi Cl5 N2 O2,Bi4 H96 C68 N8 Cl20 O8,83,0.9494,True,0,False
7710588,200,parsed,ValueError: Invalid CIF file with no structures!,,,,,,,,,,,4,False
7710680,200,size_within_limit,528 sites > 150,1,528,,5627.6464,True,C26 H34 Br2 Mo Ru S2,Mo8 H272 Ru8 C208 S16 Br16,44,,True,0,False
7710890,200,size_within_limit,264 sites > 150,1,264,,2361.2425,True,C25 H37 N3 Si,Si4 H148 C100 N12,14,0.93,True,0,False
7711042,200,ordered,partial or mixed site occupancy,1,720,,6278.2127,False,,B8 H296 C312 O8,8,,True,0,False
7711107,200,ordered,partial or mixed site occupancy,1,1208,,11386.6695,False,,K6 Ti8 H590 C416 N8 O52,22,,True,1,False
7711121,200,,,1,68,34,1011.2542,True,Ba2 F3 I O9 W2,Ba8 W8 I4 O36 F12,74,1.7357,False,0,True
7711136,200,size_within_limit,188 sites > 150,1,188,,1822.8475,True,C16 H24 N4 O2 V,V4 H96 C64 N16 O8,23,0.9499,True,0,False
7711221,200,ordered,partial or mixed site occupancy,1,784,,10094.7663,False,,Co32 H256 C288 O128,27,,True,1,False
7711257,200,ordered,partial or mixed site occupancy,1,372,,2381.3275,False,,H112 Pb4 C48 I12 N4 O24,82,,True,0,False
7711313,200,ordered,partial or mixed site occupancy,1,620,,7237.9459,False,,V24 Cu12 B64 H208 C48 N48 O208,29,,True,0,False
7711334,200,ordered,partial or mixed site occupancy,1,244,,1955.6651,False,,P4 H92 C80 Se4 N8 O4,34,,True,0,False
7711730,200,size_within_limit,340 sites > 150,1,340,,3004.4853,True,C26 H49 N3 O4 P2 Pd,P8 H196 Pd4 C104 N12 O16,46,0.7537,True,0,False
7711985,200,size_within_limit,276 sites > 150,1,276,,2586.6985,True,C24 H40 B Br2 P Si,Si4 B4 P4 H160 C96 Br8,35,0.9497,True,0,False
7711999,200,ordered,partial or mixed site occupancy,1,264,,2733.8917,False,,H120 Pt6.632 C96 N24 Cl16,78,,True,0,False
7712142,200,ordered,partial or mixed site occupancy,1,770,,15609.7994,False,,K18.088 Nb108 Cd6 Cu18 Si6 C72 N72 O468,48,,True,1,False
7712352,200,,,1,68,68,763.2342,True,C17 H9 Br F2 N2 O2 Pt,H18 Pt2 C34 Br2 N4 O4 F4,78,0.9293,True,0,True
7712745,200,ordered,partial or mixed site occupancy,1,218,,2270.2185,False,,P14 H76 C48 N10 O64,15,,True,1,False
7712758,200,size_within_limit,392 sites > 150,1,392,,3507.204,True,C17 H29 Ga N2,Ga8 H232 C136 N16,31,0.9599,True,0,False
7712770,200,,,1,126,63,1053.339,True,C20 H38 O4 Zn,Zn2 H76 C40 O8,30,0.9795,True,0,True
7712842,200,ordered,partial or mixed site occupancy,1,848,,7774.7825,False,,Fe8 Si64 H496 C224,26,,True,0,False
7713159,200,,,1,146,146,1402.0668,True,C32 H37 Cl2 Os P,P2 H74 Os2 C64 Cl4,76,0.9497,True,0,True
7713367,200,size_within_limit,194 sites > 150,1,194,,2405.9591,True,C20 H48 Br10 N4 O12 Pb3,H96 Pb6 C40 Br20 N8 O24,82,0.821,True,0,False
7713496,200,,,1,92,92,1038.6194,True,C23 H19 As Br Cu N,Cu2 As2 H38 C46 Br2 N2,35,0.9294,True,0,True
7713542,200,ordered,partial or mixed site occupancy,1,404,,3619.8301,False,,Cu8 Ge4 H216 C140 N16,32,,True,0,False
7713582,200,size_within_limit,456 sites > 150,1,456,,4942.9168,True,C47 H44 F6 Fe N6 O6 P2 S2,Fe4 P8 H176 C188 S8 N24 O24 F24,26,,True,0,False
7713649,200,parsed,ValueError: len(items)=120290 is not a multiple of n=15036,,,,,,,,,,,0,False
7713661,200,ordered,partial or mixed site occupancy,1,1108,,5527.807,False,,Fe8 Ni4 B8 H255.9984 C192 N88 O24,28,,True,0,False
7713731,200,ordered,partial or mixed site occupancy,1,196,,2114.2783,False,,Fe4 H72 C76 S4 N16 Cl4 O20,26,,True,0,False
7713748,200,ordered,partial or mixed site occupancy,1,1088,,11249.3698,False,,Eu8 H272 C432 N16 O48 F72,63,,True,0,False
7714028,200,size_within_limit,608 sites > 150,1,608,,6351.2859,True,C62 H80 B2 Fe Ge N6,Fe4 Ge4 B8 H320 C248 N24,32,,True,0,False
7714043,200,ordered,partial or mixed site occupancy,1,884,,8689.5005,False,,Re12 H300 C402 N48 O36,75,,True,0,False
7714255,200,ordered,partial or mixed site occupancy,1,440,,4076.6303,False,,H168 Pd8 C168 N24 Cl16 O8,46,,True,0,False
7714276,200,ordered,partial or mixed site occupancy,1,968,,8312.5373,False,,H528 Ru16 C352 N16,44,,True,1,False
7714289,200,ordered,partial or mixed site occupancy,1,414,,3180.2291,False,,Ce2 Si6 H122 C136 Cl2 O10,58,,True,0,False
7714499,200,,,1,32,32,404.6578,True,C2 H2 F9 O2 Sb,Sb2 H4 C4 O4 F18,51,0.7241,True,0,True
7714595,200,size_within_limit,186 sites > 150,1,186,,1957.0034,True,C38 H44 Cl5 Fe2 N4,Fe4 H88 C76 N8 Cl10,26,0.9494,True,0,False
7714741,200,,,1,78,78,999.9916,True,C36 H28 As2 Cu4 I4 N2 O2,Cu4 As2 H28 C36 I4 N2 O2,53,0.9294,True,0,True
7714755,200,ordered,partial or mixed site occupancy,1,132,,1181.2602,False,,Mn1 Sb1 H40 C48 N16 F6,51,,True,0,False
7714776,200,size_within_limit,188 sites > 150,1,188,,2096.863,True,C23 H20 As B S2,B4 As4 H80 C92 S8,33,0.9493,True,0,False
7714865,200,,,1,136,136,1274.0537,True,C26 H28 F6 N6 P Rh,P2 H56 Rh2 C52 N12 F12,45,0.9296,True,0,True
7714870,200,size_within_limit,358 sites > 150,1,358,,3486.3643,True,C31 H47 As Co F6 N4 O2.5,Co4 As4 H176 C124 N16 O10 F24,33,0.9279,True,1,False
7714937,200,size_within_limit,1692 sites > 150,1,1692,,38700.2086,True,C600 H928 Fe24 N160 O166 S24,Fe48 H624 C672 S48 N144 O156,26,,True,1,False
7715684,200,size_within_limit,696 sites > 150,1,696,,6563.7888,True,C72 H123 Dy O30 P6,Dy3 P18 H369 C216 O90,66,,True,1,False
7715754,200,ordered,partial or mixed site occupancy,1,788,,7693.8358,False,,Fe8 H272 C300 S16 N104 O16,26,,True,0,False
7715773,200,size_within_limit,608 sites > 150,1,608,,5318.7026,True,C14 H22 B N,B16 H352 C224 N16,7,,True,0,False
7715981,200,size_within_limit,376 sites > 150,1,376,,3755.0593,True,C48 H42 B2 N2,B8 H168 C192 N8,7,0.9499,True,0,False
7716018,200,size_within_limit,160 sites > 150,1,160,,1482.7164,True,C17 H18 N4 O,H72 C68 N16 O4,8,0.8201,True,0,False
7716022,200,ordered,partial or mixed site occupancy,1,544,,5726.6349,False,,Cu6 P4 H134 W44 C44 N64 O188,74,,True,1,False
7716037,200,ordered,partial or mixed site occupancy,1,544,,4958.3216,False,,H240 Ru8 C176 S8 N32 Cl16 O8,44,,True,0,False
7716044,200,,,1,52,52,598.0852,True,C14 H10 Br2,H20 C28 Br4,35,0.9494,True,0,True
7716351,200,ordered,partial or mixed site occupancy,1,440,,4364.5591,False,,Tb4 H196 C168 N44 O26.8,65,,True,1,False
7716425,200,size_within_limit,228 sites > 150,1,228,,2119.7183,True,C22 H29 Br N4 Pd,H116 Pd4 C88 Br4 N16,46,0.9394,True,0,False
7716528,200,size_within_limit,192 sites > 150,1,192,,2125.8747,True,C20 H17 As F6 Mo O3,Mo4 As4 H68 C80 O12 F24,42,0.9295,True,0,False
7716533,200,size_within_limit,228 sites > 150,1,228,,2490.4012,True,C48 H46 Cu2 F12 N4 S2,Cu4 H92 C96 S4 N8 F24,29,0.9492,True,0,False
7717057,200,ordered,partial or mixed site occupancy,1,532,,5073.7814,False,,Dy8 Cu12 H184 C152 N40 O88,66,,True,0,False
7717121,200,size_within_limit,208 sites > 150,1,208,,2288.7721,True,C25 H22 Cl2 Co N P,Co4 P4 H88 C100 N4 Cl8,27,0.9498,True,0,False
7717274,200,size_within_limit,376 sites > 150,1,376,,3482.553,True,C17 H24 N6,H192 C136 N48,7,0.949,True,0,False
7717393,200,ordered,partial or mixed site occupancy,1,228,,2148.3408,False,,Fe4 P4 H94 C76 S4 N10 F24,26,,True,1,False
7717545,200,parsed,ValueError: len(items)=50782 is not a multiple of n=6347,,,,,,,,,,,0,False
7717636,200,ordered,partial or mixed site occupancy,1,156,,1561.5203,False,,P2 H46 Ru2 C66 N10 Cl2 O2 F12,44,,True,1,False
7717698,200,,,1,94,94,969.393,True,C12 H18 Cl2 Cu N6 O8,Cu2 H36 C24 N12 Cl4 O16,29,0.88,True,0,True
7717873,200,size_within_limit,232 sites > 150,1,232,,2292.8285,True,C19 H32 N4 Ni S2,Ni4 H128 C76 S8 N16,28,0.9495,True,0,False
7718129,200,ordered,partial or mixed site occupancy,1,708,,6832.6574,False,,Sn4 H372 C301.72 N15.96 O12,50,,True,1,False
7718186,200,size_within_limit,156 sites > 150,1,156,,1516.25,True,C10 H17 B10 N O,B40 H68 C40 N4 O4,8,0.94,True,0,False
7718350,200,ordered,partial or mixed site occupancy,1,438,,4081.8003,False,,Mn2 H92 C165 Br2 N10 F78,35,,True,0,False
7718460,200,ordered,partial or mixed site occupancy,1,296,,2883.5385,False,,B6 Sb2 H121.6002 C78 S18 N36 O8.8,51,,True,0,False
7718467,200,,,1,64,64,961.1774,True,C7 H2 N2 S5,H8 C28 S20 N8,16,0.95,True,0,True
7718519,200,size_within_limit,456 sites > 150,1,456,,4342.8829,True,C26 H24 N6 O,H192 C208 N48 O8,8,,True,0,False
7718821,200,ordered,partial or mixed site occupancy,1,364,,3666.3031,False,,Nd4 H136 C128 N16 Cl12 O56,60,,True,0,False
7718994,200,size_within_limit,540 sites > 150,1,540,,5486.6859,True,C65 H63 N2 P3 Ru Zn,Zn4 P12 H252 Ru4 C260 N8,44,,True,0,False
7719077,200,ordered,partial or mixed site occupancy,1,516,,4395.1738,False,,U4 H210.64 C180 N12 Cl4 O29.32,92,,True,0,False
7719090,200,size_within_limit,208 sites > 150,1,208,,2131.6001,True,C54 H45 N2 O2 P,P2 H90 C108 N4 O4,15,0.8364,True,0,False
7719133,200,ordered,partial or mixed site occupancy,1,168,,1697.5737,False,,Cu2 H44 C60 N4 O16 F24,29,,True,0,False
7719291,200,,,1,36,18,983.0554,True,Ba Cl K2 S4 Ta,K8 Ba4 Ta4 S16 Cl4,73,2.2595,False,0,True
7719346,200,size_within_limit,356 sites > 150,1,356,,3307.045,True,C34 H38 Co N5 O11,Co4 H152 C136 N20 O44,27,0.8499,True,0,False
7719397,200,size_within_limit,236 sites > 150,1,236,,2358.7478,True,C21 H24 B Cl2 F4 Fe N4 O2,Fe4 B4 H96 C84 N16 Cl8 O8 F16,26,0.7905,True,0,False
7719403,200,size_within_limit,536 sites > 150,1,536,,4800.5152,True,C23 H30 B F4 Fe N4 O4,Fe8 B8 H240 C184 N32 O32 F32,26,,True,1,False
7719484,200,ordered,partial or mixed site occupancy,1,231,,2599.0461,False,,Ni1 Mo12 P8 H68 C54 N12 O66,42,,True,1,False
7719662,200,size_within_limit,200 sites > 150,1,200,,4338.2648,True,I12 O29 S9,S36 I48 O116,53,1.3937,False,0,False
7719862,200,ordered,partial or mixed site occupancy,1,82,,597.4412,False,,Cs4.0056 Cu6 Te4 O20,55,,False,0,False
7719976,200,ordered,partial or mixed site occupancy,1,476,,4573.0271,False,,P8 H236 Ir4 C188 Cl8 O4 F24,77,,True,0,False
7719994,200,,,1,74,74,738.0097,True,C14 H9 Dy N2 O11,Dy2 H18 C28 N4 O22,66,0.8404,True,0,True
7720145,200,size_within_limit,592 sites > 150,1,592,,6930.0111,True,C57.1 H94.4 Al2 K2 N8 Si4,K8 Al8 Si16 H336 C192 N32,19,,True,1,False
7720186,200,size_within_limit,688 sites > 150,1,688,,8673.3631,True,C92.5 H69 Cl Cu2 I2 N4 P4,Cu8 P16 H272 C368 I8 N16,53,,True,1,False
7720346,200,ordered,partial or mixed site occupancy,1,66,,793.1765,False,,K4 Ca1.752 Cu12.248 P8 O36,29,,False,1,False
7720436,200,size_within_limit,252 sites > 150,1,252,,2325.5366,True,C27 H30 N2 O3 Os,H120 Os4 C108 N8 O12,76,0.9496,True,0,False
7720441,200,size_within_limit,220 sites > 150,1,220,,2252.4784,True,C52 H40 Co2 N8 O8,Co4 H80 C104 N16 O16,27,0.9292,True,0,False
7720622,200,size_within_limit,296 sites > 150,1,296,,2700.4238,True,C26 H43 Br2 N O Zn,Zn4 H172 C104 Br8 N4 O4,35,0.95,True,0,False
7720830,200,ordered,partial or mixed site occupancy,1,334,,2355.0682,False,,Tb4 H100 C72 N8 O54,65,,True,0,False
7720963,200,ordered,partial or mixed site occupancy,1,24,,478.399,False,,Te8 W4 I4,74,,False,0,False
7721011,200,size_within_limit,164 sites > 150,1,164,,2405.4159,True,C19.5 H10.5 Eu1.5 O9.5,Eu6 H42 C78 O38,63,0.9294,True,1,False
7721045,200,ordered,partial or mixed site occupancy,1,228,,2141.5855,False,,Ni2 H86 C80 N10 Cl4 O2,28,,True,0,False
7721175,200,ordered,partial or mixed site occupancy,1,812,,8697.9551,False,,Mn4 H416 C324 S28 N24,25,,True,0,False
8000026,200,,,1,60,60,575.7378,True,C10 H14 O5 V,V2 H28 C20 O10,23,0.8936,True,0,True
8000036,200,size_within_limit,428 sites > 150,1,428,,4393.4224,True,C51 H43 N7 O6,H172 C204 N28 O24,8,,True,0,False
8000081,200,size_within_limit,152 sites > 150,1,152,,1483.7054,True,C13 H15 N4 O6,H60 C52 N16 O24,8,0.9071,True,0,False
8000155,200,ordered,partial or mixed site occupancy,1,272,,4280.5396,False,,Cu12 H32 W8 C108 N80 O28,74,,True,1,False
8000218,200,,,1,20,20,382.3526,True,H I Li2 O,Li8 H4 I4 O4,53,0.9794,False,0,True
8000331,200,,,1,78,78,729.2608,True,C13 H14 N6 O6,H28 C26 N12 O12,8,0.9028,True,0,True
8000409,200,,,1,148,148,1763.8036,True,C40 H20 Cl4 N4 O2 S4,H40 C80 S8 N8 Cl8 O4,17,0.9487,True,0,True
8000461,200,size_within_limit,196 sites > 150,1,196,,1852.0338,True,C19 H24 Cl N3 O2,H96 C76 N12 Cl4 O8,17,0.8395,True,0,False
8000491,200,size_within_limit,320 sites > 150,1,320,,8637.8866,True,C52 H16 N4 O8,H64 C208 N16 O32,8,0.9277,True,0,False
8000553,200,ordered,partial or mixed site occupancy,1,1356,,16423.1087,False,,Yb12 Cd21.3336 H384 C558.6672 N174.6672 O136,70,,True,0,False
8100067,200,size_within_limit,170 sites > 150,1,170,,1680.0197,True,C41 H37 O6 P,P2 H74 C82 O12,15,0.9291,True,0,False
8100177,200,,,1,128,128,1407.5833,True,C8 H16 Au Cl N4 S2,H64 Au4 C32 S8 N16 Cl4,79,0.86,True,0,True
8100250,200,,,1,60,60,699.0405,True,C5 H5 N3 O S,H20 C20 S4 N12 O4,16,0.7674,True,0,True
8100348,200,size_within_limit,344 sites > 150,1,344,,3538.0137,True,C36 H36 Cu2 O12,Cu8 H144 C144 O48,29,0.8751,True,0,False
8100439,200,size_within_limit,164 sites > 150,1,164,,1609.4363,True,C26 H46 N6 O Si2 Ti,Ti2 Si4 H92 C52 N12 O2,22,0.9296,True,1,False
8100549,200,,,1,80,80,734.3263,True,C11 H19 N O9,H38 C22 N2 O18,8,0.7344,True,0,True
8100550,200,ordered,partial or mixed site occupancy,1,720,,4199.2647,False,,Si16 H304 C160,14,,True,0,False
8100640,200,,,1,128,128,1199.6956,True,C30 H62 N6 O24 P6,P6 H62 C30 N6 O24,15,0.6457,True,0,True
8100840,200,,,1,120,120,1249.4163,True,C16 H9 N O4,H36 C64 N4 O16,8,0.9214,True,0,True
8100925,200,,,1,46,46,450.9241,True,C10 H26 I N2 O6 Rb,Rb1 H26 C10 I1 N2 O6,53,0.8591,True,0,True
8101147,200,,,1,5,5,108.3816,True,Al2 Ca Ge2,Ca1 Al2 Ge2,32,2.5336,False,1,True
8101161,200,size_within_limit,672 sites > 150,1,672,,6166.4139,True,C70 H90 N2 O6,H360 C280 N8 O24,8,,True,0,False
8101717,200,,,1,112,112,1130.5781,True,C30 H24 N2,H48 C60 N4,7,0.9202,True,0,True
8101939,200,,,1,150,75,1369.6319,True,C18 H30 Cu3 O24,Cu6 H60 C36 O48,29,0.8156,True,0,True
8102164,200,,,1,88,88,832.9787,True,C18 H20 N2 O4,H40 C36 N4 O8,8,0.8205,True,0,True
8102222,200,size_within_limit,180 sites > 150,1,180,,1557.0752,True,C18 H24 O3,H96 C72 O12,8,0.789,True,0,False
8102576,200,size_within_limit,212 sites > 150,1,212,,2335.6275,True,C16 H18 N8 Ni O8 S2,Ni4 H72 C64 S8 N32 O32,28,0.753,True,0,False
8102577,200,ordered,partial or mixed site occupancy,1,220,,2279.5239,False,,H72 Pb4 C100 N16 Cl4 O16 F4,82,,True,0,False
8102640,200,,,1,88,88,875.526,True,C21 H18 N2 O3,H36 C42 N4 O6,8,0.9292,True,0,True
8102760,200,,,1,80,80,886.4412,True,C13 H14 Cd N2 O8 S2,Cd2 H28 C26 S4 N4 O16,48,0.8447,True,0,True
8102770,200,size_within_limit,164 sites > 150,1,164,,1618.1158,True,C2.93 H4.27 Cu0.27 N0.53 O2.4 S0.53,Cu4 H64 C44 S8 N8 O36,29,0.7064,True,1,False
8102797,200,size_within_limit,180 sites > 150,1,180,,2047.6763,True,C12 H6 Cd0.5 Cl N2 O,Cd4 H48 C96 N16 Cl8 O8,48,0.7494,True,0,False
8102959,200,,,1,72,36,702.7086,True,B Ca H3 Ni O10 P2,Ca4 Ni4 B4 P8 H12 O40,28,0.7703,False,0,True
8103114,200,size_within_limit,196 sites > 150,1,196,,2220.7724,True,C20 H20 Cl4 N2 O2 Zn,Zn4 H80 C80 N8 Cl16 O8,30,0.9293,True,0,False
8103123,200,size_within_limit,182 sites > 150,1,182,,1883.8742,True,C12 H48 N6 O30 Te W6,Te2 H72 W12 C24 N12 O60,74,0.8992,True,1,False
8103159,200,,,1,132,132,1406.3603,True,C8 H14 N8 O S2,H56 C32 S8 N32 O4,16,0.9594,True,0,True
8103651,200,,,1,44,44,610.3957,True,O7 Pr2 Si2,Pr8 Si8 O28,59,1.5884,False,0,True
8103874,200,ordered,partial or mixed site occupancy,1,30,,746.0631,False,,Ti4 In6 Cl18,49,,False,1,False
8103906,200,,,1,56,28,1442.0689,True,Eu6 Ga2 P6,Eu24 Ga8 P24,63,2.4004,False,0,True
8104009,200,,,1,12,6,430.9792,True,Cu Ga I4,Ga2 Cu2 I8,53,2.5624,False,0,True
8104115,200,,,1,32,32,393.2422,True,Ba H9 I O5,Ba2 H18 I2 O10,56,0.9357,False,0,True
8104411,200,,,1,20,20,808.8355,True,Al Rb6 Sb3,Rb12 Al2 Sb6,51,2.5985,False,0,True
8104477,200,ordered,partial or mixed site occupancy,1,36,,775.3351,False,,Ca3.04 In11.36 S20,49,,False,0,False
8104551,200,size_within_limit,304 sites > 150,1,304,,2858.6667,True,C24 H36 Cl N4 Na Ni2 O8,Na4 Ni8 H144 C96 N16 Cl4 O32,28,0.95,True,0,False
8104640,200,size_within_limit,176 sites > 150,1,176,,1957.2965,True,C10 H8 Br N3,H64 C80 Br8 N24,35,0.8386,True,0,False
8104866,200,size_within_limit,948 sites > 150,1,948,,8119.1094,True,C30 H46.234 O3.167,H552 C360 O36,8,,True,1,False
8104990,200,size_within_limit,192 sites > 150,1,192,,1778.2572,True,C20 H22 N2 O4,H88 C80 N8 O16,8,0.8471,True,0,False
8104994,200,ordered,partial or mixed site occupancy,1,56,,656.8546,False,,K1 Na3 Te8 H16 O26,52,,False,0,False
8105017,200,,,1,112,112,1226.8271,True,C13 H9 Cl N2 O3,H36 C52 N8 Cl4 O12,17,0.8201,True,0,True
8105412,200,,,1,130,130,1342.0165,True,C30 H24 N4 Ni O6,Ni2 H48 C60 N8 O12,28,0.8201,True,0,True
8105428,200,size_within_limit,174 sites > 150,1,174,,1919.881,True,C14 H12 Br2 O,H72 C84 Br12 O6,35,0.9498,True,0,False
8105442,200,size_within_limit,316 sites > 150,1,316,,3616.8736,True,C38 H28 Cl4 N4 O4 Zn,Zn4 H112 C152 N16 Cl16 O16,30,0.8599,True,0,False
8105548,200,size_within_limit,160 sites > 150,1,160,,1534.4294,True,C18 H18 N0 O3 S,H72 C72 S4 O12,16,0.9299,True,0,False
8105877,200,ordered,partial or mixed site occupancy,1,154,,1582.6825,False,,Ni2 H42 C60 N8 O16 F18,28,,True,0,False
8106715,200,size_within_limit,248 sites > 150,1,248,,2666.4431,True,C30 H25 Cl2 N O2 P Rh,P4 H100 Rh4 C120 N4 Cl8 O8,45,0.9488,True,0,False
8106819,200,,,1,55,55,503.7286,True,C14 H26 N2 O12 Zn,Zn1 H26 C14 N2 O12,30,0.7893,True,0,True
8106917,200,,,1,80,80,953.9147,True,C18 H16 Cl2 N2 O2,H32 C36 N4 Cl4 O4,17,0.8598,True,0,True
8107040,200,,,1,120,120,983.2671,True,C22 H32 O6,H64 C44 O12,8,0.9299,True,0,True
8107187,200,,,1,94,94,935.9,True,C19 H16 Cu N6 O5,Cu2 H32 C38 N12 O10,29,0.8499,True,0,True
8107244,200,size_within_limit,352 sites > 150,1,352,,4349.8974,True,C14 H6 Cl2 N8 O14,H48 C112 N64 Cl16 O112,17,0.9799,True,0,False
8107323,200,size_within_limit,176 sites > 150,1,176,,2223.0165,True,C15 H15 Fe2 N O10 S,Fe8 H60 C60 S4 N4 O40,26,0.9594,True,0,False
8107575,200,ordered,partial or mixed site occupancy,1,262,,2248.6303,False,,Dy2 H134 C86 N4 O12,66,,True,0,False
8107621,200,,,1,112,112,1121.3588,True,C12 H14 N2,H56 C48 N8,7,0.93,True,0,True
8107657,200,parsed,ValueError: Invalid CIF file with no structures!,,,,,,,,,,,4,False
8107718,200,,,1,66,66,801.4372,True,C18 H10 Cl2 N2 O,H20 C36 N4 Cl4 O2,17,0.9081,True,0,True
9000494,200,,,1,8,2,75.8481,True,Mg O,Mg4 O4,12,2.1165,False,0,True
9000711,200,,,1,32,32,334.0596,True,Al2 O5 Si,Al8 Si4 O20,14,1.5736,False,0,True
9000786,200,ordered,partial or mixed site occupancy,1,56,,664.477,False,,Na8 Al4.02 Si11.98 O32,14,,False,0,False
9000910,200,,,1,30,10,325.6206,True,Fe O3 Ti,Ti6 Fe6 O18,26,1.8922,False,0,True
9001233,200,ordered,partial or mixed site occupancy,1,48,,527.9101,False,,Ca10 P6 H2 O26,20,,False,1,False
9001404,200,ordered,partial or mixed site occupancy,1,108,,1015.2406,False,,Na0.8 Ca2.816 Al6 Si10 O44.08,20,,False,2,False
9001516,200,hydrogen_declared_present,"formula declares H, no H site in the cell",1,64,,841.1885,True,C3 H2 O11 Y2,Y8 C12 O44,39,,True,2,False
9001621,200,ordered,partial or mixed site occupancy,1,26,,171.8724,False,,Al5.652 Si0.348 O9.176,14,,False,0,False
9002244,200,hydrogen_declared_present,"formula declares H, no H site in the cell",1,64,,929.7719,True,Ca5 H8 O21 Si6,Ca10 Si12 O42,20,,False,2,False
9002312,200,parsed,ValueError: Invalid CIF file with no structures!,,,,,,,,,,,3,False
9002457,200,,,1,32,16,357.3721,True,Ca O5 Si Ti,Ca4 Ti4 Si4 O20,22,1.6406,False,0,True
9002518,200,ordered,partial or mixed site occupancy,1,124,,1552.8237,False,,Na0.208 Mg7.008 Al15.856 Fe1.136 Si20 O73.56,26,,False,2,False
9002569,200,ordered,partial or mixed site occupancy,1,58,,663.5345,False,,Cs2 Li5.46 Al6 Si6 O33.28,55,,False,2,False
9002756,200,ordered,partial or mixed site occupancy,1,56,,528.4352,False,,Mg7.992 Al16.008 O32,13,,False,0,False
9003182,200,ordered,partial or mixed site occupancy,1,8,,252.3641,False,,K2.8 Na1.2 Cl4,19,,False,0,False
9003610,200,ordered,partial or mixed site occupancy,1,56,,604.869,False,,Mg8 Fe16 O32,26,,False,0,False
9003728,200,ordered,partial or mixed site occupancy,1,36,,414.3905,False,,Ca0.004 Sc0.004 Ta0.32 Ti0.144 Mn3.068 Nb7.64 Fe0.808 Sn0.004 W0.008 O24,74,,False,0,False
9003784,200,ordered,partial or mixed site occupancy,1,56,,585.4037,False,,Mg8 Fe16 O32,26,,False,0,False
9003799,200,ordered,partial or mixed site occupancy,1,56,,599.7831,False,,Mg8 Fe16 O32,26,,False,0,False
9003853,200,ordered,partial or mixed site occupancy,1,44,,432.006,False,,Na0.012 Ca0.7636 Mg3.68 Ti0.0404 Mn0.1144 Al0.064 Fe3.3892 Si7.936 O24,26,,False,1,False
9003893,200,ordered,partial or mixed site occupancy,1,22,,364.2309,False,,Mg0.8 Cu1.2 S2 O18,29,,False,2,False
9004022,200,ordered,partial or mixed site occupancy,1,40,,435.4901,False,,K0.48 Ca3.52 Mg3.32 Al0.76 Si7.92 O24,20,,False,0,False
9004135,200,ordered,partial or mixed site occupancy,1,78,,883.6333,False,,Na3.44 Ca0.3 Mg2.062 Al3.804 Fe4.554 Si15.84 O48,26,,False,0,False
9004354,200,hydrogen_declared_present,"formula declares H, no H site in the cell",1,39,,518.1147,True,Cu3 H2 O8 Pb Te,Cu9 Te3 Pb3 O24,82,,False,2,False
9004389,200,hydrogen_declared_present,"formula declares H, no H site in the cell",1,236,,3555.4167,True,H2 Mn2 Na8 O39 Si10,Na32 Mn8 Si40 O156,25,,False,2,False
9004502,200,ordered,partial or mixed site occupancy,1,114,,1103.7608,False,,K0.32 Na3.04 Ca4.48 Al9.12 Si14.88 C0.3 S1.14 Cl0.56 O56.16,20,,True,0,False
9004532,200,ordered,partial or mixed site occupancy,1,128,,2819.5351,False,,Ag16 Pb32 Cl48 O16 F16,82,,False,2,False
9004573,200,ordered,partial or mixed site occupancy,1,88,,1374.1338,False,,U16 Pb3.004 O64,92,,False,2,False
9004642,200,ordered,partial or mixed site occupancy,1,80,,934.6704,False,,K3.36 Rb0.08 Na0.56 Li0.52 Mg0.04 Al10.272 Fe0.52 Si12.768 O46.88 F1.12,37,,False,2,False
9004706,200,ordered,partial or mixed site occupancy,1,24,,252.0442,False,,Yb0.064 Y0.128 Zr0.192 Sc3.616 Si0.192 P3.808 O16,70,,False,0,False
9005048,200,hydrogen_declared_present,"formula declares H, no H site in the cell",1,152,,2450.769,True,Al2 H4 K2 O12 Si3,K16 Al16 Si24 O96,19,,False,2,False
9005094,200,ordered,partial or mixed site occupancy,1,88,,916.4548,False,,K1.744 Na2.2278 Sr0.102 Ca2.084 Mg9.745 Ti0.012 Mn0.145 Al0.1956 Si15.9024 H2.76 O46.76 F1.24,38,,False,1,False
9005164,200,ordered,partial or mixed site occupancy,1,56,,541.6623,False,,Al16 Fe8 O32,26,,False,0,False
9005308,200,ordered,partial or mixed site occupancy,1,52,,647.5839,False,,K3.944 Na0.056 Al4.12 Si11.88 O32,19,,False,0,False
9005500,200,ordered,partial or mixed site occupancy,1,72,,941.6685,False,,Ca9 Si12 O44,20,,False,2,False
9005519,200,ordered,partial or mixed site occupancy,1,53,,663.3936,False,,K2 Na1.026 Ca0.356 Mg0.238 Ti1.896 Mn5.926 Nb0.104 Fe0.401 Si8 O30 F1,41,,False,2,False
9005543,200,ordered,partial or mixed site occupancy,1,40,,426.2947,False,,Ca0.92 Mg7.08 Si8 O24,20,,False,0,False
9005581,200,ordered,partial or mixed site occupancy,1,96,,1352.4536,False,,Ca2.8 Al5.808 Si18.192 O57.64,20,,False,2,False
9005590,200,ordered,partial or mixed site occupancy,1,256,,1847.2841,False,,Ca23.328 Al16 Si8.736 H61.056 O96,20,,False,0,False
9005601,200,ordered,partial or mixed site occupancy,1,184,,2572.2872,False,,Na0.48 Ca7.424 Al16 Si32 O112,20,,False,2,False
9005647,200,ordered,partial or mixed site occupancy,1,150,,1593.2071,False,,K0.036 Na1.371 Ca0.738 Mg7.65 Ti0.072 Al16.11 V2.412 Cr0.9 Si17.856 B9 O92.757 F0.243,24,,False,2,False
9005734,200,parsed,ValueError: Invalid CIF file with no structures!,,,,,,,,,,,3,False
9005959,200,ordered,partial or mixed site occupancy,1,56,,521.4269,False,,Al16 Ni8 O32,28,,False,0,False
9006135,200,ordered,partial or mixed site occupancy,1,68,,1013.8636,False,,Fe16.924 Ni19.076 S32,28,,False,0,False
9006183,200,,,1,56,14,577.4061,True,Cr2 O4 Zn,Zn8 Cr16 O32,30,1.963,False,0,True
9006382,200,,,1,8,2,189.3664,True,Cl Na,Na4 Cl4,17,2.8712,False,0,True
9006418,200,ordered,partial or mixed site occupancy,1,84,,883.6197,False,,K0.4 Ba0.04 Na3.52 Ca0.04 Mg0.024 Ti0.028 Mn0.008 Al11.84 Fe0.04 Si12.04 H8 O48,56,,False,2,False
9006431,200,ordered,partial or mixed site occupancy,1,80,,819.1358,False,,Mg9.44 Fe6.56 Si16 O48,26,,False,0,False
9006450,200,,,1,24,24,303.663,True,Ca2 Mg O7 Si2,Ca4 Mg2 Si4 O14,20,1.6022,False,0,True
9006802,200,,,1,8,2,73.5285,True,Mg O,Mg4 O4,12,2.0947,False,0,True
9007060,200,,,1,12,3,163.0487,True,Ca F2,Ca4 F8,20,2.3656,False,0,True
9007378,200,,,1,9,9,117.2687,True,O2 Si,Si3 O6,14,1.6276,False,0,True
9007460,200,,,1,8,2,100.7848,True,F Na,Na4 F4,11,2.3268,False,0,True
9007574,200,ordered,partial or mixed site occupancy,1,16,,267.4279,False,,Ni1.0002 Pd2 Pt4.9998 S8,78,,False,0,False
9007590,200,,,1,15,5,479.5859,True,Sb2 Te3,Sb6 Te9,52,2.9789,False,0,True
9007621,200,size_within_limit,192 sites > 150,1,192,,2790.2912,True,As2 Ca Fe O7 Sb,Ca16 Fe16 Sb16 As32 O112,51,1.7359,False,0,False
9007776,200,,,1,20,20,484.8624,True,Cl3 O6 Y,Y2 Cl6 O12,39,2.3335,False,1,True
9007999,200,,,1,32,32,462.0001,True,Mg O5 Te2,Mg4 Te8 O20,52,1.8498,False,0,True
9008067,200,ordered,partial or mixed site occupancy,1,32,,188.034,False,,Cu7.2 Se4,34,,False,1,False
9008068,200,ordered,partial or mixed site occupancy,1,80,,830.584,False,,Mn16 Fe16 O48,26,,False,0,False
9008229,200,,,1,12,12,175.1195,True,O2 Si,Si4 O8,14,1.5985,False,0,True
9008315,200,,,1,36,36,505.4923,True,Mo O6 Sb2,Sb8 Mo4 O24,51,1.712,False,0,True
9008458,200,,,1,4,1,149.8059,True,Ac,Ac4,89,3.7554,False,0,True
9008512,200,,,1,2,2,29.428,True,Re,Re2,75,2.7404,False,1,True
9008727,200,,,1,8,2,137.4041,True,O Sr,Sr4 O4,38,2.5801,False,0,True
9008730,200,,,1,8,2,270.84,True,Sr Te,Sr4 Te4,52,3.235,False,0,True
9008866,200,,,1,4,4,33.443,True,Cu H,Cu2 H2,29,1.7525,False,1,True
9009216,200,ordered,partial or mixed site occupancy,1,208,,2811.1082,False,,B60 N12 O128,8,,False,2,False
9009341,200,,,1,40,10,534.5965,True,Al F6 K2 Na,K8 Na4 Al4 F24,19,1.8058,False,0,True
9009513,200,,,1,34,34,643.9377,True,C H2 Cl6 O4 Pb4,H4 Pb8 C2 Cl12 O8,82,0.9702,True,0,True
9009892,200,hydrogen_declared_present,"formula declares H, no H site in the cell",1,76,,935.0828,True,H4 Mn5 O12 P2,Mn20 P8 O48,25,,False,2,False
9009933,200,geometry_sane,two atoms 0.195 A apart,1,40,,840.3884,True,S4 V,V8 S32,23,0.1949,False,0,False
9009979,200,ordered,partial or mixed site occupancy,1,42,,519.2892,False,,Ca4.14 P2.478 O17.844 F0.326,20,,False,1,False
9010206,200,ordered,partial or mixed site occupancy,1,30,,323.799,False,,Mg1.8 Cd4.2 C6 O18,48,,True,0,False
9010239,200,,,1,26,26,563.2408,True,Ag4 Mn S6 Sb2,Mn2 Ag8 Sb4 S12,51,2.4085,False,0,True
9010708,200,ordered,partial or mixed site occupancy,1,28,,316.299,False,,Mg4 Mn4 Si4 O16,25,,False,0,False
9010744,200,ordered,partial or mixed site occupancy,1,38,,402.7521,False,,Ca4 Mg1.8 Co0.2 As4 H8 O20,33,,False,0,False
9010951,200,,,1,20,20,223.2367,True,F3 Mg Na,Na4 Mg4 F12,12,1.9774,False,0,True
9011128,200,,,1,38,38,315.4384,True,C2 H10 N2 O5,H20 C4 N4 O10,8,0.9672,True,0,True
9011285,200,,,1,6,3,150.7109,True,Au Te2,Te4 Au2,79,2.7283,False,0,True
9011314,200,hydrogen_declared_present,"formula declares H, no H site in the cell",1,3,,38.8634,True,H2 Ni O2,Ni1 O2,28,,False,2,False
9011343,200,,,1,36,36,535.0709,True,Ba N2 O6,Ba4 N8 O24,56,1.2465,False,0,True
9011498,200,ordered,partial or mixed site occupancy,1,48,,547.9415,False,,Na3.76 Ca3.94 La0.06 Ce0.12 Pr0.03 Nd0.09 Be4 Si8 O24.54 F3.46,60,,False,0,False
9011525,200,ordered,partial or mixed site occupancy,1,102,,1074.5747,False,,U4 Cu2 As4 O48,92,,False,2,False
9011607,200,,,1,4,1,67.8674,True,Ag,Ag4,47,2.8843,False,0,True
9011893,200,hydrogen_declared_present,"formula declares H, no H site in the cell",1,132,,1660.6676,True,Be2 H4 Na4 O20 Si6 Sn,Na16 Be8 Si24 Sn4 O80,50,,False,2,False
9012474,200,,,1,42,21,394.0823,True,Cl2 H12 Ni O6,Ni2 H24 Cl4 O12,28,0.9541,False,0,True
9013042,200,,,1,4,1,70.6499,True,Au,Au4,79,2.9232,False,0,True
9013363,200,,,1,40,20,401.0391,True,Al Na O6 Si2,Na4 Al4 Si8 O24,14,1.5899,False,0,True
9013368,200,,,1,40,20,401.2459,True,Al Na O6 Si2,Na4 Al4 Si8 O24,14,1.5893,False,0,True
9013396,200,,,1,6,1,160.0236,True,Sb,Sb6,51,2.8784,False,0,True
9013548,200,ordered,partial or mixed site occupancy,1,42,,523.5894,False,,Ca9.912 U0.084 P6 O24 F2,92,,False,1,False
9013732,200,hydrogen_declared_present,"formula declares H, no H site in the cell",1,38,,468.7374,True,Al2 H2 K O12 Si4,K2 Al4 Si8 O24,19,,False,2,False
9013874,200,,,1,40,20,409.5643,True,Ga Li O6 Si2,Li4 Ga4 Si8 O24,31,1.5916,False,0,True
9013916,200,,,1,12,12,142.6473,True,Cd O4 W,Cd2 W2 O8,74,1.751,False,0,True
9013976,200,parsed,ValueError: Invalid CIF file with no structures!,,,,,,,,,,,3,False
9014073,200,ordered,partial or mixed site occupancy,1,70,,870.6302,False,,Ca18 Si8 H2.4 O34.432 F1.568,20,,False,0,False
9014163,200,ordered,partial or mixed site occupancy,1,168,,1583.5347,False,,K0.03 Na2.7 Ca0.15 Mg8.037 Ti0.09 Al18.27 Fe0.36 Si18 B9 H18 O92.16 F0.84,26,,False,2,False
9014164,200,,,1,72,72,664.2997,True,H8 Mn O8 S,Mn4 H32 S4 O32,25,0.9366,False,0,True
9014451,200,ordered,partial or mixed site occupancy,1,28,,299.5526,False,,Na3.868 Zr2 Si4 H0.132 O14,40,,False,0,False
9014801,200,ordered,partial or mixed site occupancy,1,86,,881.6529,False,,K1.08 Ca3.76 Mg6.38 Fe3.82 Si16 O48,26,,False,2,False
9015045,200,,,1,36,36,304.2504,True,H2 O,H24 O12,8,1.0073,False,0,True
9015104,200,,,1,16,16,184.0346,True,Fe5 Si3,Fe10 Si6,26,2.3475,False,1,True
9015447,200,,,1,16,16,249.3337,True,Li P,Li8 P8,15,2.2048,False,0,True
9015513,200,,,1,32,16,737.4647,True,Co Sb3,Co8 Sb24,51,2.5201,False,0,True
9015582,200,ordered,partial or mixed site occupancy,1,446,,7668.9831,False,,Mg21.52 Fe28 Co0.48 Bi12 As36 O348,83,,False,2,False
9015683,200,ordered,partial or mixed site occupancy,1,40,,642.9785,False,,U4 Cu1.86 P4 O30,92,,False,2,False
9015736,200,,,1,12,12,179.4061,True,Os S2,Os4 S8,76,2.3382,False,0,True
9015783,200,hydrogen_declared_present,"formula declares H, no H site in the cell",1,52,,970.5577,True,Cl Fe H12 O10 S,Fe4 S4 Cl4 O40,26,,False,2,False
9016221,200,,,1,28,28,361.7506,True,Ba O9 Si3 Ti,Ba2 Ti2 Si6 O18,56,1.6021,False,1,True
9016233,200,size_within_limit,229 sites > 150,1,229,,2904.9105,True,Mg48 O147 Si34,Mg48 Si34 O147,14,1.5764,False,0,False
9016238,200,ordered,partial or mixed site occupancy,1,56,,540.6064,False,,Mg8 Al12.864 Fe3.12 O32,26,,False,0,False
9016675,200,,,1,16,16,155.1764,True,C Fe3,Fe12 C4,26,1.852,True,0,True
9016925,200,ordered,partial or mixed site occupancy,1,60,,447.0139,False,,Ca2 Fe6 Si8 O24,26,,False,0,False
9017170,200,ordered,partial or mixed site occupancy,1,128,,1163.4306,False,,Al7.84 Fe0.16 H60 S4 Cl4 O52,26,,False,0,False
9017498,200,,,1,4,4,37.3461,True,O2,O4,8,1.1703,False,1,True
9017745,200,,,1,39,39,359.8665,True,Cu5 H14 O18 S2,Cu5 H14 S2 O18,29,0.8863,False,0,True
9017839,200,ordered,partial or mixed site occupancy,1,12,,154.7556,False,,K1 Al0.89 Fe0.11 S2 O8,26,,False,1,False
